sentence_id,sentence,number,num_digits,colour,size,template_id
1,a red number 7049 of large size,7049,4,red,large,3
2,the number 334 in purple colour and large size,334,3,purple,large,2
3,a medium blue number 342,342,3,blue,medium,5
4,the number 2 in green colour and small size,2,1,green,small,2
5,a blue number 14 of large size,14,2,blue,large,3
6,the number 3 in yellow colour and large size,3,1,yellow,large,2
7,the number 6952 in blue colour and small size,6952,4,blue,small,2
8,a large 9 in yellow colour,9,1,yellow,large,4
9,a large 2 in pink colour,2,1,pink,large,4
10,a grey number 8 of large size,8,1,grey,large,3
11,the number 101 in yellow colour and large size,101,3,yellow,large,2
12,a brown number 779 of medium size,779,3,brown,medium,3
13,the number 56 in yellow colour and small size,56,2,yellow,small,2
14,a red number 84 of medium size,84,2,red,medium,3
15,a medium yellow 13,13,2,yellow,medium,1
16,an orange number 8102 of large size,8102,4,orange,large,3
17,a small yellow 2,2,1,yellow,small,1
18,a large blue number 887,887,3,blue,large,5
19,a medium blue 5,5,1,blue,medium,1
20,a small 1039 in brown colour,1039,4,brown,small,4
21,a medium 1 in blue colour,1,1,blue,medium,4
22,a medium grey 8,8,1,grey,medium,1
23,the number 736 in yellow colour and medium size,736,3,yellow,medium,2
24,the number 6670 in green colour and large size,6670,4,green,large,2
25,a red number 792 of large size,792,3,red,large,3
26,a grey number 30 of medium size,30,2,grey,medium,3
27,an orange number 214 of large size,214,3,orange,large,3
28,a small yellow number 536,536,3,yellow,small,5
29,a small red number 1301,1301,4,red,small,5
30,a large 6699 in yellow colour,6699,4,yellow,large,4
31,the number 1593 in red colour and large size,1593,4,red,large,2
32,a large 937 in brown colour,937,3,brown,large,4
33,a large 36 in pink colour,36,2,pink,large,4
34,a large orange 2,2,1,orange,large,1
35,a large grey 573,573,3,grey,large,1
36,a red number 3 of medium size,3,1,red,medium,3
37,a large grey 345,345,3,grey,large,1
38,the number 324 in orange colour and large size,324,3,orange,large,2
39,a small red 12,12,2,red,small,1
40,a large 40 in orange colour,40,2,orange,large,4
41,a large red 181,181,3,red,large,1
42,the number 79 in red colour and medium size,79,2,red,medium,2
43,a medium 7483 in green colour,7483,4,green,medium,4
44,a small 2040 in orange colour,2040,4,orange,small,4
45,a red number 6350 of large size,6350,4,red,large,3
46,a medium 330 in brown colour,330,3,brown,medium,4
47,a brown number 54 of small size,54,2,brown,small,3
48,the number 61 in brown colour and large size,61,2,brown,large,2
49,a large 902 in orange colour,902,3,orange,large,4
50,a small purple 9100,9100,4,purple,small,1
51,a brown number 82 of large size,82,2,brown,large,3
52,a medium blue 6776,6776,4,blue,medium,1
53,a grey number 17 of medium size,17,2,grey,medium,3
54,the number 9852 in yellow colour and small size,9852,4,yellow,small,2
55,a yellow number 92 of medium size,92,2,yellow,medium,3
56,a green number 1903 of medium size,1903,4,green,medium,3
57,a small green number 129,129,3,green,small,5
58,a large 828 in grey colour,828,3,grey,large,4
59,a grey number 8909 of small size,8909,4,grey,small,3
60,a large green 8014,8014,4,green,large,1
61,a small 882 in pink colour,882,3,pink,small,4
62,an orange number 66 of large size,66,2,orange,large,3
63,a medium 590 in orange colour,590,3,orange,medium,4
64,a pink number 5379 of medium size,5379,4,pink,medium,3
65,a medium yellow number 564,564,3,yellow,medium,5
66,a yellow number 7 of medium size,7,1,yellow,medium,3
67,a medium 2 in brown colour,2,1,brown,medium,4
68,the number 5628 in red colour and large size,5628,4,red,large,2
69,a medium green 764,764,3,green,medium,1
70,a medium pink number 6452,6452,4,pink,medium,5
71,a large 351 in green colour,351,3,green,large,4
72,a medium brown 2098,2098,4,brown,medium,1
73,a yellow number 22 of small size,22,2,yellow,small,3
74,a large brown number 8457,8457,4,brown,large,5
75,the number 163 in grey colour and large size,163,3,grey,large,2
76,a brown number 713 of medium size,713,3,brown,medium,3
77,a large 1 in brown colour,1,1,brown,large,4
78,a yellow number 5584 of small size,5584,4,yellow,small,3
79,the number 619 in grey colour and large size,619,3,grey,large,2
80,a red number 17 of large size,17,2,red,large,3
81,a large orange number 7644,7644,4,orange,large,5
82,a green number 5 of medium size,5,1,green,medium,3
83,a medium 36 in blue colour,36,2,blue,medium,4
84,a medium blue number 2,2,1,blue,medium,5
85,the number 92 in orange colour and medium size,92,2,orange,medium,2
86,a large 4 in grey colour,4,1,grey,large,4
87,a small 4 in grey colour,4,1,grey,small,4
88,a medium yellow number 547,547,3,yellow,medium,5
89,the number 19 in grey colour and medium size,19,2,grey,medium,2
90,a medium 10 in pink colour,10,2,pink,medium,4
91,the number 858 in yellow colour and small size,858,3,yellow,small,2
92,an orange number 3 of medium size,3,1,orange,medium,3
93,a blue number 6539 of small size,6539,4,blue,small,3
94,a small red 22,22,2,red,small,1
95,a medium 3 in red colour,3,1,red,medium,4
96,a medium 8307 in pink colour,8307,4,pink,medium,4
97,a large green number 27,27,2,green,large,5
98,a large orange number 120,120,3,orange,large,5
99,a medium 6404 in orange colour,6404,4,orange,medium,4
100,a medium 8175 in grey colour,8175,4,grey,medium,4
101,a small blue 9,9,1,blue,small,1
102,the number 4 in brown colour and large size,4,1,brown,large,2
103,a red number 2608 of large size,2608,4,red,large,3
104,a large red 4,4,1,red,large,1
105,a purple number 26 of small size,26,2,purple,small,3
106,the number 3 in brown colour and medium size,3,1,brown,medium,2
107,a small 1644 in grey colour,1644,4,grey,small,4
108,a small green 95,95,2,green,small,1
109,a small orange 330,330,3,orange,small,1
110,a small yellow 8,8,1,yellow,small,1
111,the number 288 in brown colour and medium size,288,3,brown,medium,2
112,a blue number 4 of large size,4,1,blue,large,3
113,a large purple 240,240,3,purple,large,1
114,a medium purple 3,3,1,purple,medium,1
115,a brown number 6844 of large size,6844,4,brown,large,3
116,a large yellow number 4550,4550,4,yellow,large,5
117,a small brown 9,9,1,brown,small,1
118,an orange number 65 of medium size,65,2,orange,medium,3
119,a grey number 761 of large size,761,3,grey,large,3
120,a large pink 8885,8885,4,pink,large,1
121,a small 9 in yellow colour,9,1,yellow,small,4
122,a large yellow number 4024,4024,4,yellow,large,5
123,a pink number 10 of small size,10,2,pink,small,3
124,a medium pink 95,95,2,pink,medium,1
125,a medium green 8374,8374,4,green,medium,1
126,a small yellow number 410,410,3,yellow,small,5
127,a medium orange number 4279,4279,4,orange,medium,5
128,a medium 546 in blue colour,546,3,blue,medium,4
129,a pink number 98 of medium size,98,2,pink,medium,3
130,a small orange number 819,819,3,orange,small,5
131,the number 450 in purple colour and medium size,450,3,purple,medium,2
132,a grey number 546 of medium size,546,3,grey,medium,3
133,a brown number 781 of small size,781,3,brown,small,3
134,the number 4 in yellow colour and large size,4,1,yellow,large,2
135,a small 4391 in red colour,4391,4,red,small,4
136,a medium brown 678,678,3,brown,medium,1
137,the number 43 in blue colour and medium size,43,2,blue,medium,2
138,the number 62 in green colour and medium size,62,2,green,medium,2
139,a yellow number 1825 of large size,1825,4,yellow,large,3
140,the number 1 in grey colour and large size,1,1,grey,large,2
141,a small grey number 9,9,1,grey,small,5
142,a purple number 1 of small size,1,1,purple,small,3
143,a small blue number 6098,6098,4,blue,small,5
144,a large red number 901,901,3,red,large,5
145,a medium yellow number 66,66,2,yellow,medium,5
146,a red number 7 of large size,7,1,red,large,3
147,the number 55 in yellow colour and small size,55,2,yellow,small,2
148,a medium yellow number 113,113,3,yellow,medium,5
149,a small green number 592,592,3,green,small,5
150,the number 76 in blue colour and medium size,76,2,blue,medium,2
151,the number 494 in orange colour and medium size,494,3,orange,medium,2
152,a medium orange number 776,776,3,orange,medium,5
153,a small yellow number 1247,1247,4,yellow,small,5
154,a large yellow 3567,3567,4,yellow,large,1
155,the number 66 in pink colour and medium size,66,2,pink,medium,2
156,a small green number 38,38,2,green,small,5
157,the number 23 in blue colour and large size,23,2,blue,large,2
158,a medium 17 in green colour,17,2,green,medium,4
159,a large green number 421,421,3,green,large,5
160,a red number 14 of medium size,14,2,red,medium,3
161,a medium blue number 524,524,3,blue,medium,5
162,a green number 2 of large size,2,1,green,large,3
163,a yellow number 73 of small size,73,2,yellow,small,3
164,a medium 6 in purple colour,6,1,purple,medium,4
165,a small yellow 7286,7286,4,yellow,small,1
166,the number 1 in purple colour and small size,1,1,purple,small,2
167,a large brown 1,1,1,brown,large,1
168,a small 11 in grey colour,11,2,grey,small,4
169,a large 75 in yellow colour,75,2,yellow,large,4
170,a large grey number 1,1,1,grey,large,5
171,a medium 7 in grey colour,7,1,grey,medium,4
172,the number 16 in red colour and small size,16,2,red,small,2
173,a blue number 37 of medium size,37,2,blue,medium,3
174,the number 8 in green colour and small size,8,1,green,small,2
175,a pink number 4499 of medium size,4499,4,pink,medium,3
176,the number 302 in green colour and medium size,302,3,green,medium,2
177,a small blue 4337,4337,4,blue,small,1
178,a small pink number 292,292,3,pink,small,5
179,a medium blue 491,491,3,blue,medium,1
180,a small 9574 in green colour,9574,4,green,small,4
181,a large 22 in yellow colour,22,2,yellow,large,4
182,a small orange 1,1,1,orange,small,1
183,the number 63 in brown colour and medium size,63,2,brown,medium,2
184,a large orange 85,85,2,orange,large,1
185,the number 107 in yellow colour and medium size,107,3,yellow,medium,2
186,a large yellow 62,62,2,yellow,large,1
187,the number 5593 in blue colour and large size,5593,4,blue,large,2
188,a medium brown number 114,114,3,brown,medium,5
189,a medium blue 6,6,1,blue,medium,1
190,the number 198 in grey colour and medium size,198,3,grey,medium,2
191,a medium grey 53,53,2,grey,medium,1
192,a medium purple number 79,79,2,purple,medium,5
193,a small 151 in pink colour,151,3,pink,small,4
194,a large 7 in purple colour,7,1,purple,large,4
195,a large brown 751,751,3,brown,large,1
196,a red number 48 of medium size,48,2,red,medium,3
197,a small red number 7755,7755,4,red,small,5
198,the number 9325 in yellow colour and small size,9325,4,yellow,small,2
199,a small 9480 in orange colour,9480,4,orange,small,4
200,a small pink 590,590,3,pink,small,1
201,a medium red number 4838,4838,4,red,medium,5
202,a medium 9 in brown colour,9,1,brown,medium,4
203,the number 3 in green colour and small size,3,1,green,small,2
204,a large blue number 597,597,3,blue,large,5
205,a grey number 4 of small size,4,1,grey,small,3
206,a small 2 in red colour,2,1,red,small,4
207,a medium grey 3,3,1,grey,medium,1
208,a large red 4904,4904,4,red,large,1
209,a red number 6 of small size,6,1,red,small,3
210,a small red number 155,155,3,red,small,5
211,a small blue 90,90,2,blue,small,1
212,a green number 684 of small size,684,3,green,small,3
213,a medium grey 4,4,1,grey,medium,1
214,a small yellow number 64,64,2,yellow,small,5
215,a large pink 1,1,1,pink,large,1
216,a medium green 4,4,1,green,medium,1
217,a small yellow 588,588,3,yellow,small,1
218,a purple number 1844 of small size,1844,4,purple,small,3
219,a medium 191 in pink colour,191,3,pink,medium,4
220,the number 504 in purple colour and small size,504,3,purple,small,2
221,the number 257 in orange colour and small size,257,3,orange,small,2
222,an orange number 351 of large size,351,3,orange,large,3
223,a small 148 in brown colour,148,3,brown,small,4
224,a small 82 in yellow colour,82,2,yellow,small,4
225,a large purple 59,59,2,purple,large,1
226,a small green 182,182,3,green,small,1
227,the number 330 in green colour and medium size,330,3,green,medium,2
228,a grey number 9 of medium size,9,1,grey,medium,3
229,a large purple 403,403,3,purple,large,1
230,a small 4 in purple colour,4,1,purple,small,4
231,a small 485 in red colour,485,3,red,small,4
232,a yellow number 834 of large size,834,3,yellow,large,3
233,a green number 9 of medium size,9,1,green,medium,3
234,a yellow number 7711 of medium size,7711,4,yellow,medium,3
235,a small 5086 in purple colour,5086,4,purple,small,4
236,a large green number 2,2,1,green,large,5
237,a large 2234 in red colour,2234,4,red,large,4
238,a medium red 3600,3600,4,red,medium,1
239,a medium grey 9480,9480,4,grey,medium,1
240,a large pink 56,56,2,pink,large,1
241,a medium pink 8234,8234,4,pink,medium,1
242,a medium yellow 84,84,2,yellow,medium,1
243,a small blue number 50,50,2,blue,small,5
244,a medium purple 5,5,1,purple,medium,1
245,the number 88 in pink colour and small size,88,2,pink,small,2
246,the number 10 in red colour and large size,10,2,red,large,2
247,a medium 12 in orange colour,12,2,orange,medium,4
248,a large yellow number 9309,9309,4,yellow,large,5
249,the number 5 in red colour and large size,5,1,red,large,2
250,the number 7605 in blue colour and medium size,7605,4,blue,medium,2
251,an orange number 6 of small size,6,1,orange,small,3
252,the number 783 in purple colour and large size,783,3,purple,large,2
253,the number 5 in purple colour and large size,5,1,purple,large,2
254,a purple number 8 of medium size,8,1,purple,medium,3
255,a grey number 473 of small size,473,3,grey,small,3
256,a large yellow number 4835,4835,4,yellow,large,5
257,the number 8 in brown colour and medium size,8,1,brown,medium,2
258,a pink number 2 of small size,2,1,pink,small,3
259,a medium grey number 1,1,1,grey,medium,5
260,a green number 2715 of small size,2715,4,green,small,3
261,a small pink number 5,5,1,pink,small,5
262,a medium red number 6,6,1,red,medium,5
263,a purple number 199 of small size,199,3,purple,small,3
264,a medium 231 in red colour,231,3,red,medium,4
265,a large grey number 696,696,3,grey,large,5
266,a medium brown 64,64,2,brown,medium,1
267,a medium 89 in pink colour,89,2,pink,medium,4
268,the number 5 in brown colour and medium size,5,1,brown,medium,2
269,a large red 8805,8805,4,red,large,1
270,a large 9965 in pink colour,9965,4,pink,large,4
271,a large blue 6,6,1,blue,large,1
272,a red number 3 of large size,3,1,red,large,3
273,a large green 9,9,1,green,large,1
274,a large 444 in blue colour,444,3,blue,large,4
275,a large purple number 4,4,1,purple,large,5
276,a medium brown number 16,16,2,brown,medium,5
277,the number 9034 in yellow colour and large size,9034,4,yellow,large,2
278,a small orange 2036,2036,4,orange,small,1
279,a large grey 6502,6502,4,grey,large,1
280,an orange number 480 of small size,480,3,orange,small,3
281,a medium purple 2,2,1,purple,medium,1
282,a small 7367 in blue colour,7367,4,blue,small,4
283,a large green number 140,140,3,green,large,5
284,a large 88 in brown colour,88,2,brown,large,4
285,a small red number 735,735,3,red,small,5
286,a large 6 in pink colour,6,1,pink,large,4
287,a medium purple 9,9,1,purple,medium,1
288,an orange number 267 of medium size,267,3,orange,medium,3
289,a medium brown 82,82,2,brown,medium,1
290,a medium 8198 in brown colour,8198,4,brown,medium,4
291,the number 5047 in grey colour and large size,5047,4,grey,large,2
292,a large green number 967,967,3,green,large,5
293,a large red number 4640,4640,4,red,large,5
294,a blue number 307 of small size,307,3,blue,small,3
295,a large 4100 in purple colour,4100,4,purple,large,4
296,a medium green 796,796,3,green,medium,1
297,the number 5 in grey colour and small size,5,1,grey,small,2
298,the number 7029 in pink colour and large size,7029,4,pink,large,2
299,a large brown number 9119,9119,4,brown,large,5
300,the number 1940 in brown colour and large size,1940,4,brown,large,2
301,an orange number 9 of small size,9,1,orange,small,3
302,a small grey 8,8,1,grey,small,1
303,a small brown number 2757,2757,4,brown,small,5
304,a large pink 365,365,3,pink,large,1
305,the number 5687 in yellow colour and large size,5687,4,yellow,large,2
306,the number 2669 in brown colour and large size,2669,4,brown,large,2
307,the number 827 in yellow colour and large size,827,3,yellow,large,2
308,a small 236 in pink colour,236,3,pink,small,4
309,an orange number 3 of large size,3,1,orange,large,3
310,a large 4 in blue colour,4,1,blue,large,4
311,a medium 579 in grey colour,579,3,grey,medium,4
312,a green number 780 of small size,780,3,green,small,3
313,a yellow number 417 of medium size,417,3,yellow,medium,3
314,an orange number 7 of medium size,7,1,orange,medium,3
315,an orange number 135 of small size,135,3,orange,small,3
316,a small orange number 66,66,2,orange,small,5
317,a large 24 in purple colour,24,2,purple,large,4
318,an orange number 4 of large size,4,1,orange,large,3
319,a small purple number 40,40,2,purple,small,5
320,the number 7144 in blue colour and small size,7144,4,blue,small,2
321,the number 1549 in orange colour and large size,1549,4,orange,large,2
322,a large red 3481,3481,4,red,large,1
323,a large pink number 19,19,2,pink,large,5
324,a grey number 9746 of small size,9746,4,grey,small,3
325,a brown number 80 of small size,80,2,brown,small,3
326,a purple number 74 of large size,74,2,purple,large,3
327,the number 2782 in brown colour and medium size,2782,4,brown,medium,2
328,a brown number 60 of medium size,60,2,brown,medium,3
329,a small purple 8867,8867,4,purple,small,1
330,a small green number 7080,7080,4,green,small,5
331,a medium 318 in pink colour,318,3,pink,medium,4
332,a yellow number 8786 of small size,8786,4,yellow,small,3
333,the number 2 in orange colour and small size,2,1,orange,small,2
334,a large red 155,155,3,red,large,1
335,the number 44 in pink colour and small size,44,2,pink,small,2
336,the number 6 in pink colour and medium size,6,1,pink,medium,2
337,a small orange number 7,7,1,orange,small,5
338,a grey number 98 of medium size,98,2,grey,medium,3
339,a medium purple number 929,929,3,purple,medium,5
340,a medium brown 50,50,2,brown,medium,1
341,a medium pink number 1,1,1,pink,medium,5
342,the number 8326 in blue colour and medium size,8326,4,blue,medium,2
343,a small purple number 4,4,1,purple,small,5
344,the number 12 in orange colour and large size,12,2,orange,large,2
345,a small green number 48,48,2,green,small,5
346,a large 566 in grey colour,566,3,grey,large,4
347,a large purple number 2042,2042,4,purple,large,5
348,a small green 615,615,3,green,small,1
349,the number 9458 in grey colour and medium size,9458,4,grey,medium,2
350,the number 498 in purple colour and large size,498,3,purple,large,2
351,a small green number 98,98,2,green,small,5
352,a medium pink number 198,198,3,pink,medium,5
353,a medium 5435 in red colour,5435,4,red,medium,4
354,a large 276 in green colour,276,3,green,large,4
355,a large grey 75,75,2,grey,large,1
356,a small green number 1,1,1,green,small,5
357,a small 6665 in orange colour,6665,4,orange,small,4
358,a medium brown number 120,120,3,brown,medium,5
359,a small brown 28,28,2,brown,small,1
360,a grey number 7 of small size,7,1,grey,small,3
361,a small yellow 110,110,3,yellow,small,1
362,a small green 52,52,2,green,small,1
363,a red number 7996 of medium size,7996,4,red,medium,3
364,a medium 75 in grey colour,75,2,grey,medium,4
365,a grey number 49 of medium size,49,2,grey,medium,3
366,a medium 6 in brown colour,6,1,brown,medium,4
367,a green number 4 of small size,4,1,green,small,3
368,a medium 4 in purple colour,4,1,purple,medium,4
369,a blue number 6677 of small size,6677,4,blue,small,3
370,a medium blue number 8104,8104,4,blue,medium,5
371,a small orange 557,557,3,orange,small,1
372,the number 8 in purple colour and small size,8,1,purple,small,2
373,a red number 1 of small size,1,1,red,small,3
374,a purple number 323 of small size,323,3,purple,small,3
375,a small red number 8,8,1,red,small,5
376,a purple number 45 of large size,45,2,purple,large,3
377,a small 39 in grey colour,39,2,grey,small,4
378,a yellow number 914 of large size,914,3,yellow,large,3
379,a green number 17 of medium size,17,2,green,medium,3
380,a red number 89 of small size,89,2,red,small,3
381,a large 7556 in yellow colour,7556,4,yellow,large,4
382,a medium 7949 in yellow colour,7949,4,yellow,medium,4
383,the number 7828 in pink colour and small size,7828,4,pink,small,2
384,the number 2 in red colour and small size,2,1,red,small,2
385,a brown number 3 of large size,3,1,brown,large,3
386,a purple number 25 of medium size,25,2,purple,medium,3
387,the number 9 in pink colour and medium size,9,1,pink,medium,2
388,a red number 5 of large size,5,1,red,large,3
389,a green number 254 of medium size,254,3,green,medium,3
390,a large 5 in blue colour,5,1,blue,large,4
391,a large green 4,4,1,green,large,1
392,a small grey number 443,443,3,grey,small,5
393,a small red 77,77,2,red,small,1
394,a small red number 76,76,2,red,small,5
395,an orange number 493 of large size,493,3,orange,large,3
396,a medium 135 in purple colour,135,3,purple,medium,4
397,the number 938 in red colour and large size,938,3,red,large,2
398,a medium 32 in pink colour,32,2,pink,medium,4
399,a medium 966 in purple colour,966,3,purple,medium,4
400,a brown number 278 of small size,278,3,brown,small,3
401,a pink number 6556 of medium size,6556,4,pink,medium,3
402,the number 8351 in brown colour and small size,8351,4,brown,small,2
403,the number 85 in pink colour and large size,85,2,pink,large,2
404,a green number 96 of small size,96,2,green,small,3
405,a medium yellow number 31,31,2,yellow,medium,5
406,a small blue number 9270,9270,4,blue,small,5
407,a yellow number 25 of medium size,25,2,yellow,medium,3
408,a small red number 941,941,3,red,small,5
409,a small 872 in brown colour,872,3,brown,small,4
410,a grey number 798 of medium size,798,3,grey,medium,3
411,a large yellow number 9812,9812,4,yellow,large,5
412,a large 1 in yellow colour,1,1,yellow,large,4
413,a yellow number 105 of small size,105,3,yellow,small,3
414,a large 61 in yellow colour,61,2,yellow,large,4
415,a large 2 in green colour,2,1,green,large,4
416,a medium 284 in brown colour,284,3,brown,medium,4
417,a large orange number 25,25,2,orange,large,5
418,a large green 80,80,2,green,large,1
419,the number 8247 in green colour and large size,8247,4,green,large,2
420,a yellow number 4898 of small size,4898,4,yellow,small,3
421,the number 826 in brown colour and large size,826,3,brown,large,2
422,a medium blue number 44,44,2,blue,medium,5
423,a medium 4819 in blue colour,4819,4,blue,medium,4
424,a small brown 641,641,3,brown,small,1
425,a green number 6 of small size,6,1,green,small,3
426,a pink number 40 of large size,40,2,pink,large,3
427,a purple number 5313 of medium size,5313,4,purple,medium,3
428,a large pink number 5,5,1,pink,large,5
429,a red number 8 of large size,8,1,red,large,3
430,a medium green number 66,66,2,green,medium,5
431,a pink number 56 of small size,56,2,pink,small,3
432,a small red number 4,4,1,red,small,5
433,a red number 197 of medium size,197,3,red,medium,3
434,a small red 1,1,1,red,small,1
435,a medium orange number 812,812,3,orange,medium,5
436,a small yellow number 95,95,2,yellow,small,5
437,a large orange 81,81,2,orange,large,1
438,a pink number 8 of small size,8,1,pink,small,3
439,a yellow number 559 of small size,559,3,yellow,small,3
440,a pink number 320 of small size,320,3,pink,small,3
441,a brown number 431 of small size,431,3,brown,small,3
442,a large blue 7,7,1,blue,large,1
443,a small green 3,3,1,green,small,1
444,a large pink number 78,78,2,pink,large,5
445,the number 63 in purple colour and small size,63,2,purple,small,2
446,the number 6 in blue colour and small size,6,1,blue,small,2
447,a large 5 in orange colour,5,1,orange,large,4
448,a grey number 522 of large size,522,3,grey,large,3
449,a medium green 5,5,1,green,medium,1
450,the number 9 in orange colour and large size,9,1,orange,large,2
451,a large orange 61,61,2,orange,large,1
452,a large blue 27,27,2,blue,large,1
453,a large 3 in yellow colour,3,1,yellow,large,4
454,a yellow number 605 of small size,605,3,yellow,small,3
455,a small yellow number 154,154,3,yellow,small,5
456,a large pink 339,339,3,pink,large,1
457,the number 3 in brown colour and large size,3,1,brown,large,2
458,a medium purple number 4,4,1,purple,medium,5
459,a small green number 755,755,3,green,small,5
460,a small blue number 416,416,3,blue,small,5
461,a grey number 72 of large size,72,2,grey,large,3
462,a small pink number 84,84,2,pink,small,5
463,a large 5549 in pink colour,5549,4,pink,large,4
464,a purple number 9 of medium size,9,1,purple,medium,3
465,a small 6721 in yellow colour,6721,4,yellow,small,4
466,a medium yellow number 4134,4134,4,yellow,medium,5
467,a medium 899 in purple colour,899,3,purple,medium,4
468,the number 76 in green colour and small size,76,2,green,small,2
469,the number 377 in blue colour and large size,377,3,blue,large,2
470,the number 423 in brown colour and medium size,423,3,brown,medium,2
471,a small 9231 in purple colour,9231,4,purple,small,4
472,the number 6 in grey colour and large size,6,1,grey,large,2
473,the number 147 in grey colour and large size,147,3,grey,large,2
474,a medium blue 57,57,2,blue,medium,1
475,a medium green 6,6,1,green,medium,1
476,the number 22 in blue colour and medium size,22,2,blue,medium,2
477,the number 5 in yellow colour and large size,5,1,yellow,large,2
478,a large yellow number 8529,8529,4,yellow,large,5
479,the number 33 in red colour and small size,33,2,red,small,2
480,a large 894 in red colour,894,3,red,large,4
481,a large purple number 9171,9171,4,purple,large,5
482,the number 569 in red colour and large size,569,3,red,large,2
483,a medium 9 in grey colour,9,1,grey,medium,4
484,a medium 774 in red colour,774,3,red,medium,4
485,a large yellow number 70,70,2,yellow,large,5
486,the number 1685 in brown colour and large size,1685,4,brown,large,2
487,the number 1344 in red colour and large size,1344,4,red,large,2
488,a small purple 4260,4260,4,purple,small,1
489,a small yellow number 273,273,3,yellow,small,5
490,a small grey 7,7,1,grey,small,1
491,a small 566 in purple colour,566,3,purple,small,4
492,a large green 319,319,3,green,large,1
493,a medium red 5295,5295,4,red,medium,1
494,a medium red 78,78,2,red,medium,1
495,a large yellow 5517,5517,4,yellow,large,1
496,a purple number 69 of medium size,69,2,purple,medium,3
497,a small red number 5669,5669,4,red,small,5
498,a small 8 in purple colour,8,1,purple,small,4
499,a small 6 in green colour,6,1,green,small,4
500,a medium pink number 4,4,1,pink,medium,5
501,a small orange number 3288,3288,4,orange,small,5
502,a large 84 in orange colour,84,2,orange,large,4
503,a large red 337,337,3,red,large,1
504,the number 8630 in orange colour and medium size,8630,4,orange,medium,2
505,a yellow number 5036 of small size,5036,4,yellow,small,3
506,the number 1 in pink colour and large size,1,1,pink,large,2
507,a large yellow 72,72,2,yellow,large,1
508,a small 439 in purple colour,439,3,purple,small,4
509,the number 671 in grey colour and medium size,671,3,grey,medium,2
510,a small red 1482,1482,4,red,small,1
511,a small 4947 in brown colour,4947,4,brown,small,4
512,a large pink 3016,3016,4,pink,large,1
513,a pink number 2110 of large size,2110,4,pink,large,3
514,a medium pink number 686,686,3,pink,medium,5
515,the number 8720 in brown colour and small size,8720,4,brown,small,2
516,an orange number 8865 of large size,8865,4,orange,large,3
517,a large 311 in brown colour,311,3,brown,large,4
518,a medium 676 in blue colour,676,3,blue,medium,4
519,a red number 37 of small size,37,2,red,small,3
520,a small 44 in brown colour,44,2,brown,small,4
521,a small yellow number 8,8,1,yellow,small,5
522,a medium green number 1096,1096,4,green,medium,5
523,a small 203 in red colour,203,3,red,small,4
524,a pink number 6 of small size,6,1,pink,small,3
525,a small purple 4320,4320,4,purple,small,1
526,a yellow number 16 of medium size,16,2,yellow,medium,3
527,a large 66 in orange colour,66,2,orange,large,4
528,a large brown 5331,5331,4,brown,large,1
529,a green number 49 of small size,49,2,green,small,3
530,the number 657 in orange colour and small size,657,3,orange,small,2
531,a purple number 11 of small size,11,2,purple,small,3
532,a brown number 973 of large size,973,3,brown,large,3
533,an orange number 204 of small size,204,3,orange,small,3
534,a large green 54,54,2,green,large,1
535,a medium 9640 in yellow colour,9640,4,yellow,medium,4
536,a large red number 894,894,3,red,large,5
537,a grey number 12 of large size,12,2,grey,large,3
538,a small orange number 464,464,3,orange,small,5
539,a medium 20 in yellow colour,20,2,yellow,medium,4
540,a small brown number 7909,7909,4,brown,small,5
541,a medium 93 in pink colour,93,2,pink,medium,4
542,a pink number 5518 of medium size,5518,4,pink,medium,3
543,a large red 724,724,3,red,large,1
544,a small brown number 1746,1746,4,brown,small,5
545,a large yellow 373,373,3,yellow,large,1
546,a small 833 in yellow colour,833,3,yellow,small,4
547,a grey number 9432 of medium size,9432,4,grey,medium,3
548,a medium yellow 9350,9350,4,yellow,medium,1
549,a purple number 242 of medium size,242,3,purple,medium,3
550,a medium 206 in grey colour,206,3,grey,medium,4
551,a red number 787 of small size,787,3,red,small,3
552,the number 682 in yellow colour and medium size,682,3,yellow,medium,2
553,a medium 92 in yellow colour,92,2,yellow,medium,4
554,the number 971 in grey colour and large size,971,3,grey,large,2
555,a small grey number 6,6,1,grey,small,5
556,a small 637 in brown colour,637,3,brown,small,4
557,a small red 5194,5194,4,red,small,1
558,the number 11 in green colour and small size,11,2,green,small,2
559,a small 98 in orange colour,98,2,orange,small,4
560,the number 580 in orange colour and small size,580,3,orange,small,2
561,a small red 6,6,1,red,small,1
562,the number 1698 in pink colour and large size,1698,4,pink,large,2
563,a large red 5027,5027,4,red,large,1
564,a small 579 in purple colour,579,3,purple,small,4
565,a large yellow 8591,8591,4,yellow,large,1
566,a medium brown number 3978,3978,4,brown,medium,5
567,the number 78 in green colour and medium size,78,2,green,medium,2
568,a red number 637 of large size,637,3,red,large,3
569,a medium 5626 in orange colour,5626,4,orange,medium,4
570,a large red number 16,16,2,red,large,5
571,the number 8 in green colour and large size,8,1,green,large,2
572,a large pink number 619,619,3,pink,large,5
573,a large orange number 8093,8093,4,orange,large,5
574,a medium 6 in grey colour,6,1,grey,medium,4
575,the number 30 in green colour and large size,30,2,green,large,2
576,a large orange number 91,91,2,orange,large,5
577,a medium 14 in red colour,14,2,red,medium,4
578,the number 456 in brown colour and small size,456,3,brown,small,2
579,a large brown number 2,2,1,brown,large,5
580,the number 222 in pink colour and medium size,222,3,pink,medium,2
581,a medium green number 1715,1715,4,green,medium,5
582,a large pink number 1181,1181,4,pink,large,5
583,a large grey 87,87,2,grey,large,1
584,the number 868 in pink colour and small size,868,3,pink,small,2
585,the number 87 in pink colour and medium size,87,2,pink,medium,2
586,the number 2467 in blue colour and medium size,2467,4,blue,medium,2
587,a blue number 5 of medium size,5,1,blue,medium,3
588,a brown number 577 of small size,577,3,brown,small,3
589,a medium red 52,52,2,red,medium,1
590,a medium grey 7555,7555,4,grey,medium,1
591,a small orange number 9,9,1,orange,small,5
592,a medium 88 in blue colour,88,2,blue,medium,4
593,a medium 5408 in green colour,5408,4,green,medium,4
594,a large yellow 2560,2560,4,yellow,large,1
595,a medium brown 2,2,1,brown,medium,1
596,a purple number 22 of medium size,22,2,purple,medium,3
597,a large 37 in brown colour,37,2,brown,large,4
598,a small red number 43,43,2,red,small,5
599,the number 2950 in green colour and large size,2950,4,green,large,2
600,a yellow number 3 of small size,3,1,yellow,small,3
601,the number 925 in red colour and small size,925,3,red,small,2
602,a large 25 in red colour,25,2,red,large,4
603,the number 55 in pink colour and large size,55,2,pink,large,2
604,a large 7862 in blue colour,7862,4,blue,large,4
605,a large grey number 2964,2964,4,grey,large,5
606,a green number 931 of small size,931,3,green,small,3
607,the number 24 in brown colour and large size,24,2,brown,large,2
608,a large purple 70,70,2,purple,large,1
609,a green number 744 of small size,744,3,green,small,3
610,a large pink 958,958,3,pink,large,1
611,a medium purple number 50,50,2,purple,medium,5
612,the number 58 in yellow colour and small size,58,2,yellow,small,2
613,a medium 22 in blue colour,22,2,blue,medium,4
614,a medium 9 in pink colour,9,1,pink,medium,4
615,a small brown number 34,34,2,brown,small,5
616,a grey number 41 of small size,41,2,grey,small,3
617,a small 760 in orange colour,760,3,orange,small,4
618,the number 9 in orange colour and small size,9,1,orange,small,2
619,a large 256 in purple colour,256,3,purple,large,4
620,a purple number 106 of small size,106,3,purple,small,3
621,a large 7180 in yellow colour,7180,4,yellow,large,4
622,an orange number 989 of large size,989,3,orange,large,3
623,a small 2751 in brown colour,2751,4,brown,small,4
624,the number 62 in brown colour and medium size,62,2,brown,medium,2
625,the number 3 in yellow colour and small size,3,1,yellow,small,2
626,a medium 710 in orange colour,710,3,orange,medium,4
627,a small grey number 666,666,3,grey,small,5
628,a medium green 8441,8441,4,green,medium,1
629,a small green 9,9,1,green,small,1
630,a medium orange 49,49,2,orange,medium,1
631,a medium grey number 4782,4782,4,grey,medium,5
632,a medium yellow number 2,2,1,yellow,medium,5
633,a medium 474 in orange colour,474,3,orange,medium,4
634,a blue number 257 of medium size,257,3,blue,medium,3
635,a small red 71,71,2,red,small,1
636,a medium 6237 in yellow colour,6237,4,yellow,medium,4
637,a large brown number 8543,8543,4,brown,large,5
638,the number 1 in blue colour and small size,1,1,blue,small,2
639,a large 312 in brown colour,312,3,brown,large,4
640,a large 25 in blue colour,25,2,blue,large,4
641,the number 57 in pink colour and large size,57,2,pink,large,2
642,the number 204 in grey colour and small size,204,3,grey,small,2
643,a medium orange number 603,603,3,orange,medium,5
644,a red number 738 of medium size,738,3,red,medium,3
645,a large purple number 49,49,2,purple,large,5
646,the number 27 in green colour and medium size,27,2,green,medium,2
647,a medium red number 225,225,3,red,medium,5
648,the number 399 in purple colour and medium size,399,3,purple,medium,2
649,a red number 7 of small size,7,1,red,small,3
650,a blue number 28 of large size,28,2,blue,large,3
651,a large 881 in grey colour,881,3,grey,large,4
652,a small 6739 in brown colour,6739,4,brown,small,4
653,a small orange 99,99,2,orange,small,1
654,the number 8029 in orange colour and medium size,8029,4,orange,medium,2
655,a large 9 in pink colour,9,1,pink,large,4
656,a blue number 5 of large size,5,1,blue,large,3
657,a small 84 in grey colour,84,2,grey,small,4
658,a small grey 867,867,3,grey,small,1
659,a small 4 in pink colour,4,1,pink,small,4
660,the number 9713 in yellow colour and medium size,9713,4,yellow,medium,2
661,a large 953 in green colour,953,3,green,large,4
662,a small purple number 84,84,2,purple,small,5
663,a small 22 in yellow colour,22,2,yellow,small,4
664,a large yellow number 892,892,3,yellow,large,5
665,a small 399 in red colour,399,3,red,small,4
666,a green number 368 of medium size,368,3,green,medium,3
667,a large yellow 9145,9145,4,yellow,large,1
668,the number 49 in purple colour and large size,49,2,purple,large,2
669,a pink number 69 of large size,69,2,pink,large,3
670,a medium 28 in yellow colour,28,2,yellow,medium,4
671,the number 5215 in pink colour and medium size,5215,4,pink,medium,2
672,a large 4759 in purple colour,4759,4,purple,large,4
673,a blue number 9 of small size,9,1,blue,small,3
674,the number 866 in brown colour and large size,866,3,brown,large,2
675,the number 3 in blue colour and medium size,3,1,blue,medium,2
676,the number 6359 in grey colour and large size,6359,4,grey,large,2
677,a medium green number 478,478,3,green,medium,5
678,a large grey 6,6,1,grey,large,1
679,a medium green number 6422,6422,4,green,medium,5
680,a small 1918 in blue colour,1918,4,blue,small,4
681,a large 35 in brown colour,35,2,brown,large,4
682,a brown number 6291 of large size,6291,4,brown,large,3
683,a purple number 7 of small size,7,1,purple,small,3
684,a small 8 in green colour,8,1,green,small,4
685,a blue number 66 of large size,66,2,blue,large,3
686,a purple number 5234 of large size,5234,4,purple,large,3
687,an orange number 5400 of large size,5400,4,orange,large,3
688,a red number 1117 of large size,1117,4,red,large,3
689,a medium 5467 in blue colour,5467,4,blue,medium,4
690,a small purple 5210,5210,4,purple,small,1
691,a medium green number 48,48,2,green,medium,5
692,a large 1 in grey colour,1,1,grey,large,4
693,the number 715 in green colour and small size,715,3,green,small,2
694,a large red 8,8,1,red,large,1
695,a large green 12,12,2,green,large,1
696,a large yellow number 8839,8839,4,yellow,large,5
697,a blue number 8065 of large size,8065,4,blue,large,3
698,a small 3 in orange colour,3,1,orange,small,4
699,a small 90 in yellow colour,90,2,yellow,small,4
700,a large 82 in brown colour,82,2,brown,large,4
701,a medium yellow 7812,7812,4,yellow,medium,1
702,a medium brown number 77,77,2,brown,medium,5
703,the number 43 in yellow colour and medium size,43,2,yellow,medium,2
704,a large blue number 7,7,1,blue,large,5
705,a large 9565 in brown colour,9565,4,brown,large,4
706,a medium 9540 in grey colour,9540,4,grey,medium,4
707,a brown number 267 of medium size,267,3,brown,medium,3
708,an orange number 812 of small size,812,3,orange,small,3
709,a medium red number 98,98,2,red,medium,5
710,a medium grey number 8945,8945,4,grey,medium,5
711,a medium pink number 40,40,2,pink,medium,5
712,the number 860 in green colour and large size,860,3,green,large,2
713,a medium 413 in orange colour,413,3,orange,medium,4
714,a medium pink 647,647,3,pink,medium,1
715,a large orange number 716,716,3,orange,large,5
716,a green number 9541 of small size,9541,4,green,small,3
717,the number 5125 in yellow colour and large size,5125,4,yellow,large,2
718,a medium 62 in pink colour,62,2,pink,medium,4
719,a large 4 in purple colour,4,1,purple,large,4
720,an orange number 2973 of large size,2973,4,orange,large,3
721,a small yellow 4157,4157,4,yellow,small,1
722,a small grey number 52,52,2,grey,small,5
723,a medium orange number 95,95,2,orange,medium,5
724,the number 505 in brown colour and large size,505,3,brown,large,2
725,a small red number 195,195,3,red,small,5
726,the number 2 in brown colour and small size,2,1,brown,small,2
727,a small blue number 41,41,2,blue,small,5
728,the number 5381 in yellow colour and large size,5381,4,yellow,large,2
729,a pink number 27 of small size,27,2,pink,small,3
730,a small green 539,539,3,green,small,1
731,a grey number 3690 of large size,3690,4,grey,large,3
732,a medium 985 in pink colour,985,3,pink,medium,4
733,a large brown number 7452,7452,4,brown,large,5
734,a large 70 in green colour,70,2,green,large,4
735,an orange number 67 of small size,67,2,orange,small,3
736,an orange number 1072 of small size,1072,4,orange,small,3
737,the number 2249 in purple colour and medium size,2249,4,purple,medium,2
738,the number 625 in pink colour and large size,625,3,pink,large,2
739,a small 327 in purple colour,327,3,purple,small,4
740,a large red number 96,96,2,red,large,5
741,a small grey number 3,3,1,grey,small,5
742,a small pink number 6538,6538,4,pink,small,5
743,an orange number 7 of small size,7,1,orange,small,3
744,the number 346 in yellow colour and small size,346,3,yellow,small,2
745,a medium pink number 415,415,3,pink,medium,5
746,a medium orange 94,94,2,orange,medium,1
747,a small orange number 551,551,3,orange,small,5
748,a small brown 5445,5445,4,brown,small,1
749,a large red 97,97,2,red,large,1
750,the number 3315 in brown colour and small size,3315,4,brown,small,2
751,a pink number 59 of large size,59,2,pink,large,3
752,a medium pink 2435,2435,4,pink,medium,1
753,a small purple number 17,17,2,purple,small,5
754,a small 4329 in orange colour,4329,4,orange,small,4
755,the number 372 in brown colour and medium size,372,3,brown,medium,2
756,a medium 568 in red colour,568,3,red,medium,4
757,the number 6 in red colour and medium size,6,1,red,medium,2
758,a brown number 2384 of large size,2384,4,brown,large,3
759,a small 3545 in orange colour,3545,4,orange,small,4
760,a brown number 31 of medium size,31,2,brown,medium,3
761,a blue number 9 of large size,9,1,blue,large,3
762,a medium grey number 91,91,2,grey,medium,5
763,the number 41 in red colour and medium size,41,2,red,medium,2
764,a medium brown number 9,9,1,brown,medium,5
765,a grey number 64 of large size,64,2,grey,large,3
766,a small yellow 765,765,3,yellow,small,1
767,a large 6633 in red colour,6633,4,red,large,4
768,the number 4 in orange colour and large size,4,1,orange,large,2
769,a green number 4002 of medium size,4002,4,green,medium,3
770,a small purple number 9305,9305,4,purple,small,5
771,an orange number 4703 of large size,4703,4,orange,large,3
772,the number 4 in green colour and medium size,4,1,green,medium,2
773,a medium pink 804,804,3,pink,medium,1
774,a small purple number 25,25,2,purple,small,5
775,the number 41 in yellow colour and small size,41,2,yellow,small,2
776,a large brown 8,8,1,brown,large,1
777,an orange number 9949 of large size,9949,4,orange,large,3
778,a medium grey 4865,4865,4,grey,medium,1
779,a small yellow number 612,612,3,yellow,small,5
780,a large grey 7,7,1,grey,large,1
781,the number 731 in yellow colour and small size,731,3,yellow,small,2
782,the number 5693 in orange colour and large size,5693,4,orange,large,2
783,the number 1987 in pink colour and large size,1987,4,pink,large,2
784,a small green 413,413,3,green,small,1
785,a large purple number 1921,1921,4,purple,large,5
786,a large red 59,59,2,red,large,1
787,a large 8344 in blue colour,8344,4,blue,large,4
788,a large 930 in green colour,930,3,green,large,4
789,the number 99 in blue colour and medium size,99,2,blue,medium,2
790,the number 88 in red colour and small size,88,2,red,small,2
791,a small 4847 in blue colour,4847,4,blue,small,4
792,a yellow number 3066 of medium size,3066,4,yellow,medium,3
793,the number 43 in green colour and medium size,43,2,green,medium,2
794,a small grey 2592,2592,4,grey,small,1
795,a large 5562 in green colour,5562,4,green,large,4
796,a green number 84 of small size,84,2,green,small,3
797,a large brown number 2541,2541,4,brown,large,5
798,a red number 1 of large size,1,1,red,large,3
799,the number 895 in green colour and medium size,895,3,green,medium,2
800,the number 6463 in purple colour and large size,6463,4,purple,large,2
801,a large blue 39,39,2,blue,large,1
802,a large 668 in blue colour,668,3,blue,large,4
803,a small green 227,227,3,green,small,1
804,a large green 449,449,3,green,large,1
805,the number 827 in purple colour and large size,827,3,purple,large,2
806,the number 356 in orange colour and large size,356,3,orange,large,2
807,the number 97 in purple colour and medium size,97,2,purple,medium,2
808,the number 424 in pink colour and medium size,424,3,pink,medium,2
809,a medium blue 3,3,1,blue,medium,1
810,a large 52 in purple colour,52,2,purple,large,4
811,a medium grey number 7,7,1,grey,medium,5
812,the number 9 in red colour and small size,9,1,red,small,2
813,a large orange number 2343,2343,4,orange,large,5
814,a small 397 in red colour,397,3,red,small,4
815,a small purple number 14,14,2,purple,small,5
816,a medium grey number 3,3,1,grey,medium,5
817,a medium yellow number 4404,4404,4,yellow,medium,5
818,the number 53 in grey colour and medium size,53,2,grey,medium,2
819,a large purple 9529,9529,4,purple,large,1
820,a pink number 85 of large size,85,2,pink,large,3
821,the number 208 in brown colour and medium size,208,3,brown,medium,2
822,a red number 778 of large size,778,3,red,large,3
823,a medium 2 in blue colour,2,1,blue,medium,4
824,the number 689 in green colour and medium size,689,3,green,medium,2
825,a large orange 68,68,2,orange,large,1
826,a large pink number 2,2,1,pink,large,5
827,a large purple 3742,3742,4,purple,large,1
828,the number 6648 in pink colour and small size,6648,4,pink,small,2
829,a medium 8 in grey colour,8,1,grey,medium,4
830,a small 8594 in grey colour,8594,4,grey,small,4
831,a small orange 177,177,3,orange,small,1
832,the number 5258 in brown colour and small size,5258,4,brown,small,2
833,the number 9 in orange colour and medium size,9,1,orange,medium,2
834,a large red 362,362,3,red,large,1
835,a medium grey number 373,373,3,grey,medium,5
836,a large blue 3997,3997,4,blue,large,1
837,the number 219 in orange colour and medium size,219,3,orange,medium,2
838,a medium green 904,904,3,green,medium,1
839,a medium 60 in pink colour,60,2,pink,medium,4
840,a medium purple 19,19,2,purple,medium,1
841,a brown number 27 of large size,27,2,brown,large,3
842,a green number 6994 of large size,6994,4,green,large,3
843,an orange number 6321 of small size,6321,4,orange,small,3
844,a small pink 735,735,3,pink,small,1
845,a brown number 5 of large size,5,1,brown,large,3
846,a large yellow 43,43,2,yellow,large,1
847,a medium 5 in green colour,5,1,green,medium,4
848,a large 28 in yellow colour,28,2,yellow,large,4
849,a medium green number 92,92,2,green,medium,5
850,a large 1 in red colour,1,1,red,large,4
851,a small purple 3975,3975,4,purple,small,1
852,a large red number 3,3,1,red,large,5
853,a green number 7 of large size,7,1,green,large,3
854,a medium 7 in purple colour,7,1,purple,medium,4
855,a large purple 95,95,2,purple,large,1
856,a yellow number 3390 of small size,3390,4,yellow,small,3
857,a medium green 293,293,3,green,medium,1
858,a brown number 5266 of small size,5266,4,brown,small,3
859,the number 8 in purple colour and large size,8,1,purple,large,2
860,a small green number 2044,2044,4,green,small,5
861,a large red number 7830,7830,4,red,large,5
862,a large grey number 5667,5667,4,grey,large,5
863,a yellow number 464 of medium size,464,3,yellow,medium,3
864,the number 1 in grey colour and medium size,1,1,grey,medium,2
865,a medium green number 962,962,3,green,medium,5
866,a green number 300 of medium size,300,3,green,medium,3
867,a pink number 97 of large size,97,2,pink,large,3
868,a small 8510 in yellow colour,8510,4,yellow,small,4
869,the number 676 in purple colour and small size,676,3,purple,small,2
870,a small pink number 4417,4417,4,pink,small,5
871,a yellow number 4 of small size,4,1,yellow,small,3
872,a medium green number 90,90,2,green,medium,5
873,a large pink number 9,9,1,pink,large,5
874,a small grey number 2,2,1,grey,small,5
875,a small 123 in brown colour,123,3,brown,small,4
876,a pink number 7 of large size,7,1,pink,large,3
877,a medium purple number 6097,6097,4,purple,medium,5
878,the number 479 in brown colour and medium size,479,3,brown,medium,2
879,a medium purple 3520,3520,4,purple,medium,1
880,a green number 33 of large size,33,2,green,large,3
881,a purple number 5802 of small size,5802,4,purple,small,3
882,a blue number 424 of small size,424,3,blue,small,3
883,the number 14 in grey colour and large size,14,2,grey,large,2
884,a red number 1297 of large size,1297,4,red,large,3
885,a small purple 4756,4756,4,purple,small,1
886,a large grey 7471,7471,4,grey,large,1
887,a large purple number 7,7,1,purple,large,5
888,a small 58 in blue colour,58,2,blue,small,4
889,a green number 80 of small size,80,2,green,small,3
890,a medium blue number 47,47,2,blue,medium,5
891,the number 4561 in orange colour and small size,4561,4,orange,small,2
892,the number 8820 in blue colour and small size,8820,4,blue,small,2
893,a large red number 1,1,1,red,large,5
894,a brown number 3065 of small size,3065,4,brown,small,3
895,a small grey number 1930,1930,4,grey,small,5
896,the number 8596 in grey colour and small size,8596,4,grey,small,2
897,a grey number 988 of medium size,988,3,grey,medium,3
898,the number 43 in purple colour and large size,43,2,purple,large,2
899,a large orange number 446,446,3,orange,large,5
900,a medium red 226,226,3,red,medium,1
901,a small pink 80,80,2,pink,small,1
902,the number 5957 in brown colour and small size,5957,4,brown,small,2
903,a medium 2266 in red colour,2266,4,red,medium,4
904,a large 87 in pink colour,87,2,pink,large,4
905,a medium 315 in pink colour,315,3,pink,medium,4
906,a large pink 621,621,3,pink,large,1
907,a brown number 97 of medium size,97,2,brown,medium,3
908,a small red number 27,27,2,red,small,5
909,a blue number 723 of small size,723,3,blue,small,3
910,a grey number 54 of small size,54,2,grey,small,3
911,a large purple number 33,33,2,purple,large,5
912,a small 8820 in pink colour,8820,4,pink,small,4
913,a medium 1 in red colour,1,1,red,medium,4
914,the number 7024 in red colour and small size,7024,4,red,small,2
915,an orange number 71 of small size,71,2,orange,small,3
916,a medium 48 in yellow colour,48,2,yellow,medium,4
917,a small 1 in yellow colour,1,1,yellow,small,4
918,a large blue 5058,5058,4,blue,large,1
919,a small blue 2497,2497,4,blue,small,1
920,a small orange 27,27,2,orange,small,1
921,a green number 161 of small size,161,3,green,small,3
922,a yellow number 5 of small size,5,1,yellow,small,3
923,a small 5886 in orange colour,5886,4,orange,small,4
924,a large brown 9,9,1,brown,large,1
925,a blue number 54 of large size,54,2,blue,large,3
926,the number 9286 in grey colour and medium size,9286,4,grey,medium,2
927,a medium 5697 in yellow colour,5697,4,yellow,medium,4
928,a purple number 4473 of large size,4473,4,purple,large,3
929,the number 89 in red colour and medium size,89,2,red,medium,2
930,a large yellow 286,286,3,yellow,large,1
931,the number 2 in red colour and medium size,2,1,red,medium,2
932,a brown number 7918 of small size,7918,4,brown,small,3
933,a small grey 8482,8482,4,grey,small,1
934,the number 71 in orange colour and small size,71,2,orange,small,2
935,the number 644 in purple colour and medium size,644,3,purple,medium,2
936,a small blue 524,524,3,blue,small,1
937,the number 1 in purple colour and medium size,1,1,purple,medium,2
938,a medium brown 8,8,1,brown,medium,1
939,an orange number 5 of small size,5,1,orange,small,3
940,the number 2129 in pink colour and small size,2129,4,pink,small,2
941,a large orange 579,579,3,orange,large,1
942,a brown number 7 of large size,7,1,brown,large,3
943,a red number 8409 of medium size,8409,4,red,medium,3
944,a blue number 821 of small size,821,3,blue,small,3
945,a medium yellow number 78,78,2,yellow,medium,5
946,the number 41 in blue colour and small size,41,2,blue,small,2
947,a medium red number 77,77,2,red,medium,5
948,a medium 522 in pink colour,522,3,pink,medium,4
949,a small 5154 in yellow colour,5154,4,yellow,small,4
950,a small 30 in pink colour,30,2,pink,small,4
951,the number 47 in yellow colour and medium size,47,2,yellow,medium,2
952,a medium 6954 in green colour,6954,4,green,medium,4
953,a yellow number 72 of medium size,72,2,yellow,medium,3
954,a medium orange number 6,6,1,orange,medium,5
955,a small purple 4,4,1,purple,small,1
956,the number 798 in red colour and medium size,798,3,red,medium,2
957,a medium grey number 933,933,3,grey,medium,5
958,a large 6555 in red colour,6555,4,red,large,4
959,a small pink number 83,83,2,pink,small,5
960,a grey number 9071 of large size,9071,4,grey,large,3
961,a small 17 in blue colour,17,2,blue,small,4
962,a medium blue number 38,38,2,blue,medium,5
963,a small 663 in purple colour,663,3,purple,small,4
964,a large pink 961,961,3,pink,large,1
965,a medium 98 in green colour,98,2,green,medium,4
966,an orange number 4335 of large size,4335,4,orange,large,3
967,a small purple number 5,5,1,purple,small,5
968,a medium 969 in grey colour,969,3,grey,medium,4
969,the number 670 in purple colour and large size,670,3,purple,large,2
970,a brown number 66 of medium size,66,2,brown,medium,3
971,a purple number 9 of large size,9,1,purple,large,3
972,a small grey number 8,8,1,grey,small,5
973,a medium orange 348,348,3,orange,medium,1
974,a pink number 4 of medium size,4,1,pink,medium,3
975,the number 569 in blue colour and large size,569,3,blue,large,2
976,a small green number 5,5,1,green,small,5
977,a large 2 in orange colour,2,1,orange,large,4
978,a yellow number 8390 of large size,8390,4,yellow,large,3
979,the number 9 in yellow colour and small size,9,1,yellow,small,2
980,a medium 1503 in purple colour,1503,4,purple,medium,4
981,a small 394 in red colour,394,3,red,small,4
982,a large yellow number 32,32,2,yellow,large,5
983,a medium brown 3,3,1,brown,medium,1
984,the number 19 in green colour and medium size,19,2,green,medium,2
985,a small 3068 in blue colour,3068,4,blue,small,4
986,the number 594 in green colour and large size,594,3,green,large,2
987,the number 681 in green colour and medium size,681,3,green,medium,2
988,a green number 87 of large size,87,2,green,large,3
989,a medium yellow 5506,5506,4,yellow,medium,1
990,the number 983 in purple colour and medium size,983,3,purple,medium,2
991,a small brown number 8,8,1,brown,small,5
992,the number 5256 in red colour and large size,5256,4,red,large,2
993,a small blue 110,110,3,blue,small,1
994,a small blue number 7165,7165,4,blue,small,5
995,a medium 5 in red colour,5,1,red,medium,4
996,a medium yellow number 2705,2705,4,yellow,medium,5
997,a medium blue 39,39,2,blue,medium,1
998,a small blue number 467,467,3,blue,small,5
999,a small blue number 76,76,2,blue,small,5
1000,a medium 54 in red colour,54,2,red,medium,4
1001,a medium red 560,560,3,red,medium,1
1002,a large 76 in brown colour,76,2,brown,large,4
1003,a medium 9 in green colour,9,1,green,medium,4
1004,a large brown 89,89,2,brown,large,1
1005,a medium 862 in yellow colour,862,3,yellow,medium,4
1006,a large green number 976,976,3,green,large,5
1007,the number 367 in green colour and medium size,367,3,green,medium,2
1008,an orange number 12 of small size,12,2,orange,small,3
1009,a medium blue number 8688,8688,4,blue,medium,5
1010,an orange number 807 of large size,807,3,orange,large,3
1011,the number 46 in red colour and large size,46,2,red,large,2
1012,a large red number 4832,4832,4,red,large,5
1013,a small green number 36,36,2,green,small,5
1014,a medium 9 in red colour,9,1,red,medium,4
1015,a medium 36 in grey colour,36,2,grey,medium,4
1016,a small blue 8220,8220,4,blue,small,1
1017,the number 5625 in pink colour and medium size,5625,4,pink,medium,2
1018,a red number 1234 of large size,1234,4,red,large,3
1019,a pink number 6596 of medium size,6596,4,pink,medium,3
1020,a green number 56 of large size,56,2,green,large,3
1021,a large grey 2258,2258,4,grey,large,1
1022,a blue number 5749 of large size,5749,4,blue,large,3
1023,the number 770 in orange colour and small size,770,3,orange,small,2
1024,a yellow number 757 of small size,757,3,yellow,small,3
1025,a medium blue 41,41,2,blue,medium,1
1026,a small yellow 75,75,2,yellow,small,1
1027,a green number 475 of medium size,475,3,green,medium,3
1028,a large red number 702,702,3,red,large,5
1029,the number 2 in brown colour and large size,2,1,brown,large,2
1030,a medium green 40,40,2,green,medium,1
1031,the number 210 in blue colour and large size,210,3,blue,large,2
1032,a medium 17 in blue colour,17,2,blue,medium,4
1033,a large 8601 in red colour,8601,4,red,large,4
1034,the number 54 in green colour and small size,54,2,green,small,2
1035,a small brown number 49,49,2,brown,small,5
1036,a pink number 4547 of small size,4547,4,pink,small,3
1037,a large yellow number 389,389,3,yellow,large,5
1038,the number 5075 in brown colour and medium size,5075,4,brown,medium,2
1039,a medium orange 9503,9503,4,orange,medium,1
1040,the number 1123 in orange colour and small size,1123,4,orange,small,2
1041,a small 7 in brown colour,7,1,brown,small,4
1042,a small 556 in blue colour,556,3,blue,small,4
1043,a red number 859 of medium size,859,3,red,medium,3
1044,the number 7648 in orange colour and large size,7648,4,orange,large,2
1045,the number 9 in green colour and small size,9,1,green,small,2
1046,a brown number 8 of medium size,8,1,brown,medium,3
1047,a pink number 14 of small size,14,2,pink,small,3
1048,a large orange 8064,8064,4,orange,large,1
1049,a large brown 38,38,2,brown,large,1
1050,a large blue number 3,3,1,blue,large,5
1051,a large pink 26,26,2,pink,large,1
1052,a large 15 in orange colour,15,2,orange,large,4
1053,the number 7 in brown colour and small size,7,1,brown,small,2
1054,a large blue number 357,357,3,blue,large,5
1055,a large purple number 2353,2353,4,purple,large,5
1056,the number 9724 in pink colour and medium size,9724,4,pink,medium,2
1057,the number 5286 in grey colour and large size,5286,4,grey,large,2
1058,a blue number 702 of large size,702,3,blue,large,3
1059,a small orange number 8,8,1,orange,small,5
1060,a small pink 6,6,1,pink,small,1
1061,a large brown 37,37,2,brown,large,1
1062,a small brown number 2,2,1,brown,small,5
1063,a medium grey number 80,80,2,grey,medium,5
1064,a medium 516 in pink colour,516,3,pink,medium,4
1065,a small brown 376,376,3,brown,small,1
1066,a blue number 6377 of small size,6377,4,blue,small,3
1067,a medium 564 in brown colour,564,3,brown,medium,4
1068,a large green 2,2,1,green,large,1
1069,a purple number 869 of large size,869,3,purple,large,3
1070,a grey number 1135 of small size,1135,4,grey,small,3
1071,a large 809 in green colour,809,3,green,large,4
1072,the number 748 in pink colour and medium size,748,3,pink,medium,2
1073,a green number 93 of small size,93,2,green,small,3
1074,a small grey 34,34,2,grey,small,1
1075,an orange number 94 of medium size,94,2,orange,medium,3
1076,a medium yellow 6066,6066,4,yellow,medium,1
1077,a purple number 222 of large size,222,3,purple,large,3
1078,a small 5954 in pink colour,5954,4,pink,small,4
1079,a small green number 2555,2555,4,green,small,5
1080,a blue number 17 of small size,17,2,blue,small,3
1081,a pink number 682 of medium size,682,3,pink,medium,3
1082,a medium 5 in blue colour,5,1,blue,medium,4
1083,a medium yellow number 4,4,1,yellow,medium,5
1084,the number 11 in pink colour and small size,11,2,pink,small,2
1085,a medium 28 in grey colour,28,2,grey,medium,4
1086,a large yellow 946,946,3,yellow,large,1
1087,a small brown 3202,3202,4,brown,small,1
1088,a small 621 in pink colour,621,3,pink,small,4
1089,a purple number 1603 of medium size,1603,4,purple,medium,3
1090,a green number 537 of small size,537,3,green,small,3
1091,a yellow number 242 of small size,242,3,yellow,small,3
1092,a small grey number 3065,3065,4,grey,small,5
1093,the number 715 in purple colour and large size,715,3,purple,large,2
1094,a small grey 9238,9238,4,grey,small,1
1095,a grey number 9445 of large size,9445,4,grey,large,3
1096,a medium blue number 9693,9693,4,blue,medium,5
1097,a medium purple number 85,85,2,purple,medium,5
1098,a medium red number 82,82,2,red,medium,5
1099,a medium red number 27,27,2,red,medium,5
1100,a medium 4378 in blue colour,4378,4,blue,medium,4
1101,a pink number 963 of large size,963,3,pink,large,3
1102,a small 31 in green colour,31,2,green,small,4
1103,the number 2 in brown colour and medium size,2,1,brown,medium,2
1104,a medium brown number 848,848,3,brown,medium,5
1105,a small brown number 82,82,2,brown,small,5
1106,a small purple number 53,53,2,purple,small,5
1107,an orange number 893 of large size,893,3,orange,large,3
1108,a large 834 in red colour,834,3,red,large,4
1109,a medium 29 in pink colour,29,2,pink,medium,4
1110,a medium pink number 76,76,2,pink,medium,5
1111,a large grey number 489,489,3,grey,large,5
1112,a small pink 881,881,3,pink,small,1
1113,a medium yellow 61,61,2,yellow,medium,1
1114,the number 31 in yellow colour and medium size,31,2,yellow,medium,2
1115,a purple number 479 of small size,479,3,purple,small,3
1116,the number 9 in green colour and large size,9,1,green,large,2
1117,a medium red number 5,5,1,red,medium,5
1118,a small yellow number 62,62,2,yellow,small,5
1119,a small 7188 in red colour,7188,4,red,small,4
1120,a blue number 4 of medium size,4,1,blue,medium,3
1121,a medium 4 in yellow colour,4,1,yellow,medium,4
1122,a large 1262 in purple colour,1262,4,purple,large,4
1123,a medium 67 in yellow colour,67,2,yellow,medium,4
1124,a red number 4530 of small size,4530,4,red,small,3
1125,a large purple 8,8,1,purple,large,1
1126,a large brown number 8,8,1,brown,large,5
1127,a large 409 in purple colour,409,3,purple,large,4
1128,a purple number 94 of medium size,94,2,purple,medium,3
1129,the number 2831 in red colour and small size,2831,4,red,small,2
1130,a green number 48 of small size,48,2,green,small,3
1131,a medium red number 8040,8040,4,red,medium,5
1132,a green number 3077 of medium size,3077,4,green,medium,3
1133,a large 9 in orange colour,9,1,orange,large,4
1134,a medium 51 in red colour,51,2,red,medium,4
1135,a large purple 9,9,1,purple,large,1
1136,the number 183 in blue colour and medium size,183,3,blue,medium,2
1137,a blue number 49 of medium size,49,2,blue,medium,3
1138,a medium green number 7249,7249,4,green,medium,5
1139,a medium purple number 431,431,3,purple,medium,5
1140,a small yellow number 2469,2469,4,yellow,small,5
1141,a medium green 22,22,2,green,medium,1
1142,an orange number 795 of large size,795,3,orange,large,3
1143,a medium 53 in blue colour,53,2,blue,medium,4
1144,a large orange number 97,97,2,orange,large,5
1145,a large grey 3924,3924,4,grey,large,1
1146,the number 3974 in yellow colour and small size,3974,4,yellow,small,2
1147,a small 5 in green colour,5,1,green,small,4
1148,a medium grey 5,5,1,grey,medium,1
1149,a large orange 4,4,1,orange,large,1
1150,the number 635 in purple colour and medium size,635,3,purple,medium,2
1151,the number 648 in pink colour and large size,648,3,pink,large,2
1152,a large 2912 in pink colour,2912,4,pink,large,4
1153,a small 613 in green colour,613,3,green,small,4
1154,the number 7465 in green colour and large size,7465,4,green,large,2
1155,a large pink number 183,183,3,pink,large,5
1156,a grey number 134 of large size,134,3,grey,large,3
1157,the number 9 in grey colour and large size,9,1,grey,large,2
1158,a small yellow number 332,332,3,yellow,small,5
1159,a blue number 648 of small size,648,3,blue,small,3
1160,a medium green 1844,1844,4,green,medium,1
1161,a blue number 7889 of medium size,7889,4,blue,medium,3
1162,a small 2462 in blue colour,2462,4,blue,small,4
1163,a green number 788 of medium size,788,3,green,medium,3
1164,a large 88 in green colour,88,2,green,large,4
1165,a medium purple 629,629,3,purple,medium,1
1166,a medium 8 in orange colour,8,1,orange,medium,4
1167,a small 55 in yellow colour,55,2,yellow,small,4
1168,a small orange 685,685,3,orange,small,1
1169,a medium green 87,87,2,green,medium,1
1170,a small 4347 in grey colour,4347,4,grey,small,4
1171,a purple number 840 of small size,840,3,purple,small,3
1172,a medium blue number 6557,6557,4,blue,medium,5
1173,the number 4263 in grey colour and small size,4263,4,grey,small,2
1174,a small 9868 in green colour,9868,4,green,small,4
1175,an orange number 7035 of large size,7035,4,orange,large,3
1176,the number 80 in red colour and small size,80,2,red,small,2
1177,the number 610 in grey colour and medium size,610,3,grey,medium,2
1178,a large 9 in brown colour,9,1,brown,large,4
1179,the number 65 in orange colour and small size,65,2,orange,small,2
1180,a small green number 83,83,2,green,small,5
1181,a medium green 3,3,1,green,medium,1
1182,the number 7716 in yellow colour and large size,7716,4,yellow,large,2
1183,a medium orange number 912,912,3,orange,medium,5
1184,a small pink 679,679,3,pink,small,1
1185,a yellow number 9027 of medium size,9027,4,yellow,medium,3
1186,a small 5819 in brown colour,5819,4,brown,small,4
1187,a large 8 in blue colour,8,1,blue,large,4
1188,the number 873 in blue colour and medium size,873,3,blue,medium,2
1189,the number 140 in grey colour and large size,140,3,grey,large,2
1190,a small red 768,768,3,red,small,1
1191,a large 5 in grey colour,5,1,grey,large,4
1192,a pink number 56 of large size,56,2,pink,large,3
1193,a small orange number 484,484,3,orange,small,5
1194,a medium 101 in orange colour,101,3,orange,medium,4
1195,a small 2 in yellow colour,2,1,yellow,small,4
1196,the number 36 in yellow colour and medium size,36,2,yellow,medium,2
1197,a small 550 in purple colour,550,3,purple,small,4
1198,a large yellow 3,3,1,yellow,large,1
1199,a small green number 3,3,1,green,small,5
1200,an orange number 3658 of small size,3658,4,orange,small,3
1201,a small 9 in pink colour,9,1,pink,small,4
1202,a large 98 in brown colour,98,2,brown,large,4
1203,a small 7 in red colour,7,1,red,small,4
1204,the number 4 in grey colour and medium size,4,1,grey,medium,2
1205,a medium yellow 11,11,2,yellow,medium,1
1206,a pink number 3 of large size,3,1,pink,large,3
1207,a brown number 80 of medium size,80,2,brown,medium,3
1208,a small pink number 881,881,3,pink,small,5
1209,the number 252 in purple colour and medium size,252,3,purple,medium,2
1210,a small green number 402,402,3,green,small,5
1211,a large grey 4627,4627,4,grey,large,1
1212,a large 39 in yellow colour,39,2,yellow,large,4
1213,a small 5 in yellow colour,5,1,yellow,small,4
1214,the number 617 in green colour and medium size,617,3,green,medium,2
1215,a grey number 7439 of medium size,7439,4,grey,medium,3
1216,a green number 1575 of small size,1575,4,green,small,3
1217,a purple number 17 of small size,17,2,purple,small,3
1218,a small 762 in grey colour,762,3,grey,small,4
1219,a medium pink number 7,7,1,pink,medium,5
1220,a brown number 2 of small size,2,1,brown,small,3
1221,a small 411 in green colour,411,3,green,small,4
1222,a grey number 4 of medium size,4,1,grey,medium,3
1223,the number 4299 in yellow colour and large size,4299,4,yellow,large,2
1224,the number 63 in orange colour and medium size,63,2,orange,medium,2
1225,a large 221 in grey colour,221,3,grey,large,4
1226,a pink number 13 of large size,13,2,pink,large,3
1227,the number 882 in blue colour and small size,882,3,blue,small,2
1228,a small 5671 in blue colour,5671,4,blue,small,4
1229,a medium 6297 in pink colour,6297,4,pink,medium,4
1230,a small green number 484,484,3,green,small,5
1231,the number 4300 in yellow colour and medium size,4300,4,yellow,medium,2
1232,a large green number 4912,4912,4,green,large,5
1233,a small grey 8002,8002,4,grey,small,1
1234,a medium red 7,7,1,red,medium,1
1235,a blue number 21 of small size,21,2,blue,small,3
1236,the number 5933 in brown colour and medium size,5933,4,brown,medium,2
1237,the number 90 in yellow colour and small size,90,2,yellow,small,2
1238,a small 6 in pink colour,6,1,pink,small,4
1239,a large 1492 in brown colour,1492,4,brown,large,4
1240,the number 4555 in brown colour and small size,4555,4,brown,small,2
1241,a green number 4098 of medium size,4098,4,green,medium,3
1242,the number 6 in green colour and medium size,6,1,green,medium,2
1243,a blue number 3037 of large size,3037,4,blue,large,3
1244,the number 8159 in green colour and small size,8159,4,green,small,2
1245,a large grey 73,73,2,grey,large,1
1246,a medium brown number 99,99,2,brown,medium,5
1247,the number 2415 in pink colour and small size,2415,4,pink,small,2
1248,the number 2794 in green colour and large size,2794,4,green,large,2
1249,a blue number 39 of small size,39,2,blue,small,3
1250,the number 307 in brown colour and medium size,307,3,brown,medium,2
1251,the number 31 in orange colour and small size,31,2,orange,small,2
1252,a medium grey 39,39,2,grey,medium,1
1253,a small 33 in blue colour,33,2,blue,small,4
1254,a large purple number 593,593,3,purple,large,5
1255,a small yellow number 296,296,3,yellow,small,5
1256,a small blue 7274,7274,4,blue,small,1
1257,a large green number 5956,5956,4,green,large,5
1258,a blue number 1 of large size,1,1,blue,large,3
1259,a large grey number 396,396,3,grey,large,5
1260,a medium brown 432,432,3,brown,medium,1
1261,a blue number 819 of small size,819,3,blue,small,3
1262,a large 767 in yellow colour,767,3,yellow,large,4
1263,a small 7447 in red colour,7447,4,red,small,4
1264,a small pink 9495,9495,4,pink,small,1
1265,a medium 1040 in brown colour,1040,4,brown,medium,4
1266,a large blue number 66,66,2,blue,large,5
1267,a medium purple number 1,1,1,purple,medium,5
1268,a medium brown number 148,148,3,brown,medium,5
1269,a medium yellow number 8945,8945,4,yellow,medium,5
1270,an orange number 52 of large size,52,2,orange,large,3
1271,the number 5348 in yellow colour and medium size,5348,4,yellow,medium,2
1272,a small orange 8609,8609,4,orange,small,1
1273,the number 3301 in red colour and medium size,3301,4,red,medium,2
1274,a brown number 77 of large size,77,2,brown,large,3
1275,a small grey 170,170,3,grey,small,1
1276,a medium brown number 8,8,1,brown,medium,5
1277,the number 5129 in yellow colour and large size,5129,4,yellow,large,2
1278,a small yellow 78,78,2,yellow,small,1
1279,the number 93 in pink colour and large size,93,2,pink,large,2
1280,a small blue number 7895,7895,4,blue,small,5
1281,the number 3 in grey colour and large size,3,1,grey,large,2
1282,the number 573 in yellow colour and small size,573,3,yellow,small,2
1283,a medium grey number 8551,8551,4,grey,medium,5
1284,the number 9877 in yellow colour and medium size,9877,4,yellow,medium,2
1285,a large 8344 in grey colour,8344,4,grey,large,4
1286,a large red number 8,8,1,red,large,5
1287,a large 752 in green colour,752,3,green,large,4
1288,a blue number 647 of large size,647,3,blue,large,3
1289,a large orange 788,788,3,orange,large,1
1290,a yellow number 1256 of large size,1256,4,yellow,large,3
1291,a pink number 96 of large size,96,2,pink,large,3
1292,a medium orange number 279,279,3,orange,medium,5
1293,a green number 3 of small size,3,1,green,small,3
1294,a large 851 in yellow colour,851,3,yellow,large,4
1295,a medium pink number 977,977,3,pink,medium,5
1296,a brown number 682 of small size,682,3,brown,small,3
1297,a small 961 in purple colour,961,3,purple,small,4
1298,a blue number 167 of medium size,167,3,blue,medium,3
1299,a pink number 134 of large size,134,3,pink,large,3
1300,a medium green number 555,555,3,green,medium,5
1301,a medium 272 in pink colour,272,3,pink,medium,4
1302,the number 1 in green colour and medium size,1,1,green,medium,2
1303,a small green 78,78,2,green,small,1
1304,a brown number 956 of large size,956,3,brown,large,3
1305,the number 9 in brown colour and medium size,9,1,brown,medium,2
1306,a medium orange number 1,1,1,orange,medium,5
1307,a pink number 609 of medium size,609,3,pink,medium,3
1308,a medium pink 6938,6938,4,pink,medium,1
1309,a large 96 in blue colour,96,2,blue,large,4
1310,a grey number 5 of small size,5,1,grey,small,3
1311,a medium red 95,95,2,red,medium,1
1312,a medium green 716,716,3,green,medium,1
1313,a medium red number 1732,1732,4,red,medium,5
1314,a small pink number 6767,6767,4,pink,small,5
1315,a small green number 9,9,1,green,small,5
1316,a medium 987 in pink colour,987,3,pink,medium,4
1317,a large pink 592,592,3,pink,large,1
1318,a small pink 99,99,2,pink,small,1
1319,a blue number 3620 of small size,3620,4,blue,small,3
1320,a medium purple number 3173,3173,4,purple,medium,5
1321,the number 1 in yellow colour and small size,1,1,yellow,small,2
1322,the number 34 in purple colour and small size,34,2,purple,small,2
1323,an orange number 9339 of medium size,9339,4,orange,medium,3
1324,a green number 8 of large size,8,1,green,large,3
1325,a large pink number 1,1,1,pink,large,5
1326,a small purple 7209,7209,4,purple,small,1
1327,a purple number 77 of small size,77,2,purple,small,3
1328,a green number 8 of medium size,8,1,green,medium,3
1329,a large purple number 7548,7548,4,purple,large,5
1330,a large yellow 565,565,3,yellow,large,1
1331,a pink number 2142 of medium size,2142,4,pink,medium,3
1332,a small green number 7727,7727,4,green,small,5
1333,an orange number 7957 of medium size,7957,4,orange,medium,3
1334,the number 17 in pink colour and large size,17,2,pink,large,2
1335,a large 9 in grey colour,9,1,grey,large,4
1336,the number 448 in grey colour and large size,448,3,grey,large,2
1337,a pink number 4694 of large size,4694,4,pink,large,3
1338,the number 7 in red colour and medium size,7,1,red,medium,2
1339,a medium red 2,2,1,red,medium,1
1340,a large 5506 in orange colour,5506,4,orange,large,4
1341,a brown number 5616 of large size,5616,4,brown,large,3
1342,a medium 36 in brown colour,36,2,brown,medium,4
1343,a medium blue 331,331,3,blue,medium,1
1344,a small pink 713,713,3,pink,small,1
1345,the number 53 in grey colour and small size,53,2,grey,small,2
1346,the number 14 in purple colour and medium size,14,2,purple,medium,2
1347,a large brown number 445,445,3,brown,large,5
1348,a large orange number 6,6,1,orange,large,5
1349,the number 8 in blue colour and small size,8,1,blue,small,2
1350,a medium red 710,710,3,red,medium,1
1351,a small 1603 in grey colour,1603,4,grey,small,4
1352,the number 600 in red colour and small size,600,3,red,small,2
1353,a medium yellow 907,907,3,yellow,medium,1
1354,a small green 6463,6463,4,green,small,1
1355,a large 875 in orange colour,875,3,orange,large,4
1356,a large 6926 in pink colour,6926,4,pink,large,4
1357,a large blue number 37,37,2,blue,large,5
1358,a medium 41 in brown colour,41,2,brown,medium,4
1359,a large green 8196,8196,4,green,large,1
1360,a blue number 18 of small size,18,2,blue,small,3
1361,a large green number 4619,4619,4,green,large,5
1362,the number 657 in pink colour and large size,657,3,pink,large,2
1363,a large brown 6,6,1,brown,large,1
1364,a large 65 in brown colour,65,2,brown,large,4
1365,an orange number 501 of medium size,501,3,orange,medium,3
1366,a large yellow 1,1,1,yellow,large,1
1367,a small yellow number 7012,7012,4,yellow,small,5
1368,a yellow number 85 of medium size,85,2,yellow,medium,3
1369,a large blue number 1,1,1,blue,large,5
1370,a medium 86 in yellow colour,86,2,yellow,medium,4
1371,the number 4868 in pink colour and large size,4868,4,pink,large,2
1372,the number 2 in orange colour and medium size,2,1,orange,medium,2
1373,a small green 8210,8210,4,green,small,1
1374,a large purple number 239,239,3,purple,large,5
1375,a blue number 1 of small size,1,1,blue,small,3
1376,a large 5670 in orange colour,5670,4,orange,large,4
1377,a purple number 4 of large size,4,1,purple,large,3
1378,a small 9363 in purple colour,9363,4,purple,small,4
1379,a medium 49 in green colour,49,2,green,medium,4
1380,the number 9 in yellow colour and large size,9,1,yellow,large,2
1381,the number 7577 in brown colour and small size,7577,4,brown,small,2
1382,a blue number 160 of large size,160,3,blue,large,3
1383,a red number 874 of small size,874,3,red,small,3
1384,an orange number 391 of medium size,391,3,orange,medium,3
1385,a small orange number 5,5,1,orange,small,5
1386,the number 27 in purple colour and medium size,27,2,purple,medium,2
1387,a small 171 in orange colour,171,3,orange,small,4
1388,a purple number 3 of medium size,3,1,purple,medium,3
1389,the number 277 in yellow colour and medium size,277,3,yellow,medium,2
1390,a small yellow 7123,7123,4,yellow,small,1
1391,a small 19 in blue colour,19,2,blue,small,4
1392,a small orange number 3,3,1,orange,small,5
1393,a small blue number 4439,4439,4,blue,small,5
1394,a small 3 in purple colour,3,1,purple,small,4
1395,a medium purple 9032,9032,4,purple,medium,1
1396,a purple number 8394 of large size,8394,4,purple,large,3
1397,a red number 81 of medium size,81,2,red,medium,3
1398,a medium purple number 2,2,1,purple,medium,5
1399,a large 2 in yellow colour,2,1,yellow,large,4
1400,a medium 494 in grey colour,494,3,grey,medium,4
1401,a pink number 99 of large size,99,2,pink,large,3
1402,a pink number 9468 of medium size,9468,4,pink,medium,3
1403,a small brown number 7454,7454,4,brown,small,5
1404,a grey number 6800 of small size,6800,4,grey,small,3
1405,a small pink 2,2,1,pink,small,1
1406,a large 799 in brown colour,799,3,brown,large,4
1407,a small yellow 7,7,1,yellow,small,1
1408,a large 846 in red colour,846,3,red,large,4
1409,the number 318 in purple colour and medium size,318,3,purple,medium,2
1410,the number 2652 in red colour and small size,2652,4,red,small,2
1411,a small 61 in yellow colour,61,2,yellow,small,4
1412,a large grey 4,4,1,grey,large,1
1413,a yellow number 4389 of small size,4389,4,yellow,small,3
1414,a large orange number 94,94,2,orange,large,5
1415,the number 705 in grey colour and small size,705,3,grey,small,2
1416,a brown number 839 of medium size,839,3,brown,medium,3
1417,a medium grey number 4768,4768,4,grey,medium,5
1418,a small grey 50,50,2,grey,small,1
1419,the number 8 in orange colour and small size,8,1,orange,small,2
1420,the number 1234 in pink colour and small size,1234,4,pink,small,2
1421,a pink number 360 of small size,360,3,pink,small,3
1422,a medium brown 3615,3615,4,brown,medium,1
1423,the number 3 in grey colour and medium size,3,1,grey,medium,2
1424,a medium 1239 in orange colour,1239,4,orange,medium,4
1425,a small 19 in yellow colour,19,2,yellow,small,4
1426,a small blue number 2,2,1,blue,small,5
1427,the number 254 in brown colour and small size,254,3,brown,small,2
1428,the number 74 in brown colour and medium size,74,2,brown,medium,2
1429,the number 23 in brown colour and small size,23,2,brown,small,2
1430,a medium yellow 2291,2291,4,yellow,medium,1
1431,a brown number 6468 of large size,6468,4,brown,large,3
1432,a medium yellow number 365,365,3,yellow,medium,5
1433,a small grey number 5,5,1,grey,small,5
1434,a small purple number 173,173,3,purple,small,5
1435,an orange number 73 of medium size,73,2,orange,medium,3
1436,the number 742 in purple colour and medium size,742,3,purple,medium,2
1437,a pink number 9383 of medium size,9383,4,pink,medium,3
1438,a medium green 804,804,3,green,medium,1
1439,a large pink number 6736,6736,4,pink,large,5
1440,a small yellow number 3,3,1,yellow,small,5
1441,a large brown number 4,4,1,brown,large,5
1442,a small 1027 in red colour,1027,4,red,small,4
1443,a medium yellow 7,7,1,yellow,medium,1
1444,the number 18 in yellow colour and large size,18,2,yellow,large,2
1445,the number 1 in green colour and large size,1,1,green,large,2
1446,a large green number 8,8,1,green,large,5
1447,the number 76 in brown colour and medium size,76,2,brown,medium,2
1448,a green number 6281 of large size,6281,4,green,large,3
1449,a medium 283 in pink colour,283,3,pink,medium,4
1450,a large brown number 28,28,2,brown,large,5
1451,a blue number 7 of small size,7,1,blue,small,3
1452,a large yellow 83,83,2,yellow,large,1
1453,a small 194 in grey colour,194,3,grey,small,4
1454,the number 4462 in orange colour and medium size,4462,4,orange,medium,2
1455,a medium 2857 in brown colour,2857,4,brown,medium,4
1456,the number 4 in yellow colour and small size,4,1,yellow,small,2
1457,the number 16 in green colour and medium size,16,2,green,medium,2
1458,a large orange number 4,4,1,orange,large,5
1459,the number 3609 in grey colour and large size,3609,4,grey,large,2
1460,a medium 262 in orange colour,262,3,orange,medium,4
1461,a small green 30,30,2,green,small,1
1462,the number 617 in yellow colour and large size,617,3,yellow,large,2
1463,the number 450 in yellow colour and large size,450,3,yellow,large,2
1464,a large 3 in grey colour,3,1,grey,large,4
1465,a medium 58 in red colour,58,2,red,medium,4
1466,a medium grey number 869,869,3,grey,medium,5
1467,a small blue number 7,7,1,blue,small,5
1468,a grey number 18 of large size,18,2,grey,large,3
1469,a large purple 99,99,2,purple,large,1
1470,a large orange 1920,1920,4,orange,large,1
1471,a large pink 76,76,2,pink,large,1
1472,a large purple number 3,3,1,purple,large,5
1473,a small blue number 60,60,2,blue,small,5
1474,a purple number 79 of small size,79,2,purple,small,3
1475,a pink number 79 of small size,79,2,pink,small,3
1476,a yellow number 3109 of small size,3109,4,yellow,small,3
1477,the number 53 in grey colour and large size,53,2,grey,large,2
1478,a medium green number 5,5,1,green,medium,5
1479,the number 40 in pink colour and small size,40,2,pink,small,2
1480,the number 228 in blue colour and large size,228,3,blue,large,2
1481,the number 7565 in green colour and small size,7565,4,green,small,2
1482,a large red number 206,206,3,red,large,5
1483,a medium 355 in pink colour,355,3,pink,medium,4
1484,a brown number 935 of large size,935,3,brown,large,3
1485,a small grey number 2445,2445,4,grey,small,5
1486,a small red 9159,9159,4,red,small,1
1487,a medium 7 in pink colour,7,1,pink,medium,4
1488,a small purple number 8,8,1,purple,small,5
1489,the number 746 in blue colour and small size,746,3,blue,small,2
1490,a pink number 1904 of medium size,1904,4,pink,medium,3
1491,a large 58 in red colour,58,2,red,large,4
1492,a medium blue number 24,24,2,blue,medium,5
1493,a large 2470 in red colour,2470,4,red,large,4
1494,a large brown number 1,1,1,brown,large,5
1495,a small red 5444,5444,4,red,small,1
1496,a large brown number 596,596,3,brown,large,5
1497,a small 1129 in pink colour,1129,4,pink,small,4
1498,the number 2816 in green colour and medium size,2816,4,green,medium,2
1499,a small blue number 3,3,1,blue,small,5
1500,a large grey number 8539,8539,4,grey,large,5
1501,a green number 95 of medium size,95,2,green,medium,3
1502,a large pink number 587,587,3,pink,large,5
1503,a medium 7 in blue colour,7,1,blue,medium,4
1504,a small purple number 9,9,1,purple,small,5
1505,a medium pink 2,2,1,pink,medium,1
1506,a grey number 87 of small size,87,2,grey,small,3
1507,a small 88 in yellow colour,88,2,yellow,small,4
1508,a small red 3,3,1,red,small,1
1509,a medium red 5637,5637,4,red,medium,1
1510,the number 844 in orange colour and large size,844,3,orange,large,2
1511,the number 651 in yellow colour and large size,651,3,yellow,large,2
1512,a medium 232 in pink colour,232,3,pink,medium,4
1513,a large red 801,801,3,red,large,1
1514,a green number 8763 of medium size,8763,4,green,medium,3
1515,a medium 4 in pink colour,4,1,pink,medium,4
1516,a blue number 706 of large size,706,3,blue,large,3
1517,a medium orange 97,97,2,orange,medium,1
1518,a large 284 in blue colour,284,3,blue,large,4
1519,a medium yellow 78,78,2,yellow,medium,1
1520,a yellow number 2836 of medium size,2836,4,yellow,medium,3
1521,an orange number 2 of medium size,2,1,orange,medium,3
1522,the number 48 in purple colour and small size,48,2,purple,small,2
1523,a medium blue 1280,1280,4,blue,medium,1
1524,a large 817 in red colour,817,3,red,large,4
1525,a small yellow 83,83,2,yellow,small,1
1526,the number 2 in green colour and large size,2,1,green,large,2
1527,the number 3 in blue colour and large size,3,1,blue,large,2
1528,a medium brown 483,483,3,brown,medium,1
1529,a green number 858 of large size,858,3,green,large,3
1530,a grey number 28 of large size,28,2,grey,large,3
1531,a large 5 in purple colour,5,1,purple,large,4
1532,a purple number 827 of small size,827,3,purple,small,3
1533,a large 1321 in green colour,1321,4,green,large,4
1534,the number 203 in blue colour and large size,203,3,blue,large,2
1535,a small purple number 102,102,3,purple,small,5
1536,a blue number 571 of small size,571,3,blue,small,3
1537,a large yellow number 5,5,1,yellow,large,5
1538,the number 2 in grey colour and small size,2,1,grey,small,2
1539,the number 567 in pink colour and medium size,567,3,pink,medium,2
1540,a small 9 in red colour,9,1,red,small,4
1541,a medium purple 8,8,1,purple,medium,1
1542,a large pink 4,4,1,pink,large,1
1543,a blue number 73 of small size,73,2,blue,small,3
1544,a large 5 in pink colour,5,1,pink,large,4
1545,the number 5 in blue colour and large size,5,1,blue,large,2
1546,a large brown number 9564,9564,4,brown,large,5
1547,a small yellow 3,3,1,yellow,small,1
1548,a medium grey 2257,2257,4,grey,medium,1
1549,a medium 8365 in brown colour,8365,4,brown,medium,4
1550,a pink number 49 of medium size,49,2,pink,medium,3
1551,a small 396 in brown colour,396,3,brown,small,4
1552,an orange number 39 of large size,39,2,orange,large,3
1553,a small orange 65,65,2,orange,small,1
1554,a purple number 83 of small size,83,2,purple,small,3
1555,the number 424 in green colour and small size,424,3,green,small,2
1556,the number 92 in red colour and medium size,92,2,red,medium,2
1557,a medium 6807 in purple colour,6807,4,purple,medium,4
1558,a large 3182 in pink colour,3182,4,pink,large,4
1559,a red number 11 of large size,11,2,red,large,3
1560,the number 6269 in pink colour and medium size,6269,4,pink,medium,2
1561,a large 3 in orange colour,3,1,orange,large,4
1562,a brown number 4948 of small size,4948,4,brown,small,3
1563,the number 652 in yellow colour and small size,652,3,yellow,small,2
1564,a small 795 in yellow colour,795,3,yellow,small,4
1565,a large yellow 126,126,3,yellow,large,1
1566,a large red 45,45,2,red,large,1
1567,a medium yellow number 90,90,2,yellow,medium,5
1568,a large brown number 549,549,3,brown,large,5
1569,a blue number 65 of small size,65,2,blue,small,3
1570,a small pink number 8222,8222,4,pink,small,5
1571,a medium brown number 9246,9246,4,brown,medium,5
1572,a large pink 5720,5720,4,pink,large,1
1573,a small brown 2199,2199,4,brown,small,1
1574,a small 9 in purple colour,9,1,purple,small,4
1575,the number 8708 in orange colour and medium size,8708,4,orange,medium,2
1576,a brown number 5 of medium size,5,1,brown,medium,3
1577,a medium 5 in orange colour,5,1,orange,medium,4
1578,a medium 3 in blue colour,3,1,blue,medium,4
1579,a small red number 4313,4313,4,red,small,5
1580,a large purple 5,5,1,purple,large,1
1581,a medium brown number 5644,5644,4,brown,medium,5
1582,a large purple 14,14,2,purple,large,1
1583,a green number 20 of small size,20,2,green,small,3
1584,a pink number 2912 of large size,2912,4,pink,large,3
1585,a large yellow 9387,9387,4,yellow,large,1
1586,a small 69 in red colour,69,2,red,small,4
1587,a small yellow 38,38,2,yellow,small,1
1588,a large brown number 578,578,3,brown,large,5
1589,the number 70 in pink colour and medium size,70,2,pink,medium,2
1590,a small 8 in grey colour,8,1,grey,small,4
1591,a brown number 816 of small size,816,3,brown,small,3
1592,the number 2 in red colour and large size,2,1,red,large,2
1593,a large brown number 7322,7322,4,brown,large,5
1594,the number 58 in green colour and medium size,58,2,green,medium,2
1595,a small 1523 in brown colour,1523,4,brown,small,4
1596,a small purple 88,88,2,purple,small,1
1597,the number 2297 in pink colour and large size,2297,4,pink,large,2
1598,a small 28 in yellow colour,28,2,yellow,small,4
1599,a large red 99,99,2,red,large,1
1600,the number 219 in purple colour and large size,219,3,purple,large,2
1601,a grey number 8 of medium size,8,1,grey,medium,3
1602,a medium green number 9,9,1,green,medium,5
1603,a grey number 7322 of small size,7322,4,grey,small,3
1604,a medium blue number 9,9,1,blue,medium,5
1605,a small orange 786,786,3,orange,small,1
1606,a red number 546 of small size,546,3,red,small,3
1607,a medium red number 963,963,3,red,medium,5
1608,a small 22 in orange colour,22,2,orange,small,4
1609,a large purple number 761,761,3,purple,large,5
1610,a small 4 in orange colour,4,1,orange,small,4
1611,a medium 2 in yellow colour,2,1,yellow,medium,4
1612,a blue number 31 of medium size,31,2,blue,medium,3
1613,a blue number 121 of large size,121,3,blue,large,3
1614,a large 450 in brown colour,450,3,brown,large,4
1615,a red number 9721 of small size,9721,4,red,small,3
1616,a large brown number 18,18,2,brown,large,5
1617,the number 7 in grey colour and medium size,7,1,grey,medium,2
1618,a small 604 in green colour,604,3,green,small,4
1619,a small red 4,4,1,red,small,1
1620,a small 51 in red colour,51,2,red,small,4
1621,a pink number 63 of large size,63,2,pink,large,3
1622,a large purple number 994,994,3,purple,large,5
1623,a large pink 7259,7259,4,pink,large,1
1624,an orange number 24 of medium size,24,2,orange,medium,3
1625,a medium grey 1,1,1,grey,medium,1
1626,a small yellow 308,308,3,yellow,small,1
1627,a medium 4 in blue colour,4,1,blue,medium,4
1628,a small brown 149,149,3,brown,small,1
1629,a medium 670 in red colour,670,3,red,medium,4
1630,the number 882 in green colour and medium size,882,3,green,medium,2
1631,a medium grey 9,9,1,grey,medium,1
1632,a blue number 6 of small size,6,1,blue,small,3
1633,a small grey 687,687,3,grey,small,1
1634,a large red 3538,3538,4,red,large,1
1635,a medium 49 in yellow colour,49,2,yellow,medium,4
1636,the number 73 in purple colour and small size,73,2,purple,small,2
1637,a small purple 7,7,1,purple,small,1
1638,a small orange 80,80,2,orange,small,1
1639,an orange number 1 of medium size,1,1,orange,medium,3
1640,a medium 4020 in red colour,4020,4,red,medium,4
1641,a medium pink number 9007,9007,4,pink,medium,5
1642,the number 8 in blue colour and medium size,8,1,blue,medium,2
1643,a medium blue 553,553,3,blue,medium,1
1644,a medium 1022 in purple colour,1022,4,purple,medium,4
1645,a medium green 21,21,2,green,medium,1
1646,a medium 4985 in yellow colour,4985,4,yellow,medium,4
1647,a green number 1512 of large size,1512,4,green,large,3
1648,a small red number 9,9,1,red,small,5
1649,a pink number 928 of small size,928,3,pink,small,3
1650,a medium 2 in orange colour,2,1,orange,medium,4
1651,a large 849 in red colour,849,3,red,large,4
1652,a small grey 5,5,1,grey,small,1
1653,a large orange number 18,18,2,orange,large,5
1654,a medium 78 in brown colour,78,2,brown,medium,4
1655,a small yellow number 55,55,2,yellow,small,5
1656,a medium purple 82,82,2,purple,medium,1
1657,a brown number 974 of large size,974,3,brown,large,3
1658,a medium brown 86,86,2,brown,medium,1
1659,the number 9692 in red colour and small size,9692,4,red,small,2
1660,the number 1988 in blue colour and medium size,1988,4,blue,medium,2
1661,the number 90 in green colour and large size,90,2,green,large,2
1662,a green number 5 of large size,5,1,green,large,3
1663,a large 4863 in purple colour,4863,4,purple,large,4
1664,a medium yellow number 93,93,2,yellow,medium,5
1665,a brown number 6094 of small size,6094,4,brown,small,3
1666,a small 1 in brown colour,1,1,brown,small,4
1667,a medium brown 924,924,3,brown,medium,1
1668,a medium 212 in grey colour,212,3,grey,medium,4
1669,a small pink number 2,2,1,pink,small,5
1670,a large brown number 674,674,3,brown,large,5
1671,a small 6 in purple colour,6,1,purple,small,4
1672,a medium 5 in brown colour,5,1,brown,medium,4
1673,the number 6 in orange colour and small size,6,1,orange,small,2
1674,a small green number 374,374,3,green,small,5
1675,a medium 1 in pink colour,1,1,pink,medium,4
1676,a small purple number 902,902,3,purple,small,5
1677,a yellow number 5609 of small size,5609,4,yellow,small,3
1678,an orange number 557 of small size,557,3,orange,small,3
1679,a brown number 86 of medium size,86,2,brown,medium,3
1680,a medium orange 65,65,2,orange,medium,1
1681,a medium 9514 in green colour,9514,4,green,medium,4
1682,the number 9596 in orange colour and large size,9596,4,orange,large,2
1683,a large orange 44,44,2,orange,large,1
1684,the number 384 in brown colour and large size,384,3,brown,large,2
1685,a red number 4506 of large size,4506,4,red,large,3
1686,a medium 4950 in red colour,4950,4,red,medium,4
1687,a large purple number 9,9,1,purple,large,5
1688,a medium brown number 331,331,3,brown,medium,5
1689,a medium red number 218,218,3,red,medium,5
1690,a large orange number 606,606,3,orange,large,5
1691,a medium 12 in brown colour,12,2,brown,medium,4
1692,a small orange 79,79,2,orange,small,1
1693,the number 2 in pink colour and medium size,2,1,pink,medium,2
1694,a small 238 in yellow colour,238,3,yellow,small,4
1695,a small pink 41,41,2,pink,small,1
1696,a medium grey number 85,85,2,grey,medium,5
1697,a medium 918 in red colour,918,3,red,medium,4
1698,an orange number 6 of medium size,6,1,orange,medium,3
1699,a medium purple number 9,9,1,purple,medium,5
1700,the number 1113 in brown colour and small size,1113,4,brown,small,2
1701,the number 692 in red colour and small size,692,3,red,small,2
1702,a small 2 in orange colour,2,1,orange,small,4
1703,a large 151 in red colour,151,3,red,large,4
1704,a medium grey 26,26,2,grey,medium,1
1705,the number 70 in green colour and large size,70,2,green,large,2
1706,a medium 964 in pink colour,964,3,pink,medium,4
1707,a brown number 673 of medium size,673,3,brown,medium,3
1708,a blue number 7997 of large size,7997,4,blue,large,3
1709,a large orange number 1,1,1,orange,large,5
1710,a medium grey 7025,7025,4,grey,medium,1
1711,a large pink 5,5,1,pink,large,1
1712,a medium grey 435,435,3,grey,medium,1
1713,a medium 1553 in purple colour,1553,4,purple,medium,4
1714,a blue number 3 of large size,3,1,blue,large,3
1715,the number 9947 in brown colour and small size,9947,4,brown,small,2
1716,the number 5567 in pink colour and large size,5567,4,pink,large,2
1717,a large grey number 8761,8761,4,grey,large,5
1718,a medium red 39,39,2,red,medium,1
1719,a large 97 in purple colour,97,2,purple,large,4
1720,a large red 5936,5936,4,red,large,1
1721,a small 214 in blue colour,214,3,blue,small,4
1722,a small red 2,2,1,red,small,1
1723,a small 268 in purple colour,268,3,purple,small,4
1724,a small blue 755,755,3,blue,small,1
1725,the number 37 in blue colour and small size,37,2,blue,small,2
1726,the number 602 in purple colour and large size,602,3,purple,large,2
1727,a medium green number 3188,3188,4,green,medium,5
1728,a medium grey 881,881,3,grey,medium,1
1729,the number 6819 in orange colour and small size,6819,4,orange,small,2
1730,a small blue 2543,2543,4,blue,small,1
1731,a large yellow 3714,3714,4,yellow,large,1
1732,a blue number 290 of medium size,290,3,blue,medium,3
1733,a brown number 7346 of medium size,7346,4,brown,medium,3
1734,the number 417 in green colour and small size,417,3,green,small,2
1735,a large purple 598,598,3,purple,large,1
1736,the number 372 in grey colour and large size,372,3,grey,large,2
1737,a large green 286,286,3,green,large,1
1738,a medium grey number 310,310,3,grey,medium,5
1739,an orange number 6990 of small size,6990,4,orange,small,3
1740,the number 2 in grey colour and medium size,2,1,grey,medium,2
1741,the number 1 in red colour and large size,1,1,red,large,2
1742,a small red 13,13,2,red,small,1
1743,a green number 2069 of large size,2069,4,green,large,3
1744,a large 82 in blue colour,82,2,blue,large,4
1745,a purple number 1362 of medium size,1362,4,purple,medium,3
1746,a large red 819,819,3,red,large,1
1747,a large grey 288,288,3,grey,large,1
1748,the number 319 in blue colour and small size,319,3,blue,small,2
1749,an orange number 914 of medium size,914,3,orange,medium,3
1750,the number 7 in purple colour and small size,7,1,purple,small,2
1751,a small orange 2,2,1,orange,small,1
1752,a medium 64 in green colour,64,2,green,medium,4
1753,a red number 34 of small size,34,2,red,small,3
1754,the number 24 in green colour and large size,24,2,green,large,2
1755,the number 9894 in blue colour and large size,9894,4,blue,large,2
1756,the number 53 in purple colour and large size,53,2,purple,large,2
1757,a medium yellow 617,617,3,yellow,medium,1
1758,a medium 5 in yellow colour,5,1,yellow,medium,4
1759,a small brown number 22,22,2,brown,small,5
1760,a medium green 2,2,1,green,medium,1
1761,a large green number 5,5,1,green,large,5
1762,an orange number 384 of small size,384,3,orange,small,3
1763,a medium purple number 344,344,3,purple,medium,5
1764,the number 142 in yellow colour and large size,142,3,yellow,large,2
1765,a small yellow 4,4,1,yellow,small,1
1766,a large 10 in pink colour,10,2,pink,large,4
1767,a brown number 3 of medium size,3,1,brown,medium,3
1768,a pink number 12 of small size,12,2,pink,small,3
1769,a small yellow 9,9,1,yellow,small,1
1770,a small yellow number 525,525,3,yellow,small,5
1771,a medium 94 in red colour,94,2,red,medium,4
1772,a medium 464 in purple colour,464,3,purple,medium,4
1773,a large 2932 in red colour,2932,4,red,large,4
1774,the number 91 in blue colour and small size,91,2,blue,small,2
1775,a large 193 in blue colour,193,3,blue,large,4
1776,a large green 76,76,2,green,large,1
1777,a large brown number 9760,9760,4,brown,large,5
1778,a medium brown number 40,40,2,brown,medium,5
1779,a large yellow 319,319,3,yellow,large,1
1780,a medium green 19,19,2,green,medium,1
1781,the number 4 in red colour and small size,4,1,red,small,2
1782,a large red 5257,5257,4,red,large,1
1783,a small orange number 3444,3444,4,orange,small,5
1784,an orange number 448 of medium size,448,3,orange,medium,3
1785,a medium blue number 8,8,1,blue,medium,5
1786,the number 3 in purple colour and small size,3,1,purple,small,2
1787,a small 63 in yellow colour,63,2,yellow,small,4
1788,a small pink 9121,9121,4,pink,small,1
1789,a small 1736 in brown colour,1736,4,brown,small,4
1790,a large blue number 947,947,3,blue,large,5
1791,a small green 61,61,2,green,small,1
1792,the number 9589 in purple colour and medium size,9589,4,purple,medium,2
1793,a large 702 in purple colour,702,3,purple,large,4
1794,a purple number 4362 of large size,4362,4,purple,large,3
1795,a large 942 in orange colour,942,3,orange,large,4
1796,a small brown 1,1,1,brown,small,1
1797,the number 7002 in green colour and medium size,7002,4,green,medium,2
1798,a red number 5 of small size,5,1,red,small,3
1799,the number 2194 in yellow colour and small size,2194,4,yellow,small,2
1800,an orange number 3184 of small size,3184,4,orange,small,3
1801,a small 3 in red colour,3,1,red,small,4
1802,a small 20 in blue colour,20,2,blue,small,4
1803,a medium 506 in blue colour,506,3,blue,medium,4
1804,an orange number 9158 of medium size,9158,4,orange,medium,3
1805,a blue number 6798 of small size,6798,4,blue,small,3
1806,the number 727 in grey colour and small size,727,3,grey,small,2
1807,the number 754 in red colour and small size,754,3,red,small,2
1808,a grey number 6945 of medium size,6945,4,grey,medium,3
1809,a green number 28 of small size,28,2,green,small,3
1810,a medium 7209 in yellow colour,7209,4,yellow,medium,4
1811,the number 3 in orange colour and large size,3,1,orange,large,2
1812,a medium 142 in yellow colour,142,3,yellow,medium,4
1813,the number 936 in red colour and small size,936,3,red,small,2
1814,a medium orange 8513,8513,4,orange,medium,1
1815,the number 8 in pink colour and large size,8,1,pink,large,2
1816,a yellow number 579 of small size,579,3,yellow,small,3
1817,a large 695 in green colour,695,3,green,large,4
1818,a grey number 609 of medium size,609,3,grey,medium,3
1819,the number 96 in brown colour and medium size,96,2,brown,medium,2
1820,a small pink 848,848,3,pink,small,1
1821,a large red number 46,46,2,red,large,5
1822,a medium 2801 in yellow colour,2801,4,yellow,medium,4
1823,a large grey 5555,5555,4,grey,large,1
1824,a medium blue 2,2,1,blue,medium,1
1825,a small 7 in purple colour,7,1,purple,small,4
1826,the number 3212 in red colour and small size,3212,4,red,small,2
1827,a large pink number 999,999,3,pink,large,5
1828,a large 790 in red colour,790,3,red,large,4
1829,a large 3 in blue colour,3,1,blue,large,4
1830,a medium pink number 6,6,1,pink,medium,5
1831,a small orange number 89,89,2,orange,small,5
1832,a large 99 in pink colour,99,2,pink,large,4
1833,the number 29 in blue colour and small size,29,2,blue,small,2
1834,a small green 458,458,3,green,small,1
1835,a large yellow number 401,401,3,yellow,large,5
1836,a small pink 5,5,1,pink,small,1
1837,a medium pink 99,99,2,pink,medium,1
1838,the number 7 in blue colour and medium size,7,1,blue,medium,2
1839,a large yellow 5,5,1,yellow,large,1
1840,a small 28 in green colour,28,2,green,small,4
1841,a medium 36 in green colour,36,2,green,medium,4
1842,a large blue 714,714,3,blue,large,1
1843,a medium green 7,7,1,green,medium,1
1844,a large green number 6,6,1,green,large,5
1845,a small grey 62,62,2,grey,small,1
1846,a small red number 782,782,3,red,small,5
1847,a small orange 5,5,1,orange,small,1
1848,a large 34 in brown colour,34,2,brown,large,4
1849,a small green 378,378,3,green,small,1
1850,a large 983 in brown colour,983,3,brown,large,4
1851,a medium 6 in red colour,6,1,red,medium,4
1852,a medium 96 in grey colour,96,2,grey,medium,4
1853,a large 97 in red colour,97,2,red,large,4
1854,the number 94 in blue colour and large size,94,2,blue,large,2
1855,a red number 900 of medium size,900,3,red,medium,3
1856,a small grey number 75,75,2,grey,small,5
1857,an orange number 7181 of small size,7181,4,orange,small,3
1858,a medium green 927,927,3,green,medium,1
1859,a purple number 31 of medium size,31,2,purple,medium,3
1860,a blue number 713 of large size,713,3,blue,large,3
1861,a green number 1 of large size,1,1,green,large,3
1862,a yellow number 10 of small size,10,2,yellow,small,3
1863,a small red 575,575,3,red,small,1
1864,a large yellow number 1762,1762,4,yellow,large,5
1865,the number 5 in pink colour and medium size,5,1,pink,medium,2
1866,a small red 1964,1964,4,red,small,1
1867,the number 70 in yellow colour and small size,70,2,yellow,small,2
1868,the number 5 in orange colour and small size,5,1,orange,small,2
1869,the number 18 in pink colour and medium size,18,2,pink,medium,2
1870,a brown number 3433 of large size,3433,4,brown,large,3
1871,a pink number 471 of medium size,471,3,pink,medium,3
1872,a purple number 1 of medium size,1,1,purple,medium,3
1873,a medium yellow number 479,479,3,yellow,medium,5
1874,a large grey number 35,35,2,grey,large,5
1875,a red number 9 of medium size,9,1,red,medium,3
1876,a small grey number 868,868,3,grey,small,5
1877,the number 767 in grey colour and small size,767,3,grey,small,2
1878,a blue number 24 of large size,24,2,blue,large,3
1879,a medium orange 202,202,3,orange,medium,1
1880,a large grey 826,826,3,grey,large,1
1881,a large 6 in green colour,6,1,green,large,4
1882,a medium yellow 12,12,2,yellow,medium,1
1883,the number 69 in grey colour and medium size,69,2,grey,medium,2
1884,a small purple 269,269,3,purple,small,1
1885,the number 494 in brown colour and medium size,494,3,brown,medium,2
1886,a small red 8642,8642,4,red,small,1
1887,a yellow number 394 of large size,394,3,yellow,large,3
1888,the number 94 in red colour and medium size,94,2,red,medium,2
1889,a medium 14 in blue colour,14,2,blue,medium,4
1890,an orange number 6368 of large size,6368,4,orange,large,3
1891,a large yellow number 3,3,1,yellow,large,5
1892,a large 7636 in orange colour,7636,4,orange,large,4
1893,a medium green 59,59,2,green,medium,1
1894,a medium 7354 in red colour,7354,4,red,medium,4
1895,the number 77 in red colour and small size,77,2,red,small,2
1896,an orange number 5 of medium size,5,1,orange,medium,3
1897,a brown number 516 of medium size,516,3,brown,medium,3
1898,a yellow number 2 of large size,2,1,yellow,large,3
1899,a small 349 in red colour,349,3,red,small,4
1900,the number 818 in brown colour and small size,818,3,brown,small,2
1901,the number 924 in yellow colour and small size,924,3,yellow,small,2
1902,a medium brown number 95,95,2,brown,medium,5
1903,a medium pink number 8,8,1,pink,medium,5
1904,the number 81 in orange colour and large size,81,2,orange,large,2
1905,a medium 24 in blue colour,24,2,blue,medium,4
1906,a medium 47 in red colour,47,2,red,medium,4
1907,a small grey number 7,7,1,grey,small,5
1908,the number 8 in red colour and small size,8,1,red,small,2
1909,a small 2469 in purple colour,2469,4,purple,small,4
1910,a medium grey 31,31,2,grey,medium,1
1911,a small 787 in purple colour,787,3,purple,small,4
1912,a medium green number 1817,1817,4,green,medium,5
1913,a large 9264 in grey colour,9264,4,grey,large,4
1914,the number 678 in pink colour and small size,678,3,pink,small,2
1915,the number 7039 in grey colour and medium size,7039,4,grey,medium,2
1916,a medium 7 in yellow colour,7,1,yellow,medium,4
1917,a small grey 8099,8099,4,grey,small,1
1918,a purple number 8358 of large size,8358,4,purple,large,3
1919,a medium 561 in blue colour,561,3,blue,medium,4
1920,a medium pink number 283,283,3,pink,medium,5
1921,the number 4812 in pink colour and medium size,4812,4,pink,medium,2
1922,the number 6 in grey colour and medium size,6,1,grey,medium,2
1923,a brown number 931 of large size,931,3,brown,large,3
1924,a medium purple 901,901,3,purple,medium,1
1925,a large 9711 in pink colour,9711,4,pink,large,4
1926,a medium blue number 4,4,1,blue,medium,5
1927,the number 1199 in blue colour and large size,1199,4,blue,large,2
1928,a large purple number 4946,4946,4,purple,large,5
1929,the number 506 in brown colour and small size,506,3,brown,small,2
1930,a medium orange 3,3,1,orange,medium,1
1931,a medium 1 in purple colour,1,1,purple,medium,4
1932,the number 6465 in red colour and medium size,6465,4,red,medium,2
1933,a medium grey number 42,42,2,grey,medium,5
1934,a large 2488 in brown colour,2488,4,brown,large,4
1935,a small 9086 in brown colour,9086,4,brown,small,4
1936,the number 1971 in orange colour and medium size,1971,4,orange,medium,2
1937,a brown number 6388 of large size,6388,4,brown,large,3
1938,the number 5 in yellow colour and medium size,5,1,yellow,medium,2
1939,the number 42 in blue colour and large size,42,2,blue,large,2
1940,a large 8837 in pink colour,8837,4,pink,large,4
1941,a medium brown number 584,584,3,brown,medium,5
1942,a grey number 2132 of small size,2132,4,grey,small,3
1943,a small orange 378,378,3,orange,small,1
1944,the number 585 in pink colour and medium size,585,3,pink,medium,2
1945,a medium purple number 857,857,3,purple,medium,5
1946,a medium blue number 1286,1286,4,blue,medium,5
1947,a grey number 7889 of large size,7889,4,grey,large,3
1948,a small brown 7905,7905,4,brown,small,1
1949,a grey number 385 of medium size,385,3,grey,medium,3
1950,a large 384 in yellow colour,384,3,yellow,large,4
1951,the number 235 in brown colour and medium size,235,3,brown,medium,2
1952,the number 7 in grey colour and large size,7,1,grey,large,2
1953,a medium purple 2606,2606,4,purple,medium,1
1954,a medium 662 in blue colour,662,3,blue,medium,4
1955,a medium yellow 1018,1018,4,yellow,medium,1
1956,a medium 8 in brown colour,8,1,brown,medium,4
1957,a large brown number 2758,2758,4,brown,large,5
1958,a small 851 in green colour,851,3,green,small,4
1959,a medium orange number 4927,4927,4,orange,medium,5
1960,a medium red number 858,858,3,red,medium,5
1961,a large pink 73,73,2,pink,large,1
1962,a medium green number 1,1,1,green,medium,5
1963,the number 4937 in blue colour and large size,4937,4,blue,large,2
1964,a brown number 53 of small size,53,2,brown,small,3
1965,a brown number 510 of large size,510,3,brown,large,3
1966,a small red 843,843,3,red,small,1
1967,a small pink 73,73,2,pink,small,1
1968,a large green 5591,5591,4,green,large,1
1969,the number 1852 in brown colour and medium size,1852,4,brown,medium,2
1970,a medium grey number 656,656,3,grey,medium,5
1971,the number 4 in green colour and small size,4,1,green,small,2
1972,a small 1 in blue colour,1,1,blue,small,4
1973,the number 161 in blue colour and large size,161,3,blue,large,2
1974,the number 550 in blue colour and large size,550,3,blue,large,2
1975,a small grey 407,407,3,grey,small,1
1976,a small yellow number 1,1,1,yellow,small,5
1977,the number 20 in brown colour and medium size,20,2,brown,medium,2
1978,a purple number 6770 of small size,6770,4,purple,small,3
1979,an orange number 3872 of small size,3872,4,orange,small,3
1980,a blue number 509 of small size,509,3,blue,small,3
1981,a green number 74 of small size,74,2,green,small,3
1982,a medium brown 99,99,2,brown,medium,1
1983,a medium 87 in grey colour,87,2,grey,medium,4
1984,a large blue 795,795,3,blue,large,1
1985,a large 4845 in blue colour,4845,4,blue,large,4
1986,the number 297 in pink colour and large size,297,3,pink,large,2
1987,a blue number 7 of medium size,7,1,blue,medium,3
1988,a small red number 2771,2771,4,red,small,5
1989,a medium 3 in grey colour,3,1,grey,medium,4
1990,a large 21 in brown colour,21,2,brown,large,4
1991,a large grey number 431,431,3,grey,large,5
1992,a small 327 in orange colour,327,3,orange,small,4
1993,a small purple number 841,841,3,purple,small,5
1994,the number 9591 in green colour and medium size,9591,4,green,medium,2
1995,a medium red number 9,9,1,red,medium,5
1996,a small 46 in brown colour,46,2,brown,small,4
1997,a small grey number 56,56,2,grey,small,5
1998,a small pink 705,705,3,pink,small,1
1999,a medium 17 in red colour,17,2,red,medium,4
2000,a green number 6 of large size,6,1,green,large,3
2001,the number 754 in purple colour and large size,754,3,purple,large,2
2002,a large grey 145,145,3,grey,large,1
2003,a large purple 6,6,1,purple,large,1
2004,the number 4040 in blue colour and medium size,4040,4,blue,medium,2
2005,a large 759 in green colour,759,3,green,large,4
2006,the number 5 in grey colour and medium size,5,1,grey,medium,2
2007,a small yellow number 7,7,1,yellow,small,5
2008,a medium red 947,947,3,red,medium,1
2009,the number 97 in orange colour and small size,97,2,orange,small,2
2010,a large brown number 57,57,2,brown,large,5
2011,a small 25 in purple colour,25,2,purple,small,4
2012,a red number 88 of medium size,88,2,red,medium,3
2013,a red number 8930 of small size,8930,4,red,small,3
2014,a large red 4995,4995,4,red,large,1
2015,a small green number 93,93,2,green,small,5
2016,a large 346 in orange colour,346,3,orange,large,4
2017,a brown number 4 of large size,4,1,brown,large,3
2018,a purple number 305 of large size,305,3,purple,large,3
2019,a large yellow number 825,825,3,yellow,large,5
2020,a small 1 in red colour,1,1,red,small,4
2021,the number 5444 in blue colour and small size,5444,4,blue,small,2
2022,a large brown number 362,362,3,brown,large,5
2023,a small orange number 7383,7383,4,orange,small,5
2024,a large pink number 955,955,3,pink,large,5
2025,a grey number 87 of medium size,87,2,grey,medium,3
2026,the number 8454 in pink colour and large size,8454,4,pink,large,2
2027,a medium red 5486,5486,4,red,medium,1
2028,a grey number 5 of medium size,5,1,grey,medium,3
2029,a large pink number 4223,4223,4,pink,large,5
2030,a large orange number 3799,3799,4,orange,large,5
2031,a pink number 83 of small size,83,2,pink,small,3
2032,a small grey number 382,382,3,grey,small,5
2033,the number 8 in grey colour and large size,8,1,grey,large,2
2034,a large red 40,40,2,red,large,1
2035,a large blue 8852,8852,4,blue,large,1
2036,a grey number 5208 of medium size,5208,4,grey,medium,3
2037,a large red 918,918,3,red,large,1
2038,a blue number 734 of large size,734,3,blue,large,3
2039,a medium green number 2422,2422,4,green,medium,5
2040,a large 919 in grey colour,919,3,grey,large,4
2041,the number 139 in green colour and large size,139,3,green,large,2
2042,a medium yellow 90,90,2,yellow,medium,1
2043,the number 6983 in purple colour and medium size,6983,4,purple,medium,2
2044,a large 61 in red colour,61,2,red,large,4
2045,a small 985 in red colour,985,3,red,small,4
2046,the number 9452 in brown colour and small size,9452,4,brown,small,2
2047,a medium orange 915,915,3,orange,medium,1
2048,a small purple number 956,956,3,purple,small,5
2049,a large red 11,11,2,red,large,1
2050,a brown number 47 of large size,47,2,brown,large,3
2051,a medium green number 23,23,2,green,medium,5
2052,a large grey number 8377,8377,4,grey,large,5
2053,a medium 9441 in purple colour,9441,4,purple,medium,4
2054,a large purple 9244,9244,4,purple,large,1
2055,a red number 15 of small size,15,2,red,small,3
2056,a pink number 29 of large size,29,2,pink,large,3
2057,a medium pink number 2695,2695,4,pink,medium,5
2058,a green number 483 of medium size,483,3,green,medium,3
2059,a red number 199 of small size,199,3,red,small,3
2060,a large 717 in brown colour,717,3,brown,large,4
2061,a small pink 96,96,2,pink,small,1
2062,a medium 46 in yellow colour,46,2,yellow,medium,4
2063,a medium orange 5693,5693,4,orange,medium,1
2064,a medium 209 in pink colour,209,3,pink,medium,4
2065,a large brown 7,7,1,brown,large,1
2066,the number 968 in yellow colour and large size,968,3,yellow,large,2
2067,a medium 254 in pink colour,254,3,pink,medium,4
2068,a small brown 1502,1502,4,brown,small,1
2069,a small pink number 560,560,3,pink,small,5
2070,a small 46 in red colour,46,2,red,small,4
2071,a large green number 4726,4726,4,green,large,5
2072,a small 4 in red colour,4,1,red,small,4
2073,a large 4442 in green colour,4442,4,green,large,4
2074,a medium brown number 2,2,1,brown,medium,5
2075,a large 888 in brown colour,888,3,brown,large,4
2076,a large red number 897,897,3,red,large,5
2077,the number 7448 in brown colour and medium size,7448,4,brown,medium,2
2078,a grey number 580 of large size,580,3,grey,large,3
2079,a blue number 540 of large size,540,3,blue,large,3
2080,a medium yellow number 5,5,1,yellow,medium,5
2081,a large green number 88,88,2,green,large,5
2082,a large green number 43,43,2,green,large,5
2083,a medium 230 in orange colour,230,3,orange,medium,4
2084,a large blue number 3432,3432,4,blue,large,5
2085,a small orange 37,37,2,orange,small,1
2086,a large orange number 9,9,1,orange,large,5
2087,a large green 707,707,3,green,large,1
2088,a small 825 in purple colour,825,3,purple,small,4
2089,a small pink number 499,499,3,pink,small,5
2090,a medium 58 in green colour,58,2,green,medium,4
2091,the number 8051 in red colour and medium size,8051,4,red,medium,2
2092,a medium 1122 in purple colour,1122,4,purple,medium,4
2093,a large brown number 4699,4699,4,brown,large,5
2094,the number 1 in pink colour and small size,1,1,pink,small,2
2095,a large blue 3673,3673,4,blue,large,1
2096,a yellow number 1 of large size,1,1,yellow,large,3
2097,a grey number 29 of small size,29,2,grey,small,3
2098,a medium red number 2,2,1,red,medium,5
2099,a small 231 in grey colour,231,3,grey,small,4
2100,a medium 99 in purple colour,99,2,purple,medium,4
2101,a green number 3 of medium size,3,1,green,medium,3
2102,a small grey 3,3,1,grey,small,1
2103,the number 4 in purple colour and large size,4,1,purple,large,2
2104,a medium 76 in pink colour,76,2,pink,medium,4
2105,a large pink number 4,4,1,pink,large,5
2106,the number 443 in pink colour and large size,443,3,pink,large,2
2107,a small brown 3,3,1,brown,small,1
2108,the number 10 in purple colour and small size,10,2,purple,small,2
2109,a small 3 in blue colour,3,1,blue,small,4
2110,a small brown 6,6,1,brown,small,1
2111,a small pink 1419,1419,4,pink,small,1
2112,a medium orange 45,45,2,orange,medium,1
2113,a medium 6480 in yellow colour,6480,4,yellow,medium,4
2114,the number 80 in orange colour and large size,80,2,orange,large,2
2115,a pink number 729 of large size,729,3,pink,large,3
2116,a small 826 in red colour,826,3,red,small,4
2117,a small red 26,26,2,red,small,1
2118,a large 7404 in pink colour,7404,4,pink,large,4
2119,a green number 1975 of medium size,1975,4,green,medium,3
2120,the number 1751 in yellow colour and small size,1751,4,yellow,small,2
2121,the number 3914 in grey colour and large size,3914,4,grey,large,2
2122,a small 39 in yellow colour,39,2,yellow,small,4
2123,a medium red number 8,8,1,red,medium,5
2124,a small orange 301,301,3,orange,small,1
2125,a pink number 661 of large size,661,3,pink,large,3
2126,a large red number 219,219,3,red,large,5
2127,a large pink 399,399,3,pink,large,1
2128,a yellow number 866 of medium size,866,3,yellow,medium,3
2129,a small red number 801,801,3,red,small,5
2130,the number 788 in purple colour and small size,788,3,purple,small,2
2131,a small pink number 550,550,3,pink,small,5
2132,a green number 9470 of medium size,9470,4,green,medium,3
2133,the number 3944 in purple colour and small size,3944,4,purple,small,2
2134,a blue number 722 of small size,722,3,blue,small,3
2135,a small 34 in grey colour,34,2,grey,small,4
2136,a red number 79 of small size,79,2,red,small,3
2137,a medium purple 4380,4380,4,purple,medium,1
2138,the number 3 in purple colour and medium size,3,1,purple,medium,2
2139,a medium 9257 in red colour,9257,4,red,medium,4
2140,a small yellow 988,988,3,yellow,small,1
2141,a grey number 3 of medium size,3,1,grey,medium,3
2142,a medium green number 95,95,2,green,medium,5
2143,the number 471 in blue colour and medium size,471,3,blue,medium,2
2144,a small red 42,42,2,red,small,1
2145,a large purple number 5834,5834,4,purple,large,5
2146,a medium purple 633,633,3,purple,medium,1
2147,a large pink 400,400,3,pink,large,1
2148,a brown number 7434 of medium size,7434,4,brown,medium,3
2149,a medium brown 236,236,3,brown,medium,1
2150,a medium green number 21,21,2,green,medium,5
2151,a small 257 in pink colour,257,3,pink,small,4
2152,a large purple number 8439,8439,4,purple,large,5
2153,a small red 47,47,2,red,small,1
2154,a small red 94,94,2,red,small,1
2155,a small purple 80,80,2,purple,small,1
2156,a small orange number 3220,3220,4,orange,small,5
2157,a grey number 4 of large size,4,1,grey,large,3
2158,a medium 378 in grey colour,378,3,grey,medium,4
2159,a medium orange number 49,49,2,orange,medium,5
2160,a large brown 392,392,3,brown,large,1
2161,a small 4 in blue colour,4,1,blue,small,4
2162,a blue number 673 of medium size,673,3,blue,medium,3
2163,the number 6341 in purple colour and large size,6341,4,purple,large,2
2164,a green number 86 of large size,86,2,green,large,3
2165,a grey number 62 of small size,62,2,grey,small,3
2166,the number 9928 in green colour and large size,9928,4,green,large,2
2167,a brown number 1 of medium size,1,1,brown,medium,3
2168,a large yellow number 47,47,2,yellow,large,5
2169,a large blue 96,96,2,blue,large,1
2170,a large 8 in brown colour,8,1,brown,large,4
2171,a small orange 12,12,2,orange,small,1
2172,a large yellow number 90,90,2,yellow,large,5
2173,a brown number 696 of medium size,696,3,brown,medium,3
2174,a medium brown number 554,554,3,brown,medium,5
2175,the number 8 in yellow colour and large size,8,1,yellow,large,2
2176,a large brown 862,862,3,brown,large,1
2177,the number 820 in yellow colour and large size,820,3,yellow,large,2
2178,a medium orange number 27,27,2,orange,medium,5
2179,a medium orange 30,30,2,orange,medium,1
2180,a small green 7,7,1,green,small,1
2181,a medium pink number 62,62,2,pink,medium,5
2182,a large orange 8,8,1,orange,large,1
2183,an orange number 9541 of large size,9541,4,orange,large,3
2184,a red number 65 of small size,65,2,red,small,3
2185,the number 4596 in pink colour and large size,4596,4,pink,large,2
2186,a large pink 35,35,2,pink,large,1
2187,a medium yellow number 622,622,3,yellow,medium,5
2188,a small grey number 37,37,2,grey,small,5
2189,a small 22 in brown colour,22,2,brown,small,4
2190,a medium red number 1754,1754,4,red,medium,5
2191,a small pink number 1245,1245,4,pink,small,5
2192,the number 8095 in purple colour and medium size,8095,4,purple,medium,2
2193,a medium orange 35,35,2,orange,medium,1
2194,a large green number 1967,1967,4,green,large,5
2195,the number 5 in brown colour and small size,5,1,brown,small,2
2196,a large blue number 9741,9741,4,blue,large,5
2197,a medium 62 in red colour,62,2,red,medium,4
2198,a small red 2842,2842,4,red,small,1
2199,a small purple 5189,5189,4,purple,small,1
2200,a large grey 83,83,2,grey,large,1
2201,an orange number 3524 of medium size,3524,4,orange,medium,3
2202,a medium green 954,954,3,green,medium,1
2203,a small red 29,29,2,red,small,1
2204,a medium 8206 in red colour,8206,4,red,medium,4
2205,a small grey 841,841,3,grey,small,1
2206,a small purple number 86,86,2,purple,small,5
2207,a large brown number 81,81,2,brown,large,5
2208,a small 6328 in brown colour,6328,4,brown,small,4
2209,the number 361 in blue colour and small size,361,3,blue,small,2
2210,the number 8 in grey colour and medium size,8,1,grey,medium,2
2211,a medium purple number 69,69,2,purple,medium,5
2212,a large grey 3696,3696,4,grey,large,1
2213,a large brown number 1157,1157,4,brown,large,5
2214,the number 53 in purple colour and medium size,53,2,purple,medium,2
2215,a small green 369,369,3,green,small,1
2216,the number 35 in orange colour and large size,35,2,orange,large,2
2217,a medium yellow number 545,545,3,yellow,medium,5
2218,a medium purple number 77,77,2,purple,medium,5
2219,a small grey 9,9,1,grey,small,1
2220,a medium purple 9805,9805,4,purple,medium,1
2221,the number 236 in brown colour and medium size,236,3,brown,medium,2
2222,a grey number 494 of large size,494,3,grey,large,3
2223,the number 89 in yellow colour and small size,89,2,yellow,small,2
2224,a small brown number 26,26,2,brown,small,5
2225,a medium 850 in blue colour,850,3,blue,medium,4
2226,a pink number 86 of small size,86,2,pink,small,3
2227,the number 230 in red colour and large size,230,3,red,large,2
2228,a small grey 38,38,2,grey,small,1
2229,the number 27 in purple colour and small size,27,2,purple,small,2
2230,the number 8 in orange colour and medium size,8,1,orange,medium,2
2231,a large 5234 in yellow colour,5234,4,yellow,large,4
2232,a small 59 in pink colour,59,2,pink,small,4
2233,the number 3 in pink colour and small size,3,1,pink,small,2
2234,a small grey number 9036,9036,4,grey,small,5
2235,a medium green number 29,29,2,green,medium,5
2236,a pink number 7 of medium size,7,1,pink,medium,3
2237,a small 6632 in yellow colour,6632,4,yellow,small,4
2238,a large 3504 in orange colour,3504,4,orange,large,4
2239,a green number 851 of large size,851,3,green,large,3
2240,a small 6469 in grey colour,6469,4,grey,small,4
2241,a brown number 79 of medium size,79,2,brown,medium,3
2242,a pink number 4186 of large size,4186,4,pink,large,3
2243,a pink number 5 of small size,5,1,pink,small,3
2244,a small green 9767,9767,4,green,small,1
2245,a large green 696,696,3,green,large,1
2246,a yellow number 983 of medium size,983,3,yellow,medium,3
2247,a large green 354,354,3,green,large,1
2248,a small 1489 in blue colour,1489,4,blue,small,4
2249,the number 9 in red colour and large size,9,1,red,large,2
2250,a purple number 7084 of large size,7084,4,purple,large,3
2251,a medium purple number 632,632,3,purple,medium,5
2252,a large green number 966,966,3,green,large,5
2253,the number 42 in brown colour and medium size,42,2,brown,medium,2
2254,a large 282 in blue colour,282,3,blue,large,4
2255,a green number 8 of small size,8,1,green,small,3
2256,a large 270 in yellow colour,270,3,yellow,large,4
2257,a small green number 22,22,2,green,small,5
2258,a blue number 8 of medium size,8,1,blue,medium,3
2259,a grey number 35 of medium size,35,2,grey,medium,3
2260,the number 6790 in brown colour and small size,6790,4,brown,small,2
2261,a blue number 5454 of large size,5454,4,blue,large,3
2262,the number 93 in grey colour and large size,93,2,grey,large,2
2263,a small purple 3,3,1,purple,small,1
2264,a yellow number 184 of small size,184,3,yellow,small,3
2265,a blue number 23 of large size,23,2,blue,large,3
2266,a large pink 9,9,1,pink,large,1
2267,a large purple number 1332,1332,4,purple,large,5
2268,a green number 700 of large size,700,3,green,large,3
2269,a red number 4 of large size,4,1,red,large,3
2270,the number 6 in red colour and small size,6,1,red,small,2
2271,a medium green 219,219,3,green,medium,1
2272,a medium brown number 90,90,2,brown,medium,5
2273,a large 85 in green colour,85,2,green,large,4
2274,the number 76 in red colour and large size,76,2,red,large,2
2275,a medium red number 25,25,2,red,medium,5
2276,the number 653 in red colour and medium size,653,3,red,medium,2
2277,a medium purple number 4152,4152,4,purple,medium,5
2278,a large purple number 36,36,2,purple,large,5
2279,a medium grey 249,249,3,grey,medium,1
2280,a large yellow 928,928,3,yellow,large,1
2281,a small yellow 18,18,2,yellow,small,1
2282,the number 188 in pink colour and medium size,188,3,pink,medium,2
2283,the number 7150 in brown colour and large size,7150,4,brown,large,2
2284,a yellow number 5199 of large size,5199,4,yellow,large,3
2285,a yellow number 7976 of small size,7976,4,yellow,small,3
2286,a large 621 in green colour,621,3,green,large,4
2287,a small 9 in blue colour,9,1,blue,small,4
2288,a small blue 4968,4968,4,blue,small,1
2289,a large green number 4,4,1,green,large,5
2290,a medium red 8,8,1,red,medium,1
2291,a large brown 13,13,2,brown,large,1
2292,a large grey number 6611,6611,4,grey,large,5
2293,a large pink number 3,3,1,pink,large,5
2294,a large purple 7,7,1,purple,large,1
2295,a small brown number 3,3,1,brown,small,5
2296,a medium blue number 6,6,1,blue,medium,5
2297,a small brown number 2755,2755,4,brown,small,5
2298,a small grey number 42,42,2,grey,small,5
2299,a small yellow 57,57,2,yellow,small,1
2300,a medium brown number 60,60,2,brown,medium,5
2301,a brown number 707 of medium size,707,3,brown,medium,3
2302,a yellow number 3 of medium size,3,1,yellow,medium,3
2303,the number 9647 in pink colour and small size,9647,4,pink,small,2
2304,a medium 6795 in yellow colour,6795,4,yellow,medium,4
2305,the number 8706 in grey colour and small size,8706,4,grey,small,2
2306,a large purple number 5367,5367,4,purple,large,5
2307,a small purple 99,99,2,purple,small,1
2308,a yellow number 7716 of small size,7716,4,yellow,small,3
2309,a medium yellow 4740,4740,4,yellow,medium,1
2310,the number 5414 in yellow colour and medium size,5414,4,yellow,medium,2
2311,a medium 49 in red colour,49,2,red,medium,4
2312,a medium pink number 6453,6453,4,pink,medium,5
2313,the number 55 in pink colour and medium size,55,2,pink,medium,2
2314,a medium red number 15,15,2,red,medium,5
2315,a medium 5646 in red colour,5646,4,red,medium,4
2316,a large 204 in yellow colour,204,3,yellow,large,4
2317,a red number 1702 of large size,1702,4,red,large,3
2318,the number 7782 in orange colour and large size,7782,4,orange,large,2
2319,a small purple 49,49,2,purple,small,1
2320,a small 62 in blue colour,62,2,blue,small,4
2321,a small yellow number 7471,7471,4,yellow,small,5
2322,a medium brown 644,644,3,brown,medium,1
2323,a large 250 in purple colour,250,3,purple,large,4
2324,a small grey 142,142,3,grey,small,1
2325,a medium 764 in green colour,764,3,green,medium,4
2326,an orange number 204 of medium size,204,3,orange,medium,3
2327,a large 79 in green colour,79,2,green,large,4
2328,the number 8634 in purple colour and medium size,8634,4,purple,medium,2
2329,a purple number 1584 of medium size,1584,4,purple,medium,3
2330,a small pink number 711,711,3,pink,small,5
2331,a blue number 88 of medium size,88,2,blue,medium,3
2332,the number 5376 in red colour and small size,5376,4,red,small,2
2333,a green number 9 of large size,9,1,green,large,3
2334,a small 47 in yellow colour,47,2,yellow,small,4
2335,a medium brown 27,27,2,brown,medium,1
2336,the number 1102 in green colour and medium size,1102,4,green,medium,2
2337,a small 27 in red colour,27,2,red,small,4
2338,a large 62 in yellow colour,62,2,yellow,large,4
2339,a medium blue 67,67,2,blue,medium,1
2340,a small 464 in red colour,464,3,red,small,4
2341,a grey number 61 of large size,61,2,grey,large,3
2342,the number 5400 in brown colour and medium size,5400,4,brown,medium,2
2343,a medium pink number 8467,8467,4,pink,medium,5
2344,the number 97 in grey colour and small size,97,2,grey,small,2
2345,a small yellow number 673,673,3,yellow,small,5
2346,a medium red 9378,9378,4,red,medium,1
2347,the number 859 in orange colour and large size,859,3,orange,large,2
2348,a medium brown 9,9,1,brown,medium,1
2349,a large pink 2,2,1,pink,large,1
2350,a large 53 in blue colour,53,2,blue,large,4
2351,a blue number 459 of large size,459,3,blue,large,3
2352,a small grey 42,42,2,grey,small,1
2353,a large 8175 in pink colour,8175,4,pink,large,4
2354,a small green number 811,811,3,green,small,5
2355,a small orange 1676,1676,4,orange,small,1
2356,a small pink number 7,7,1,pink,small,5
2357,a large purple number 563,563,3,purple,large,5
2358,a pink number 55 of large size,55,2,pink,large,3
2359,a large blue number 295,295,3,blue,large,5
2360,the number 47 in pink colour and medium size,47,2,pink,medium,2
2361,a small 562 in orange colour,562,3,orange,small,4
2362,a large orange 9,9,1,orange,large,1
2363,a large blue number 414,414,3,blue,large,5
2364,a small red 8,8,1,red,small,1
2365,a large pink 57,57,2,pink,large,1
2366,the number 95 in grey colour and large size,95,2,grey,large,2
2367,a medium purple number 81,81,2,purple,medium,5
2368,the number 29 in purple colour and small size,29,2,purple,small,2
2369,a large 883 in orange colour,883,3,orange,large,4
2370,a large 2810 in purple colour,2810,4,purple,large,4
2371,a grey number 6 of small size,6,1,grey,small,3
2372,a small 6169 in red colour,6169,4,red,small,4
2373,a small 40 in orange colour,40,2,orange,small,4
2374,the number 4 in blue colour and medium size,4,1,blue,medium,2
2375,a small brown 16,16,2,brown,small,1
2376,a brown number 32 of small size,32,2,brown,small,3
2377,the number 7112 in brown colour and medium size,7112,4,brown,medium,2
2378,a brown number 38 of small size,38,2,brown,small,3
2379,a medium 4 in orange colour,4,1,orange,medium,4
2380,a yellow number 462 of medium size,462,3,yellow,medium,3
2381,a large grey 1008,1008,4,grey,large,1
2382,a medium yellow number 6228,6228,4,yellow,medium,5
2383,a pink number 4 of small size,4,1,pink,small,3
2384,a small green number 17,17,2,green,small,5
2385,a medium 27 in yellow colour,27,2,yellow,medium,4
2386,the number 12 in grey colour and small size,12,2,grey,small,2
2387,a small grey 8678,8678,4,grey,small,1
2388,a large purple 701,701,3,purple,large,1
2389,a small blue number 9,9,1,blue,small,5
2390,a medium orange 1412,1412,4,orange,medium,1
2391,a large 5793 in grey colour,5793,4,grey,large,4
2392,a small 6657 in orange colour,6657,4,orange,small,4
2393,a small 5032 in yellow colour,5032,4,yellow,small,4
2394,a medium 235 in red colour,235,3,red,medium,4
2395,a medium green number 6,6,1,green,medium,5
2396,a purple number 215 of large size,215,3,purple,large,3
2397,a red number 56 of large size,56,2,red,large,3
2398,the number 3377 in green colour and medium size,3377,4,green,medium,2
2399,a large blue 6523,6523,4,blue,large,1
2400,a medium green number 94,94,2,green,medium,5
2401,a medium brown 7978,7978,4,brown,medium,1
2402,a large 17 in brown colour,17,2,brown,large,4
2403,a small orange 7,7,1,orange,small,1
2404,a small orange number 535,535,3,orange,small,5
2405,a large 929 in brown colour,929,3,brown,large,4
2406,a medium purple 21,21,2,purple,medium,1
2407,the number 38 in orange colour and small size,38,2,orange,small,2
2408,a medium 435 in grey colour,435,3,grey,medium,4
2409,the number 877 in green colour and medium size,877,3,green,medium,2
2410,a small 12 in yellow colour,12,2,yellow,small,4
2411,a green number 8502 of large size,8502,4,green,large,3
2412,the number 380 in yellow colour and large size,380,3,yellow,large,2
2413,a medium yellow number 72,72,2,yellow,medium,5
2414,a large purple number 809,809,3,purple,large,5
2415,a purple number 12 of medium size,12,2,purple,medium,3
2416,a medium pink number 8024,8024,4,pink,medium,5
2417,a small green number 81,81,2,green,small,5
2418,a small pink 2945,2945,4,pink,small,1
2419,a small 2 in grey colour,2,1,grey,small,4
2420,a small 3688 in red colour,3688,4,red,small,4
2421,a medium 2 in green colour,2,1,green,medium,4
2422,a medium brown number 6013,6013,4,brown,medium,5
2423,a red number 3 of small size,3,1,red,small,3
2424,a medium green number 72,72,2,green,medium,5
2425,an orange number 8257 of small size,8257,4,orange,small,3
2426,a medium yellow number 4781,4781,4,yellow,medium,5
2427,the number 30 in yellow colour and small size,30,2,yellow,small,2
2428,a medium brown 8536,8536,4,brown,medium,1
2429,a green number 371 of large size,371,3,green,large,3
2430,a small grey number 9491,9491,4,grey,small,5
2431,a medium 799 in yellow colour,799,3,yellow,medium,4
2432,a medium brown 4582,4582,4,brown,medium,1
2433,a green number 3027 of medium size,3027,4,green,medium,3
2434,an orange number 6344 of medium size,6344,4,orange,medium,3
2435,a red number 9135 of small size,9135,4,red,small,3
2436,a small yellow 749,749,3,yellow,small,1
2437,the number 7 in pink colour and medium size,7,1,pink,medium,2
2438,a medium 837 in grey colour,837,3,grey,medium,4
2439,a blue number 38 of large size,38,2,blue,large,3
2440,a large blue 739,739,3,blue,large,1
2441,a medium grey 4708,4708,4,grey,medium,1
2442,a grey number 8418 of medium size,8418,4,grey,medium,3
2443,a brown number 805 of large size,805,3,brown,large,3
2444,a small 3424 in orange colour,3424,4,orange,small,4
2445,a red number 723 of large size,723,3,red,large,3
2446,a medium grey 195,195,3,grey,medium,1
2447,a small brown number 826,826,3,brown,small,5
2448,a brown number 22 of medium size,22,2,brown,medium,3
2449,a medium yellow number 105,105,3,yellow,medium,5
2450,a medium red 3,3,1,red,medium,1
2451,a large blue 9164,9164,4,blue,large,1
2452,the number 6 in orange colour and large size,6,1,orange,large,2
2453,the number 37 in yellow colour and small size,37,2,yellow,small,2
2454,a large 288 in yellow colour,288,3,yellow,large,4
2455,a large 1317 in brown colour,1317,4,brown,large,4
2456,a brown number 3559 of large size,3559,4,brown,large,3
2457,a small pink 3,3,1,pink,small,1
2458,the number 2973 in blue colour and medium size,2973,4,blue,medium,2
2459,a small 59 in red colour,59,2,red,small,4
2460,a small yellow number 533,533,3,yellow,small,5
2461,a large 2 in blue colour,2,1,blue,large,4
2462,the number 755 in purple colour and large size,755,3,purple,large,2
2463,a large blue 346,346,3,blue,large,1
2464,the number 7138 in grey colour and medium size,7138,4,grey,medium,2
2465,a medium brown 63,63,2,brown,medium,1
2466,a large 6 in red colour,6,1,red,large,4
2467,a medium green 68,68,2,green,medium,1
2468,a medium pink 683,683,3,pink,medium,1
2469,a grey number 712 of large size,712,3,grey,large,3
2470,a green number 99 of small size,99,2,green,small,3
2471,a small red number 2615,2615,4,red,small,5
2472,a pink number 5 of large size,5,1,pink,large,3
2473,a medium pink number 10,10,2,pink,medium,5
2474,a medium grey number 21,21,2,grey,medium,5
2475,a medium blue 9838,9838,4,blue,medium,1
2476,a small purple 977,977,3,purple,small,1
2477,an orange number 422 of small size,422,3,orange,small,3
2478,a large 6672 in green colour,6672,4,green,large,4
2479,a medium orange number 2,2,1,orange,medium,5
2480,a blue number 59 of medium size,59,2,blue,medium,3
2481,the number 7 in orange colour and small size,7,1,orange,small,2
2482,a medium brown 4391,4391,4,brown,medium,1
2483,an orange number 337 of medium size,337,3,orange,medium,3
2484,a small brown number 88,88,2,brown,small,5
2485,a large grey 1399,1399,4,grey,large,1
2486,a pink number 6792 of small size,6792,4,pink,small,3
2487,a medium pink 60,60,2,pink,medium,1
2488,a small 535 in green colour,535,3,green,small,4
2489,a small 95 in grey colour,95,2,grey,small,4
2490,a pink number 6523 of small size,6523,4,pink,small,3
2491,a small red 6132,6132,4,red,small,1
2492,a pink number 4833 of large size,4833,4,pink,large,3
2493,a large red 6063,6063,4,red,large,1
2494,the number 54 in brown colour and large size,54,2,brown,large,2
2495,a pink number 9367 of large size,9367,4,pink,large,3
2496,a red number 2185 of medium size,2185,4,red,medium,3
2497,an orange number 1378 of small size,1378,4,orange,small,3
2498,a green number 57 of medium size,57,2,green,medium,3
2499,the number 8 in pink colour and small size,8,1,pink,small,2
2500,a brown number 3 of small size,3,1,brown,small,3
2501,a green number 898 of small size,898,3,green,small,3
2502,a small green 6,6,1,green,small,1
2503,a purple number 31 of small size,31,2,purple,small,3
2504,a medium blue number 3824,3824,4,blue,medium,5
2505,a large brown 533,533,3,brown,large,1
2506,a small green number 21,21,2,green,small,5
2507,a small blue number 959,959,3,blue,small,5
2508,a medium orange 8,8,1,orange,medium,1
2509,the number 409 in green colour and medium size,409,3,green,medium,2
2510,a pink number 9 of small size,9,1,pink,small,3
2511,the number 14 in green colour and medium size,14,2,green,medium,2
2512,the number 12 in purple colour and medium size,12,2,purple,medium,2
2513,a medium grey number 2,2,1,grey,medium,5
2514,a large yellow 6,6,1,yellow,large,1
2515,a medium green number 57,57,2,green,medium,5
2516,a large 569 in grey colour,569,3,grey,large,4
2517,the number 15 in orange colour and medium size,15,2,orange,medium,2
2518,the number 2140 in pink colour and small size,2140,4,pink,small,2
2519,the number 41 in orange colour and small size,41,2,orange,small,2
2520,the number 1 in purple colour and large size,1,1,purple,large,2
2521,a small orange 6,6,1,orange,small,1
2522,the number 74 in blue colour and small size,74,2,blue,small,2
2523,a green number 241 of large size,241,3,green,large,3
2524,a blue number 7 of large size,7,1,blue,large,3
2525,a purple number 3753 of large size,3753,4,purple,large,3
2526,the number 60 in green colour and small size,60,2,green,small,2
2527,a small blue number 37,37,2,blue,small,5
2528,a small blue number 463,463,3,blue,small,5
2529,a green number 502 of large size,502,3,green,large,3
2530,a small yellow 76,76,2,yellow,small,1
2531,a purple number 8428 of medium size,8428,4,purple,medium,3
2532,a small orange 77,77,2,orange,small,1
2533,the number 99 in yellow colour and small size,99,2,yellow,small,2
2534,the number 2 in yellow colour and large size,2,1,yellow,large,2
2535,a pink number 1 of large size,1,1,pink,large,3
2536,a medium 678 in blue colour,678,3,blue,medium,4
2537,an orange number 9873 of medium size,9873,4,orange,medium,3
2538,the number 7144 in red colour and medium size,7144,4,red,medium,2
2539,a medium 350 in yellow colour,350,3,yellow,medium,4
2540,a purple number 9320 of small size,9320,4,purple,small,3
2541,a small 97 in orange colour,97,2,orange,small,4
2542,a purple number 73 of small size,73,2,purple,small,3
2543,a large yellow 13,13,2,yellow,large,1
2544,a large green 6562,6562,4,green,large,1
2545,a medium 7 in orange colour,7,1,orange,medium,4
2546,the number 2575 in blue colour and medium size,2575,4,blue,medium,2
2547,a medium 456 in green colour,456,3,green,medium,4
2548,a medium yellow number 6641,6641,4,yellow,medium,5
2549,a large 71 in green colour,71,2,green,large,4
2550,a small pink number 1078,1078,4,pink,small,5
2551,a medium orange 231,231,3,orange,medium,1
2552,a blue number 4815 of medium size,4815,4,blue,medium,3
2553,the number 764 in pink colour and small size,764,3,pink,small,2
2554,a small 7 in blue colour,7,1,blue,small,4
2555,the number 402 in grey colour and small size,402,3,grey,small,2
2556,a small green number 717,717,3,green,small,5
2557,a brown number 399 of large size,399,3,brown,large,3
2558,the number 60 in brown colour and medium size,60,2,brown,medium,2
2559,a large grey number 1751,1751,4,grey,large,5
2560,a blue number 94 of small size,94,2,blue,small,3
2561,a small brown 7479,7479,4,brown,small,1
2562,the number 9968 in green colour and large size,9968,4,green,large,2
2563,a medium purple number 626,626,3,purple,medium,5
2564,a medium brown number 30,30,2,brown,medium,5
2565,a red number 7796 of small size,7796,4,red,small,3
2566,the number 848 in red colour and small size,848,3,red,small,2
2567,a medium 8761 in orange colour,8761,4,orange,medium,4
2568,a large 75 in purple colour,75,2,purple,large,4
2569,the number 2406 in brown colour and large size,2406,4,brown,large,2
2570,a medium 511 in green colour,511,3,green,medium,4
2571,a pink number 216 of small size,216,3,pink,small,3
2572,a large 6764 in purple colour,6764,4,purple,large,4
2573,a large blue number 5,5,1,blue,large,5
2574,the number 594 in purple colour and medium size,594,3,purple,medium,2
2575,a small pink number 61,61,2,pink,small,5
2576,the number 5985 in blue colour and small size,5985,4,blue,small,2
2577,a small yellow number 8618,8618,4,yellow,small,5
2578,a medium green 9,9,1,green,medium,1
2579,the number 96 in green colour and medium size,96,2,green,medium,2
2580,a medium brown 5,5,1,brown,medium,1
2581,a medium blue 987,987,3,blue,medium,1
2582,a blue number 2430 of medium size,2430,4,blue,medium,3
2583,a large 9 in green colour,9,1,green,large,4
2584,a medium 1705 in yellow colour,1705,4,yellow,medium,4
2585,a green number 43 of large size,43,2,green,large,3
2586,a small purple number 283,283,3,purple,small,5
2587,a medium yellow number 551,551,3,yellow,medium,5
2588,a small grey number 564,564,3,grey,small,5
2589,the number 14 in purple colour and large size,14,2,purple,large,2
2590,the number 2074 in brown colour and small size,2074,4,brown,small,2
2591,the number 7962 in purple colour and large size,7962,4,purple,large,2
2592,a blue number 4 of small size,4,1,blue,small,3
2593,a large 4408 in purple colour,4408,4,purple,large,4
2594,a yellow number 4316 of medium size,4316,4,yellow,medium,3
2595,the number 952 in blue colour and small size,952,3,blue,small,2
2596,the number 6549 in grey colour and large size,6549,4,grey,large,2
2597,a small purple 58,58,2,purple,small,1
2598,a small 4 in green colour,4,1,green,small,4
2599,the number 531 in blue colour and large size,531,3,blue,large,2
2600,a medium red number 152,152,3,red,medium,5
2601,a large grey 591,591,3,grey,large,1
2602,a small yellow 8582,8582,4,yellow,small,1
2603,a small purple 77,77,2,purple,small,1
2604,a small red number 65,65,2,red,small,5
2605,a small 7100 in green colour,7100,4,green,small,4
2606,a medium pink 832,832,3,pink,medium,1
2607,a large brown number 9411,9411,4,brown,large,5
2608,a large 4 in red colour,4,1,red,large,4
2609,the number 600 in red colour and large size,600,3,red,large,2
2610,the number 2203 in grey colour and medium size,2203,4,grey,medium,2
2611,the number 88 in purple colour and large size,88,2,purple,large,2
2612,a medium 70 in pink colour,70,2,pink,medium,4
2613,a large 1567 in purple colour,1567,4,purple,large,4
2614,a yellow number 93 of large size,93,2,yellow,large,3
2615,a green number 61 of medium size,61,2,green,medium,3
2616,a large orange 3343,3343,4,orange,large,1
2617,an orange number 3318 of small size,3318,4,orange,small,3
2618,a small blue 5,5,1,blue,small,1
2619,a medium blue 503,503,3,blue,medium,1
2620,a small green 11,11,2,green,small,1
2621,a blue number 6203 of medium size,6203,4,blue,medium,3
2622,a medium purple 7,7,1,purple,medium,1
2623,a small green 483,483,3,green,small,1
2624,a small 3052 in purple colour,3052,4,purple,small,4
2625,a small green 494,494,3,green,small,1
2626,a small 49 in grey colour,49,2,grey,small,4
2627,a large yellow 966,966,3,yellow,large,1
2628,the number 88 in red colour and large size,88,2,red,large,2
2629,the number 3 in blue colour and small size,3,1,blue,small,2
2630,a purple number 5494 of large size,5494,4,purple,large,3
2631,the number 30 in blue colour and large size,30,2,blue,large,2
2632,a medium red 928,928,3,red,medium,1
2633,a medium 4 in brown colour,4,1,brown,medium,4
2634,a small 91 in pink colour,91,2,pink,small,4
2635,a large purple 693,693,3,purple,large,1
2636,the number 5655 in blue colour and small size,5655,4,blue,small,2
2637,the number 5012 in red colour and large size,5012,4,red,large,2
2638,a medium purple number 5,5,1,purple,medium,5
2639,a pink number 426 of medium size,426,3,pink,medium,3
2640,a medium 8417 in grey colour,8417,4,grey,medium,4
2641,a yellow number 86 of large size,86,2,yellow,large,3
2642,a medium brown 7,7,1,brown,medium,1
2643,a medium purple number 413,413,3,purple,medium,5
2644,the number 686 in orange colour and large size,686,3,orange,large,2
2645,a large grey 165,165,3,grey,large,1
2646,the number 1092 in blue colour and medium size,1092,4,blue,medium,2
2647,a small green 56,56,2,green,small,1
2648,a green number 2 of small size,2,1,green,small,3
2649,a large 6 in purple colour,6,1,purple,large,4
2650,the number 5 in yellow colour and small size,5,1,yellow,small,2
2651,a large red number 9,9,1,red,large,5
2652,a small 810 in blue colour,810,3,blue,small,4
2653,a small green 9111,9111,4,green,small,1
2654,a purple number 7002 of large size,7002,4,purple,large,3
2655,an orange number 6085 of small size,6085,4,orange,small,3
2656,a yellow number 4116 of small size,4116,4,yellow,small,3
2657,a large brown 67,67,2,brown,large,1
2658,a large blue 3365,3365,4,blue,large,1
2659,a small pink 5432,5432,4,pink,small,1
2660,a large 5339 in pink colour,5339,4,pink,large,4
2661,a small 604 in orange colour,604,3,orange,small,4
2662,a pink number 3666 of small size,3666,4,pink,small,3
2663,a grey number 84 of small size,84,2,grey,small,3
2664,the number 5778 in green colour and large size,5778,4,green,large,2
2665,a large yellow 3610,3610,4,yellow,large,1
2666,a brown number 75 of large size,75,2,brown,large,3
2667,the number 194 in green colour and large size,194,3,green,large,2
2668,a yellow number 8 of large size,8,1,yellow,large,3
2669,a medium brown number 9144,9144,4,brown,medium,5
2670,a medium orange number 7136,7136,4,orange,medium,5
2671,a green number 2361 of large size,2361,4,green,large,3
2672,a medium grey 8977,8977,4,grey,medium,1
2673,a large pink 413,413,3,pink,large,1
2674,a blue number 86 of large size,86,2,blue,large,3
2675,a green number 60 of large size,60,2,green,large,3
2676,a small 94 in orange colour,94,2,orange,small,4
2677,a large grey 858,858,3,grey,large,1
2678,a medium blue number 400,400,3,blue,medium,5
2679,a grey number 4129 of large size,4129,4,grey,large,3
2680,a blue number 2 of small size,2,1,blue,small,3
2681,the number 592 in brown colour and small size,592,3,brown,small,2
2682,a small 2566 in pink colour,2566,4,pink,small,4
2683,a small 77 in orange colour,77,2,orange,small,4
2684,the number 88 in purple colour and small size,88,2,purple,small,2
2685,a small green 12,12,2,green,small,1
2686,the number 9986 in red colour and medium size,9986,4,red,medium,2
2687,a medium yellow number 4989,4989,4,yellow,medium,5
2688,a medium grey 22,22,2,grey,medium,1
2689,a small green 22,22,2,green,small,1
2690,a large purple 5608,5608,4,purple,large,1
2691,a brown number 763 of medium size,763,3,brown,medium,3
2692,the number 157 in green colour and medium size,157,3,green,medium,2
2693,the number 581 in yellow colour and large size,581,3,yellow,large,2
2694,a large brown 761,761,3,brown,large,1
2695,the number 8264 in yellow colour and medium size,8264,4,yellow,medium,2
2696,a purple number 165 of medium size,165,3,purple,medium,3
2697,the number 4879 in brown colour and medium size,4879,4,brown,medium,2
2698,a small purple 4186,4186,4,purple,small,1
2699,a purple number 65 of large size,65,2,purple,large,3
2700,the number 7854 in yellow colour and small size,7854,4,yellow,small,2
2701,a large green number 80,80,2,green,large,5
2702,a medium purple number 88,88,2,purple,medium,5
2703,a medium grey 938,938,3,grey,medium,1
2704,a large 8823 in pink colour,8823,4,pink,large,4
2705,a grey number 2606 of large size,2606,4,grey,large,3
2706,the number 36 in blue colour and small size,36,2,blue,small,2
2707,the number 3963 in orange colour and large size,3963,4,orange,large,2
2708,a medium red number 5743,5743,4,red,medium,5
2709,the number 88 in pink colour and medium size,88,2,pink,medium,2
2710,a large yellow 33,33,2,yellow,large,1
2711,a green number 2184 of large size,2184,4,green,large,3
2712,the number 5 in pink colour and small size,5,1,pink,small,2
2713,a small purple 304,304,3,purple,small,1
2714,a medium pink number 520,520,3,pink,medium,5
2715,the number 4744 in green colour and medium size,4744,4,green,medium,2
2716,a large orange number 22,22,2,orange,large,5
2717,a medium 71 in blue colour,71,2,blue,medium,4
2718,a large grey 3,3,1,grey,large,1
2719,a small 1251 in orange colour,1251,4,orange,small,4
2720,a small purple number 1,1,1,purple,small,5
2721,a medium 6856 in green colour,6856,4,green,medium,4
2722,a purple number 8 of small size,8,1,purple,small,3
2723,a medium 53 in orange colour,53,2,orange,medium,4
2724,a medium purple 85,85,2,purple,medium,1
2725,a small red number 3658,3658,4,red,small,5
2726,a large 8 in grey colour,8,1,grey,large,4
2727,a large yellow number 867,867,3,yellow,large,5
2728,a pink number 1248 of medium size,1248,4,pink,medium,3
2729,the number 8003 in yellow colour and large size,8003,4,yellow,large,2
2730,a large red 5307,5307,4,red,large,1
2731,a large green 18,18,2,green,large,1
2732,a large red 1087,1087,4,red,large,1
2733,the number 959 in green colour and large size,959,3,green,large,2
2734,a small brown number 187,187,3,brown,small,5
2735,a red number 71 of small size,71,2,red,small,3
2736,a medium yellow 2,2,1,yellow,medium,1
2737,a red number 6 of medium size,6,1,red,medium,3
2738,a small 251 in grey colour,251,3,grey,small,4
2739,a medium 3860 in yellow colour,3860,4,yellow,medium,4
2740,a small grey 7099,7099,4,grey,small,1
2741,a grey number 12 of small size,12,2,grey,small,3
2742,a large 81 in grey colour,81,2,grey,large,4
2743,a small brown number 5880,5880,4,brown,small,5
2744,a small 741 in grey colour,741,3,grey,small,4
2745,a large 183 in red colour,183,3,red,large,4
2746,a medium green number 3,3,1,green,medium,5
2747,a small blue number 535,535,3,blue,small,5
2748,a medium 472 in green colour,472,3,green,medium,4
2749,the number 875 in pink colour and large size,875,3,pink,large,2
2750,a brown number 8693 of large size,8693,4,brown,large,3
2751,a small brown number 325,325,3,brown,small,5
2752,a red number 932 of medium size,932,3,red,medium,3
2753,a medium 1 in grey colour,1,1,grey,medium,4
2754,a large green 7,7,1,green,large,1
2755,a pink number 667 of large size,667,3,pink,large,3
2756,a small pink number 9612,9612,4,pink,small,5
2757,the number 526 in blue colour and small size,526,3,blue,small,2
2758,a pink number 6906 of medium size,6906,4,pink,medium,3
2759,the number 89 in red colour and small size,89,2,red,small,2
2760,a small 59 in grey colour,59,2,grey,small,4
2761,a medium red number 6881,6881,4,red,medium,5
2762,the number 25 in purple colour and small size,25,2,purple,small,2
2763,a medium grey 824,824,3,grey,medium,1
2764,a medium 9 in blue colour,9,1,blue,medium,4
2765,a large 64 in pink colour,64,2,pink,large,4
2766,a medium yellow 87,87,2,yellow,medium,1
2767,a red number 41 of medium size,41,2,red,medium,3
2768,a large red 9276,9276,4,red,large,1
2769,an orange number 798 of large size,798,3,orange,large,3
2770,a pink number 909 of medium size,909,3,pink,medium,3
2771,a small 72 in pink colour,72,2,pink,small,4
2772,a large 1150 in red colour,1150,4,red,large,4
2773,the number 94 in purple colour and large size,94,2,purple,large,2
2774,a small orange 6861,6861,4,orange,small,1
2775,a small 6873 in orange colour,6873,4,orange,small,4
2776,a medium 1429 in purple colour,1429,4,purple,medium,4
2777,a medium pink 7845,7845,4,pink,medium,1
2778,a medium brown number 91,91,2,brown,medium,5
2779,a small blue 772,772,3,blue,small,1
2780,a blue number 29 of small size,29,2,blue,small,3
2781,the number 1849 in blue colour and small size,1849,4,blue,small,2
2782,a medium red number 5991,5991,4,red,medium,5
2783,a medium green number 9380,9380,4,green,medium,5
2784,a large purple 24,24,2,purple,large,1
2785,a medium 521 in grey colour,521,3,grey,medium,4
2786,a medium pink number 3,3,1,pink,medium,5
2787,a medium red 9107,9107,4,red,medium,1
2788,a medium 8 in purple colour,8,1,purple,medium,4
2789,a medium 923 in grey colour,923,3,grey,medium,4
2790,a grey number 931 of small size,931,3,grey,small,3
2791,the number 691 in pink colour and small size,691,3,pink,small,2
2792,a large orange 6,6,1,orange,large,1
2793,a large red number 65,65,2,red,large,5
2794,a medium 271 in orange colour,271,3,orange,medium,4
2795,a blue number 35 of medium size,35,2,blue,medium,3
2796,a small 2849 in green colour,2849,4,green,small,4
2797,a large purple 87,87,2,purple,large,1
2798,a small green number 90,90,2,green,small,5
2799,an orange number 3464 of medium size,3464,4,orange,medium,3
2800,a brown number 9 of large size,9,1,brown,large,3
2801,a medium orange number 483,483,3,orange,medium,5
2802,the number 920 in green colour and large size,920,3,green,large,2
2803,the number 528 in yellow colour and medium size,528,3,yellow,medium,2
2804,a large 6 in blue colour,6,1,blue,large,4
2805,a brown number 551 of small size,551,3,brown,small,3
2806,a large red number 128,128,3,red,large,5
2807,a small 4284 in pink colour,4284,4,pink,small,4
2808,a brown number 76 of small size,76,2,brown,small,3
2809,the number 722 in yellow colour and large size,722,3,yellow,large,2
2810,a small red number 7158,7158,4,red,small,5
2811,a medium 86 in green colour,86,2,green,medium,4
2812,a blue number 3102 of large size,3102,4,blue,large,3
2813,a green number 203 of large size,203,3,green,large,3
2814,a small 972 in grey colour,972,3,grey,small,4
2815,a small 3 in yellow colour,3,1,yellow,small,4
2816,a green number 602 of small size,602,3,green,small,3
2817,a small red 78,78,2,red,small,1
2818,a small orange 8,8,1,orange,small,1
2819,a small orange number 2,2,1,orange,small,5
2820,the number 366 in grey colour and small size,366,3,grey,small,2
2821,the number 295 in pink colour and small size,295,3,pink,small,2
2822,a yellow number 254 of medium size,254,3,yellow,medium,3
2823,a yellow number 6 of large size,6,1,yellow,large,3
2824,a medium 40 in pink colour,40,2,pink,medium,4
2825,a brown number 6 of medium size,6,1,brown,medium,3
2826,a red number 9 of small size,9,1,red,small,3
2827,the number 873 in grey colour and medium size,873,3,grey,medium,2
2828,a blue number 6132 of medium size,6132,4,blue,medium,3
2829,a small 771 in brown colour,771,3,brown,small,4
2830,a blue number 3587 of small size,3587,4,blue,small,3
2831,a small grey 2,2,1,grey,small,1
2832,the number 3 in green colour and medium size,3,1,green,medium,2
2833,a red number 7960 of medium size,7960,4,red,medium,3
2834,a small 981 in orange colour,981,3,orange,small,4
2835,a purple number 2 of small size,2,1,purple,small,3
2836,a green number 6 of medium size,6,1,green,medium,3
2837,the number 6341 in yellow colour and small size,6341,4,yellow,small,2
2838,the number 9014 in pink colour and medium size,9014,4,pink,medium,2
2839,a medium green number 844,844,3,green,medium,5
2840,a large brown number 3,3,1,brown,large,5
2841,a small brown number 4,4,1,brown,small,5
2842,a large 84 in blue colour,84,2,blue,large,4
2843,a grey number 314 of small size,314,3,grey,small,3
2844,the number 15 in brown colour and large size,15,2,brown,large,2
2845,a brown number 4 of small size,4,1,brown,small,3
2846,a large green 2450,2450,4,green,large,1
2847,a grey number 293 of small size,293,3,grey,small,3
2848,a small 3627 in green colour,3627,4,green,small,4
2849,a medium blue 9175,9175,4,blue,medium,1
2850,a brown number 456 of small size,456,3,brown,small,3
2851,a medium 826 in purple colour,826,3,purple,medium,4
2852,a medium 5139 in yellow colour,5139,4,yellow,medium,4
2853,a large pink number 8,8,1,pink,large,5
2854,a pink number 60 of medium size,60,2,pink,medium,3
2855,a large grey number 1452,1452,4,grey,large,5
2856,a large green number 1855,1855,4,green,large,5
2857,a large orange 134,134,3,orange,large,1
2858,a medium 6260 in grey colour,6260,4,grey,medium,4
2859,a medium 4297 in grey colour,4297,4,grey,medium,4
2860,a large yellow number 715,715,3,yellow,large,5
2861,a grey number 4797 of small size,4797,4,grey,small,3
2862,the number 378 in brown colour and large size,378,3,brown,large,2
2863,the number 11 in red colour and large size,11,2,red,large,2
2864,a medium green number 683,683,3,green,medium,5
2865,a large purple 405,405,3,purple,large,1
2866,an orange number 930 of small size,930,3,orange,small,3
2867,the number 690 in purple colour and small size,690,3,purple,small,2
2868,a small yellow 7261,7261,4,yellow,small,1
2869,the number 78 in brown colour and small size,78,2,brown,small,2
2870,a red number 6195 of medium size,6195,4,red,medium,3
2871,a large 970 in purple colour,970,3,purple,large,4
2872,the number 55 in grey colour and large size,55,2,grey,large,2
2873,a large 8 in yellow colour,8,1,yellow,large,4
2874,an orange number 53 of medium size,53,2,orange,medium,3
2875,a small 2936 in orange colour,2936,4,orange,small,4
2876,a small blue number 107,107,3,blue,small,5
2877,a medium 5268 in grey colour,5268,4,grey,medium,4
2878,a small yellow number 4,4,1,yellow,small,5
2879,a yellow number 70 of large size,70,2,yellow,large,3
2880,a large purple 9573,9573,4,purple,large,1
2881,a pink number 2724 of large size,2724,4,pink,large,3
2882,a large yellow number 57,57,2,yellow,large,5
2883,a pink number 57 of small size,57,2,pink,small,3
2884,the number 24 in orange colour and medium size,24,2,orange,medium,2
2885,the number 4 in grey colour and large size,4,1,grey,large,2
2886,a small orange number 1173,1173,4,orange,small,5
2887,a large orange 5,5,1,orange,large,1
2888,a medium blue 15,15,2,blue,medium,1
2889,a large 9842 in orange colour,9842,4,orange,large,4
2890,a blue number 48 of large size,48,2,blue,large,3
2891,a grey number 3684 of medium size,3684,4,grey,medium,3
2892,a brown number 8504 of large size,8504,4,brown,large,3
2893,a small 878 in yellow colour,878,3,yellow,small,4
2894,a large 2 in grey colour,2,1,grey,large,4
2895,a brown number 967 of large size,967,3,brown,large,3
2896,a small orange 307,307,3,orange,small,1
2897,a medium 7125 in blue colour,7125,4,blue,medium,4
2898,a large green 601,601,3,green,large,1
2899,the number 67 in purple colour and medium size,67,2,purple,medium,2
2900,a large 2671 in purple colour,2671,4,purple,large,4
2901,a purple number 8204 of medium size,8204,4,purple,medium,3
2902,a small purple 6605,6605,4,purple,small,1
2903,the number 1 in orange colour and small size,1,1,orange,small,2
2904,a medium 5 in grey colour,5,1,grey,medium,4
2905,the number 44 in red colour and large size,44,2,red,large,2
2906,a pink number 7841 of large size,7841,4,pink,large,3
2907,a green number 247 of medium size,247,3,green,medium,3
2908,a medium blue number 3486,3486,4,blue,medium,5
2909,the number 1494 in brown colour and medium size,1494,4,brown,medium,2
2910,the number 606 in orange colour and small size,606,3,orange,small,2
2911,the number 5040 in red colour and small size,5040,4,red,small,2
2912,a medium yellow number 1,1,1,yellow,medium,5
2913,an orange number 51 of small size,51,2,orange,small,3
2914,a grey number 1128 of medium size,1128,4,grey,medium,3
2915,a medium orange 1,1,1,orange,medium,1
2916,a large 3 in purple colour,3,1,purple,large,4
2917,a large orange number 7,7,1,orange,large,5
2918,the number 66 in grey colour and large size,66,2,grey,large,2
2919,a medium brown 7113,7113,4,brown,medium,1
2920,a large 3 in brown colour,3,1,brown,large,4
2921,a large grey 36,36,2,grey,large,1
2922,a blue number 596 of small size,596,3,blue,small,3
2923,a large orange 518,518,3,orange,large,1
2924,a large orange 172,172,3,orange,large,1
2925,a blue number 22 of small size,22,2,blue,small,3
2926,a small pink number 77,77,2,pink,small,5
2927,the number 999 in orange colour and medium size,999,3,orange,medium,2
2928,a blue number 519 of small size,519,3,blue,small,3
2929,a small green 3219,3219,4,green,small,1
2930,a large 27 in yellow colour,27,2,yellow,large,4
2931,an orange number 8 of large size,8,1,orange,large,3
2932,the number 7696 in green colour and large size,7696,4,green,large,2
2933,a large 67 in red colour,67,2,red,large,4
2934,the number 7918 in blue colour and small size,7918,4,blue,small,2
2935,a medium red 74,74,2,red,medium,1
2936,the number 2366 in pink colour and medium size,2366,4,pink,medium,2
2937,a pink number 8 of medium size,8,1,pink,medium,3
2938,the number 869 in blue colour and large size,869,3,blue,large,2
2939,a small red 41,41,2,red,small,1
2940,the number 2546 in purple colour and large size,2546,4,purple,large,2
2941,a grey number 58 of large size,58,2,grey,large,3
2942,the number 3410 in blue colour and large size,3410,4,blue,large,2
2943,a large 526 in pink colour,526,3,pink,large,4
2944,a purple number 323 of medium size,323,3,purple,medium,3
2945,a medium grey 7,7,1,grey,medium,1
2946,a large 4567 in yellow colour,4567,4,yellow,large,4
2947,a small 783 in pink colour,783,3,pink,small,4
2948,the number 860 in green colour and medium size,860,3,green,medium,2
2949,a brown number 5 of small size,5,1,brown,small,3
2950,the number 8188 in yellow colour and small size,8188,4,yellow,small,2
2951,the number 6 in orange colour and medium size,6,1,orange,medium,2
2952,a large red 279,279,3,red,large,1
2953,a small blue 9908,9908,4,blue,small,1
2954,a medium blue 783,783,3,blue,medium,1
2955,a purple number 42 of small size,42,2,purple,small,3
2956,a small 566 in pink colour,566,3,pink,small,4
2957,a medium 6915 in pink colour,6915,4,pink,medium,4
2958,a small yellow 22,22,2,yellow,small,1
2959,the number 5033 in blue colour and medium size,5033,4,blue,medium,2
2960,a small 6 in yellow colour,6,1,yellow,small,4
2961,a medium 770 in orange colour,770,3,orange,medium,4
2962,a small 697 in grey colour,697,3,grey,small,4
2963,a large blue 34,34,2,blue,large,1
2964,a small 751 in brown colour,751,3,brown,small,4
2965,a large green number 411,411,3,green,large,5
2966,a large brown 8435,8435,4,brown,large,1
2967,a small brown number 1,1,1,brown,small,5
2968,an orange number 585 of large size,585,3,orange,large,3
2969,the number 63 in purple colour and medium size,63,2,purple,medium,2
2970,a medium 271 in pink colour,271,3,pink,medium,4
2971,the number 7029 in green colour and medium size,7029,4,green,medium,2
2972,a pink number 164 of large size,164,3,pink,large,3
2973,a small 41 in yellow colour,41,2,yellow,small,4
2974,a medium green number 80,80,2,green,medium,5
2975,a grey number 958 of small size,958,3,grey,small,3
2976,a medium 2 in grey colour,2,1,grey,medium,4
2977,a blue number 3 of medium size,3,1,blue,medium,3
2978,a large 319 in blue colour,319,3,blue,large,4
2979,a medium 459 in grey colour,459,3,grey,medium,4
2980,a large red 1651,1651,4,red,large,1
2981,a large brown number 2070,2070,4,brown,large,5
2982,the number 476 in orange colour and small size,476,3,orange,small,2
2983,a large 15 in yellow colour,15,2,yellow,large,4
2984,the number 740 in yellow colour and medium size,740,3,yellow,medium,2
2985,the number 201 in orange colour and medium size,201,3,orange,medium,2
2986,the number 692 in pink colour and large size,692,3,pink,large,2
2987,a medium 1783 in brown colour,1783,4,brown,medium,4
2988,a small 5459 in purple colour,5459,4,purple,small,4
2989,a large brown number 934,934,3,brown,large,5
2990,a small orange 3,3,1,orange,small,1
2991,a red number 6 of large size,6,1,red,large,3
2992,a blue number 548 of small size,548,3,blue,small,3
2993,a large green number 2815,2815,4,green,large,5
2994,a yellow number 2484 of small size,2484,4,yellow,small,3
2995,the number 612 in orange colour and medium size,612,3,orange,medium,2
2996,the number 4764 in red colour and large size,4764,4,red,large,2
2997,the number 714 in blue colour and large size,714,3,blue,large,2
2998,a medium 142 in blue colour,142,3,blue,medium,4
2999,a pink number 63 of small size,63,2,pink,small,3
3000,a small 7922 in purple colour,7922,4,purple,small,4
3001,the number 1499 in yellow colour and large size,1499,4,yellow,large,2
3002,the number 630 in green colour and small size,630,3,green,small,2
3003,the number 631 in pink colour and medium size,631,3,pink,medium,2
3004,the number 7963 in grey colour and medium size,7963,4,grey,medium,2
3005,a medium purple number 3417,3417,4,purple,medium,5
3006,the number 5 in purple colour and medium size,5,1,purple,medium,2
3007,a small purple number 6,6,1,purple,small,5
3008,a large blue number 93,93,2,blue,large,5
3009,a medium yellow 208,208,3,yellow,medium,1
3010,a small 5 in purple colour,5,1,purple,small,4
3011,the number 325 in blue colour and medium size,325,3,blue,medium,2
3012,a large brown number 5246,5246,4,brown,large,5
3013,the number 185 in purple colour and small size,185,3,purple,small,2
3014,an orange number 6655 of medium size,6655,4,orange,medium,3
3015,a small orange number 391,391,3,orange,small,5
3016,a medium 120 in orange colour,120,3,orange,medium,4
3017,a medium orange 106,106,3,orange,medium,1
3018,a medium 153 in brown colour,153,3,brown,medium,4
3019,the number 994 in purple colour and medium size,994,3,purple,medium,2
3020,the number 89 in red colour and large size,89,2,red,large,2
3021,a large blue 88,88,2,blue,large,1
3022,a large 50 in brown colour,50,2,brown,large,4
3023,the number 5 in brown colour and large size,5,1,brown,large,2
3024,the number 866 in orange colour and medium size,866,3,orange,medium,2
3025,a large purple 56,56,2,purple,large,1
3026,a large pink 40,40,2,pink,large,1
3027,an orange number 4 of medium size,4,1,orange,medium,3
3028,a medium 2175 in purple colour,2175,4,purple,medium,4
3029,a medium 1451 in blue colour,1451,4,blue,medium,4
3030,the number 5 in orange colour and medium size,5,1,orange,medium,2
3031,a large pink 90,90,2,pink,large,1
3032,an orange number 2 of small size,2,1,orange,small,3
3033,a pink number 6 of medium size,6,1,pink,medium,3
3034,a grey number 5153 of medium size,5153,4,grey,medium,3
3035,a purple number 5078 of large size,5078,4,purple,large,3
3036,a small green number 378,378,3,green,small,5
3037,a blue number 3618 of medium size,3618,4,blue,medium,3
3038,a small grey 723,723,3,grey,small,1
3039,a large 783 in purple colour,783,3,purple,large,4
3040,the number 6042 in yellow colour and large size,6042,4,yellow,large,2
3041,a small 4109 in brown colour,4109,4,brown,small,4
3042,an orange number 5742 of large size,5742,4,orange,large,3
3043,a medium red number 3,3,1,red,medium,5
3044,a blue number 325 of medium size,325,3,blue,medium,3
3045,a large 5185 in brown colour,5185,4,brown,large,4
3046,a red number 9 of large size,9,1,red,large,3
3047,a grey number 67 of small size,67,2,grey,small,3
3048,a small 1485 in brown colour,1485,4,brown,small,4
3049,a large purple number 5730,5730,4,purple,large,5
3050,the number 10 in red colour and medium size,10,2,red,medium,2
3051,a medium purple number 770,770,3,purple,medium,5
3052,the number 4548 in blue colour and small size,4548,4,blue,small,2
3053,a large yellow 8,8,1,yellow,large,1
3054,the number 3566 in green colour and large size,3566,4,green,large,2
3055,a large orange 7,7,1,orange,large,1
3056,a large blue number 292,292,3,blue,large,5
3057,a small 721 in red colour,721,3,red,small,4
3058,a small grey number 831,831,3,grey,small,5
3059,a medium blue 336,336,3,blue,medium,1
3060,a large blue 8908,8908,4,blue,large,1
3061,the number 615 in orange colour and small size,615,3,orange,small,2
3062,a large grey 24,24,2,grey,large,1
3063,a medium purple 525,525,3,purple,medium,1
3064,a red number 237 of large size,237,3,red,large,3
3065,the number 463 in green colour and medium size,463,3,green,medium,2
3066,a large 670 in green colour,670,3,green,large,4
3067,a medium 776 in pink colour,776,3,pink,medium,4
3068,a medium blue number 4892,4892,4,blue,medium,5
3069,a large 676 in blue colour,676,3,blue,large,4
3070,a small yellow number 8430,8430,4,yellow,small,5
3071,the number 71 in grey colour and small size,71,2,grey,small,2
3072,the number 26 in red colour and large size,26,2,red,large,2
3073,a small red 27,27,2,red,small,1
3074,the number 132 in pink colour and large size,132,3,pink,large,2
3075,a large blue number 71,71,2,blue,large,5
3076,the number 7908 in yellow colour and medium size,7908,4,yellow,medium,2
3077,a green number 292 of large size,292,3,green,large,3
3078,a small 8824 in grey colour,8824,4,grey,small,4
3079,the number 5 in green colour and small size,5,1,green,small,2
3080,the number 920 in orange colour and small size,920,3,orange,small,2
3081,a large pink 181,181,3,pink,large,1
3082,a medium pink 44,44,2,pink,medium,1
3083,the number 5774 in purple colour and small size,5774,4,purple,small,2
3084,a small green 553,553,3,green,small,1
3085,a red number 9618 of small size,9618,4,red,small,3
3086,a brown number 35 of large size,35,2,brown,large,3
3087,the number 9 in red colour and medium size,9,1,red,medium,2
3088,a blue number 6505 of medium size,6505,4,blue,medium,3
3089,a small yellow number 81,81,2,yellow,small,5
3090,a medium pink number 37,37,2,pink,medium,5
3091,a small 68 in yellow colour,68,2,yellow,small,4
3092,a brown number 1836 of large size,1836,4,brown,large,3
3093,a medium red 4514,4514,4,red,medium,1
3094,a medium orange 9821,9821,4,orange,medium,1
3095,the number 917 in blue colour and large size,917,3,blue,large,2
3096,a small yellow 4103,4103,4,yellow,small,1
3097,a medium brown 557,557,3,brown,medium,1
3098,a large 5740 in purple colour,5740,4,purple,large,4
3099,a large blue number 32,32,2,blue,large,5
3100,a medium pink number 2,2,1,pink,medium,5
3101,a small yellow 15,15,2,yellow,small,1
3102,a medium orange 2703,2703,4,orange,medium,1
3103,the number 18 in pink colour and large size,18,2,pink,large,2
3104,the number 6 in pink colour and large size,6,1,pink,large,2
3105,a large brown 508,508,3,brown,large,1
3106,an orange number 461 of medium size,461,3,orange,medium,3
3107,the number 74 in blue colour and large size,74,2,blue,large,2
3108,a medium yellow number 348,348,3,yellow,medium,5
3109,the number 7284 in green colour and large size,7284,4,green,large,2
3110,the number 92 in purple colour and small size,92,2,purple,small,2
3111,the number 173 in red colour and large size,173,3,red,large,2
3112,a small green 8,8,1,green,small,1
3113,a medium 635 in blue colour,635,3,blue,medium,4
3114,the number 783 in brown colour and large size,783,3,brown,large,2
3115,a medium blue number 673,673,3,blue,medium,5
3116,a medium blue number 588,588,3,blue,medium,5
3117,a small purple number 66,66,2,purple,small,5
3118,a small 49 in green colour,49,2,green,small,4
3119,a large pink number 6,6,1,pink,large,5
3120,the number 4 in pink colour and small size,4,1,pink,small,2
3121,a medium brown number 892,892,3,brown,medium,5
3122,a brown number 77 of medium size,77,2,brown,medium,3
3123,a pink number 5222 of small size,5222,4,pink,small,3
3124,a small grey number 168,168,3,grey,small,5
3125,a large brown 8813,8813,4,brown,large,1
3126,a large grey number 113,113,3,grey,large,5
3127,a small 673 in grey colour,673,3,grey,small,4
3128,a purple number 3870 of large size,3870,4,purple,large,3
3129,a green number 5 of small size,5,1,green,small,3
3130,the number 551 in orange colour and medium size,551,3,orange,medium,2
3131,a small red 9930,9930,4,red,small,1
3132,a small pink number 8816,8816,4,pink,small,5
3133,a small red 9,9,1,red,small,1
3134,a large grey number 9,9,1,grey,large,5
3135,a medium brown number 53,53,2,brown,medium,5
3136,a yellow number 67 of large size,67,2,yellow,large,3
3137,a large grey 99,99,2,grey,large,1
3138,a large 6468 in orange colour,6468,4,orange,large,4
3139,the number 412 in red colour and small size,412,3,red,small,2
3140,a large purple number 50,50,2,purple,large,5
3141,an orange number 6085 of large size,6085,4,orange,large,3
3142,a small brown 2580,2580,4,brown,small,1
3143,a purple number 5034 of medium size,5034,4,purple,medium,3
3144,a medium orange 5,5,1,orange,medium,1
3145,the number 763 in grey colour and small size,763,3,grey,small,2
3146,a medium red number 2712,2712,4,red,medium,5
3147,the number 97 in yellow colour and medium size,97,2,yellow,medium,2
3148,a large 138 in grey colour,138,3,grey,large,4
3149,a large orange number 126,126,3,orange,large,5
3150,a medium pink 771,771,3,pink,medium,1
3151,a medium red number 55,55,2,red,medium,5
3152,a small grey 30,30,2,grey,small,1
3153,a red number 211 of large size,211,3,red,large,3
3154,the number 9 in pink colour and small size,9,1,pink,small,2
3155,a large grey number 7401,7401,4,grey,large,5
3156,a large pink 17,17,2,pink,large,1
3157,a medium yellow number 9520,9520,4,yellow,medium,5
3158,the number 8498 in blue colour and large size,8498,4,blue,large,2
3159,a large pink number 2917,2917,4,pink,large,5
3160,a medium red number 51,51,2,red,medium,5
3161,a small yellow number 8029,8029,4,yellow,small,5
3162,a medium 7374 in brown colour,7374,4,brown,medium,4
3163,the number 9740 in purple colour and medium size,9740,4,purple,medium,2
3164,a small 12 in brown colour,12,2,brown,small,4
3165,an orange number 4457 of medium size,4457,4,orange,medium,3
3166,a pink number 7188 of medium size,7188,4,pink,medium,3
3167,a medium 106 in brown colour,106,3,brown,medium,4
3168,a large 8317 in grey colour,8317,4,grey,large,4
3169,a small pink 23,23,2,pink,small,1
3170,a yellow number 95 of medium size,95,2,yellow,medium,3
3171,a medium purple 7560,7560,4,purple,medium,1
3172,a medium purple number 39,39,2,purple,medium,5
3173,a large grey 21,21,2,grey,large,1
3174,a medium 362 in blue colour,362,3,blue,medium,4
3175,a small purple 148,148,3,purple,small,1
3176,a large brown number 6174,6174,4,brown,large,5
3177,a blue number 495 of small size,495,3,blue,small,3
3178,a large pink number 8390,8390,4,pink,large,5
3179,the number 680 in brown colour and medium size,680,3,brown,medium,2
3180,a small 6 in grey colour,6,1,grey,small,4
3181,a medium 32 in grey colour,32,2,grey,medium,4
3182,a red number 22 of medium size,22,2,red,medium,3
3183,a large orange number 5076,5076,4,orange,large,5
3184,the number 277 in brown colour and large size,277,3,brown,large,2
3185,a large orange number 9379,9379,4,orange,large,5
3186,a small 3272 in purple colour,3272,4,purple,small,4
3187,a small 264 in grey colour,264,3,grey,small,4
3188,a large green 369,369,3,green,large,1
3189,a medium 57 in brown colour,57,2,brown,medium,4
3190,a yellow number 475 of small size,475,3,yellow,small,3
3191,the number 888 in yellow colour and medium size,888,3,yellow,medium,2
3192,the number 149 in red colour and small size,149,3,red,small,2
3193,a pink number 7 of small size,7,1,pink,small,3
3194,a blue number 167 of small size,167,3,blue,small,3
3195,a medium blue 5919,5919,4,blue,medium,1
3196,a small red 340,340,3,red,small,1
3197,a small orange 98,98,2,orange,small,1
3198,a small purple number 6831,6831,4,purple,small,5
3199,a medium purple 519,519,3,purple,medium,1
3200,a medium orange 1265,1265,4,orange,medium,1
3201,the number 377 in yellow colour and medium size,377,3,yellow,medium,2
3202,a medium purple 40,40,2,purple,medium,1
3203,the number 864 in pink colour and small size,864,3,pink,small,2
3204,a small yellow number 46,46,2,yellow,small,5
3205,a small yellow 6,6,1,yellow,small,1
3206,a medium blue 137,137,3,blue,medium,1
3207,a brown number 69 of large size,69,2,brown,large,3
3208,the number 7 in brown colour and medium size,7,1,brown,medium,2
3209,a medium 8184 in grey colour,8184,4,grey,medium,4
3210,a small 427 in pink colour,427,3,pink,small,4
3211,a medium 1967 in red colour,1967,4,red,medium,4
3212,a small green 5,5,1,green,small,1
3213,a small orange number 1310,1310,4,orange,small,5
3214,a blue number 30 of medium size,30,2,blue,medium,3
3215,a blue number 980 of large size,980,3,blue,large,3
3216,a small 8622 in red colour,8622,4,red,small,4
3217,a yellow number 41 of large size,41,2,yellow,large,3
3218,a small yellow number 981,981,3,yellow,small,5
3219,a medium purple 2813,2813,4,purple,medium,1
3220,a medium orange 5991,5991,4,orange,medium,1
3221,a small 97 in red colour,97,2,red,small,4
3222,a medium red number 44,44,2,red,medium,5
3223,a red number 28 of small size,28,2,red,small,3
3224,a small red 7910,7910,4,red,small,1
3225,a brown number 6556 of small size,6556,4,brown,small,3
3226,a medium 507 in red colour,507,3,red,medium,4
3227,a small yellow number 1489,1489,4,yellow,small,5
3228,a small grey number 74,74,2,grey,small,5
3229,a large blue 417,417,3,blue,large,1
3230,a large grey number 456,456,3,grey,large,5
3231,the number 2 in purple colour and small size,2,1,purple,small,2
3232,the number 5 in pink colour and large size,5,1,pink,large,2
3233,a large purple 838,838,3,purple,large,1
3234,a large blue number 4,4,1,blue,large,5
3235,a purple number 2354 of small size,2354,4,purple,small,3
3236,a large orange number 24,24,2,orange,large,5
3237,a small blue number 4579,4579,4,blue,small,5
3238,a large 9552 in yellow colour,9552,4,yellow,large,4
3239,a large green 562,562,3,green,large,1
3240,a purple number 2311 of large size,2311,4,purple,large,3
3241,a small orange 6347,6347,4,orange,small,1
3242,a medium 58 in grey colour,58,2,grey,medium,4
3243,a medium purple 2239,2239,4,purple,medium,1
3244,a green number 535 of large size,535,3,green,large,3
3245,a green number 52 of large size,52,2,green,large,3
3246,a blue number 95 of small size,95,2,blue,small,3
3247,a small 437 in pink colour,437,3,pink,small,4
3248,a medium 727 in brown colour,727,3,brown,medium,4
3249,a medium orange number 1423,1423,4,orange,medium,5
3250,a medium blue 302,302,3,blue,medium,1
3251,the number 2186 in pink colour and small size,2186,4,pink,small,2
3252,the number 402 in green colour and large size,402,3,green,large,2
3253,a large grey 7034,7034,4,grey,large,1
3254,a medium grey 8165,8165,4,grey,medium,1
3255,a brown number 448 of small size,448,3,brown,small,3
3256,a medium purple number 7872,7872,4,purple,medium,5
3257,a small green number 85,85,2,green,small,5
3258,a blue number 23 of medium size,23,2,blue,medium,3
3259,the number 8454 in red colour and small size,8454,4,red,small,2
3260,the number 82 in green colour and medium size,82,2,green,medium,2
3261,a large blue 4148,4148,4,blue,large,1
3262,a purple number 84 of small size,84,2,purple,small,3
3263,a large blue 83,83,2,blue,large,1
3264,a green number 45 of small size,45,2,green,small,3
3265,a small 40 in grey colour,40,2,grey,small,4
3266,a large 4236 in orange colour,4236,4,orange,large,4
3267,a medium 49 in pink colour,49,2,pink,medium,4
3268,a large blue 4,4,1,blue,large,1
3269,a large 3316 in red colour,3316,4,red,large,4
3270,the number 9855 in yellow colour and medium size,9855,4,yellow,medium,2
3271,a yellow number 437 of large size,437,3,yellow,large,3
3272,the number 536 in orange colour and large size,536,3,orange,large,2
3273,a medium grey number 9,9,1,grey,medium,5
3274,a yellow number 131 of large size,131,3,yellow,large,3
3275,the number 872 in pink colour and large size,872,3,pink,large,2
3276,a large red 9456,9456,4,red,large,1
3277,the number 7912 in pink colour and small size,7912,4,pink,small,2
3278,the number 5859 in pink colour and large size,5859,4,pink,large,2
3279,a small 5 in blue colour,5,1,blue,small,4
3280,a medium 75 in purple colour,75,2,purple,medium,4
3281,the number 940 in pink colour and small size,940,3,pink,small,2
3282,a medium 311 in purple colour,311,3,purple,medium,4
3283,a small 70 in grey colour,70,2,grey,small,4
3284,a small grey 46,46,2,grey,small,1
3285,a small 325 in yellow colour,325,3,yellow,small,4
3286,the number 7 in pink colour and large size,7,1,pink,large,2
3287,a small purple number 56,56,2,purple,small,5
3288,a small 679 in purple colour,679,3,purple,small,4
3289,the number 2436 in grey colour and large size,2436,4,grey,large,2
3290,the number 22 in orange colour and small size,22,2,orange,small,2
3291,a medium red number 7900,7900,4,red,medium,5
3292,a small pink number 3189,3189,4,pink,small,5
3293,a medium purple number 65,65,2,purple,medium,5
3294,a purple number 390 of medium size,390,3,purple,medium,3
3295,a large 9168 in orange colour,9168,4,orange,large,4
3296,a large yellow 55,55,2,yellow,large,1
3297,a yellow number 1571 of large size,1571,4,yellow,large,3
3298,the number 232 in blue colour and medium size,232,3,blue,medium,2
3299,a small red 20,20,2,red,small,1
3300,a medium 19 in yellow colour,19,2,yellow,medium,4
3301,the number 39 in yellow colour and medium size,39,2,yellow,medium,2
3302,a small 5924 in purple colour,5924,4,purple,small,4
3303,a medium red number 97,97,2,red,medium,5
3304,a green number 2 of medium size,2,1,green,medium,3
3305,the number 24 in blue colour and large size,24,2,blue,large,2
3306,a large 794 in pink colour,794,3,pink,large,4
3307,a small orange number 435,435,3,orange,small,5
3308,a blue number 25 of large size,25,2,blue,large,3
3309,an orange number 4946 of medium size,4946,4,orange,medium,3
3310,a large orange number 2627,2627,4,orange,large,5
3311,a large red 671,671,3,red,large,1
3312,a large grey 2,2,1,grey,large,1
3313,the number 701 in grey colour and small size,701,3,grey,small,2
3314,a medium yellow number 83,83,2,yellow,medium,5
3315,a small 6440 in purple colour,6440,4,purple,small,4
3316,a large orange 243,243,3,orange,large,1
3317,the number 7516 in purple colour and large size,7516,4,purple,large,2
3318,a medium yellow number 58,58,2,yellow,medium,5
3319,a medium green 49,49,2,green,medium,1
3320,a medium 5827 in grey colour,5827,4,grey,medium,4
3321,a small red 872,872,3,red,small,1
3322,a medium brown number 46,46,2,brown,medium,5
3323,the number 375 in purple colour and small size,375,3,purple,small,2
3324,a small 6774 in green colour,6774,4,green,small,4
3325,a large brown 3,3,1,brown,large,1
3326,a grey number 5586 of small size,5586,4,grey,small,3
3327,the number 67 in purple colour and small size,67,2,purple,small,2
3328,a large 4666 in blue colour,4666,4,blue,large,4
3329,a medium grey number 214,214,3,grey,medium,5
3330,a large grey number 3408,3408,4,grey,large,5
3331,a medium 785 in pink colour,785,3,pink,medium,4
3332,a large blue 9900,9900,4,blue,large,1
3333,a brown number 1904 of large size,1904,4,brown,large,3
3334,a medium 221 in red colour,221,3,red,medium,4
3335,a small blue 51,51,2,blue,small,1
3336,a small 617 in red colour,617,3,red,small,4
3337,a medium green 65,65,2,green,medium,1
3338,an orange number 140 of small size,140,3,orange,small,3
3339,a large 486 in purple colour,486,3,purple,large,4
3340,a large 6 in orange colour,6,1,orange,large,4
3341,a medium blue number 918,918,3,blue,medium,5
3342,the number 91 in green colour and large size,91,2,green,large,2
3343,a large purple number 627,627,3,purple,large,5
3344,a small 8883 in pink colour,8883,4,pink,small,4
3345,a large green number 8176,8176,4,green,large,5
3346,a medium 697 in brown colour,697,3,brown,medium,4
3347,a purple number 88 of small size,88,2,purple,small,3
3348,a small red 25,25,2,red,small,1
3349,a medium orange 7,7,1,orange,medium,1
3350,the number 8922 in grey colour and medium size,8922,4,grey,medium,2
3351,a medium red 5781,5781,4,red,medium,1
3352,the number 73 in grey colour and small size,73,2,grey,small,2
3353,a large orange 79,79,2,orange,large,1
3354,a small brown 3090,3090,4,brown,small,1
3355,a large red 108,108,3,red,large,1
3356,the number 318 in green colour and small size,318,3,green,small,2
3357,a small pink 32,32,2,pink,small,1
3358,the number 671 in purple colour and large size,671,3,purple,large,2
3359,the number 805 in pink colour and small size,805,3,pink,small,2
3360,the number 2986 in blue colour and medium size,2986,4,blue,medium,2
3361,a large purple number 2497,2497,4,purple,large,5
3362,a small yellow number 2980,2980,4,yellow,small,5
3363,a small 1 in purple colour,1,1,purple,small,4
3364,a medium pink 9164,9164,4,pink,medium,1
3365,a medium 363 in green colour,363,3,green,medium,4
3366,a large 8719 in grey colour,8719,4,grey,large,4
3367,a small purple number 145,145,3,purple,small,5
3368,the number 9 in green colour and medium size,9,1,green,medium,2
3369,a yellow number 9405 of medium size,9405,4,yellow,medium,3
3370,a large pink 6,6,1,pink,large,1
3371,a large yellow 87,87,2,yellow,large,1
3372,a small brown number 62,62,2,brown,small,5
3373,a medium 57 in grey colour,57,2,grey,medium,4
3374,a brown number 41 of medium size,41,2,brown,medium,3
3375,the number 570 in purple colour and small size,570,3,purple,small,2
3376,a small 31 in grey colour,31,2,grey,small,4
3377,a large blue number 7436,7436,4,blue,large,5
3378,the number 51 in orange colour and large size,51,2,orange,large,2
3379,a green number 776 of large size,776,3,green,large,3
3380,a medium grey number 193,193,3,grey,medium,5
3381,a purple number 417 of medium size,417,3,purple,medium,3
3382,a large yellow 9089,9089,4,yellow,large,1
3383,the number 5162 in yellow colour and small size,5162,4,yellow,small,2
3384,a purple number 6 of medium size,6,1,purple,medium,3
3385,the number 34 in green colour and large size,34,2,green,large,2
3386,the number 289 in brown colour and medium size,289,3,brown,medium,2
3387,a large green 8633,8633,4,green,large,1
3388,a medium orange 99,99,2,orange,medium,1
3389,a medium orange 1500,1500,4,orange,medium,1
3390,a large orange 10,10,2,orange,large,1
3391,a blue number 438 of small size,438,3,blue,small,3
3392,a large red 355,355,3,red,large,1
3393,a medium pink 3,3,1,pink,medium,1
3394,a large 5746 in pink colour,5746,4,pink,large,4
3395,a brown number 98 of small size,98,2,brown,small,3
3396,the number 64 in orange colour and medium size,64,2,orange,medium,2
3397,the number 57 in blue colour and large size,57,2,blue,large,2
3398,a small 52 in blue colour,52,2,blue,small,4
3399,a medium purple 4,4,1,purple,medium,1
3400,a small 8535 in purple colour,8535,4,purple,small,4
3401,the number 6843 in grey colour and small size,6843,4,grey,small,2
3402,a medium orange number 4728,4728,4,orange,medium,5
3403,a large 14 in grey colour,14,2,grey,large,4
3404,a large purple 85,85,2,purple,large,1
3405,a medium grey 64,64,2,grey,medium,1
3406,a red number 82 of medium size,82,2,red,medium,3
3407,a small purple number 1306,1306,4,purple,small,5
3408,a medium 47 in pink colour,47,2,pink,medium,4
3409,a small orange 879,879,3,orange,small,1
3410,a small 3 in green colour,3,1,green,small,4
3411,a medium red number 623,623,3,red,medium,5
3412,a yellow number 634 of small size,634,3,yellow,small,3
3413,a red number 832 of large size,832,3,red,large,3
3414,a medium 412 in grey colour,412,3,grey,medium,4
3415,a pink number 957 of medium size,957,3,pink,medium,3
3416,the number 2 in blue colour and large size,2,1,blue,large,2
3417,a brown number 120 of large size,120,3,brown,large,3
3418,a medium brown 480,480,3,brown,medium,1
3419,a blue number 7241 of small size,7241,4,blue,small,3
3420,a red number 643 of small size,643,3,red,small,3
3421,a small blue 8942,8942,4,blue,small,1
3422,a large 70 in brown colour,70,2,brown,large,4
3423,a small blue 42,42,2,blue,small,1
3424,a small yellow number 679,679,3,yellow,small,5
3425,a large blue number 19,19,2,blue,large,5
3426,a large pink 123,123,3,pink,large,1
3427,a medium grey number 38,38,2,grey,medium,5
3428,the number 1336 in orange colour and small size,1336,4,orange,small,2
3429,a medium brown number 96,96,2,brown,medium,5
3430,a large brown number 42,42,2,brown,large,5
3431,the number 3 in pink colour and large size,3,1,pink,large,2
3432,the number 53 in brown colour and large size,53,2,brown,large,2
3433,a blue number 452 of small size,452,3,blue,small,3
3434,a large green 71,71,2,green,large,1
3435,a large 1126 in brown colour,1126,4,brown,large,4
3436,a large yellow number 1,1,1,yellow,large,5
3437,a small orange number 1835,1835,4,orange,small,5
3438,a medium brown number 1,1,1,brown,medium,5
3439,the number 111 in blue colour and medium size,111,3,blue,medium,2
3440,a small orange number 14,14,2,orange,small,5
3441,a medium red 97,97,2,red,medium,1
3442,the number 322 in grey colour and medium size,322,3,grey,medium,2
3443,a small blue number 30,30,2,blue,small,5
3444,a medium 193 in red colour,193,3,red,medium,4
3445,a small red 982,982,3,red,small,1
3446,a purple number 6 of large size,6,1,purple,large,3
3447,the number 35 in pink colour and small size,35,2,pink,small,2
3448,a small yellow number 6010,6010,4,yellow,small,5
3449,the number 5535 in brown colour and large size,5535,4,brown,large,2
3450,the number 22 in brown colour and large size,22,2,brown,large,2
3451,a small purple number 6654,6654,4,purple,small,5
3452,a large 4 in pink colour,4,1,pink,large,4
3453,a large yellow number 3874,3874,4,yellow,large,5
3454,a small 8 in orange colour,8,1,orange,small,4
3455,a medium 4241 in blue colour,4241,4,blue,medium,4
3456,a blue number 479 of large size,479,3,blue,large,3
3457,a large purple number 69,69,2,purple,large,5
3458,a medium brown number 609,609,3,brown,medium,5
3459,a small red number 2,2,1,red,small,5
3460,a medium yellow 53,53,2,yellow,medium,1
3461,a large yellow 67,67,2,yellow,large,1
3462,a small purple number 68,68,2,purple,small,5
3463,a red number 7929 of large size,7929,4,red,large,3
3464,a medium orange 1823,1823,4,orange,medium,1
3465,a small orange 4267,4267,4,orange,small,1
3466,a small grey number 3093,3093,4,grey,small,5
3467,the number 4914 in orange colour and large size,4914,4,orange,large,2
3468,a large 5409 in grey colour,5409,4,grey,large,4
3469,a medium green number 2,2,1,green,medium,5
3470,a medium purple 35,35,2,purple,medium,1
3471,a medium green number 7520,7520,4,green,medium,5
3472,a medium grey number 22,22,2,grey,medium,5
3473,a large grey 9,9,1,grey,large,1
3474,a medium grey number 77,77,2,grey,medium,5
3475,a small pink number 54,54,2,pink,small,5
3476,the number 59 in grey colour and medium size,59,2,grey,medium,2
3477,the number 394 in brown colour and medium size,394,3,brown,medium,2
3478,a large 40 in blue colour,40,2,blue,large,4
3479,a small orange 826,826,3,orange,small,1
3480,the number 673 in grey colour and medium size,673,3,grey,medium,2
3481,a large 4105 in yellow colour,4105,4,yellow,large,4
3482,a medium brown number 2497,2497,4,brown,medium,5
3483,a medium grey 3092,3092,4,grey,medium,1
3484,a small yellow 2543,2543,4,yellow,small,1
3485,a small pink 8,8,1,pink,small,1
3486,a medium brown 1272,1272,4,brown,medium,1
3487,the number 819 in brown colour and small size,819,3,brown,small,2
3488,a medium 11 in blue colour,11,2,blue,medium,4
3489,a green number 73 of small size,73,2,green,small,3
3490,a small blue number 482,482,3,blue,small,5
3491,a medium 3142 in green colour,3142,4,green,medium,4
3492,the number 971 in blue colour and large size,971,3,blue,large,2
3493,a small brown number 933,933,3,brown,small,5
3494,a small red number 6,6,1,red,small,5
3495,a medium 7 in brown colour,7,1,brown,medium,4
3496,a small yellow 5161,5161,4,yellow,small,1
3497,a medium brown number 31,31,2,brown,medium,5
3498,an orange number 84 of small size,84,2,orange,small,3
3499,a medium 77 in yellow colour,77,2,yellow,medium,4
3500,a grey number 527 of medium size,527,3,grey,medium,3
3501,the number 3838 in orange colour and small size,3838,4,orange,small,2
3502,the number 7992 in green colour and large size,7992,4,green,large,2
3503,the number 163 in yellow colour and medium size,163,3,yellow,medium,2
3504,a medium 9101 in pink colour,9101,4,pink,medium,4
3505,a medium blue 7,7,1,blue,medium,1
3506,a small 9319 in red colour,9319,4,red,small,4
3507,a grey number 484 of large size,484,3,grey,large,3
3508,a large red 453,453,3,red,large,1
3509,a grey number 5136 of medium size,5136,4,grey,medium,3
3510,a small 95 in green colour,95,2,green,small,4
3511,a yellow number 7 of small size,7,1,yellow,small,3
3512,a small orange 958,958,3,orange,small,1
3513,a small blue number 9072,9072,4,blue,small,5
3514,a large 33 in blue colour,33,2,blue,large,4
3515,a medium orange number 9,9,1,orange,medium,5
3516,a medium 5861 in purple colour,5861,4,purple,medium,4
3517,a large red 8017,8017,4,red,large,1
3518,a large purple number 113,113,3,purple,large,5
3519,the number 45 in brown colour and large size,45,2,brown,large,2
3520,a medium 4884 in green colour,4884,4,green,medium,4
3521,the number 4 in orange colour and small size,4,1,orange,small,2
3522,an orange number 105 of medium size,105,3,orange,medium,3
3523,a large 692 in yellow colour,692,3,yellow,large,4
3524,a red number 127 of medium size,127,3,red,medium,3
3525,a medium orange 5613,5613,4,orange,medium,1
3526,a medium 685 in blue colour,685,3,blue,medium,4
3527,an orange number 1359 of large size,1359,4,orange,large,3
3528,a medium orange 687,687,3,orange,medium,1
3529,a medium brown 84,84,2,brown,medium,1
3530,a large green number 482,482,3,green,large,5
3531,a large red number 2055,2055,4,red,large,5
3532,the number 86 in brown colour and large size,86,2,brown,large,2
3533,a medium 4408 in green colour,4408,4,green,medium,4
3534,a red number 60 of small size,60,2,red,small,3
3535,a small 44 in green colour,44,2,green,small,4
3536,a medium yellow 908,908,3,yellow,medium,1
3537,a grey number 3056 of large size,3056,4,grey,large,3
3538,a large 9 in blue colour,9,1,blue,large,4
3539,a large 490 in pink colour,490,3,pink,large,4
3540,a purple number 421 of medium size,421,3,purple,medium,3
3541,a medium 9291 in blue colour,9291,4,blue,medium,4
3542,a large 7913 in grey colour,7913,4,grey,large,4
3543,a large 7904 in orange colour,7904,4,orange,large,4
3544,the number 748 in pink colour and small size,748,3,pink,small,2
3545,a small brown 452,452,3,brown,small,1
3546,a medium orange 4,4,1,orange,medium,1
3547,a medium purple number 698,698,3,purple,medium,5
3548,a red number 147 of medium size,147,3,red,medium,3
3549,a medium purple 6,6,1,purple,medium,1
3550,a blue number 691 of small size,691,3,blue,small,3
3551,a large blue 9944,9944,4,blue,large,1
3552,a medium 679 in brown colour,679,3,brown,medium,4
3553,the number 70 in grey colour and medium size,70,2,grey,medium,2
3554,a small red 75,75,2,red,small,1
3555,a small orange 53,53,2,orange,small,1
3556,the number 5371 in brown colour and large size,5371,4,brown,large,2
3557,the number 13 in green colour and small size,13,2,green,small,2
3558,a large 9748 in grey colour,9748,4,grey,large,4
3559,a large grey number 92,92,2,grey,large,5
3560,a yellow number 3974 of small size,3974,4,yellow,small,3
3561,a yellow number 76 of medium size,76,2,yellow,medium,3
3562,a blue number 1 of medium size,1,1,blue,medium,3
3563,a pink number 64 of large size,64,2,pink,large,3
3564,a small purple 1224,1224,4,purple,small,1
3565,a green number 85 of large size,85,2,green,large,3
3566,a large 6358 in purple colour,6358,4,purple,large,4
3567,a large 790 in pink colour,790,3,pink,large,4
3568,a medium pink number 84,84,2,pink,medium,5
3569,a large purple 9983,9983,4,purple,large,1
3570,a medium purple 2595,2595,4,purple,medium,1
3571,a small pink number 623,623,3,pink,small,5
3572,a red number 8770 of small size,8770,4,red,small,3
3573,a small brown 884,884,3,brown,small,1
3574,the number 4727 in grey colour and small size,4727,4,grey,small,2
3575,a small 4954 in yellow colour,4954,4,yellow,small,4
3576,a yellow number 342 of large size,342,3,yellow,large,3
3577,a small pink 296,296,3,pink,small,1
3578,a medium brown 4430,4430,4,brown,medium,1
3579,a green number 9 of small size,9,1,green,small,3
3580,a small brown number 7895,7895,4,brown,small,5
3581,a medium brown 560,560,3,brown,medium,1
3582,a medium 747 in pink colour,747,3,pink,medium,4
3583,a medium 6728 in orange colour,6728,4,orange,medium,4
3584,a large brown 74,74,2,brown,large,1
3585,a medium 868 in red colour,868,3,red,medium,4
3586,a medium pink number 25,25,2,pink,medium,5
3587,an orange number 1 of small size,1,1,orange,small,3
3588,a yellow number 8 of small size,8,1,yellow,small,3
3589,a small blue number 450,450,3,blue,small,5
3590,the number 25 in red colour and large size,25,2,red,large,2
3591,a medium yellow number 8960,8960,4,yellow,medium,5
3592,a small yellow 9598,9598,4,yellow,small,1
3593,a small purple 686,686,3,purple,small,1
3594,a large grey number 7,7,1,grey,large,5
3595,a medium 8 in pink colour,8,1,pink,medium,4
3596,a large orange number 1296,1296,4,orange,large,5
3597,the number 9210 in red colour and small size,9210,4,red,small,2
3598,a large grey number 14,14,2,grey,large,5
3599,the number 315 in brown colour and small size,315,3,brown,small,2
3600,a red number 1405 of medium size,1405,4,red,medium,3
3601,the number 7404 in green colour and large size,7404,4,green,large,2
3602,a small green 67,67,2,green,small,1
3603,the number 646 in purple colour and large size,646,3,purple,large,2
3604,a yellow number 3753 of large size,3753,4,yellow,large,3
3605,a small pink number 90,90,2,pink,small,5
3606,a small 7591 in green colour,7591,4,green,small,4
3607,a medium 1 in yellow colour,1,1,yellow,medium,4
3608,a small pink 218,218,3,pink,small,1
3609,a medium yellow number 382,382,3,yellow,medium,5
3610,a large brown 947,947,3,brown,large,1
3611,a small yellow 949,949,3,yellow,small,1
3612,a large orange number 2760,2760,4,orange,large,5
3613,a medium 34 in green colour,34,2,green,medium,4
3614,the number 6602 in pink colour and medium size,6602,4,pink,medium,2
3615,an orange number 67 of large size,67,2,orange,large,3
3616,the number 494 in red colour and small size,494,3,red,small,2
3617,the number 6580 in brown colour and small size,6580,4,brown,small,2
3618,a large 37 in red colour,37,2,red,large,4
3619,a purple number 4493 of large size,4493,4,purple,large,3
3620,a large orange 1618,1618,4,orange,large,1
3621,a medium purple number 673,673,3,purple,medium,5
3622,the number 81 in orange colour and small size,81,2,orange,small,2
3623,a small 584 in pink colour,584,3,pink,small,4
3624,a brown number 4761 of large size,4761,4,brown,large,3
3625,a medium blue number 5,5,1,blue,medium,5
3626,a purple number 49 of large size,49,2,purple,large,3
3627,an orange number 62 of medium size,62,2,orange,medium,3
3628,the number 8092 in yellow colour and large size,8092,4,yellow,large,2
3629,a red number 96 of medium size,96,2,red,medium,3
3630,a medium pink number 9,9,1,pink,medium,5
3631,a yellow number 427 of medium size,427,3,yellow,medium,3
3632,a small blue number 877,877,3,blue,small,5
3633,a medium grey number 9885,9885,4,grey,medium,5
3634,a small red 716,716,3,red,small,1
