sentence_id,template_id,sentence,board_state,x_count,x_positions,o_count,o_positions
1,3,"X occupies the top-center, the center, and the bottom-left, O occupies the middle-right and bottom-center",_|X|_|_|X|O|X|O|_,3,"top-center, center, bottom-left",2,"middle-right, bottom-center"
2,2,"X has played in the top-right and bottom-right, O has played in the middle-right and bottom-left",_|_|X|_|_|O|O|_|X,2,"top-right, bottom-right",2,"middle-right, bottom-left"
3,5,"X marks the bottom-left, the bottom-right, the middle-right, and the top-left, O marks the middle-left, the top-center, and the center",X|O|_|O|O|X|X|_|X,4,"bottom-left, bottom-right, middle-right, top-left",3,"middle-left, top-center, center"
4,4,"X is placed in the center, the top-right, the middle-left, and the bottom-left, O is placed in the top-left, the middle-right, the top-center, and the bottom-right",O|O|X|X|X|O|X|_|O,4,"center, top-right, middle-left, bottom-left",4,"top-left, middle-right, top-center, bottom-right"
5,4,"X is placed in the top-left, the bottom-right, and the top-right, O is placed in the center and bottom-left",X|_|X|_|O|_|O|_|X,3,"top-left, bottom-right, top-right",2,"center, bottom-left"
6,4,"X is placed in the middle-right, the top-left, the bottom-right, the bottom-center, and the top-right, O is placed in the center, the middle-left, the bottom-left, and the top-center",X|O|X|O|O|X|O|X|X,5,"middle-right, top-left, bottom-right, bottom-center, top-right",4,"center, middle-left, bottom-left, top-center"
7,3,"X occupies the top-center, the center, the bottom-center, the bottom-right, and the middle-left, O occupies the top-right, the bottom-left, the middle-right, and the top-left",O|X|O|X|X|O|O|X|X,5,"top-center, center, bottom-center, bottom-right, middle-left",4,"top-right, bottom-left, middle-right, top-left"
8,5,"X marks the top-center and center, O marks the middle-right",_|X|_|_|X|O|_|_|_,2,"top-center, center",1,middle-right
9,1,"X is in the top-left, O is in none",X|_|_|_|_|_|_|_|_,1,top-left,0,
10,2,"X has played in the middle-right and center, O has played in the middle-left and bottom-center",_|_|_|O|X|X|_|O|_,2,"middle-right, center",2,"middle-left, bottom-center"
11,4,"X is placed in the bottom-right and top-left, O is placed in the bottom-center and top-right",X|_|O|_|_|_|_|O|X,2,"bottom-right, top-left",2,"bottom-center, top-right"
12,4,"X is placed in the bottom-center, the center, and the bottom-left, O is placed in the middle-right and bottom-right",_|_|_|_|X|O|X|X|O,3,"bottom-center, center, bottom-left",2,"middle-right, bottom-right"
13,2,"X has played in the center, the top-center, the bottom-right, the top-left, and the top-right, O has played in the bottom-left, the middle-left, the bottom-center, and the middle-right",X|X|X|O|X|O|O|O|X,5,"center, top-center, bottom-right, top-left, top-right",4,"bottom-left, middle-left, bottom-center, middle-right"
14,5,"X marks the middle-right, O marks the top-left",O|_|_|_|_|X|_|_|_,1,middle-right,1,top-left
15,1,"X is in the bottom-right, O is in the top-right",_|_|O|_|_|_|_|_|X,1,bottom-right,1,top-right
16,4,"X is placed in the bottom-right, the top-right, the bottom-center, and the middle-left, O is placed in the middle-right, the top-left, the bottom-left, and the top-center",O|O|X|X|_|O|O|X|X,4,"bottom-right, top-right, bottom-center, middle-left",4,"middle-right, top-left, bottom-left, top-center"
17,2,"X has played in the top-left, O has played in none",X|_|_|_|_|_|_|_|_,1,top-left,0,
18,1,"X is in the top-center, O is in none",_|X|_|_|_|_|_|_|_,1,top-center,0,
19,3,"X occupies the bottom-left, the top-center, and the bottom-right, O occupies the top-right, the middle-left, and the bottom-center",_|X|O|O|_|_|X|O|X,3,"bottom-left, top-center, bottom-right",3,"top-right, middle-left, bottom-center"
20,1,"X is in the top-right, the bottom-center, the center, the top-left, and the middle-left, O is in the middle-right, the bottom-left, the top-center, and the bottom-right",X|O|X|X|X|O|O|X|O,5,"top-right, bottom-center, center, top-left, middle-left",4,"middle-right, bottom-left, top-center, bottom-right"
21,5,"X marks the center, the bottom-left, the top-center, the top-left, and the bottom-right, O marks the bottom-center, the middle-right, the middle-left, and the top-right",X|X|O|O|X|O|X|O|X,5,"center, bottom-left, top-center, top-left, bottom-right",4,"bottom-center, middle-right, middle-left, top-right"
22,2,"X has played in the middle-left and middle-right, O has played in the center",_|_|_|X|O|X|_|_|_,2,"middle-left, middle-right",1,center
23,3,"X occupies the middle-right and bottom-right, O occupies the center and middle-left",_|_|_|O|O|X|_|_|X,2,"middle-right, bottom-right",2,"center, middle-left"
24,3,"X occupies the bottom-center, the bottom-left, and the top-left, O occupies the bottom-right and middle-right",X|_|_|_|_|O|X|X|O,3,"bottom-center, bottom-left, top-left",2,"bottom-right, middle-right"
25,2,"X has played in the center, the bottom-left, and the top-left, O has played in the middle-left, the top-center, and the top-right",X|O|O|O|X|_|X|_|_,3,"center, bottom-left, top-left",3,"middle-left, top-center, top-right"
26,4,"X is placed in the middle-right, O is placed in none",_|_|_|_|_|X|_|_|_,1,middle-right,0,
27,5,"X marks the middle-left, the bottom-left, and the middle-right, O marks the bottom-right and bottom-center",_|_|_|X|_|X|X|O|O,3,"middle-left, bottom-left, middle-right",2,"bottom-right, bottom-center"
28,1,"X is in the top-right and bottom-center, O is in the bottom-left and middle-left",_|_|X|O|_|_|O|X|_,2,"top-right, bottom-center",2,"bottom-left, middle-left"
29,1,"X is in the bottom-left, the bottom-right, and the top-right, O is in the middle-left and bottom-center",_|_|X|O|_|_|X|O|X,3,"bottom-left, bottom-right, top-right",2,"middle-left, bottom-center"
30,3,"X occupies the center, O occupies none",_|_|_|_|X|_|_|_|_,1,center,0,
31,4,"X is placed in the middle-right, the middle-left, and the bottom-left, O is placed in the bottom-center and top-left",O|_|_|X|_|X|X|O|_,3,"middle-right, middle-left, bottom-left",2,"bottom-center, top-left"
32,5,"X marks the bottom-left, the top-right, the top-left, the bottom-center, and the center, O marks the middle-left, the bottom-right, the top-center, and the middle-right",X|O|X|O|X|O|X|X|O,5,"bottom-left, top-right, top-left, bottom-center, center",4,"middle-left, bottom-right, top-center, middle-right"
33,1,"X is in the top-center, the bottom-center, the bottom-right, the middle-right, and the bottom-left, O is in the top-right, the middle-left, the center, and the top-left",O|X|O|O|O|X|X|X|X,5,"top-center, bottom-center, bottom-right, middle-right, bottom-left",4,"top-right, middle-left, center, top-left"
34,4,"X is placed in the top-center, the middle-left, and the middle-right, O is placed in the top-left and top-right",O|X|O|X|_|X|_|_|_,3,"top-center, middle-left, middle-right",2,"top-left, top-right"
35,2,"X has played in the bottom-left, O has played in the top-center",_|O|_|_|_|_|X|_|_,1,bottom-left,1,top-center
36,4,"X is placed in the top-center, the middle-left, the top-left, and the bottom-right, O is placed in the bottom-center, the bottom-left, the middle-right, and the top-right",X|X|O|X|_|O|O|O|X,4,"top-center, middle-left, top-left, bottom-right",4,"bottom-center, bottom-left, middle-right, top-right"
37,4,"X is placed in the bottom-right, O is placed in none",_|_|_|_|_|_|_|_|X,1,bottom-right,0,
38,1,"X is in the middle-right, O is in the middle-left",_|_|_|O|_|X|_|_|_,1,middle-right,1,middle-left
39,5,"X marks the top-center and middle-left, O marks the center and middle-right",_|X|_|X|O|O|_|_|_,2,"top-center, middle-left",2,"center, middle-right"
40,1,"X is in the middle-left, the top-left, the bottom-right, and the bottom-center, O is in the center, the top-right, the bottom-left, and the middle-right",X|_|O|X|O|O|O|X|X,4,"middle-left, top-left, bottom-right, bottom-center",4,"center, top-right, bottom-left, middle-right"
41,3,"X occupies the top-left and bottom-left, O occupies the top-center",X|O|_|_|_|_|X|_|_,2,"top-left, bottom-left",1,top-center
42,5,"X marks the middle-right, the bottom-center, the center, the middle-left, and the bottom-left, O marks the top-center, the top-right, the top-left, and the bottom-right",O|O|O|X|X|X|X|X|O,5,"middle-right, bottom-center, center, middle-left, bottom-left",4,"top-center, top-right, top-left, bottom-right"
43,4,"X is placed in the bottom-right, the top-right, the center, the top-left, and the bottom-center, O is placed in the middle-right, the top-center, the bottom-left, and the middle-left",X|O|X|O|X|O|O|X|X,5,"bottom-right, top-right, center, top-left, bottom-center",4,"middle-right, top-center, bottom-left, middle-left"
44,1,"X is in the bottom-center, the middle-left, the center, and the middle-right, O is in the top-right, the bottom-right, and the bottom-left",_|_|O|X|X|X|O|X|O,4,"bottom-center, middle-left, center, middle-right",3,"top-right, bottom-right, bottom-left"
45,4,"X is placed in the bottom-right, O is placed in the middle-left",_|_|_|O|_|_|_|_|X,1,bottom-right,1,middle-left
46,5,"X marks the middle-left, the top-left, and the bottom-right, O marks the top-center, the bottom-left, and the center",X|O|_|X|O|_|O|_|X,3,"middle-left, top-left, bottom-right",3,"top-center, bottom-left, center"
47,5,"X marks the top-center, O marks none",_|X|_|_|_|_|_|_|_,1,top-center,0,
48,3,"X occupies the bottom-right, the bottom-center, the middle-right, the top-left, and the middle-left, O occupies the top-center, the center, the bottom-left, and the top-right",X|O|O|X|O|X|O|X|X,5,"bottom-right, bottom-center, middle-right, top-left, middle-left",4,"top-center, center, bottom-left, top-right"
49,3,"X occupies the bottom-right, O occupies none",_|_|_|_|_|_|_|_|X,1,bottom-right,0,
50,3,"X occupies the top-center, the center, and the bottom-right, O occupies the middle-right and middle-left",_|X|_|O|X|O|_|_|X,3,"top-center, center, bottom-right",2,"middle-right, middle-left"
51,2,"X has played in the bottom-center, the middle-left, the bottom-left, the bottom-right, and the top-right, O has played in the center, the top-center, the middle-right, and the top-left",O|O|X|X|O|O|X|X|X,5,"bottom-center, middle-left, bottom-left, bottom-right, top-right",4,"center, top-center, middle-right, top-left"
52,1,"X is in the bottom-right, the top-right, the bottom-center, the bottom-left, and the center, O is in the middle-left, the middle-right, the top-center, and the top-left",O|O|X|O|X|O|X|X|X,5,"bottom-right, top-right, bottom-center, bottom-left, center",4,"middle-left, middle-right, top-center, top-left"
53,2,"X has played in the bottom-center, O has played in the middle-left",_|_|_|O|_|_|_|X|_,1,bottom-center,1,middle-left
54,5,"X marks the bottom-right, the top-right, and the bottom-left, O marks the center and top-center",_|O|X|_|O|_|X|_|X,3,"bottom-right, top-right, bottom-left",2,"center, top-center"
55,5,"X marks the top-left, the top-right, the bottom-center, the bottom-left, and the top-center, O marks the center, the middle-left, the bottom-right, and the middle-right",X|X|X|O|O|O|X|X|O,5,"top-left, top-right, bottom-center, bottom-left, top-center",4,"center, middle-left, bottom-right, middle-right"
56,1,"X is in the bottom-left, the top-center, the top-right, the top-left, and the center, O is in the bottom-center, the middle-left, the bottom-right, and the middle-right",X|X|X|O|X|O|X|O|O,5,"bottom-left, top-center, top-right, top-left, center",4,"bottom-center, middle-left, bottom-right, middle-right"
57,2,"X has played in the middle-right, the top-right, the bottom-right, the top-left, and the top-center, O has played in the bottom-left, the middle-left, the center, and the bottom-center",X|X|X|O|O|X|O|O|X,5,"middle-right, top-right, bottom-right, top-left, top-center",4,"bottom-left, middle-left, center, bottom-center"
58,4,"X is placed in the middle-right, O is placed in the top-right",_|_|O|_|_|X|_|_|_,1,middle-right,1,top-right
59,5,"X marks the center and bottom-center, O marks the top-left and middle-left",O|_|_|O|X|_|_|X|_,2,"center, bottom-center",2,"top-left, middle-left"
60,1,"X is in the top-right and middle-left, O is in the center and top-left",O|_|X|X|O|_|_|_|_,2,"top-right, middle-left",2,"center, top-left"
61,2,"X has played in the top-right, the center, the top-center, and the middle-right, O has played in the bottom-center, the middle-left, the bottom-right, and the bottom-left",_|X|X|O|X|X|O|O|O,4,"top-right, center, top-center, middle-right",4,"bottom-center, middle-left, bottom-right, bottom-left"
62,2,"X has played in the top-center, the top-right, the bottom-left, the middle-right, and the top-left, O has played in the middle-left, the bottom-right, the bottom-center, and the center",X|X|X|O|O|X|X|O|O,5,"top-center, top-right, bottom-left, middle-right, top-left",4,"middle-left, bottom-right, bottom-center, center"
63,5,"X marks the bottom-left, the middle-left, and the top-center, O marks the top-right and center",_|X|O|X|O|_|X|_|_,3,"bottom-left, middle-left, top-center",2,"top-right, center"
64,1,"X is in the top-right and top-center, O is in the bottom-left",_|X|X|_|_|_|O|_|_,2,"top-right, top-center",1,bottom-left
65,3,"X occupies the middle-left, O occupies none",_|_|_|X|_|_|_|_|_,1,middle-left,0,
66,3,"X occupies the top-center, O occupies the middle-right",_|X|_|_|_|O|_|_|_,1,top-center,1,middle-right
67,2,"X has played in the middle-right, the top-right, and the top-left, O has played in the bottom-center and bottom-left",X|_|X|_|_|X|O|O|_,3,"middle-right, top-right, top-left",2,"bottom-center, bottom-left"
68,4,"X is placed in the bottom-left, the top-left, the top-right, and the top-center, O is placed in the middle-left, the bottom-center, the middle-right, and the bottom-right",X|X|X|O|_|O|X|O|O,4,"bottom-left, top-left, top-right, top-center",4,"middle-left, bottom-center, middle-right, bottom-right"
69,4,"X is placed in the bottom-center, the top-center, the center, the middle-right, and the top-left, O is placed in the top-right, the bottom-right, the middle-left, and the bottom-left",X|X|O|O|X|X|O|X|O,5,"bottom-center, top-center, center, middle-right, top-left",4,"top-right, bottom-right, middle-left, bottom-left"
70,5,"X marks the middle-left, the top-right, and the bottom-center, O marks the bottom-left and top-left",O|_|X|X|_|_|O|X|_,3,"middle-left, top-right, bottom-center",2,"bottom-left, top-left"
71,3,"X occupies the middle-right, the top-left, and the bottom-right, O occupies the center and bottom-left",X|_|_|_|O|X|O|_|X,3,"middle-right, top-left, bottom-right",2,"center, bottom-left"
72,1,"X is in the top-left, the middle-left, the center, and the bottom-right, O is in the bottom-center, the bottom-left, and the top-center",X|O|_|X|X|_|O|O|X,4,"top-left, middle-left, center, bottom-right",3,"bottom-center, bottom-left, top-center"
73,1,"X is in the middle-left and center, O is in the bottom-right and middle-right",_|_|_|X|X|O|_|_|O,2,"middle-left, center",2,"bottom-right, middle-right"
74,2,"X has played in the top-right, the top-left, the middle-right, the bottom-center, and the center, O has played in the top-center, the bottom-left, the middle-left, and the bottom-right",X|O|X|O|X|X|O|X|O,5,"top-right, top-left, middle-right, bottom-center, center",4,"top-center, bottom-left, middle-left, bottom-right"
75,5,"X marks the center, the bottom-right, and the middle-left, O marks the top-left and bottom-center",O|_|_|X|X|_|_|O|X,3,"center, bottom-right, middle-left",2,"top-left, bottom-center"
76,2,"X has played in the bottom-left, the middle-right, and the top-right, O has played in the center and bottom-right",_|_|X|_|O|X|X|_|O,3,"bottom-left, middle-right, top-right",2,"center, bottom-right"
77,2,"X has played in the middle-right, O has played in the bottom-center",_|_|_|_|_|X|_|O|_,1,middle-right,1,bottom-center
78,2,"X has played in the middle-left and middle-right, O has played in the center and bottom-left",_|_|_|X|O|X|O|_|_,2,"middle-left, middle-right",2,"center, bottom-left"
79,3,"X occupies the center, the top-left, the bottom-left, and the middle-left, O occupies the bottom-center, the top-center, and the top-right",X|O|O|X|X|_|X|O|_,4,"center, top-left, bottom-left, middle-left",3,"bottom-center, top-center, top-right"
80,2,"X has played in the bottom-center, the top-center, the middle-left, and the top-left, O has played in the middle-right, the bottom-right, the top-right, and the bottom-left",X|X|O|X|_|O|O|X|O,4,"bottom-center, top-center, middle-left, top-left",4,"middle-right, bottom-right, top-right, bottom-left"
81,1,"X is in the middle-right, the bottom-left, the bottom-right, and the top-right, O is in the middle-left, the center, the top-center, and the top-left",O|O|X|O|O|X|X|_|X,4,"middle-right, bottom-left, bottom-right, top-right",4,"middle-left, center, top-center, top-left"
82,1,"X is in the bottom-right, the top-right, the center, and the bottom-left, O is in the middle-right, the bottom-center, the middle-left, and the top-left",O|_|X|O|X|O|X|O|X,4,"bottom-right, top-right, center, bottom-left",4,"middle-right, bottom-center, middle-left, top-left"
83,3,"X occupies the center, the top-right, and the middle-right, O occupies the bottom-center, the top-left, and the middle-left",O|_|X|O|X|X|_|O|_,3,"center, top-right, middle-right",3,"bottom-center, top-left, middle-left"
84,2,"X has played in the bottom-left, the middle-right, the top-right, and the bottom-center, O has played in the bottom-right, the top-center, the middle-left, and the top-left",O|O|X|O|_|X|X|X|O,4,"bottom-left, middle-right, top-right, bottom-center",4,"bottom-right, top-center, middle-left, top-left"
85,1,"X is in the middle-left, the bottom-right, and the top-center, O is in the middle-right and top-left",O|X|_|X|_|O|_|_|X,3,"middle-left, bottom-right, top-center",2,"middle-right, top-left"
86,4,"X is placed in the top-right, O is placed in the bottom-left",_|_|X|_|_|_|O|_|_,1,top-right,1,bottom-left
87,5,"X marks the center, the bottom-left, the top-right, and the bottom-right, O marks the middle-left, the middle-right, the bottom-center, and the top-center",_|O|X|O|X|O|X|O|X,4,"center, bottom-left, top-right, bottom-right",4,"middle-left, middle-right, bottom-center, top-center"
88,3,"X occupies the bottom-right, O occupies the middle-left",_|_|_|O|_|_|_|_|X,1,bottom-right,1,middle-left
89,5,"X marks the middle-right, O marks none",_|_|_|_|_|X|_|_|_,1,middle-right,0,
90,3,"X occupies the top-right, the center, the bottom-right, and the bottom-left, O occupies the top-center, the middle-right, and the bottom-center",_|O|X|_|X|O|X|O|X,4,"top-right, center, bottom-right, bottom-left",3,"top-center, middle-right, bottom-center"
91,2,"X has played in the middle-left, the center, the top-center, the bottom-right, and the bottom-left, O has played in the bottom-center, the top-left, the middle-right, and the top-right",O|X|O|X|X|O|X|O|X,5,"middle-left, center, top-center, bottom-right, bottom-left",4,"bottom-center, top-left, middle-right, top-right"
92,4,"X is placed in the bottom-left, O is placed in the bottom-right",_|_|_|_|_|_|X|_|O,1,bottom-left,1,bottom-right
93,5,"X marks the bottom-left, the bottom-right, the top-center, and the bottom-center, O marks the top-right, the middle-right, the middle-left, and the top-left",O|X|O|O|_|O|X|X|X,4,"bottom-left, bottom-right, top-center, bottom-center",4,"top-right, middle-right, middle-left, top-left"
94,3,"X occupies the top-center and middle-left, O occupies the middle-right and center",_|X|_|X|O|O|_|_|_,2,"top-center, middle-left",2,"middle-right, center"
95,2,"X has played in the top-left, the bottom-right, the bottom-center, and the top-right, O has played in the middle-right, the middle-left, the bottom-left, and the center",X|_|X|O|O|O|O|X|X,4,"top-left, bottom-right, bottom-center, top-right",4,"middle-right, middle-left, bottom-left, center"
96,4,"X is placed in the top-left, the top-right, and the bottom-center, O is placed in the middle-left, the center, and the bottom-left",X|_|X|O|O|_|O|X|_,3,"top-left, top-right, bottom-center",3,"middle-left, center, bottom-left"
97,2,"X has played in the middle-right, O has played in none",_|_|_|_|_|X|_|_|_,1,middle-right,0,
98,3,"X occupies the top-left, O occupies none",X|_|_|_|_|_|_|_|_,1,top-left,0,
99,3,"X occupies the top-center, the top-right, the middle-left, and the middle-right, O occupies the center, the bottom-right, and the top-left",O|X|X|X|O|X|_|_|O,4,"top-center, top-right, middle-left, middle-right",3,"center, bottom-right, top-left"
100,4,"X is placed in the bottom-left, the top-right, the bottom-right, the bottom-center, and the top-center, O is placed in the center, the middle-right, the top-left, and the middle-left",O|X|X|O|O|O|X|X|X,5,"bottom-left, top-right, bottom-right, bottom-center, top-center",4,"center, middle-right, top-left, middle-left"
101,5,"X marks the middle-right, the top-center, and the bottom-right, O marks the top-left and bottom-left",O|X|_|_|_|X|O|_|X,3,"middle-right, top-center, bottom-right",2,"top-left, bottom-left"
102,1,"X is in the top-left, O is in the bottom-center",X|_|_|_|_|_|_|O|_,1,top-left,1,bottom-center
103,2,"X has played in the top-left, the bottom-center, the bottom-left, the bottom-right, and the top-center, O has played in the top-right, the middle-left, the middle-right, and the center",X|X|O|O|O|O|X|X|X,5,"top-left, bottom-center, bottom-left, bottom-right, top-center",4,"top-right, middle-left, middle-right, center"
104,5,"X marks the middle-right, the bottom-center, and the bottom-right, O marks the top-center, the center, and the top-left",O|O|_|_|O|X|_|X|X,3,"middle-right, bottom-center, bottom-right",3,"top-center, center, top-left"
105,2,"X has played in the top-center, O has played in none",_|X|_|_|_|_|_|_|_,1,top-center,0,
106,2,"X has played in the middle-right, O has played in the center",_|_|_|_|O|X|_|_|_,1,middle-right,1,center
107,1,"X is in the bottom-center and bottom-right, O is in the top-right",_|_|O|_|_|_|_|X|X,2,"bottom-center, bottom-right",1,top-right
108,1,"X is in the middle-right, O is in none",_|_|_|_|_|X|_|_|_,1,middle-right,0,
109,3,"X occupies the top-right and middle-left, O occupies the center and bottom-left",_|_|X|X|O|_|O|_|_,2,"top-right, middle-left",2,"center, bottom-left"
110,4,"X is placed in the bottom-left and top-right, O is placed in the top-left and middle-left",O|_|X|O|_|_|X|_|_,2,"bottom-left, top-right",2,"top-left, middle-left"
111,2,"X has played in the bottom-right, the middle-right, the top-left, the middle-left, and the top-right, O has played in the bottom-center, the top-center, the bottom-left, and the center",X|O|X|X|O|X|O|O|X,5,"bottom-right, middle-right, top-left, middle-left, top-right",4,"bottom-center, top-center, bottom-left, center"
112,4,"X is placed in the center, the top-left, the middle-right, the bottom-center, and the bottom-left, O is placed in the top-center, the middle-left, the bottom-right, and the top-right",X|O|O|O|X|X|X|X|O,5,"center, top-left, middle-right, bottom-center, bottom-left",4,"top-center, middle-left, bottom-right, top-right"
113,1,"X is in the bottom-right, the middle-left, the center, the top-center, and the top-left, O is in the bottom-left, the bottom-center, the top-right, and the middle-right",X|X|O|X|X|O|O|O|X,5,"bottom-right, middle-left, center, top-center, top-left",4,"bottom-left, bottom-center, top-right, middle-right"
114,4,"X is placed in the bottom-right, the bottom-center, and the middle-left, O is placed in the bottom-left and top-right",_|_|O|X|_|_|O|X|X,3,"bottom-right, bottom-center, middle-left",2,"bottom-left, top-right"
115,3,"X occupies the bottom-left and middle-left, O occupies the middle-right and top-center",_|O|_|X|_|O|X|_|_,2,"bottom-left, middle-left",2,"middle-right, top-center"
116,3,"X occupies the bottom-center, O occupies the top-center",_|O|_|_|_|_|_|X|_,1,bottom-center,1,top-center
117,4,"X is placed in the top-right and bottom-left, O is placed in the middle-left",_|_|X|O|_|_|X|_|_,2,"top-right, bottom-left",1,middle-left
118,5,"X marks the center and bottom-left, O marks the top-left and middle-right",O|_|_|_|X|O|X|_|_,2,"center, bottom-left",2,"top-left, middle-right"
119,1,"X is in the bottom-center, the top-left, and the middle-left, O is in the bottom-left and top-right",X|_|O|X|_|_|O|X|_,3,"bottom-center, top-left, middle-left",2,"bottom-left, top-right"
120,4,"X is placed in the bottom-center, the top-center, the middle-left, and the center, O is placed in the middle-right, the top-right, and the top-left",O|X|O|X|X|O|_|X|_,4,"bottom-center, top-center, middle-left, center",3,"middle-right, top-right, top-left"
121,5,"X marks the middle-left, the bottom-right, the bottom-center, the top-left, and the center, O marks the bottom-left, the top-center, the middle-right, and the top-right",X|O|O|X|X|O|O|X|X,5,"middle-left, bottom-right, bottom-center, top-left, center",4,"bottom-left, top-center, middle-right, top-right"
122,5,"X marks the middle-right and center, O marks the bottom-left",_|_|_|_|X|X|O|_|_,2,"middle-right, center",1,bottom-left
123,3,"X occupies the bottom-left, O occupies the top-left",O|_|_|_|_|_|X|_|_,1,bottom-left,1,top-left
124,4,"X is placed in the center, the middle-right, the top-center, the middle-left, and the top-right, O is placed in the bottom-right, the bottom-left, the bottom-center, and the top-left",O|X|X|X|X|X|O|O|O,5,"center, middle-right, top-center, middle-left, top-right",4,"bottom-right, bottom-left, bottom-center, top-left"
125,2,"X has played in the bottom-left, O has played in none",_|_|_|_|_|_|X|_|_,1,bottom-left,0,
126,4,"X is placed in the bottom-center, the bottom-right, the center, and the bottom-left, O is placed in the middle-left, the middle-right, and the top-center",_|O|_|O|X|O|X|X|X,4,"bottom-center, bottom-right, center, bottom-left",3,"middle-left, middle-right, top-center"
127,5,"X marks the bottom-left, O marks none",_|_|_|_|_|_|X|_|_,1,bottom-left,0,
128,2,"X has played in the middle-right and bottom-right, O has played in the top-right and top-left",O|_|O|_|_|X|_|_|X,2,"middle-right, bottom-right",2,"top-right, top-left"
129,1,"X is in the bottom-right and bottom-left, O is in the top-center",_|O|_|_|_|_|X|_|X,2,"bottom-right, bottom-left",1,top-center
130,1,"X is in the top-right, the top-center, and the bottom-right, O is in the top-left and bottom-center",O|X|X|_|_|_|_|O|X,3,"top-right, top-center, bottom-right",2,"top-left, bottom-center"
131,1,"X is in the top-center, the bottom-left, and the middle-left, O is in the center and bottom-center",_|X|_|X|O|_|X|O|_,3,"top-center, bottom-left, middle-left",2,"center, bottom-center"
132,1,"X is in the top-right, O is in none",_|_|X|_|_|_|_|_|_,1,top-right,0,
133,4,"X is placed in the bottom-left, the bottom-center, and the middle-right, O is placed in the middle-left, the top-center, and the top-right",_|O|O|O|_|X|X|X|_,3,"bottom-left, bottom-center, middle-right",3,"middle-left, top-center, top-right"
134,1,"X is in the center and top-center, O is in the top-left",O|X|_|_|X|_|_|_|_,2,"center, top-center",1,top-left
135,4,"X is placed in the middle-left, the top-left, the top-center, the bottom-center, and the bottom-left, O is placed in the middle-right, the center, the bottom-right, and the top-right",X|X|O|X|O|O|X|X|O,5,"middle-left, top-left, top-center, bottom-center, bottom-left",4,"middle-right, center, bottom-right, top-right"
136,1,"X is in the middle-right, the top-center, the bottom-center, and the middle-left, O is in the top-right, the bottom-left, and the center",_|X|O|X|O|X|O|X|_,4,"middle-right, top-center, bottom-center, middle-left",3,"top-right, bottom-left, center"
137,2,"X has played in the bottom-right, the bottom-center, the top-right, the bottom-left, and the middle-left, O has played in the top-center, the center, the top-left, and the middle-right",O|O|X|X|O|O|X|X|X,5,"bottom-right, bottom-center, top-right, bottom-left, middle-left",4,"top-center, center, top-left, middle-right"
138,4,"X is placed in the top-center and bottom-left, O is placed in the center and top-left",O|X|_|_|O|_|X|_|_,2,"top-center, bottom-left",2,"center, top-left"
139,3,"X occupies the bottom-center, the center, and the bottom-right, O occupies the middle-left, the bottom-left, and the top-center",_|O|_|O|X|_|O|X|X,3,"bottom-center, center, bottom-right",3,"middle-left, bottom-left, top-center"
140,2,"X has played in the middle-left, the top-center, the top-left, the center, and the middle-right, O has played in the bottom-right, the bottom-left, the top-right, and the bottom-center",X|X|O|X|X|X|O|O|O,5,"middle-left, top-center, top-left, center, middle-right",4,"bottom-right, bottom-left, top-right, bottom-center"
141,3,"X occupies the top-right, the bottom-left, and the bottom-right, O occupies the top-left and center",O|_|X|_|O|_|X|_|X,3,"top-right, bottom-left, bottom-right",2,"top-left, center"
142,4,"X is placed in the center, the top-left, the bottom-left, and the top-right, O is placed in the bottom-right, the middle-right, and the top-center",X|O|X|_|X|O|X|_|O,4,"center, top-left, bottom-left, top-right",3,"bottom-right, middle-right, top-center"
143,2,"X has played in the top-right, the middle-right, and the bottom-center, O has played in the top-left and bottom-right",O|_|X|_|_|X|_|X|O,3,"top-right, middle-right, bottom-center",2,"top-left, bottom-right"
144,2,"X has played in the center and top-left, O has played in the middle-right",X|_|_|_|X|O|_|_|_,2,"center, top-left",1,middle-right
145,2,"X has played in the bottom-center, O has played in none",_|_|_|_|_|_|_|X|_,1,bottom-center,0,
146,2,"X has played in the top-right, the bottom-center, and the bottom-right, O has played in the middle-right, the middle-left, and the bottom-left",_|_|X|O|_|O|O|X|X,3,"top-right, bottom-center, bottom-right",3,"middle-right, middle-left, bottom-left"
147,2,"X has played in the bottom-center, the top-center, and the bottom-left, O has played in the top-right and center",_|X|O|_|O|_|X|X|_,3,"bottom-center, top-center, bottom-left",2,"top-right, center"
148,5,"X marks the middle-right, the bottom-center, the center, the bottom-right, and the top-left, O marks the bottom-left, the top-center, the middle-left, and the top-right",X|O|O|O|X|X|O|X|X,5,"middle-right, bottom-center, center, bottom-right, top-left",4,"bottom-left, top-center, middle-left, top-right"
149,1,"X is in the center, the bottom-left, the top-right, and the bottom-right, O is in the bottom-center, the middle-left, the top-center, and the middle-right",_|O|X|O|X|O|X|O|X,4,"center, bottom-left, top-right, bottom-right",4,"bottom-center, middle-left, top-center, middle-right"
150,5,"X marks the top-right and top-center, O marks the bottom-left",_|X|X|_|_|_|O|_|_,2,"top-right, top-center",1,bottom-left
151,1,"X is in the middle-right and top-right, O is in the top-left and top-center",O|O|X|_|_|X|_|_|_,2,"middle-right, top-right",2,"top-left, top-center"
152,4,"X is placed in the bottom-center, the center, the bottom-right, and the middle-right, O is placed in the top-center, the top-left, the bottom-left, and the top-right",O|O|O|_|X|X|O|X|X,4,"bottom-center, center, bottom-right, middle-right",4,"top-center, top-left, bottom-left, top-right"
153,2,"X has played in the center and top-center, O has played in the bottom-right",_|X|_|_|X|_|_|_|O,2,"center, top-center",1,bottom-right
154,4,"X is placed in the top-left and middle-right, O is placed in the bottom-right and top-center",X|O|_|_|_|X|_|_|O,2,"top-left, middle-right",2,"bottom-right, top-center"
155,3,"X occupies the center, the bottom-left, and the middle-left, O occupies the top-right, the bottom-right, and the top-left",O|_|O|X|X|_|X|_|O,3,"center, bottom-left, middle-left",3,"top-right, bottom-right, top-left"
156,2,"X has played in the bottom-center, the middle-left, the top-center, and the top-left, O has played in the bottom-right, the top-right, the center, and the middle-right",X|X|O|X|O|O|_|X|O,4,"bottom-center, middle-left, top-center, top-left",4,"bottom-right, top-right, center, middle-right"
157,4,"X is placed in the top-left, the middle-right, and the middle-left, O is placed in the bottom-right and center",X|_|_|X|O|X|_|_|O,3,"top-left, middle-right, middle-left",2,"bottom-right, center"
158,1,"X is in the top-left and middle-left, O is in the top-center",X|O|_|X|_|_|_|_|_,2,"top-left, middle-left",1,top-center
159,1,"X is in the center and middle-left, O is in the top-right",_|_|O|X|X|_|_|_|_,2,"center, middle-left",1,top-right
160,5,"X marks the center, the top-right, the middle-left, the bottom-right, and the middle-right, O marks the bottom-left, the bottom-center, the top-left, and the top-center",O|O|X|X|X|X|O|O|X,5,"center, top-right, middle-left, bottom-right, middle-right",4,"bottom-left, bottom-center, top-left, top-center"
161,4,"X is placed in the bottom-right, the top-left, the top-center, the bottom-left, and the bottom-center, O is placed in the middle-left, the top-right, the middle-right, and the center",X|X|O|O|O|O|X|X|X,5,"bottom-right, top-left, top-center, bottom-left, bottom-center",4,"middle-left, top-right, middle-right, center"
162,2,"X has played in the top-left, O has played in the top-right",X|_|O|_|_|_|_|_|_,1,top-left,1,top-right
163,5,"X marks the middle-right and center, O marks the middle-left and bottom-center",_|_|_|O|X|X|_|O|_,2,"middle-right, center",2,"middle-left, bottom-center"
164,2,"X has played in the bottom-center and top-left, O has played in the top-center",X|O|_|_|_|_|_|X|_,2,"bottom-center, top-left",1,top-center
165,2,"X has played in the bottom-center, the top-center, and the top-right, O has played in the middle-left and bottom-left",_|X|X|O|_|_|O|X|_,3,"bottom-center, top-center, top-right",2,"middle-left, bottom-left"
166,2,"X has played in the top-center, the middle-left, the bottom-right, the top-right, and the bottom-center, O has played in the top-left, the center, the bottom-left, and the middle-right",O|X|X|X|O|O|O|X|X,5,"top-center, middle-left, bottom-right, top-right, bottom-center",4,"top-left, center, bottom-left, middle-right"
167,3,"X occupies the middle-left, the top-center, and the top-right, O occupies the top-left, the bottom-left, and the center",O|X|X|X|O|_|O|_|_,3,"middle-left, top-center, top-right",3,"top-left, bottom-left, center"
168,2,"X has played in the top-right, the middle-left, and the bottom-left, O has played in the top-center, the center, and the bottom-right",_|O|X|X|O|_|X|_|O,3,"top-right, middle-left, bottom-left",3,"top-center, center, bottom-right"
169,2,"X has played in the bottom-right, the middle-left, and the bottom-center, O has played in the top-right, the middle-right, and the top-left",O|_|O|X|_|O|_|X|X,3,"bottom-right, middle-left, bottom-center",3,"top-right, middle-right, top-left"
170,1,"X is in the top-left, the bottom-left, and the middle-left, O is in the center, the top-right, and the bottom-right",X|_|O|X|O|_|X|_|O,3,"top-left, bottom-left, middle-left",3,"center, top-right, bottom-right"
171,1,"X is in the middle-right, the top-right, the bottom-center, the top-left, and the bottom-right, O is in the middle-left, the center, the bottom-left, and the top-center",X|O|X|O|O|X|O|X|X,5,"middle-right, top-right, bottom-center, top-left, bottom-right",4,"middle-left, center, bottom-left, top-center"
172,1,"X is in the bottom-left, O is in none",_|_|_|_|_|_|X|_|_,1,bottom-left,0,
173,2,"X has played in the top-right and middle-left, O has played in the middle-right",_|_|X|X|_|O|_|_|_,2,"top-right, middle-left",1,middle-right
174,3,"X occupies the top-left, the top-center, the top-right, and the bottom-right, O occupies the middle-right, the bottom-center, the center, and the bottom-left",X|X|X|_|O|O|O|O|X,4,"top-left, top-center, top-right, bottom-right",4,"middle-right, bottom-center, center, bottom-left"
175,5,"X marks the bottom-left, the bottom-right, and the middle-right, O marks the top-center and bottom-center",_|O|_|_|_|X|X|O|X,3,"bottom-left, bottom-right, middle-right",2,"top-center, bottom-center"
176,4,"X is placed in the bottom-center, O is placed in the middle-right",_|_|_|_|_|O|_|X|_,1,bottom-center,1,middle-right
177,5,"X marks the bottom-left, the bottom-center, the top-center, the middle-right, and the middle-left, O marks the top-left, the top-right, the center, and the bottom-right",O|X|O|X|O|X|X|X|O,5,"bottom-left, bottom-center, top-center, middle-right, middle-left",4,"top-left, top-right, center, bottom-right"
178,3,"X occupies the top-center, the bottom-left, and the top-right, O occupies the middle-right, the center, and the middle-left",_|X|X|O|O|O|X|_|_,3,"top-center, bottom-left, top-right",3,"middle-right, center, middle-left"
179,3,"X occupies the middle-left, the middle-right, the top-left, the bottom-right, and the top-center, O occupies the center, the top-right, the bottom-left, and the bottom-center",X|X|O|X|O|X|O|O|X,5,"middle-left, middle-right, top-left, bottom-right, top-center",4,"center, top-right, bottom-left, bottom-center"
180,4,"X is placed in the center, O is placed in the bottom-left",_|_|_|_|X|_|O|_|_,1,center,1,bottom-left
181,2,"X has played in the top-right, the middle-left, and the bottom-center, O has played in the bottom-left and top-center",_|O|X|X|_|_|O|X|_,3,"top-right, middle-left, bottom-center",2,"bottom-left, top-center"
182,5,"X marks the bottom-right, the top-center, and the bottom-center, O marks the top-right and center",_|X|O|_|O|_|_|X|X,3,"bottom-right, top-center, bottom-center",2,"top-right, center"
183,3,"X occupies the top-left, the center, the middle-right, and the top-right, O occupies the bottom-center, the middle-left, and the top-center",X|O|X|O|X|X|_|O|_,4,"top-left, center, middle-right, top-right",3,"bottom-center, middle-left, top-center"
184,1,"X is in the middle-right and center, O is in the top-center and bottom-center",_|O|_|_|X|X|_|O|_,2,"middle-right, center",2,"top-center, bottom-center"
185,3,"X occupies the center, the top-center, the top-right, the top-left, and the bottom-right, O occupies the bottom-left, the bottom-center, the middle-right, and the middle-left",X|X|X|O|X|O|O|O|X,5,"center, top-center, top-right, top-left, bottom-right",4,"bottom-left, bottom-center, middle-right, middle-left"
186,2,"X has played in the top-center, O has played in the bottom-left",_|X|_|_|_|_|O|_|_,1,top-center,1,bottom-left
187,4,"X is placed in the bottom-left, the top-right, the center, and the bottom-right, O is placed in the middle-right, the top-left, the bottom-center, and the middle-left",O|_|X|O|X|O|X|O|X,4,"bottom-left, top-right, center, bottom-right",4,"middle-right, top-left, bottom-center, middle-left"
188,3,"X occupies the center, the middle-right, the top-left, the top-right, and the bottom-center, O occupies the middle-left, the top-center, the bottom-right, and the bottom-left",X|O|X|O|X|X|O|X|O,5,"center, middle-right, top-left, top-right, bottom-center",4,"middle-left, top-center, bottom-right, bottom-left"
189,3,"X occupies the bottom-center, the middle-right, the top-center, the top-left, and the bottom-left, O occupies the bottom-right, the top-right, the middle-left, and the center",X|X|O|O|O|X|X|X|O,5,"bottom-center, middle-right, top-center, top-left, bottom-left",4,"bottom-right, top-right, middle-left, center"
190,4,"X is placed in the bottom-right, the bottom-left, and the top-left, O is placed in the middle-left and center",X|_|_|O|O|_|X|_|X,3,"bottom-right, bottom-left, top-left",2,"middle-left, center"
191,3,"X occupies the top-left, the bottom-right, the middle-left, and the center, O occupies the bottom-left, the bottom-center, and the top-center",X|O|_|X|X|_|O|O|X,4,"top-left, bottom-right, middle-left, center",3,"bottom-left, bottom-center, top-center"
192,4,"X is placed in the top-right, the bottom-center, the center, and the middle-left, O is placed in the top-left, the bottom-left, the top-center, and the middle-right",O|O|X|X|X|O|O|X|_,4,"top-right, bottom-center, center, middle-left",4,"top-left, bottom-left, top-center, middle-right"
193,5,"X marks the bottom-left, O marks the top-center",_|O|_|_|_|_|X|_|_,1,bottom-left,1,top-center
194,1,"X is in the top-center, the middle-left, the center, and the top-left, O is in the bottom-left, the bottom-center, the bottom-right, and the middle-right",X|X|_|X|X|O|O|O|O,4,"top-center, middle-left, center, top-left",4,"bottom-left, bottom-center, bottom-right, middle-right"
195,5,"X marks the bottom-left, the center, and the middle-left, O marks the top-center and bottom-center",_|O|_|X|X|_|X|O|_,3,"bottom-left, center, middle-left",2,"top-center, bottom-center"
196,5,"X marks the middle-right and bottom-center, O marks the bottom-right",_|_|_|_|_|X|_|X|O,2,"middle-right, bottom-center",1,bottom-right
197,4,"X is placed in the bottom-right, the top-center, the middle-right, and the bottom-center, O is placed in the bottom-left, the top-right, the center, and the middle-left",_|X|O|O|O|X|O|X|X,4,"bottom-right, top-center, middle-right, bottom-center",4,"bottom-left, top-right, center, middle-left"
198,1,"X is in the top-left, the bottom-right, and the top-center, O is in the middle-right, the bottom-center, and the center",X|X|_|_|O|O|_|O|X,3,"top-left, bottom-right, top-center",3,"middle-right, bottom-center, center"
199,4,"X is placed in the top-left, O is placed in none",X|_|_|_|_|_|_|_|_,1,top-left,0,
200,4,"X is placed in the bottom-right, the top-left, and the top-right, O is placed in the middle-left and middle-right",X|_|X|O|_|O|_|_|X,3,"bottom-right, top-left, top-right",2,"middle-left, middle-right"
201,1,"X is in the bottom-right, the top-center, and the center, O is in the bottom-left, the top-left, and the middle-left",O|X|_|O|X|_|O|_|X,3,"bottom-right, top-center, center",3,"bottom-left, top-left, middle-left"
202,2,"X has played in the top-right, the middle-left, the bottom-right, the top-left, and the middle-right, O has played in the center, the top-center, the bottom-left, and the bottom-center",X|O|X|X|O|X|O|O|X,5,"top-right, middle-left, bottom-right, top-left, middle-right",4,"center, top-center, bottom-left, bottom-center"
203,1,"X is in the top-center, the center, the top-left, the top-right, and the bottom-center, O is in the bottom-right, the middle-right, the bottom-left, and the middle-left",X|X|X|O|X|O|O|X|O,5,"top-center, center, top-left, top-right, bottom-center",4,"bottom-right, middle-right, bottom-left, middle-left"
204,5,"X marks the middle-left, the center, the top-right, and the bottom-right, O marks the bottom-left, the top-left, and the top-center",O|O|X|X|X|_|O|_|X,4,"middle-left, center, top-right, bottom-right",3,"bottom-left, top-left, top-center"
205,3,"X occupies the center, the bottom-left, the top-center, and the top-right, O occupies the top-left, the middle-right, and the bottom-center",O|X|X|_|X|O|X|O|_,4,"center, bottom-left, top-center, top-right",3,"top-left, middle-right, bottom-center"
206,3,"X occupies the middle-right, the bottom-right, the bottom-center, and the top-left, O occupies the bottom-left, the top-right, and the center",X|_|O|_|O|X|O|X|X,4,"middle-right, bottom-right, bottom-center, top-left",3,"bottom-left, top-right, center"
207,2,"X has played in the top-left and center, O has played in the bottom-left and middle-right",X|_|_|_|X|O|O|_|_,2,"top-left, center",2,"bottom-left, middle-right"
208,4,"X is placed in the bottom-left, the top-left, and the middle-left, O is placed in the top-right, the top-center, and the bottom-right",X|O|O|X|_|_|X|_|O,3,"bottom-left, top-left, middle-left",3,"top-right, top-center, bottom-right"
209,1,"X is in the top-right, the middle-right, the center, the bottom-left, and the top-center, O is in the bottom-right, the top-left, the bottom-center, and the middle-left",O|X|X|O|X|X|X|O|O,5,"top-right, middle-right, center, bottom-left, top-center",4,"bottom-right, top-left, bottom-center, middle-left"
210,1,"X is in the top-center, O is in the top-left",O|X|_|_|_|_|_|_|_,1,top-center,1,top-left
211,3,"X occupies the top-left, the center, the bottom-left, and the middle-right, O occupies the top-right, the middle-left, the bottom-center, and the top-center",X|O|O|O|X|X|X|O|_,4,"top-left, center, bottom-left, middle-right",4,"top-right, middle-left, bottom-center, top-center"
212,4,"X is placed in the center, the top-right, and the middle-right, O is placed in the top-center, the bottom-left, and the bottom-right",_|O|X|_|X|X|O|_|O,3,"center, top-right, middle-right",3,"top-center, bottom-left, bottom-right"
213,2,"X has played in the bottom-center, the bottom-left, the bottom-right, the middle-left, and the middle-right, O has played in the top-right, the top-center, the center, and the top-left",O|O|O|X|O|X|X|X|X,5,"bottom-center, bottom-left, bottom-right, middle-left, middle-right",4,"top-right, top-center, center, top-left"
214,1,"X is in the top-center, the top-right, the center, and the bottom-right, O is in the bottom-left, the top-left, the bottom-center, and the middle-right",O|X|X|_|X|O|O|O|X,4,"top-center, top-right, center, bottom-right",4,"bottom-left, top-left, bottom-center, middle-right"
215,5,"X marks the bottom-center, O marks none",_|_|_|_|_|_|_|X|_,1,bottom-center,0,
216,3,"X occupies the top-right, the middle-right, the bottom-center, and the middle-left, O occupies the bottom-left, the top-center, and the bottom-right",_|O|X|X|_|X|O|X|O,4,"top-right, middle-right, bottom-center, middle-left",3,"bottom-left, top-center, bottom-right"
217,5,"X marks the bottom-right, the bottom-left, and the top-right, O marks the top-center, the center, and the middle-right",_|O|X|_|O|O|X|_|X,3,"bottom-right, bottom-left, top-right",3,"top-center, center, middle-right"
218,5,"X marks the center and bottom-left, O marks the middle-left",_|_|_|O|X|_|X|_|_,2,"center, bottom-left",1,middle-left
219,4,"X is placed in the top-right, the top-center, and the middle-right, O is placed in the top-left and middle-left",O|X|X|O|_|X|_|_|_,3,"top-right, top-center, middle-right",2,"top-left, middle-left"
220,2,"X has played in the bottom-right, the bottom-center, the middle-right, the top-left, and the bottom-left, O has played in the middle-left, the top-right, the top-center, and the center",X|O|O|O|O|X|X|X|X,5,"bottom-right, bottom-center, middle-right, top-left, bottom-left",4,"middle-left, top-right, top-center, center"
221,4,"X is placed in the top-left, the middle-right, the center, the bottom-left, and the middle-left, O is placed in the bottom-center, the top-right, the top-center, and the bottom-right",X|O|O|X|X|X|X|O|O,5,"top-left, middle-right, center, bottom-left, middle-left",4,"bottom-center, top-right, top-center, bottom-right"
222,3,"X occupies the middle-right, the bottom-center, and the center, O occupies the bottom-right and top-right",_|_|O|_|X|X|_|X|O,3,"middle-right, bottom-center, center",2,"bottom-right, top-right"
223,3,"X occupies the top-right, O occupies the middle-right",_|_|X|_|_|O|_|_|_,1,top-right,1,middle-right
224,1,"X is in the center, the bottom-left, the top-right, and the middle-left, O is in the top-left, the middle-right, the top-center, and the bottom-right",O|O|X|X|X|O|X|_|O,4,"center, bottom-left, top-right, middle-left",4,"top-left, middle-right, top-center, bottom-right"
225,4,"X is placed in the middle-left, O is placed in none",_|_|_|X|_|_|_|_|_,1,middle-left,0,
226,4,"X is placed in the center, O is placed in none",_|_|_|_|X|_|_|_|_,1,center,0,
227,5,"X marks the bottom-right, the top-left, the top-center, and the middle-left, O marks the center, the bottom-center, and the bottom-left",X|X|_|X|O|_|O|O|X,4,"bottom-right, top-left, top-center, middle-left",3,"center, bottom-center, bottom-left"
228,1,"X is in the middle-left, the bottom-right, the middle-right, the top-left, and the top-center, O is in the bottom-center, the center, the top-right, and the bottom-left",X|X|O|X|O|X|O|O|X,5,"middle-left, bottom-right, middle-right, top-left, top-center",4,"bottom-center, center, top-right, bottom-left"
229,2,"X has played in the top-right, the middle-left, the bottom-right, the top-left, and the bottom-left, O has played in the center, the top-center, the middle-right, and the bottom-center",X|O|X|X|O|O|X|O|X,5,"top-right, middle-left, bottom-right, top-left, bottom-left",4,"center, top-center, middle-right, bottom-center"
230,5,"X marks the bottom-left, the top-center, and the top-left, O marks the middle-left and middle-right",X|X|_|O|_|O|X|_|_,3,"bottom-left, top-center, top-left",2,"middle-left, middle-right"
231,3,"X occupies the bottom-right, the center, the top-left, the middle-left, and the top-center, O occupies the middle-right, the bottom-left, the bottom-center, and the top-right",X|X|O|X|X|O|O|O|X,5,"bottom-right, center, top-left, middle-left, top-center",4,"middle-right, bottom-left, bottom-center, top-right"
232,5,"X marks the bottom-left, the middle-right, and the bottom-center, O marks the top-center, the center, and the top-right",_|O|O|_|O|X|X|X|_,3,"bottom-left, middle-right, bottom-center",3,"top-center, center, top-right"
233,1,"X is in the top-center, the middle-left, the top-right, the bottom-center, and the center, O is in the bottom-left, the top-left, the bottom-right, and the middle-right",O|X|X|X|X|O|O|X|O,5,"top-center, middle-left, top-right, bottom-center, center",4,"bottom-left, top-left, bottom-right, middle-right"
234,2,"X has played in the center, the bottom-right, and the top-left, O has played in the middle-right and middle-left",X|_|_|O|X|O|_|_|X,3,"center, bottom-right, top-left",2,"middle-right, middle-left"
235,1,"X is in the bottom-right, the bottom-center, and the middle-left, O is in the center, the bottom-left, and the top-left",O|_|_|X|O|_|O|X|X,3,"bottom-right, bottom-center, middle-left",3,"center, bottom-left, top-left"
236,4,"X is placed in the top-right, the bottom-center, the center, and the bottom-left, O is placed in the middle-right, the top-center, and the top-left",O|O|X|_|X|O|X|X|_,4,"top-right, bottom-center, center, bottom-left",3,"middle-right, top-center, top-left"
237,5,"X marks the bottom-left and middle-left, O marks the center and top-center",_|O|_|X|O|_|X|_|_,2,"bottom-left, middle-left",2,"center, top-center"
238,2,"X has played in the top-right and top-center, O has played in the bottom-left",_|X|X|_|_|_|O|_|_,2,"top-right, top-center",1,bottom-left
239,1,"X is in the top-center, the center, the bottom-right, and the bottom-center, O is in the middle-right, the middle-left, the top-left, and the top-right",O|X|O|O|X|O|_|X|X,4,"top-center, center, bottom-right, bottom-center",4,"middle-right, middle-left, top-left, top-right"
240,1,"X is in the top-left, the bottom-right, the middle-left, the middle-right, and the bottom-left, O is in the top-right, the center, the top-center, and the bottom-center",X|O|O|X|O|X|X|O|X,5,"top-left, bottom-right, middle-left, middle-right, bottom-left",4,"top-right, center, top-center, bottom-center"
241,1,"X is in the top-left, the bottom-right, the top-right, and the bottom-left, O is in the bottom-center, the middle-left, the top-center, and the middle-right",X|O|X|O|_|O|X|O|X,4,"top-left, bottom-right, top-right, bottom-left",4,"bottom-center, middle-left, top-center, middle-right"
242,4,"X is placed in the bottom-left, O is placed in none",_|_|_|_|_|_|X|_|_,1,bottom-left,0,
243,4,"X is placed in the bottom-right, the center, the bottom-center, and the top-right, O is placed in the top-left, the top-center, and the bottom-left",O|O|X|_|X|_|O|X|X,4,"bottom-right, center, bottom-center, top-right",3,"top-left, top-center, bottom-left"
244,2,"X has played in the top-center, the center, the bottom-left, the bottom-right, and the bottom-center, O has played in the top-left, the top-right, the middle-right, and the middle-left",O|X|O|O|X|O|X|X|X,5,"top-center, center, bottom-left, bottom-right, bottom-center",4,"top-left, top-right, middle-right, middle-left"
245,1,"X is in the top-left, the top-right, the middle-right, the center, and the top-center, O is in the bottom-left, the bottom-center, the middle-left, and the bottom-right",X|X|X|O|X|X|O|O|O,5,"top-left, top-right, middle-right, center, top-center",4,"bottom-left, bottom-center, middle-left, bottom-right"
246,1,"X is in the bottom-right, the middle-right, the top-left, and the top-right, O is in the top-center, the bottom-center, and the center",X|O|X|_|O|X|_|O|X,4,"bottom-right, middle-right, top-left, top-right",3,"top-center, bottom-center, center"
247,1,"X is in the middle-left, the center, the bottom-right, and the bottom-center, O is in the middle-right, the top-left, the top-center, and the bottom-left",O|O|_|X|X|O|O|X|X,4,"middle-left, center, bottom-right, bottom-center",4,"middle-right, top-left, top-center, bottom-left"
248,5,"X marks the top-right and middle-left, O marks the center",_|_|X|X|O|_|_|_|_,2,"top-right, middle-left",1,center
249,1,"X is in the bottom-left, the top-left, and the center, O is in the top-right, the middle-left, and the top-center",X|O|O|O|X|_|X|_|_,3,"bottom-left, top-left, center",3,"top-right, middle-left, top-center"
250,4,"X is placed in the top-center, the bottom-right, and the top-right, O is placed in the bottom-left and middle-left",_|X|X|O|_|_|O|_|X,3,"top-center, bottom-right, top-right",2,"bottom-left, middle-left"
251,2,"X has played in the top-right, the top-left, the top-center, and the middle-left, O has played in the center, the bottom-center, the bottom-left, and the bottom-right",X|X|X|X|O|_|O|O|O,4,"top-right, top-left, top-center, middle-left",4,"center, bottom-center, bottom-left, bottom-right"
252,2,"X has played in the top-center, the top-right, the bottom-left, and the bottom-center, O has played in the top-left, the center, the middle-left, and the middle-right",O|X|X|O|O|O|X|X|_,4,"top-center, top-right, bottom-left, bottom-center",4,"top-left, center, middle-left, middle-right"
253,3,"X occupies the top-left, the center, and the top-right, O occupies the bottom-left and bottom-center",X|_|X|_|X|_|O|O|_,3,"top-left, center, top-right",2,"bottom-left, bottom-center"
254,3,"X occupies the top-center, the middle-right, and the bottom-right, O occupies the middle-left and bottom-center",_|X|_|O|_|X|_|O|X,3,"top-center, middle-right, bottom-right",2,"middle-left, bottom-center"
255,3,"X occupies the top-right, O occupies none",_|_|X|_|_|_|_|_|_,1,top-right,0,
256,5,"X marks the middle-right and bottom-left, O marks the top-center and top-right",_|O|O|_|_|X|X|_|_,2,"middle-right, bottom-left",2,"top-center, top-right"
257,3,"X occupies the bottom-center, O occupies the bottom-left",_|_|_|_|_|_|O|X|_,1,bottom-center,1,bottom-left
258,5,"X marks the top-right, the bottom-left, the top-left, and the bottom-right, O marks the center, the top-center, the bottom-center, and the middle-left",X|O|X|O|O|_|X|O|X,4,"top-right, bottom-left, top-left, bottom-right",4,"center, top-center, bottom-center, middle-left"
259,3,"X occupies the top-center, the middle-right, the top-right, the center, and the bottom-left, O occupies the bottom-right, the top-left, the middle-left, and the bottom-center",O|X|X|O|X|X|X|O|O,5,"top-center, middle-right, top-right, center, bottom-left",4,"bottom-right, top-left, middle-left, bottom-center"
260,1,"X is in the middle-left, the top-left, the bottom-center, and the top-right, O is in the bottom-right, the middle-right, the top-center, and the bottom-left",X|O|X|X|_|O|O|X|O,4,"middle-left, top-left, bottom-center, top-right",4,"bottom-right, middle-right, top-center, bottom-left"
261,5,"X marks the middle-left, the middle-right, and the center, O marks the bottom-center and top-center",_|O|_|X|X|X|_|O|_,3,"middle-left, middle-right, center",2,"bottom-center, top-center"
262,1,"X is in the center, O is in none",_|_|_|_|X|_|_|_|_,1,center,0,
263,3,"X occupies the top-right, the bottom-center, the bottom-left, and the top-left, O occupies the bottom-right, the middle-left, the top-center, and the center",X|O|X|O|O|_|X|X|O,4,"top-right, bottom-center, bottom-left, top-left",4,"bottom-right, middle-left, top-center, center"
264,2,"X has played in the top-right, the top-center, the bottom-center, and the center, O has played in the middle-right, the bottom-right, the top-left, and the middle-left",O|X|X|O|X|O|_|X|O,4,"top-right, top-center, bottom-center, center",4,"middle-right, bottom-right, top-left, middle-left"
265,3,"X occupies the bottom-center, the top-center, the top-left, and the bottom-right, O occupies the middle-left, the center, and the middle-right",X|X|_|O|O|O|_|X|X,4,"bottom-center, top-center, top-left, bottom-right",3,"middle-left, center, middle-right"
266,4,"X is placed in the bottom-left, the top-right, and the middle-left, O is placed in the top-center, the bottom-center, and the center",_|O|X|X|O|_|X|O|_,3,"bottom-left, top-right, middle-left",3,"top-center, bottom-center, center"
267,4,"X is placed in the top-right and top-center, O is placed in the bottom-right and top-left",O|X|X|_|_|_|_|_|O,2,"top-right, top-center",2,"bottom-right, top-left"
268,1,"X is in the bottom-left, the bottom-center, the middle-left, and the top-center, O is in the bottom-right, the center, the middle-right, and the top-left",O|X|_|X|O|O|X|X|O,4,"bottom-left, bottom-center, middle-left, top-center",4,"bottom-right, center, middle-right, top-left"
269,5,"X marks the top-right, O marks none",_|_|X|_|_|_|_|_|_,1,top-right,0,
270,2,"X has played in the bottom-left, the bottom-center, and the bottom-right, O has played in the top-center and top-left",O|O|_|_|_|_|X|X|X,3,"bottom-left, bottom-center, bottom-right",2,"top-center, top-left"
271,3,"X occupies the top-left, the top-center, and the middle-left, O occupies the center and bottom-center",X|X|_|X|O|_|_|O|_,3,"top-left, top-center, middle-left",2,"center, bottom-center"
272,5,"X marks the bottom-center, the bottom-left, and the top-left, O marks the top-right, the center, and the top-center",X|O|O|_|O|_|X|X|_,3,"bottom-center, bottom-left, top-left",3,"top-right, center, top-center"
273,1,"X is in the top-right, the bottom-center, the top-left, the top-center, and the bottom-right, O is in the bottom-left, the middle-left, the middle-right, and the center",X|X|X|O|O|O|O|X|X,5,"top-right, bottom-center, top-left, top-center, bottom-right",4,"bottom-left, middle-left, middle-right, center"
274,3,"X occupies the bottom-left, the top-right, and the middle-right, O occupies the top-center, the center, and the middle-left",_|O|X|O|O|X|X|_|_,3,"bottom-left, top-right, middle-right",3,"top-center, center, middle-left"
275,2,"X has played in the bottom-right and bottom-center, O has played in the top-right and middle-left",_|_|O|O|_|_|_|X|X,2,"bottom-right, bottom-center",2,"top-right, middle-left"
276,3,"X occupies the top-left and middle-right, O occupies the top-right and bottom-center",X|_|O|_|_|X|_|O|_,2,"top-left, middle-right",2,"top-right, bottom-center"
277,3,"X occupies the top-left, the bottom-right, the middle-right, and the center, O occupies the top-center, the bottom-center, the bottom-left, and the middle-left",X|O|_|O|X|X|O|O|X,4,"top-left, bottom-right, middle-right, center",4,"top-center, bottom-center, bottom-left, middle-left"
278,3,"X occupies the bottom-left, O occupies none",_|_|_|_|_|_|X|_|_,1,bottom-left,0,
279,1,"X is in the top-center, the center, and the bottom-left, O is in the top-right, the middle-left, and the middle-right",_|X|O|O|X|O|X|_|_,3,"top-center, center, bottom-left",3,"top-right, middle-left, middle-right"
280,3,"X occupies the bottom-right, the top-left, the bottom-left, and the bottom-center, O occupies the middle-left, the top-center, the center, and the middle-right",X|O|_|O|O|O|X|X|X,4,"bottom-right, top-left, bottom-left, bottom-center",4,"middle-left, top-center, center, middle-right"
281,2,"X has played in the bottom-right, O has played in the bottom-center",_|_|_|_|_|_|_|O|X,1,bottom-right,1,bottom-center
282,2,"X has played in the top-center, O has played in the bottom-right",_|X|_|_|_|_|_|_|O,1,top-center,1,bottom-right
283,1,"X is in the top-right, the top-center, the bottom-left, the center, and the top-left, O is in the bottom-center, the middle-right, the middle-left, and the bottom-right",X|X|X|O|X|O|X|O|O,5,"top-right, top-center, bottom-left, center, top-left",4,"bottom-center, middle-right, middle-left, bottom-right"
284,1,"X is in the bottom-left, the bottom-right, the center, the middle-right, and the bottom-center, O is in the top-left, the top-right, the top-center, and the middle-left",O|O|O|O|X|X|X|X|X,5,"bottom-left, bottom-right, center, middle-right, bottom-center",4,"top-left, top-right, top-center, middle-left"
285,4,"X is placed in the bottom-right, the middle-left, the top-left, and the middle-right, O is placed in the center, the bottom-left, the top-right, and the top-center",X|O|O|X|O|X|O|_|X,4,"bottom-right, middle-left, top-left, middle-right",4,"center, bottom-left, top-right, top-center"
286,4,"X is placed in the bottom-left and bottom-right, O is placed in the bottom-center",_|_|_|_|_|_|X|O|X,2,"bottom-left, bottom-right",1,bottom-center
287,1,"X is in the bottom-left and bottom-center, O is in the top-right and top-left",O|_|O|_|_|_|X|X|_,2,"bottom-left, bottom-center",2,"top-right, top-left"
288,3,"X occupies the center, the bottom-center, the top-center, and the bottom-left, O occupies the top-left, the top-right, and the middle-left",O|X|O|O|X|_|X|X|_,4,"center, bottom-center, top-center, bottom-left",3,"top-left, top-right, middle-left"
289,2,"X has played in the top-left and middle-right, O has played in the bottom-right and top-right",X|_|O|_|_|X|_|_|O,2,"top-left, middle-right",2,"bottom-right, top-right"
290,1,"X is in the bottom-right, the middle-left, the center, and the top-center, O is in the bottom-left, the top-right, and the middle-right",_|X|O|X|X|O|O|_|X,4,"bottom-right, middle-left, center, top-center",3,"bottom-left, top-right, middle-right"
291,4,"X is placed in the middle-left, the top-center, the bottom-right, the bottom-left, and the middle-right, O is placed in the center, the top-right, the top-left, and the bottom-center",O|X|O|X|O|X|X|O|X,5,"middle-left, top-center, bottom-right, bottom-left, middle-right",4,"center, top-right, top-left, bottom-center"
292,2,"X has played in the middle-right, the bottom-left, the top-right, and the bottom-center, O has played in the top-left, the middle-left, the bottom-right, and the top-center",O|O|X|O|_|X|X|X|O,4,"middle-right, bottom-left, top-right, bottom-center",4,"top-left, middle-left, bottom-right, top-center"
293,2,"X has played in the top-left, O has played in the center",X|_|_|_|O|_|_|_|_,1,top-left,1,center
294,2,"X has played in the top-left, the top-center, the bottom-left, the bottom-center, and the top-right, O has played in the center, the middle-right, the bottom-right, and the middle-left",X|X|X|O|O|O|X|X|O,5,"top-left, top-center, bottom-left, bottom-center, top-right",4,"center, middle-right, bottom-right, middle-left"
295,5,"X marks the middle-right, the center, the bottom-left, the top-right, and the middle-left, O marks the bottom-right, the top-center, the bottom-center, and the top-left",O|O|X|X|X|X|X|O|O,5,"middle-right, center, bottom-left, top-right, middle-left",4,"bottom-right, top-center, bottom-center, top-left"
296,4,"X is placed in the middle-right, the middle-left, and the top-left, O is placed in the bottom-center, the top-center, and the top-right",X|O|O|X|_|X|_|O|_,3,"middle-right, middle-left, top-left",3,"bottom-center, top-center, top-right"
297,5,"X marks the bottom-center, the bottom-left, and the middle-left, O marks the top-left, the top-center, and the center",O|O|_|X|O|_|X|X|_,3,"bottom-center, bottom-left, middle-left",3,"top-left, top-center, center"
298,3,"X occupies the top-center, the bottom-center, the top-right, and the top-left, O occupies the bottom-left, the bottom-right, the middle-right, and the center",X|X|X|_|O|O|O|X|O,4,"top-center, bottom-center, top-right, top-left",4,"bottom-left, bottom-right, middle-right, center"
299,4,"X is placed in the bottom-left, O is placed in the middle-right",_|_|_|_|_|O|X|_|_,1,bottom-left,1,middle-right
300,2,"X has played in the middle-right, the bottom-right, the top-right, and the center, O has played in the middle-left, the top-left, the top-center, and the bottom-center",O|O|X|O|X|X|_|O|X,4,"middle-right, bottom-right, top-right, center",4,"middle-left, top-left, top-center, bottom-center"
301,1,"X is in the bottom-left, the middle-right, the bottom-right, and the top-left, O is in the center, the middle-left, the top-right, and the bottom-center",X|_|O|O|O|X|X|O|X,4,"bottom-left, middle-right, bottom-right, top-left",4,"center, middle-left, top-right, bottom-center"
302,4,"X is placed in the bottom-center, the center, the middle-right, and the top-right, O is placed in the middle-left, the top-left, the bottom-left, and the bottom-right",O|_|X|O|X|X|O|X|O,4,"bottom-center, center, middle-right, top-right",4,"middle-left, top-left, bottom-left, bottom-right"
303,5,"X marks the top-right and bottom-right, O marks the middle-left and bottom-center",_|_|X|O|_|_|_|O|X,2,"top-right, bottom-right",2,"middle-left, bottom-center"
304,2,"X has played in the top-center, the middle-left, the top-right, and the bottom-left, O has played in the middle-right, the top-left, and the bottom-right",O|X|X|X|_|O|X|_|O,4,"top-center, middle-left, top-right, bottom-left",3,"middle-right, top-left, bottom-right"
305,5,"X marks the middle-left, the middle-right, the bottom-center, and the top-right, O marks the top-left, the top-center, and the bottom-left",O|O|X|X|_|X|O|X|_,4,"middle-left, middle-right, bottom-center, top-right",3,"top-left, top-center, bottom-left"
306,5,"X marks the middle-left, the middle-right, and the top-left, O marks the bottom-right, the top-right, and the bottom-left",X|_|O|X|_|X|O|_|O,3,"middle-left, middle-right, top-left",3,"bottom-right, top-right, bottom-left"
307,5,"X marks the middle-right, the top-center, the top-right, the top-left, and the bottom-left, O marks the center, the bottom-right, the middle-left, and the bottom-center",X|X|X|O|O|X|X|O|O,5,"middle-right, top-center, top-right, top-left, bottom-left",4,"center, bottom-right, middle-left, bottom-center"
308,1,"X is in the bottom-left, the bottom-center, and the top-left, O is in the center and top-right",X|_|O|_|O|_|X|X|_,3,"bottom-left, bottom-center, top-left",2,"center, top-right"
309,2,"X has played in the top-left, the middle-right, and the bottom-right, O has played in the top-center, the center, and the bottom-left",X|O|_|_|O|X|O|_|X,3,"top-left, middle-right, bottom-right",3,"top-center, center, bottom-left"
310,5,"X marks the top-center, the bottom-center, and the top-right, O marks the middle-right and bottom-right",_|X|X|_|_|O|_|X|O,3,"top-center, bottom-center, top-right",2,"middle-right, bottom-right"
311,5,"X marks the bottom-right, O marks the top-left",O|_|_|_|_|_|_|_|X,1,bottom-right,1,top-left
312,4,"X is placed in the center, the middle-left, and the bottom-left, O is placed in the top-right, the bottom-right, and the top-left",O|_|O|X|X|_|X|_|O,3,"center, middle-left, bottom-left",3,"top-right, bottom-right, top-left"
313,5,"X marks the bottom-right, the top-right, and the middle-right, O marks the center, the bottom-center, and the top-center",_|O|X|_|O|X|_|O|X,3,"bottom-right, top-right, middle-right",3,"center, bottom-center, top-center"
314,2,"X has played in the top-right, the top-left, the bottom-center, and the middle-right, O has played in the center, the top-center, the middle-left, and the bottom-right",X|O|X|O|O|X|_|X|O,4,"top-right, top-left, bottom-center, middle-right",4,"center, top-center, middle-left, bottom-right"
315,3,"X occupies the middle-right, the top-center, and the bottom-left, O occupies the bottom-right, the middle-left, and the center",_|X|_|O|O|X|X|_|O,3,"middle-right, top-center, bottom-left",3,"bottom-right, middle-left, center"
316,2,"X has played in the middle-right, the bottom-right, the top-left, and the top-center, O has played in the middle-left, the bottom-left, and the top-right",X|X|O|O|_|X|O|_|X,4,"middle-right, bottom-right, top-left, top-center",3,"middle-left, bottom-left, top-right"
317,1,"X is in the middle-right and center, O is in the bottom-left",_|_|_|_|X|X|O|_|_,2,"middle-right, center",1,bottom-left
318,4,"X is placed in the bottom-left and top-right, O is placed in the bottom-center and middle-left",_|_|X|O|_|_|X|O|_,2,"bottom-left, top-right",2,"bottom-center, middle-left"
319,3,"X occupies the center, the bottom-center, and the middle-right, O occupies the top-left, the middle-left, and the top-right",O|_|O|O|X|X|_|X|_,3,"center, bottom-center, middle-right",3,"top-left, middle-left, top-right"
320,3,"X occupies the top-center, the bottom-left, the middle-left, and the bottom-center, O occupies the middle-right, the center, the bottom-right, and the top-right",_|X|O|X|O|O|X|X|O,4,"top-center, bottom-left, middle-left, bottom-center",4,"middle-right, center, bottom-right, top-right"
321,1,"X is in the bottom-left, the center, the top-center, the bottom-center, and the bottom-right, O is in the middle-right, the top-right, the middle-left, and the top-left",O|X|O|O|X|O|X|X|X,5,"bottom-left, center, top-center, bottom-center, bottom-right",4,"middle-right, top-right, middle-left, top-left"
322,4,"X is placed in the top-right, O is placed in none",_|_|X|_|_|_|_|_|_,1,top-right,0,
323,1,"X is in the bottom-left, the middle-left, and the bottom-center, O is in the top-right, the top-left, and the middle-right",O|_|O|X|_|O|X|X|_,3,"bottom-left, middle-left, bottom-center",3,"top-right, top-left, middle-right"
324,1,"X is in the bottom-right, the top-center, the middle-left, and the middle-right, O is in the top-left, the center, the top-right, and the bottom-center",O|X|O|X|O|X|_|O|X,4,"bottom-right, top-center, middle-left, middle-right",4,"top-left, center, top-right, bottom-center"
325,1,"X is in the top-center, the middle-left, the bottom-right, and the top-right, O is in the bottom-center, the bottom-left, and the center",_|X|X|X|O|_|O|O|X,4,"top-center, middle-left, bottom-right, top-right",3,"bottom-center, bottom-left, center"
326,5,"X marks the top-left, the middle-left, and the top-center, O marks the bottom-center, the top-right, and the bottom-right",X|X|O|X|_|_|_|O|O,3,"top-left, middle-left, top-center",3,"bottom-center, top-right, bottom-right"
327,3,"X occupies the middle-left, the bottom-left, and the bottom-right, O occupies the middle-right and top-right",_|_|O|X|_|O|X|_|X,3,"middle-left, bottom-left, bottom-right",2,"middle-right, top-right"
328,3,"X occupies the bottom-center, the top-right, the bottom-left, the middle-left, and the top-left, O occupies the middle-right, the top-center, the center, and the bottom-right",X|O|X|X|O|O|X|X|O,5,"bottom-center, top-right, bottom-left, middle-left, top-left",4,"middle-right, top-center, center, bottom-right"
329,5,"X marks the center and top-left, O marks the top-center and middle-right",X|O|_|_|X|O|_|_|_,2,"center, top-left",2,"top-center, middle-right"
330,4,"X is placed in the bottom-left, the top-center, the top-left, and the top-right, O is placed in the middle-right, the bottom-right, and the center",X|X|X|_|O|O|X|_|O,4,"bottom-left, top-center, top-left, top-right",3,"middle-right, bottom-right, center"
331,5,"X marks the top-center, the top-left, and the middle-left, O marks the top-right and center",X|X|O|X|O|_|_|_|_,3,"top-center, top-left, middle-left",2,"top-right, center"
332,3,"X occupies the bottom-center, the top-right, the center, and the middle-right, O occupies the top-center, the bottom-right, the bottom-left, and the top-left",O|O|X|_|X|X|O|X|O,4,"bottom-center, top-right, center, middle-right",4,"top-center, bottom-right, bottom-left, top-left"
333,5,"X marks the bottom-left, the bottom-right, the top-right, the top-left, and the middle-right, O marks the middle-left, the center, the top-center, and the bottom-center",X|O|X|O|O|X|X|O|X,5,"bottom-left, bottom-right, top-right, top-left, middle-right",4,"middle-left, center, top-center, bottom-center"
334,4,"X is placed in the bottom-center, the bottom-right, the bottom-left, and the middle-right, O is placed in the center, the top-center, the middle-left, and the top-right",_|O|O|O|O|X|X|X|X,4,"bottom-center, bottom-right, bottom-left, middle-right",4,"center, top-center, middle-left, top-right"
335,1,"X is in the top-right, the bottom-center, the top-center, and the bottom-left, O is in the middle-right, the top-left, and the center",O|X|X|_|O|O|X|X|_,4,"top-right, bottom-center, top-center, bottom-left",3,"middle-right, top-left, center"
336,1,"X is in the bottom-center, O is in the bottom-right",_|_|_|_|_|_|_|X|O,1,bottom-center,1,bottom-right
337,3,"X occupies the top-left and top-right, O occupies the middle-left",X|_|X|O|_|_|_|_|_,2,"top-left, top-right",1,middle-left
338,4,"X is placed in the middle-left and center, O is placed in the middle-right and top-center",_|O|_|X|X|O|_|_|_,2,"middle-left, center",2,"middle-right, top-center"
339,3,"X occupies the middle-left, the top-left, the bottom-right, and the bottom-left, O occupies the middle-right, the center, and the top-center",X|O|_|X|O|O|X|_|X,4,"middle-left, top-left, bottom-right, bottom-left",3,"middle-right, center, top-center"
340,4,"X is placed in the top-left, the top-right, and the top-center, O is placed in the middle-right, the bottom-center, and the bottom-left",X|X|X|_|_|O|O|O|_,3,"top-left, top-right, top-center",3,"middle-right, bottom-center, bottom-left"
341,4,"X is placed in the bottom-left and top-center, O is placed in the top-right and bottom-right",_|X|O|_|_|_|X|_|O,2,"bottom-left, top-center",2,"top-right, bottom-right"
342,4,"X is placed in the center and bottom-right, O is placed in the top-right",_|_|O|_|X|_|_|_|X,2,"center, bottom-right",1,top-right
343,2,"X has played in the top-left and top-center, O has played in the middle-left and top-right",X|X|O|O|_|_|_|_|_,2,"top-left, top-center",2,"middle-left, top-right"
344,3,"X occupies the center and bottom-center, O occupies the bottom-right",_|_|_|_|X|_|_|X|O,2,"center, bottom-center",1,bottom-right
345,1,"X is in the top-right and middle-left, O is in the middle-right and bottom-left",_|_|X|X|_|O|O|_|_,2,"top-right, middle-left",2,"middle-right, bottom-left"
346,5,"X marks the top-left and center, O marks the bottom-center",X|_|_|_|X|_|_|O|_,2,"top-left, center",1,bottom-center
347,3,"X occupies the bottom-center, the bottom-right, the top-right, and the top-left, O occupies the bottom-left, the center, and the middle-left",X|_|X|O|O|_|O|X|X,4,"bottom-center, bottom-right, top-right, top-left",3,"bottom-left, center, middle-left"
348,5,"X marks the bottom-left and middle-left, O marks the top-left and bottom-right",O|_|_|X|_|_|X|_|O,2,"bottom-left, middle-left",2,"top-left, bottom-right"
349,3,"X occupies the middle-right and middle-left, O occupies the top-right",_|_|O|X|_|X|_|_|_,2,"middle-right, middle-left",1,top-right
350,4,"X is placed in the top-left and middle-right, O is placed in the center and top-center",X|O|_|_|O|X|_|_|_,2,"top-left, middle-right",2,"center, top-center"
351,1,"X is in the bottom-right, the top-left, the top-right, and the top-center, O is in the bottom-center, the bottom-left, and the middle-left",X|X|X|O|_|_|O|O|X,4,"bottom-right, top-left, top-right, top-center",3,"bottom-center, bottom-left, middle-left"
352,2,"X has played in the top-left, the top-right, the middle-left, the bottom-right, and the middle-right, O has played in the bottom-center, the top-center, the center, and the bottom-left",X|O|X|X|O|X|O|O|X,5,"top-left, top-right, middle-left, bottom-right, middle-right",4,"bottom-center, top-center, center, bottom-left"
353,3,"X occupies the top-center, the bottom-left, and the center, O occupies the top-left and middle-left",O|X|_|O|X|_|X|_|_,3,"top-center, bottom-left, center",2,"top-left, middle-left"
354,2,"X has played in the middle-right and middle-left, O has played in the top-center",_|O|_|X|_|X|_|_|_,2,"middle-right, middle-left",1,top-center
355,2,"X has played in the center, the middle-right, the top-left, and the middle-left, O has played in the top-center, the bottom-right, the top-right, and the bottom-left",X|O|O|X|X|X|O|_|O,4,"center, middle-right, top-left, middle-left",4,"top-center, bottom-right, top-right, bottom-left"
356,5,"X marks the top-center, the middle-right, and the bottom-right, O marks the bottom-center, the center, and the top-left",O|X|_|_|O|X|_|O|X,3,"top-center, middle-right, bottom-right",3,"bottom-center, center, top-left"
357,2,"X has played in the bottom-right, the top-right, and the bottom-left, O has played in the center, the top-center, and the middle-left",_|O|X|O|O|_|X|_|X,3,"bottom-right, top-right, bottom-left",3,"center, top-center, middle-left"
358,5,"X marks the center, O marks none",_|_|_|_|X|_|_|_|_,1,center,0,
359,1,"X is in the top-right, the bottom-right, the middle-left, and the top-left, O is in the center, the bottom-center, the bottom-left, and the middle-right",X|_|X|X|O|O|O|O|X,4,"top-right, bottom-right, middle-left, top-left",4,"center, bottom-center, bottom-left, middle-right"
360,1,"X is in the middle-right, the top-right, and the top-left, O is in the bottom-right, the top-center, and the bottom-center",X|O|X|_|_|X|_|O|O,3,"middle-right, top-right, top-left",3,"bottom-right, top-center, bottom-center"
361,5,"X marks the top-left and top-right, O marks the bottom-right and middle-left",X|_|X|O|_|_|_|_|O,2,"top-left, top-right",2,"bottom-right, middle-left"
362,2,"X has played in the top-right, the top-center, and the center, O has played in the middle-right, the bottom-right, and the bottom-left",_|X|X|_|X|O|O|_|O,3,"top-right, top-center, center",3,"middle-right, bottom-right, bottom-left"
363,2,"X has played in the top-left, the top-center, and the bottom-left, O has played in the top-right, the middle-left, and the bottom-right",X|X|O|O|_|_|X|_|O,3,"top-left, top-center, bottom-left",3,"top-right, middle-left, bottom-right"
364,4,"X is placed in the bottom-left and middle-right, O is placed in the top-left and bottom-right",O|_|_|_|_|X|X|_|O,2,"bottom-left, middle-right",2,"top-left, bottom-right"
365,4,"X is placed in the bottom-center and middle-right, O is placed in the middle-left and top-right",_|_|O|O|_|X|_|X|_,2,"bottom-center, middle-right",2,"middle-left, top-right"
366,2,"X has played in the top-left, the bottom-left, the bottom-right, and the top-right, O has played in the center, the bottom-center, and the middle-right",X|_|X|_|O|O|X|O|X,4,"top-left, bottom-left, bottom-right, top-right",3,"center, bottom-center, middle-right"
367,1,"X is in the bottom-right, the top-left, the top-right, and the middle-right, O is in the middle-left, the top-center, and the bottom-left",X|O|X|O|_|X|O|_|X,4,"bottom-right, top-left, top-right, middle-right",3,"middle-left, top-center, bottom-left"
368,4,"X is placed in the middle-left, the bottom-center, the middle-right, the top-center, and the center, O is placed in the top-left, the bottom-left, the bottom-right, and the top-right",O|X|O|X|X|X|O|X|O,5,"middle-left, bottom-center, middle-right, top-center, center",4,"top-left, bottom-left, bottom-right, top-right"
369,4,"X is placed in the bottom-right, the center, and the middle-right, O is placed in the bottom-left, the top-center, and the bottom-center",_|O|_|_|X|X|O|O|X,3,"bottom-right, center, middle-right",3,"bottom-left, top-center, bottom-center"
370,2,"X has played in the bottom-left, the center, the bottom-center, and the top-center, O has played in the top-right, the middle-right, and the top-left",O|X|O|_|X|O|X|X|_,4,"bottom-left, center, bottom-center, top-center",3,"top-right, middle-right, top-left"
371,2,"X has played in the top-right and bottom-left, O has played in the top-center",_|O|X|_|_|_|X|_|_,2,"top-right, bottom-left",1,top-center
372,1,"X is in the middle-left, O is in none",_|_|_|X|_|_|_|_|_,1,middle-left,0,
373,1,"X is in the middle-right and center, O is in the bottom-center",_|_|_|_|X|X|_|O|_,2,"middle-right, center",1,bottom-center
374,5,"X marks the middle-left, the top-center, and the top-right, O marks the bottom-left and bottom-center",_|X|X|X|_|_|O|O|_,3,"middle-left, top-center, top-right",2,"bottom-left, bottom-center"
375,3,"X occupies the center, the bottom-left, the top-left, and the middle-left, O occupies the top-right, the bottom-center, and the top-center",X|O|O|X|X|_|X|O|_,4,"center, bottom-left, top-left, middle-left",3,"top-right, bottom-center, top-center"
376,2,"X has played in the bottom-right, the middle-right, the middle-left, the top-center, and the top-right, O has played in the center, the top-left, the bottom-center, and the bottom-left",O|X|X|X|O|X|O|O|X,5,"bottom-right, middle-right, middle-left, top-center, top-right",4,"center, top-left, bottom-center, bottom-left"
377,1,"X is in the middle-right, O is in the top-left",O|_|_|_|_|X|_|_|_,1,middle-right,1,top-left
378,1,"X is in the middle-right and bottom-right, O is in the bottom-center",_|_|_|_|_|X|_|O|X,2,"middle-right, bottom-right",1,bottom-center
379,4,"X is placed in the bottom-center, the top-left, and the middle-right, O is placed in the middle-left, the center, and the bottom-left",X|_|_|O|O|X|O|X|_,3,"bottom-center, top-left, middle-right",3,"middle-left, center, bottom-left"
380,1,"X is in the bottom-right, O is in none",_|_|_|_|_|_|_|_|X,1,bottom-right,0,
381,3,"X occupies the middle-right, O occupies the bottom-left",_|_|_|_|_|X|O|_|_,1,middle-right,1,bottom-left
382,2,"X has played in the center, the middle-left, and the bottom-right, O has played in the middle-right, the bottom-left, and the bottom-center",_|_|_|X|X|O|O|O|X,3,"center, middle-left, bottom-right",3,"middle-right, bottom-left, bottom-center"
383,1,"X is in the middle-right, O is in the top-right",_|_|O|_|_|X|_|_|_,1,middle-right,1,top-right
384,2,"X has played in the middle-right, O has played in the bottom-left",_|_|_|_|_|X|O|_|_,1,middle-right,1,bottom-left
385,3,"X occupies the top-right and bottom-right, O occupies the center and bottom-left",_|_|X|_|O|_|O|_|X,2,"top-right, bottom-right",2,"center, bottom-left"
386,3,"X occupies the bottom-left, the top-right, and the top-left, O occupies the bottom-center, the top-center, and the bottom-right",X|O|X|_|_|_|X|O|O,3,"bottom-left, top-right, top-left",3,"bottom-center, top-center, bottom-right"
387,1,"X is in the middle-left, the top-right, the bottom-left, the middle-right, and the top-left, O is in the bottom-right, the bottom-center, the center, and the top-center",X|O|X|X|O|X|X|O|O,5,"middle-left, top-right, bottom-left, middle-right, top-left",4,"bottom-right, bottom-center, center, top-center"
388,4,"X is placed in the top-center, the bottom-left, the bottom-right, the top-left, and the middle-right, O is placed in the middle-left, the top-right, the bottom-center, and the center",X|X|O|O|O|X|X|O|X,5,"top-center, bottom-left, bottom-right, top-left, middle-right",4,"middle-left, top-right, bottom-center, center"
389,2,"X has played in the top-center, the center, the bottom-right, and the middle-left, O has played in the middle-right, the bottom-center, and the top-right",_|X|O|X|X|O|_|O|X,4,"top-center, center, bottom-right, middle-left",3,"middle-right, bottom-center, top-right"
390,5,"X marks the bottom-right, the top-left, the top-center, the top-right, and the center, O marks the middle-left, the bottom-center, the bottom-left, and the middle-right",X|X|X|O|X|O|O|O|X,5,"bottom-right, top-left, top-center, top-right, center",4,"middle-left, bottom-center, bottom-left, middle-right"
391,1,"X is in the bottom-left, the top-left, and the top-center, O is in the top-right, the bottom-center, and the middle-left",X|X|O|O|_|_|X|O|_,3,"bottom-left, top-left, top-center",3,"top-right, bottom-center, middle-left"
392,2,"X has played in the top-right, O has played in the center",_|_|X|_|O|_|_|_|_,1,top-right,1,center
393,4,"X is placed in the top-left, O is placed in the center",X|_|_|_|O|_|_|_|_,1,top-left,1,center
394,4,"X is placed in the bottom-left, the middle-left, and the bottom-center, O is placed in the top-center and top-right",_|O|O|X|_|_|X|X|_,3,"bottom-left, middle-left, bottom-center",2,"top-center, top-right"
395,5,"X marks the middle-right, the bottom-right, the middle-left, the top-right, and the top-center, O marks the top-left, the center, the bottom-left, and the bottom-center",O|X|X|X|O|X|O|O|X,5,"middle-right, bottom-right, middle-left, top-right, top-center",4,"top-left, center, bottom-left, bottom-center"
396,4,"X is placed in the bottom-left, O is placed in the top-left",O|_|_|_|_|_|X|_|_,1,bottom-left,1,top-left
397,3,"X occupies the bottom-left and top-center, O occupies the top-right",_|X|O|_|_|_|X|_|_,2,"bottom-left, top-center",1,top-right
398,1,"X is in the top-right, the top-left, the middle-left, and the middle-right, O is in the bottom-left, the center, the bottom-center, and the bottom-right",X|_|X|X|O|X|O|O|O,4,"top-right, top-left, middle-left, middle-right",4,"bottom-left, center, bottom-center, bottom-right"
399,2,"X has played in the bottom-right, the top-right, the center, and the middle-left, O has played in the bottom-center, the top-left, the middle-right, and the top-center",O|O|X|X|X|O|_|O|X,4,"bottom-right, top-right, center, middle-left",4,"bottom-center, top-left, middle-right, top-center"
400,5,"X marks the top-center, the top-right, and the bottom-center, O marks the middle-left, the middle-right, and the bottom-right",_|X|X|O|_|O|_|X|O,3,"top-center, top-right, bottom-center",3,"middle-left, middle-right, bottom-right"
401,5,"X marks the bottom-center, the bottom-left, the top-right, and the middle-left, O marks the bottom-right, the center, the top-left, and the middle-right",O|_|X|X|O|O|X|X|O,4,"bottom-center, bottom-left, top-right, middle-left",4,"bottom-right, center, top-left, middle-right"
402,1,"X is in the top-right, the bottom-center, the center, and the bottom-left, O is in the middle-right, the middle-left, and the top-center",_|O|X|O|X|O|X|X|_,4,"top-right, bottom-center, center, bottom-left",3,"middle-right, middle-left, top-center"
403,5,"X marks the bottom-left, the middle-left, the bottom-right, and the center, O marks the middle-right, the top-center, and the top-left",O|O|_|X|X|O|X|_|X,4,"bottom-left, middle-left, bottom-right, center",3,"middle-right, top-center, top-left"
404,4,"X is placed in the top-right and bottom-right, O is placed in the bottom-center and top-center",_|O|X|_|_|_|_|O|X,2,"top-right, bottom-right",2,"bottom-center, top-center"
405,5,"X marks the middle-left, the bottom-left, the top-right, the top-left, and the middle-right, O marks the bottom-center, the center, the top-center, and the bottom-right",X|O|X|X|O|X|X|O|O,5,"middle-left, bottom-left, top-right, top-left, middle-right",4,"bottom-center, center, top-center, bottom-right"
406,1,"X is in the bottom-right, the top-center, and the center, O is in the bottom-center and top-left",O|X|_|_|X|_|_|O|X,3,"bottom-right, top-center, center",2,"bottom-center, top-left"
407,1,"X is in the top-right, the middle-right, and the middle-left, O is in the bottom-center, the center, and the top-center",_|O|X|X|O|X|_|O|_,3,"top-right, middle-right, middle-left",3,"bottom-center, center, top-center"
408,3,"X occupies the top-left, the top-center, and the center, O occupies the top-right and bottom-left",X|X|O|_|X|_|O|_|_,3,"top-left, top-center, center",2,"top-right, bottom-left"
409,1,"X is in the bottom-right, the bottom-left, the middle-right, the top-center, and the center, O is in the top-left, the middle-left, the bottom-center, and the top-right",O|X|O|O|X|X|X|O|X,5,"bottom-right, bottom-left, middle-right, top-center, center",4,"top-left, middle-left, bottom-center, top-right"
410,2,"X has played in the bottom-right and middle-left, O has played in the center",_|_|_|X|O|_|_|_|X,2,"bottom-right, middle-left",1,center
411,2,"X has played in the top-right, the top-left, and the bottom-left, O has played in the top-center, the bottom-center, and the middle-left",X|O|X|O|_|_|X|O|_,3,"top-right, top-left, bottom-left",3,"top-center, bottom-center, middle-left"
412,3,"X occupies the top-left and middle-left, O occupies the top-center",X|O|_|X|_|_|_|_|_,2,"top-left, middle-left",1,top-center
413,4,"X is placed in the bottom-center, the middle-left, and the top-center, O is placed in the top-right, the bottom-right, and the top-left",O|X|O|X|_|_|_|X|O,3,"bottom-center, middle-left, top-center",3,"top-right, bottom-right, top-left"
414,5,"X marks the top-right, the bottom-left, the middle-right, the middle-left, and the bottom-right, O marks the top-center, the center, the top-left, and the bottom-center",O|O|X|X|O|X|X|O|X,5,"top-right, bottom-left, middle-right, middle-left, bottom-right",4,"top-center, center, top-left, bottom-center"
415,3,"X occupies the top-center, the top-left, and the center, O occupies the bottom-center and middle-right",X|X|_|_|X|O|_|O|_,3,"top-center, top-left, center",2,"bottom-center, middle-right"
416,3,"X occupies the bottom-right and top-left, O occupies the bottom-center",X|_|_|_|_|_|_|O|X,2,"bottom-right, top-left",1,bottom-center
417,4,"X is placed in the bottom-left, O is placed in the middle-left",_|_|_|O|_|_|X|_|_,1,bottom-left,1,middle-left
418,3,"X occupies the bottom-left, the bottom-right, the center, the top-center, and the top-right, O occupies the top-left, the bottom-center, the middle-right, and the middle-left",O|X|X|O|X|O|X|O|X,5,"bottom-left, bottom-right, center, top-center, top-right",4,"top-left, bottom-center, middle-right, middle-left"
419,2,"X has played in the middle-left, the center, the middle-right, the bottom-left, and the top-right, O has played in the bottom-right, the top-left, the top-center, and the bottom-center",O|O|X|X|X|X|X|O|O,5,"middle-left, center, middle-right, bottom-left, top-right",4,"bottom-right, top-left, top-center, bottom-center"
420,3,"X occupies the center and middle-left, O occupies the bottom-center",_|_|_|X|X|_|_|O|_,2,"center, middle-left",1,bottom-center
421,5,"X marks the middle-left, the center, the top-right, the top-center, and the middle-right, O marks the bottom-right, the bottom-center, the top-left, and the bottom-left",O|X|X|X|X|X|O|O|O,5,"middle-left, center, top-right, top-center, middle-right",4,"bottom-right, bottom-center, top-left, bottom-left"
422,2,"X has played in the top-left, the middle-left, and the top-center, O has played in the middle-right, the center, and the top-right",X|X|O|X|O|O|_|_|_,3,"top-left, middle-left, top-center",3,"middle-right, center, top-right"
423,5,"X marks the bottom-center and bottom-left, O marks the center",_|_|_|_|O|_|X|X|_,2,"bottom-center, bottom-left",1,center
424,3,"X occupies the middle-left, the bottom-center, the bottom-right, the middle-right, and the bottom-left, O occupies the top-left, the center, the top-right, and the top-center",O|O|O|X|O|X|X|X|X,5,"middle-left, bottom-center, bottom-right, middle-right, bottom-left",4,"top-left, center, top-right, top-center"
425,2,"X has played in the top-center, the top-left, the bottom-left, the bottom-right, and the top-right, O has played in the center, the bottom-center, the middle-left, and the middle-right",X|X|X|O|O|O|X|O|X,5,"top-center, top-left, bottom-left, bottom-right, top-right",4,"center, bottom-center, middle-left, middle-right"
426,3,"X occupies the middle-left and bottom-right, O occupies the middle-right",_|_|_|X|_|O|_|_|X,2,"middle-left, bottom-right",1,middle-right
427,4,"X is placed in the top-right, the center, the middle-left, the bottom-left, and the bottom-center, O is placed in the top-left, the middle-right, the top-center, and the bottom-right",O|O|X|X|X|O|X|X|O,5,"top-right, center, middle-left, bottom-left, bottom-center",4,"top-left, middle-right, top-center, bottom-right"
428,3,"X occupies the bottom-center and top-right, O occupies the middle-right and middle-left",_|_|X|O|_|O|_|X|_,2,"bottom-center, top-right",2,"middle-right, middle-left"
429,5,"X marks the top-center, O marks the bottom-right",_|X|_|_|_|_|_|_|O,1,top-center,1,bottom-right
430,4,"X is placed in the top-left, the center, the bottom-right, and the bottom-center, O is placed in the bottom-left, the middle-right, and the top-center",X|O|_|_|X|O|O|X|X,4,"top-left, center, bottom-right, bottom-center",3,"bottom-left, middle-right, top-center"
431,5,"X marks the bottom-left, O marks the middle-left",_|_|_|O|_|_|X|_|_,1,bottom-left,1,middle-left
432,1,"X is in the top-center, the middle-right, the middle-left, the center, and the bottom-center, O is in the bottom-left, the top-left, the top-right, and the bottom-right",O|X|O|X|X|X|O|X|O,5,"top-center, middle-right, middle-left, center, bottom-center",4,"bottom-left, top-left, top-right, bottom-right"
433,1,"X is in the top-left, the top-right, the middle-right, the bottom-right, and the center, O is in the bottom-left, the top-center, the middle-left, and the bottom-center",X|O|X|O|X|X|O|O|X,5,"top-left, top-right, middle-right, bottom-right, center",4,"bottom-left, top-center, middle-left, bottom-center"
434,2,"X has played in the center, the top-left, the top-right, and the bottom-right, O has played in the bottom-center, the middle-right, and the middle-left",X|_|X|O|X|O|_|O|X,4,"center, top-left, top-right, bottom-right",3,"bottom-center, middle-right, middle-left"
435,1,"X is in the top-center, the bottom-right, the bottom-left, the middle-right, and the top-left, O is in the center, the middle-left, the bottom-center, and the top-right",X|X|O|O|O|X|X|O|X,5,"top-center, bottom-right, bottom-left, middle-right, top-left",4,"center, middle-left, bottom-center, top-right"
436,1,"X is in the middle-right, O is in the bottom-left",_|_|_|_|_|X|O|_|_,1,middle-right,1,bottom-left
437,4,"X is placed in the top-right, the bottom-center, the middle-left, and the top-center, O is placed in the bottom-left, the middle-right, and the top-left",O|X|X|X|_|O|O|X|_,4,"top-right, bottom-center, middle-left, top-center",3,"bottom-left, middle-right, top-left"
438,2,"X has played in the bottom-right, the top-center, the center, and the bottom-center, O has played in the top-left, the middle-right, and the middle-left",O|X|_|O|X|O|_|X|X,4,"bottom-right, top-center, center, bottom-center",3,"top-left, middle-right, middle-left"
439,3,"X occupies the bottom-center and middle-right, O occupies the bottom-right and center",_|_|_|_|O|X|_|X|O,2,"bottom-center, middle-right",2,"bottom-right, center"
440,3,"X occupies the top-left, the bottom-left, and the middle-left, O occupies the bottom-right and center",X|_|_|X|O|_|X|_|O,3,"top-left, bottom-left, middle-left",2,"bottom-right, center"
441,3,"X occupies the bottom-right, the middle-right, the top-left, and the bottom-center, O occupies the top-center, the bottom-left, the top-right, and the middle-left",X|O|O|O|_|X|O|X|X,4,"bottom-right, middle-right, top-left, bottom-center",4,"top-center, bottom-left, top-right, middle-left"
442,5,"X marks the top-left, the middle-right, the bottom-center, the middle-left, and the top-right, O marks the bottom-right, the top-center, the bottom-left, and the center",X|O|X|X|O|X|O|X|O,5,"top-left, middle-right, bottom-center, middle-left, top-right",4,"bottom-right, top-center, bottom-left, center"
443,5,"X marks the bottom-right and bottom-left, O marks the middle-left",_|_|_|O|_|_|X|_|X,2,"bottom-right, bottom-left",1,middle-left
444,3,"X occupies the bottom-left, the bottom-right, and the middle-left, O occupies the middle-right and top-center",_|O|_|X|_|O|X|_|X,3,"bottom-left, bottom-right, middle-left",2,"middle-right, top-center"
445,5,"X marks the top-right and top-left, O marks the center and middle-left",X|_|X|O|O|_|_|_|_,2,"top-right, top-left",2,"center, middle-left"
446,2,"X has played in the bottom-right, the middle-left, and the middle-right, O has played in the bottom-left and top-right",_|_|O|X|_|X|O|_|X,3,"bottom-right, middle-left, middle-right",2,"bottom-left, top-right"
447,5,"X marks the bottom-center, the center, the top-right, and the middle-left, O marks the top-center, the middle-right, and the bottom-left",_|O|X|X|X|O|O|X|_,4,"bottom-center, center, top-right, middle-left",3,"top-center, middle-right, bottom-left"
448,3,"X occupies the middle-right, the center, and the bottom-right, O occupies the top-left, the top-right, and the top-center",O|O|O|_|X|X|_|_|X,3,"middle-right, center, bottom-right",3,"top-left, top-right, top-center"
449,2,"X has played in the bottom-right, the middle-right, the middle-left, and the bottom-left, O has played in the top-right, the top-center, and the center",_|O|O|X|O|X|X|_|X,4,"bottom-right, middle-right, middle-left, bottom-left",3,"top-right, top-center, center"
450,4,"X is placed in the bottom-left, the middle-right, the top-center, the top-right, and the bottom-center, O is placed in the top-left, the middle-left, the center, and the bottom-right",O|X|X|O|O|X|X|X|O,5,"bottom-left, middle-right, top-center, top-right, bottom-center",4,"top-left, middle-left, center, bottom-right"
451,3,"X occupies the top-center, O occupies none",_|X|_|_|_|_|_|_|_,1,top-center,0,
452,3,"X occupies the top-left, the middle-right, and the center, O occupies the top-center, the top-right, and the bottom-left",X|O|O|_|X|X|O|_|_,3,"top-left, middle-right, center",3,"top-center, top-right, bottom-left"
453,2,"X has played in the middle-left and top-right, O has played in the center",_|_|X|X|O|_|_|_|_,2,"middle-left, top-right",1,center
454,3,"X occupies the bottom-center, the top-left, the middle-right, and the bottom-right, O occupies the middle-left, the bottom-left, and the top-right",X|_|O|O|_|X|O|X|X,4,"bottom-center, top-left, middle-right, bottom-right",3,"middle-left, bottom-left, top-right"
455,2,"X has played in the bottom-right, the middle-right, and the bottom-left, O has played in the top-left, the bottom-center, and the top-center",O|O|_|_|_|X|X|O|X,3,"bottom-right, middle-right, bottom-left",3,"top-left, bottom-center, top-center"
456,1,"X is in the bottom-center, the bottom-left, the top-left, and the top-center, O is in the middle-left, the top-right, and the center",X|X|O|O|O|_|X|X|_,4,"bottom-center, bottom-left, top-left, top-center",3,"middle-left, top-right, center"
457,4,"X is placed in the top-center, the middle-right, and the center, O is placed in the bottom-left, the bottom-right, and the top-left",O|X|_|_|X|X|O|_|O,3,"top-center, middle-right, center",3,"bottom-left, bottom-right, top-left"
458,3,"X occupies the bottom-center, O occupies the bottom-right",_|_|_|_|_|_|_|X|O,1,bottom-center,1,bottom-right
459,3,"X occupies the bottom-left, the middle-left, the top-center, the bottom-center, and the center, O occupies the bottom-right, the top-left, the top-right, and the middle-right",O|X|O|X|X|O|X|X|O,5,"bottom-left, middle-left, top-center, bottom-center, center",4,"bottom-right, top-left, top-right, middle-right"
460,3,"X occupies the top-right, O occupies the bottom-center",_|_|X|_|_|_|_|O|_,1,top-right,1,bottom-center
461,1,"X is in the top-left, the top-center, the bottom-left, the middle-right, and the bottom-center, O is in the center, the middle-left, the top-right, and the bottom-right",X|X|O|O|O|X|X|X|O,5,"top-left, top-center, bottom-left, middle-right, bottom-center",4,"center, middle-left, top-right, bottom-right"
462,1,"X is in the bottom-left, the center, and the middle-left, O is in the top-left and top-center",O|O|_|X|X|_|X|_|_,3,"bottom-left, center, middle-left",2,"top-left, top-center"
463,4,"X is placed in the top-center, the middle-left, and the top-right, O is placed in the top-left, the bottom-left, and the bottom-center",O|X|X|X|_|_|O|O|_,3,"top-center, middle-left, top-right",3,"top-left, bottom-left, bottom-center"
464,2,"X has played in the middle-right, the top-center, the top-left, and the center, O has played in the middle-left, the bottom-left, and the top-right",X|X|O|O|X|X|O|_|_,4,"middle-right, top-center, top-left, center",3,"middle-left, bottom-left, top-right"
465,4,"X is placed in the bottom-center, the bottom-left, and the center, O is placed in the middle-right and top-left",O|_|_|_|X|O|X|X|_,3,"bottom-center, bottom-left, center",2,"middle-right, top-left"
466,1,"X is in the center, O is in the bottom-center",_|_|_|_|X|_|_|O|_,1,center,1,bottom-center
467,2,"X has played in the bottom-right, the top-left, the middle-right, the top-right, and the middle-left, O has played in the bottom-center, the center, the bottom-left, and the top-center",X|O|X|X|O|X|O|O|X,5,"bottom-right, top-left, middle-right, top-right, middle-left",4,"bottom-center, center, bottom-left, top-center"
468,2,"X has played in the bottom-center, the top-left, the bottom-right, and the middle-right, O has played in the top-center, the bottom-left, and the middle-left",X|O|_|O|_|X|O|X|X,4,"bottom-center, top-left, bottom-right, middle-right",3,"top-center, bottom-left, middle-left"
469,2,"X has played in the top-center, the bottom-right, the bottom-center, the top-right, and the middle-right, O has played in the top-left, the bottom-left, the center, and the middle-left",O|X|X|O|O|X|O|X|X,5,"top-center, bottom-right, bottom-center, top-right, middle-right",4,"top-left, bottom-left, center, middle-left"
470,1,"X is in the middle-left and top-right, O is in the bottom-center and middle-right",_|_|X|X|_|O|_|O|_,2,"middle-left, top-right",2,"bottom-center, middle-right"
471,2,"X has played in the middle-left, the bottom-left, the bottom-right, the top-left, and the center, O has played in the top-center, the top-right, the bottom-center, and the middle-right",X|O|O|X|X|O|X|O|X,5,"middle-left, bottom-left, bottom-right, top-left, center",4,"top-center, top-right, bottom-center, middle-right"
472,3,"X occupies the bottom-center, the top-left, the bottom-left, the top-right, and the middle-right, O occupies the top-center, the middle-left, the bottom-right, and the center",X|O|X|O|O|X|X|X|O,5,"bottom-center, top-left, bottom-left, top-right, middle-right",4,"top-center, middle-left, bottom-right, center"
473,3,"X occupies the bottom-left, the top-center, and the top-right, O occupies the center and bottom-right",_|X|X|_|O|_|X|_|O,3,"bottom-left, top-center, top-right",2,"center, bottom-right"
474,3,"X occupies the bottom-right, the top-right, the middle-left, and the top-left, O occupies the middle-right, the center, and the top-center",X|O|X|X|O|O|_|_|X,4,"bottom-right, top-right, middle-left, top-left",3,"middle-right, center, top-center"
475,1,"X is in the top-right and top-center, O is in the center and bottom-center",_|X|X|_|O|_|_|O|_,2,"top-right, top-center",2,"center, bottom-center"
476,5,"X marks the bottom-left, the bottom-right, and the bottom-center, O marks the center, the top-right, and the top-left",O|_|O|_|O|_|X|X|X,3,"bottom-left, bottom-right, bottom-center",3,"center, top-right, top-left"
477,3,"X occupies the bottom-right, the middle-right, and the top-right, O occupies the bottom-left, the middle-left, and the bottom-center",_|_|X|O|_|X|O|O|X,3,"bottom-right, middle-right, top-right",3,"bottom-left, middle-left, bottom-center"
478,2,"X has played in the middle-left, the middle-right, and the bottom-center, O has played in the top-right and bottom-left",_|_|O|X|_|X|O|X|_,3,"middle-left, middle-right, bottom-center",2,"top-right, bottom-left"
479,3,"X occupies the bottom-left, the middle-left, the top-center, and the bottom-center, O occupies the bottom-right, the top-right, the center, and the top-left",O|X|O|X|O|_|X|X|O,4,"bottom-left, middle-left, top-center, bottom-center",4,"bottom-right, top-right, center, top-left"
480,2,"X has played in the top-right, the bottom-left, and the top-center, O has played in the center and bottom-right",_|X|X|_|O|_|X|_|O,3,"top-right, bottom-left, top-center",2,"center, bottom-right"
481,1,"X is in the top-center, the top-right, the middle-left, and the bottom-left, O is in the bottom-center, the middle-right, and the top-left",O|X|X|X|_|O|X|O|_,4,"top-center, top-right, middle-left, bottom-left",3,"bottom-center, middle-right, top-left"
482,3,"X occupies the bottom-left, O occupies the top-right",_|_|O|_|_|_|X|_|_,1,bottom-left,1,top-right
483,4,"X is placed in the middle-right, the bottom-right, the center, and the middle-left, O is placed in the top-center, the top-right, the bottom-left, and the top-left",O|O|O|X|X|X|O|_|X,4,"middle-right, bottom-right, center, middle-left",4,"top-center, top-right, bottom-left, top-left"
484,5,"X marks the center, the top-center, the bottom-left, and the middle-right, O marks the bottom-center, the top-right, and the bottom-right",_|X|O|_|X|X|X|O|O,4,"center, top-center, bottom-left, middle-right",3,"bottom-center, top-right, bottom-right"
485,5,"X marks the middle-left, O marks the bottom-right",_|_|_|X|_|_|_|_|O,1,middle-left,1,bottom-right
486,3,"X occupies the bottom-left, the bottom-center, the middle-left, the top-right, and the center, O occupies the top-left, the bottom-right, the middle-right, and the top-center",O|O|X|X|X|O|X|X|O,5,"bottom-left, bottom-center, middle-left, top-right, center",4,"top-left, bottom-right, middle-right, top-center"
487,3,"X occupies the bottom-center, the middle-left, and the top-left, O occupies the top-center, the bottom-right, and the center",X|O|_|X|O|_|_|X|O,3,"bottom-center, middle-left, top-left",3,"top-center, bottom-right, center"
488,3,"X occupies the top-left, the top-right, and the bottom-left, O occupies the bottom-right and top-center",X|O|X|_|_|_|X|_|O,3,"top-left, top-right, bottom-left",2,"bottom-right, top-center"
489,5,"X marks the bottom-left and top-center, O marks the top-right and middle-right",_|X|O|_|_|O|X|_|_,2,"bottom-left, top-center",2,"top-right, middle-right"
490,4,"X is placed in the bottom-right, the top-left, the bottom-center, and the center, O is placed in the middle-right, the top-center, the middle-left, and the bottom-left",X|O|_|O|X|O|O|X|X,4,"bottom-right, top-left, bottom-center, center",4,"middle-right, top-center, middle-left, bottom-left"
491,5,"X marks the middle-left, the center, the top-right, the top-left, and the top-center, O marks the middle-right, the bottom-center, the bottom-left, and the bottom-right",X|X|X|X|X|O|O|O|O,5,"middle-left, center, top-right, top-left, top-center",4,"middle-right, bottom-center, bottom-left, bottom-right"
492,3,"X occupies the bottom-center, O occupies the top-right",_|_|O|_|_|_|_|X|_,1,bottom-center,1,top-right
493,4,"X is placed in the bottom-center, the bottom-left, the top-center, the bottom-right, and the middle-left, O is placed in the center, the top-right, the middle-right, and the top-left",O|X|O|X|O|O|X|X|X,5,"bottom-center, bottom-left, top-center, bottom-right, middle-left",4,"center, top-right, middle-right, top-left"
494,3,"X occupies the bottom-right, the center, and the bottom-center, O occupies the top-right and top-left",O|_|O|_|X|_|_|X|X,3,"bottom-right, center, bottom-center",2,"top-right, top-left"
495,4,"X is placed in the top-left, the top-center, and the center, O is placed in the bottom-center, the top-right, and the middle-left",X|X|O|O|X|_|_|O|_,3,"top-left, top-center, center",3,"bottom-center, top-right, middle-left"
496,4,"X is placed in the middle-left, the top-right, the middle-right, and the bottom-right, O is placed in the bottom-left, the top-center, and the top-left",O|O|X|X|_|X|O|_|X,4,"middle-left, top-right, middle-right, bottom-right",3,"bottom-left, top-center, top-left"
497,4,"X is placed in the middle-left, the bottom-center, and the top-left, O is placed in the middle-right and bottom-left",X|_|_|X|_|O|O|X|_,3,"middle-left, bottom-center, top-left",2,"middle-right, bottom-left"
498,3,"X occupies the bottom-center, the bottom-right, the top-left, and the bottom-left, O occupies the middle-right, the middle-left, and the center",X|_|_|O|O|O|X|X|X,4,"bottom-center, bottom-right, top-left, bottom-left",3,"middle-right, middle-left, center"
499,4,"X is placed in the middle-left, the center, the bottom-center, and the bottom-left, O is placed in the top-left, the top-right, and the middle-right",O|_|O|X|X|O|X|X|_,4,"middle-left, center, bottom-center, bottom-left",3,"top-left, top-right, middle-right"
500,5,"X marks the top-right, the bottom-center, and the center, O marks the middle-right, the top-left, and the middle-left",O|_|X|O|X|O|_|X|_,3,"top-right, bottom-center, center",3,"middle-right, top-left, middle-left"
501,2,"X has played in the bottom-left, the middle-right, the top-center, the top-left, and the center, O has played in the bottom-center, the middle-left, the top-right, and the bottom-right",X|X|O|O|X|X|X|O|O,5,"bottom-left, middle-right, top-center, top-left, center",4,"bottom-center, middle-left, top-right, bottom-right"
502,4,"X is placed in the bottom-center and center, O is placed in the bottom-right",_|_|_|_|X|_|_|X|O,2,"bottom-center, center",1,bottom-right
503,5,"X marks the bottom-right and middle-right, O marks the top-center and middle-left",_|O|_|O|_|X|_|_|X,2,"bottom-right, middle-right",2,"top-center, middle-left"
504,2,"X has played in the bottom-right, the top-right, and the top-center, O has played in the center and top-left",O|X|X|_|O|_|_|_|X,3,"bottom-right, top-right, top-center",2,"center, top-left"
505,5,"X marks the top-center, the bottom-left, the middle-right, and the center, O marks the top-right, the top-left, the middle-left, and the bottom-right",O|X|O|O|X|X|X|_|O,4,"top-center, bottom-left, middle-right, center",4,"top-right, top-left, middle-left, bottom-right"
506,1,"X is in the top-right, O is in the middle-right",_|_|X|_|_|O|_|_|_,1,top-right,1,middle-right
507,5,"X marks the top-right and middle-right, O marks the top-left",O|_|X|_|_|X|_|_|_,2,"top-right, middle-right",1,top-left
508,2,"X has played in the top-left, O has played in the top-center",X|O|_|_|_|_|_|_|_,1,top-left,1,top-center
509,2,"X has played in the bottom-left and bottom-center, O has played in the center and top-right",_|_|O|_|O|_|X|X|_,2,"bottom-left, bottom-center",2,"center, top-right"
510,4,"X is placed in the center, the bottom-left, the top-right, the top-center, and the bottom-right, O is placed in the middle-right, the top-left, the bottom-center, and the middle-left",O|X|X|O|X|O|X|O|X,5,"center, bottom-left, top-right, top-center, bottom-right",4,"middle-right, top-left, bottom-center, middle-left"
511,4,"X is placed in the bottom-center, the top-right, the top-left, the middle-right, and the bottom-left, O is placed in the top-center, the bottom-right, the middle-left, and the center",X|O|X|O|O|X|X|X|O,5,"bottom-center, top-right, top-left, middle-right, bottom-left",4,"top-center, bottom-right, middle-left, center"
512,2,"X has played in the center, the middle-right, the top-center, the bottom-right, and the middle-left, O has played in the top-left, the top-right, the bottom-left, and the bottom-center",O|X|O|X|X|X|O|O|X,5,"center, middle-right, top-center, bottom-right, middle-left",4,"top-left, top-right, bottom-left, bottom-center"
513,1,"X is in the center, O is in the bottom-left",_|_|_|_|X|_|O|_|_,1,center,1,bottom-left
514,2,"X has played in the middle-right and bottom-center, O has played in the top-right and bottom-left",_|_|O|_|_|X|O|X|_,2,"middle-right, bottom-center",2,"top-right, bottom-left"
515,4,"X is placed in the center, the bottom-right, and the bottom-center, O is placed in the middle-left and bottom-left",_|_|_|O|X|_|O|X|X,3,"center, bottom-right, bottom-center",2,"middle-left, bottom-left"
516,4,"X is placed in the bottom-left and bottom-center, O is placed in the center and middle-left",_|_|_|O|O|_|X|X|_,2,"bottom-left, bottom-center",2,"center, middle-left"
517,2,"X has played in the bottom-right, O has played in the bottom-left",_|_|_|_|_|_|O|_|X,1,bottom-right,1,bottom-left
518,3,"X occupies the bottom-left, the top-left, the bottom-right, and the bottom-center, O occupies the middle-right, the middle-left, and the center",X|_|_|O|O|O|X|X|X,4,"bottom-left, top-left, bottom-right, bottom-center",3,"middle-right, middle-left, center"
519,1,"X is in the middle-left, the bottom-center, and the center, O is in the bottom-left and top-center",_|O|_|X|X|_|O|X|_,3,"middle-left, bottom-center, center",2,"bottom-left, top-center"
520,2,"X has played in the bottom-left and middle-left, O has played in the center",_|_|_|X|O|_|X|_|_,2,"bottom-left, middle-left",1,center
521,4,"X is placed in the top-center, the top-left, and the bottom-right, O is placed in the center and middle-right",X|X|_|_|O|O|_|_|X,3,"top-center, top-left, bottom-right",2,"center, middle-right"
522,1,"X is in the top-left and center, O is in the top-center",X|O|_|_|X|_|_|_|_,2,"top-left, center",1,top-center
523,4,"X is placed in the bottom-left, the top-right, and the middle-right, O is placed in the bottom-center, the bottom-right, and the center",_|_|X|_|O|X|X|O|O,3,"bottom-left, top-right, middle-right",3,"bottom-center, bottom-right, center"
524,3,"X occupies the bottom-left, the top-left, the middle-left, the center, and the middle-right, O occupies the top-center, the top-right, the bottom-center, and the bottom-right",X|O|O|X|X|X|X|O|O,5,"bottom-left, top-left, middle-left, center, middle-right",4,"top-center, top-right, bottom-center, bottom-right"
525,1,"X is in the middle-right and top-center, O is in the bottom-center",_|X|_|_|_|X|_|O|_,2,"middle-right, top-center",1,bottom-center
526,4,"X is placed in the bottom-center, the top-left, and the middle-right, O is placed in the top-right, the center, and the top-center",X|O|O|_|O|X|_|X|_,3,"bottom-center, top-left, middle-right",3,"top-right, center, top-center"
527,2,"X has played in the bottom-right, the top-right, the center, and the top-center, O has played in the middle-left, the bottom-center, and the middle-right",_|X|X|O|X|O|_|O|X,4,"bottom-right, top-right, center, top-center",3,"middle-left, bottom-center, middle-right"
528,1,"X is in the top-right and bottom-center, O is in the top-center and top-left",O|O|X|_|_|_|_|X|_,2,"top-right, bottom-center",2,"top-center, top-left"
529,3,"X occupies the top-right, the center, the bottom-right, and the bottom-left, O occupies the middle-right, the top-center, and the bottom-center",_|O|X|_|X|O|X|O|X,4,"top-right, center, bottom-right, bottom-left",3,"middle-right, top-center, bottom-center"
530,5,"X marks the top-right, the top-left, the middle-left, the middle-right, and the bottom-right, O marks the top-center, the bottom-center, the bottom-left, and the center",X|O|X|X|O|X|O|O|X,5,"top-right, top-left, middle-left, middle-right, bottom-right",4,"top-center, bottom-center, bottom-left, center"
531,5,"X marks the bottom-right, the middle-left, the middle-right, the top-center, and the top-right, O marks the bottom-left, the bottom-center, the top-left, and the center",O|X|X|X|O|X|O|O|X,5,"bottom-right, middle-left, middle-right, top-center, top-right",4,"bottom-left, bottom-center, top-left, center"
532,3,"X occupies the top-left, the bottom-left, the middle-left, the center, and the bottom-right, O occupies the bottom-center, the top-center, the top-right, and the middle-right",X|O|O|X|X|O|X|O|X,5,"top-left, bottom-left, middle-left, center, bottom-right",4,"bottom-center, top-center, top-right, middle-right"
533,1,"X is in the bottom-left and top-center, O is in the top-right",_|X|O|_|_|_|X|_|_,2,"bottom-left, top-center",1,top-right
534,4,"X is placed in the center, the bottom-center, the top-center, and the bottom-left, O is placed in the middle-right, the middle-left, the top-left, and the top-right",O|X|O|O|X|O|X|X|_,4,"center, bottom-center, top-center, bottom-left",4,"middle-right, middle-left, top-left, top-right"
535,3,"X occupies the top-right, the middle-left, the middle-right, and the bottom-center, O occupies the center, the top-left, the bottom-left, and the top-center",O|O|X|X|O|X|O|X|_,4,"top-right, middle-left, middle-right, bottom-center",4,"center, top-left, bottom-left, top-center"
536,4,"X is placed in the bottom-center, the middle-right, and the bottom-left, O is placed in the top-left, the center, and the top-center",O|O|_|_|O|X|X|X|_,3,"bottom-center, middle-right, bottom-left",3,"top-left, center, top-center"
537,4,"X is placed in the top-center and top-right, O is placed in the center and middle-left",_|X|X|O|O|_|_|_|_,2,"top-center, top-right",2,"center, middle-left"
538,1,"X is in the middle-right, the middle-left, and the center, O is in the bottom-left and bottom-right",_|_|_|X|X|X|O|_|O,3,"middle-right, middle-left, center",2,"bottom-left, bottom-right"
539,1,"X is in the top-center and bottom-left, O is in the center",_|X|_|_|O|_|X|_|_,2,"top-center, bottom-left",1,center
540,5,"X marks the bottom-center, the bottom-right, and the top-right, O marks the middle-right, the bottom-left, and the center",_|_|X|_|O|O|O|X|X,3,"bottom-center, bottom-right, top-right",3,"middle-right, bottom-left, center"
541,1,"X is in the center, the middle-left, the middle-right, the top-right, and the top-center, O is in the bottom-right, the top-left, the bottom-left, and the bottom-center",O|X|X|X|X|X|O|O|O,5,"center, middle-left, middle-right, top-right, top-center",4,"bottom-right, top-left, bottom-left, bottom-center"
542,4,"X is placed in the middle-right, the bottom-right, the center, and the bottom-left, O is placed in the bottom-center, the middle-left, and the top-left",O|_|_|O|X|X|X|O|X,4,"middle-right, bottom-right, center, bottom-left",3,"bottom-center, middle-left, top-left"
543,5,"X marks the middle-left, the top-center, and the bottom-center, O marks the bottom-left, the middle-right, and the top-right",_|X|O|X|_|O|O|X|_,3,"middle-left, top-center, bottom-center",3,"bottom-left, middle-right, top-right"
544,4,"X is placed in the bottom-center, O is placed in none",_|_|_|_|_|_|_|X|_,1,bottom-center,0,
545,3,"X occupies the middle-left, the middle-right, and the top-right, O occupies the top-left and bottom-center",O|_|X|X|_|X|_|O|_,3,"middle-left, middle-right, top-right",2,"top-left, bottom-center"
546,4,"X is placed in the bottom-left, O is placed in the center",_|_|_|_|O|_|X|_|_,1,bottom-left,1,center
547,3,"X occupies the middle-right, the top-left, and the bottom-right, O occupies the bottom-center and top-right",X|_|O|_|_|X|_|O|X,3,"middle-right, top-left, bottom-right",2,"bottom-center, top-right"
548,1,"X is in the bottom-left, the top-center, and the top-right, O is in the top-left, the bottom-right, and the middle-right",O|X|X|_|_|O|X|_|O,3,"bottom-left, top-center, top-right",3,"top-left, bottom-right, middle-right"
549,2,"X has played in the bottom-left, the top-left, the middle-right, and the bottom-center, O has played in the bottom-right, the top-center, the center, and the top-right",X|O|O|_|O|X|X|X|O,4,"bottom-left, top-left, middle-right, bottom-center",4,"bottom-right, top-center, center, top-right"
550,4,"X is placed in the middle-left, the center, the top-right, and the bottom-left, O is placed in the middle-right, the top-left, the bottom-right, and the bottom-center",O|_|X|X|X|O|X|O|O,4,"middle-left, center, top-right, bottom-left",4,"middle-right, top-left, bottom-right, bottom-center"
551,5,"X marks the top-center, the top-left, the bottom-right, the middle-right, and the top-right, O marks the bottom-left, the middle-left, the bottom-center, and the center",X|X|X|O|O|X|O|O|X,5,"top-center, top-left, bottom-right, middle-right, top-right",4,"bottom-left, middle-left, bottom-center, center"
552,4,"X is placed in the center, the top-right, the bottom-left, the bottom-center, and the middle-right, O is placed in the top-left, the bottom-right, the middle-left, and the top-center",O|O|X|O|X|X|X|X|O,5,"center, top-right, bottom-left, bottom-center, middle-right",4,"top-left, bottom-right, middle-left, top-center"
553,3,"X occupies the top-right, the bottom-left, and the center, O occupies the bottom-right and top-left",O|_|X|_|X|_|X|_|O,3,"top-right, bottom-left, center",2,"bottom-right, top-left"
554,1,"X is in the bottom-right, the bottom-center, and the middle-left, O is in the top-right, the bottom-left, and the top-left",O|_|O|X|_|_|O|X|X,3,"bottom-right, bottom-center, middle-left",3,"top-right, bottom-left, top-left"
555,1,"X is in the bottom-center, the top-right, the middle-left, and the center, O is in the middle-right, the bottom-right, and the bottom-left",_|_|X|X|X|O|O|X|O,4,"bottom-center, top-right, middle-left, center",3,"middle-right, bottom-right, bottom-left"
556,5,"X marks the center, the top-right, the bottom-center, and the bottom-left, O marks the middle-right, the top-center, the top-left, and the bottom-right",O|O|X|_|X|O|X|X|O,4,"center, top-right, bottom-center, bottom-left",4,"middle-right, top-center, top-left, bottom-right"
557,3,"X occupies the bottom-left, the top-left, the bottom-center, and the middle-right, O occupies the bottom-right, the top-center, and the top-right",X|O|O|_|_|X|X|X|O,4,"bottom-left, top-left, bottom-center, middle-right",3,"bottom-right, top-center, top-right"
558,1,"X is in the middle-right, the bottom-right, and the bottom-left, O is in the top-center and center",_|O|_|_|O|X|X|_|X,3,"middle-right, bottom-right, bottom-left",2,"top-center, center"
559,5,"X marks the middle-right and top-left, O marks the bottom-left",X|_|_|_|_|X|O|_|_,2,"middle-right, top-left",1,bottom-left
560,1,"X is in the bottom-center, the middle-right, and the top-right, O is in the bottom-right and bottom-left",_|_|X|_|_|X|O|X|O,3,"bottom-center, middle-right, top-right",2,"bottom-right, bottom-left"
561,5,"X marks the bottom-left, the top-right, the bottom-right, and the center, O marks the top-left, the middle-left, the bottom-center, and the middle-right",O|_|X|O|X|O|X|O|X,4,"bottom-left, top-right, bottom-right, center",4,"top-left, middle-left, bottom-center, middle-right"
562,2,"X has played in the bottom-center and bottom-right, O has played in the top-right and top-center",_|O|O|_|_|_|_|X|X,2,"bottom-center, bottom-right",2,"top-right, top-center"
563,4,"X is placed in the middle-right and bottom-center, O is placed in the top-right",_|_|O|_|_|X|_|X|_,2,"middle-right, bottom-center",1,top-right
564,4,"X is placed in the bottom-left, the bottom-right, the middle-right, and the top-left, O is placed in the middle-left, the bottom-center, the top-right, and the top-center",X|O|O|O|_|X|X|O|X,4,"bottom-left, bottom-right, middle-right, top-left",4,"middle-left, bottom-center, top-right, top-center"
565,2,"X has played in the middle-right and top-right, O has played in the top-center and bottom-left",_|O|X|_|_|X|O|_|_,2,"middle-right, top-right",2,"top-center, bottom-left"
566,5,"X marks the bottom-right and top-center, O marks the middle-right",_|X|_|_|_|O|_|_|X,2,"bottom-right, top-center",1,middle-right
567,3,"X occupies the top-right, the bottom-center, and the middle-left, O occupies the bottom-right and center",_|_|X|X|O|_|_|X|O,3,"top-right, bottom-center, middle-left",2,"bottom-right, center"
568,2,"X has played in the bottom-right, the top-left, the bottom-center, and the bottom-left, O has played in the middle-left, the middle-right, and the top-center",X|O|_|O|_|O|X|X|X,4,"bottom-right, top-left, bottom-center, bottom-left",3,"middle-left, middle-right, top-center"
569,5,"X marks the middle-right, the top-right, and the top-left, O marks the bottom-right and middle-left",X|_|X|O|_|X|_|_|O,3,"middle-right, top-right, top-left",2,"bottom-right, middle-left"
570,4,"X is placed in the bottom-left, the top-center, the top-left, the bottom-right, and the center, O is placed in the top-right, the middle-left, the middle-right, and the bottom-center",X|X|O|O|X|O|X|O|X,5,"bottom-left, top-center, top-left, bottom-right, center",4,"top-right, middle-left, middle-right, bottom-center"
571,5,"X marks the middle-right, the center, and the top-left, O marks the bottom-right, the middle-left, and the top-center",X|O|_|O|X|X|_|_|O,3,"middle-right, center, top-left",3,"bottom-right, middle-left, top-center"
572,3,"X occupies the bottom-center, the top-center, the bottom-left, the center, and the top-right, O occupies the middle-right, the middle-left, the top-left, and the bottom-right",O|X|X|O|X|O|X|X|O,5,"bottom-center, top-center, bottom-left, center, top-right",4,"middle-right, middle-left, top-left, bottom-right"
573,4,"X is placed in the top-center, the top-left, and the top-right, O is placed in the bottom-center and middle-left",X|X|X|O|_|_|_|O|_,3,"top-center, top-left, top-right",2,"bottom-center, middle-left"
574,3,"X occupies the bottom-right, the top-right, the top-left, and the top-center, O occupies the middle-right, the bottom-center, the middle-left, and the center",X|X|X|O|O|O|_|O|X,4,"bottom-right, top-right, top-left, top-center",4,"middle-right, bottom-center, middle-left, center"
575,2,"X has played in the top-center and middle-left, O has played in the bottom-left",_|X|_|X|_|_|O|_|_,2,"top-center, middle-left",1,bottom-left
576,2,"X has played in the middle-left, the bottom-right, and the middle-right, O has played in the bottom-center and bottom-left",_|_|_|X|_|X|O|O|X,3,"middle-left, bottom-right, middle-right",2,"bottom-center, bottom-left"
577,1,"X is in the bottom-left, the top-right, and the bottom-right, O is in the middle-right and top-left",O|_|X|_|_|O|X|_|X,3,"bottom-left, top-right, bottom-right",2,"middle-right, top-left"
578,4,"X is placed in the bottom-left, the top-right, the top-center, the middle-right, and the center, O is placed in the bottom-right, the top-left, the bottom-center, and the middle-left",O|X|X|O|X|X|X|O|O,5,"bottom-left, top-right, top-center, middle-right, center",4,"bottom-right, top-left, bottom-center, middle-left"
579,4,"X is placed in the top-left, the bottom-center, the top-center, and the middle-right, O is placed in the bottom-left, the top-right, the middle-left, and the center",X|X|O|O|O|X|O|X|_,4,"top-left, bottom-center, top-center, middle-right",4,"bottom-left, top-right, middle-left, center"
580,4,"X is placed in the bottom-center, the top-left, the top-center, and the bottom-left, O is placed in the middle-left, the center, the middle-right, and the top-right",X|X|O|O|O|O|X|X|_,4,"bottom-center, top-left, top-center, bottom-left",4,"middle-left, center, middle-right, top-right"
581,1,"X is in the bottom-right, the middle-right, and the top-left, O is in the top-right and top-center",X|O|O|_|_|X|_|_|X,3,"bottom-right, middle-right, top-left",2,"top-right, top-center"
582,5,"X marks the top-left, the top-right, the middle-left, and the bottom-left, O marks the bottom-center, the middle-right, the bottom-right, and the center",X|_|X|X|O|O|X|O|O,4,"top-left, top-right, middle-left, bottom-left",4,"bottom-center, middle-right, bottom-right, center"
583,4,"X is placed in the bottom-center, the middle-left, the bottom-left, and the center, O is placed in the middle-right, the top-right, and the top-left",O|_|O|X|X|O|X|X|_,4,"bottom-center, middle-left, bottom-left, center",3,"middle-right, top-right, top-left"
584,1,"X is in the top-center, the middle-left, and the bottom-right, O is in the top-right, the bottom-left, and the bottom-center",_|X|O|X|_|_|O|O|X,3,"top-center, middle-left, bottom-right",3,"top-right, bottom-left, bottom-center"
585,4,"X is placed in the top-left, O is placed in the top-center",X|O|_|_|_|_|_|_|_,1,top-left,1,top-center
586,3,"X occupies the middle-left, O occupies the top-center",_|O|_|X|_|_|_|_|_,1,middle-left,1,top-center
587,5,"X marks the middle-right, O marks the bottom-center",_|_|_|_|_|X|_|O|_,1,middle-right,1,bottom-center
588,1,"X is in the middle-left, the top-left, the top-center, and the top-right, O is in the bottom-right, the center, and the bottom-left",X|X|X|X|O|_|O|_|O,4,"middle-left, top-left, top-center, top-right",3,"bottom-right, center, bottom-left"
589,4,"X is placed in the middle-right, the top-left, the bottom-right, the bottom-left, and the top-right, O is placed in the middle-left, the top-center, the center, and the bottom-center",X|O|X|O|O|X|X|O|X,5,"middle-right, top-left, bottom-right, bottom-left, top-right",4,"middle-left, top-center, center, bottom-center"
590,5,"X marks the top-right, O marks the center",_|_|X|_|O|_|_|_|_,1,top-right,1,center
591,5,"X marks the middle-left and middle-right, O marks the bottom-right",_|_|_|X|_|X|_|_|O,2,"middle-left, middle-right",1,bottom-right
592,2,"X has played in the top-center, O has played in the bottom-center",_|X|_|_|_|_|_|O|_,1,top-center,1,bottom-center
593,4,"X is placed in the center and top-left, O is placed in the bottom-center and bottom-right",X|_|_|_|X|_|_|O|O,2,"center, top-left",2,"bottom-center, bottom-right"
594,1,"X is in the center, the top-right, the top-center, the bottom-left, and the middle-left, O is in the bottom-right, the top-left, the bottom-center, and the middle-right",O|X|X|X|X|O|X|O|O,5,"center, top-right, top-center, bottom-left, middle-left",4,"bottom-right, top-left, bottom-center, middle-right"
595,5,"X marks the bottom-left, the middle-right, the bottom-right, the top-left, and the top-center, O marks the top-right, the bottom-center, the middle-left, and the center",X|X|O|O|O|X|X|O|X,5,"bottom-left, middle-right, bottom-right, top-left, top-center",4,"top-right, bottom-center, middle-left, center"
596,4,"X is placed in the bottom-left, the top-right, and the middle-right, O is placed in the top-left and center",O|_|X|_|O|X|X|_|_,3,"bottom-left, top-right, middle-right",2,"top-left, center"
597,4,"X is placed in the top-center and bottom-right, O is placed in the middle-left",_|X|_|O|_|_|_|_|X,2,"top-center, bottom-right",1,middle-left
598,1,"X is in the bottom-center, the middle-right, and the center, O is in the bottom-right and top-right",_|_|O|_|X|X|_|X|O,3,"bottom-center, middle-right, center",2,"bottom-right, top-right"
599,4,"X is placed in the top-center, the top-left, the middle-right, and the bottom-right, O is placed in the bottom-left, the middle-left, the center, and the bottom-center",X|X|_|O|O|X|O|O|X,4,"top-center, top-left, middle-right, bottom-right",4,"bottom-left, middle-left, center, bottom-center"
600,4,"X is placed in the bottom-right, the top-left, and the bottom-center, O is placed in the middle-left and top-right",X|_|O|O|_|_|_|X|X,3,"bottom-right, top-left, bottom-center",2,"middle-left, top-right"
601,1,"X is in the bottom-center and center, O is in the top-center and middle-left",_|O|_|O|X|_|_|X|_,2,"bottom-center, center",2,"top-center, middle-left"
602,2,"X has played in the center, the bottom-right, and the bottom-center, O has played in the bottom-left and top-center",_|O|_|_|X|_|O|X|X,3,"center, bottom-right, bottom-center",2,"bottom-left, top-center"
603,2,"X has played in the top-right and top-left, O has played in the middle-left",X|_|X|O|_|_|_|_|_,2,"top-right, top-left",1,middle-left
604,5,"X marks the top-left and bottom-center, O marks the bottom-left",X|_|_|_|_|_|O|X|_,2,"top-left, bottom-center",1,bottom-left
605,3,"X occupies the top-left, the top-right, the middle-left, and the bottom-left, O occupies the middle-right, the bottom-right, the center, and the top-center",X|O|X|X|O|O|X|_|O,4,"top-left, top-right, middle-left, bottom-left",4,"middle-right, bottom-right, center, top-center"
606,1,"X is in the center, the bottom-center, the middle-right, the top-right, and the top-center, O is in the top-left, the middle-left, the bottom-right, and the bottom-left",O|X|X|O|X|X|O|X|O,5,"center, bottom-center, middle-right, top-right, top-center",4,"top-left, middle-left, bottom-right, bottom-left"
607,5,"X marks the middle-right and bottom-left, O marks the top-right and top-center",_|O|O|_|_|X|X|_|_,2,"middle-right, bottom-left",2,"top-right, top-center"
608,5,"X marks the top-right, the top-center, the bottom-center, and the center, O marks the top-left, the bottom-left, and the middle-right",O|X|X|_|X|O|O|X|_,4,"top-right, top-center, bottom-center, center",3,"top-left, bottom-left, middle-right"
609,1,"X is in the bottom-center, the top-right, and the bottom-left, O is in the bottom-right, the middle-left, and the top-left",O|_|X|O|_|_|X|X|O,3,"bottom-center, top-right, bottom-left",3,"bottom-right, middle-left, top-left"
610,1,"X is in the bottom-right, the top-left, the center, the top-right, and the bottom-center, O is in the top-center, the middle-right, the bottom-left, and the middle-left",X|O|X|O|X|O|O|X|X,5,"bottom-right, top-left, center, top-right, bottom-center",4,"top-center, middle-right, bottom-left, middle-left"
611,1,"X is in the top-right and top-center, O is in the center",_|X|X|_|O|_|_|_|_,2,"top-right, top-center",1,center
612,5,"X marks the bottom-center, the bottom-left, the top-right, and the middle-left, O marks the center, the middle-right, the top-center, and the top-left",O|O|X|X|O|O|X|X|_,4,"bottom-center, bottom-left, top-right, middle-left",4,"center, middle-right, top-center, top-left"
613,2,"X has played in the top-right and bottom-left, O has played in the bottom-right",_|_|X|_|_|_|X|_|O,2,"top-right, bottom-left",1,bottom-right
614,1,"X is in the top-left, the middle-left, the middle-right, the top-center, and the bottom-right, O is in the bottom-center, the center, the bottom-left, and the top-right",X|X|O|X|O|X|O|O|X,5,"top-left, middle-left, middle-right, top-center, bottom-right",4,"bottom-center, center, bottom-left, top-right"
615,5,"X marks the center and top-center, O marks the top-right and middle-left",_|X|O|O|X|_|_|_|_,2,"center, top-center",2,"top-right, middle-left"
616,3,"X occupies the bottom-center and middle-right, O occupies the bottom-right and middle-left",_|_|_|O|_|X|_|X|O,2,"bottom-center, middle-right",2,"bottom-right, middle-left"
617,3,"X occupies the middle-right and center, O occupies the middle-left and bottom-center",_|_|_|O|X|X|_|O|_,2,"middle-right, center",2,"middle-left, bottom-center"
618,2,"X has played in the bottom-left, O has played in the bottom-right",_|_|_|_|_|_|X|_|O,1,bottom-left,1,bottom-right
619,4,"X is placed in the bottom-left, the bottom-right, and the center, O is placed in the top-right, the middle-right, and the top-left",O|_|O|_|X|O|X|_|X,3,"bottom-left, bottom-right, center",3,"top-right, middle-right, top-left"
620,4,"X is placed in the bottom-right, the middle-left, the top-center, and the top-right, O is placed in the bottom-left, the center, and the top-left",O|X|X|X|O|_|O|_|X,4,"bottom-right, middle-left, top-center, top-right",3,"bottom-left, center, top-left"
621,3,"X occupies the bottom-right, the top-center, the bottom-center, and the top-left, O occupies the middle-right, the middle-left, and the top-right",X|X|O|O|_|O|_|X|X,4,"bottom-right, top-center, bottom-center, top-left",3,"middle-right, middle-left, top-right"
622,1,"X is in the middle-left, the bottom-right, and the bottom-left, O is in the middle-right and bottom-center",_|_|_|X|_|O|X|O|X,3,"middle-left, bottom-right, bottom-left",2,"middle-right, bottom-center"
623,3,"X occupies the center, the top-left, the bottom-right, and the top-right, O occupies the bottom-left, the bottom-center, the middle-right, and the middle-left",X|_|X|O|X|O|O|O|X,4,"center, top-left, bottom-right, top-right",4,"bottom-left, bottom-center, middle-right, middle-left"
624,3,"X occupies the bottom-right, the bottom-left, the top-right, the top-left, and the middle-left, O occupies the bottom-center, the top-center, the middle-right, and the center",X|O|X|X|O|O|X|O|X,5,"bottom-right, bottom-left, top-right, top-left, middle-left",4,"bottom-center, top-center, middle-right, center"
625,4,"X is placed in the top-center, the bottom-right, the top-right, and the center, O is placed in the middle-left, the bottom-left, and the top-left",O|X|X|O|X|_|O|_|X,4,"top-center, bottom-right, top-right, center",3,"middle-left, bottom-left, top-left"
626,1,"X is in the center, the bottom-center, and the top-left, O is in the top-center, the bottom-right, and the middle-left",X|O|_|O|X|_|_|X|O,3,"center, bottom-center, top-left",3,"top-center, bottom-right, middle-left"
627,3,"X occupies the middle-right and bottom-center, O occupies the bottom-left and top-left",O|_|_|_|_|X|O|X|_,2,"middle-right, bottom-center",2,"bottom-left, top-left"
628,5,"X marks the top-right and bottom-left, O marks the middle-left",_|_|X|O|_|_|X|_|_,2,"top-right, bottom-left",1,middle-left
629,2,"X has played in the top-center and top-right, O has played in the top-left",O|X|X|_|_|_|_|_|_,2,"top-center, top-right",1,top-left
630,1,"X is in the middle-right, the bottom-right, and the bottom-center, O is in the bottom-left, the center, and the top-center",_|O|_|_|O|X|O|X|X,3,"middle-right, bottom-right, bottom-center",3,"bottom-left, center, top-center"
631,4,"X is placed in the center, the top-right, the top-center, the middle-left, and the bottom-center, O is placed in the bottom-left, the bottom-right, the middle-right, and the top-left",O|X|X|X|X|O|O|X|O,5,"center, top-right, top-center, middle-left, bottom-center",4,"bottom-left, bottom-right, middle-right, top-left"
632,3,"X occupies the top-center, the top-right, the center, and the bottom-left, O occupies the bottom-center, the middle-right, the top-left, and the middle-left",O|X|X|O|X|O|X|O|_,4,"top-center, top-right, center, bottom-left",4,"bottom-center, middle-right, top-left, middle-left"
633,4,"X is placed in the middle-left, the center, the bottom-right, and the top-left, O is placed in the bottom-center, the top-right, the middle-right, and the bottom-left",X|_|O|X|X|O|O|O|X,4,"middle-left, center, bottom-right, top-left",4,"bottom-center, top-right, middle-right, bottom-left"
634,1,"X is in the top-right, the bottom-right, and the center, O is in the middle-right and middle-left",_|_|X|O|X|O|_|_|X,3,"top-right, bottom-right, center",2,"middle-right, middle-left"
635,1,"X is in the bottom-left, the top-right, the bottom-center, and the top-center, O is in the top-left, the middle-right, and the center",O|X|X|_|O|O|X|X|_,4,"bottom-left, top-right, bottom-center, top-center",3,"top-left, middle-right, center"
636,2,"X has played in the center, the top-center, and the middle-left, O has played in the bottom-center, the top-left, and the top-right",O|X|O|X|X|_|_|O|_,3,"center, top-center, middle-left",3,"bottom-center, top-left, top-right"
637,5,"X marks the bottom-center and top-center, O marks the center",_|X|_|_|O|_|_|X|_,2,"bottom-center, top-center",1,center
638,5,"X marks the bottom-left and bottom-right, O marks the top-center and center",_|O|_|_|O|_|X|_|X,2,"bottom-left, bottom-right",2,"top-center, center"
639,4,"X is placed in the center, the top-left, the middle-left, the top-right, and the bottom-left, O is placed in the top-center, the bottom-right, the middle-right, and the bottom-center",X|O|X|X|X|O|X|O|O,5,"center, top-left, middle-left, top-right, bottom-left",4,"top-center, bottom-right, middle-right, bottom-center"
640,4,"X is placed in the top-right, the middle-left, the bottom-right, the top-left, and the bottom-center, O is placed in the bottom-left, the center, the middle-right, and the top-center",X|O|X|X|O|O|O|X|X,5,"top-right, middle-left, bottom-right, top-left, bottom-center",4,"bottom-left, center, middle-right, top-center"
641,3,"X occupies the top-right, the top-left, the bottom-right, the bottom-center, and the bottom-left, O occupies the top-center, the center, the middle-left, and the middle-right",X|O|X|O|O|O|X|X|X,5,"top-right, top-left, bottom-right, bottom-center, bottom-left",4,"top-center, center, middle-left, middle-right"
642,4,"X is placed in the center and top-left, O is placed in the bottom-center",X|_|_|_|X|_|_|O|_,2,"center, top-left",1,bottom-center
643,5,"X marks the bottom-right, the bottom-center, and the top-center, O marks the top-left and center",O|X|_|_|O|_|_|X|X,3,"bottom-right, bottom-center, top-center",2,"top-left, center"
644,2,"X has played in the top-left and middle-right, O has played in the center and bottom-right",X|_|_|_|O|X|_|_|O,2,"top-left, middle-right",2,"center, bottom-right"
645,1,"X is in the bottom-left, the top-right, and the bottom-center, O is in the middle-left and center",_|_|X|O|O|_|X|X|_,3,"bottom-left, top-right, bottom-center",2,"middle-left, center"
646,1,"X is in the middle-right, the bottom-center, the center, the bottom-left, and the middle-left, O is in the bottom-right, the top-center, the top-right, and the top-left",O|O|O|X|X|X|X|X|O,5,"middle-right, bottom-center, center, bottom-left, middle-left",4,"bottom-right, top-center, top-right, top-left"
647,4,"X is placed in the bottom-right, the middle-right, the top-left, the bottom-center, and the top-right, O is placed in the top-center, the center, the bottom-left, and the middle-left",X|O|X|O|O|X|O|X|X,5,"bottom-right, middle-right, top-left, bottom-center, top-right",4,"top-center, center, bottom-left, middle-left"
648,3,"X occupies the middle-left and bottom-center, O occupies the center and top-right",_|_|O|X|O|_|_|X|_,2,"middle-left, bottom-center",2,"center, top-right"
649,4,"X is placed in the bottom-right and top-center, O is placed in the bottom-left",_|X|_|_|_|_|O|_|X,2,"bottom-right, top-center",1,bottom-left
650,4,"X is placed in the middle-right, the bottom-right, the middle-left, the top-left, and the top-center, O is placed in the center, the bottom-left, the top-right, and the bottom-center",X|X|O|X|O|X|O|O|X,5,"middle-right, bottom-right, middle-left, top-left, top-center",4,"center, bottom-left, top-right, bottom-center"
651,2,"X has played in the top-center, the bottom-center, the middle-left, and the top-left, O has played in the top-right, the middle-right, the bottom-right, and the bottom-left",X|X|O|X|_|O|O|X|O,4,"top-center, bottom-center, middle-left, top-left",4,"top-right, middle-right, bottom-right, bottom-left"
652,2,"X has played in the bottom-center, the top-center, the center, and the top-right, O has played in the middle-left, the bottom-left, the top-left, and the middle-right",O|X|X|O|X|O|O|X|_,4,"bottom-center, top-center, center, top-right",4,"middle-left, bottom-left, top-left, middle-right"
653,3,"X occupies the bottom-left, the bottom-right, the middle-left, and the top-center, O occupies the top-left, the bottom-center, the center, and the top-right",O|X|O|X|O|_|X|O|X,4,"bottom-left, bottom-right, middle-left, top-center",4,"top-left, bottom-center, center, top-right"
654,1,"X is in the bottom-center, the top-center, the bottom-left, and the center, O is in the top-left, the middle-right, the top-right, and the middle-left",O|X|O|O|X|O|X|X|_,4,"bottom-center, top-center, bottom-left, center",4,"top-left, middle-right, top-right, middle-left"
655,2,"X has played in the bottom-right, the bottom-left, the bottom-center, and the middle-left, O has played in the top-right, the middle-right, and the center",_|_|O|X|O|O|X|X|X,4,"bottom-right, bottom-left, bottom-center, middle-left",3,"top-right, middle-right, center"
656,3,"X occupies the bottom-right and bottom-center, O occupies the bottom-left and center",_|_|_|_|O|_|O|X|X,2,"bottom-right, bottom-center",2,"bottom-left, center"
657,2,"X has played in the middle-left, the top-left, the top-right, the bottom-left, and the top-center, O has played in the middle-right, the bottom-right, the bottom-center, and the center",X|X|X|X|O|O|X|O|O,5,"middle-left, top-left, top-right, bottom-left, top-center",4,"middle-right, bottom-right, bottom-center, center"
658,4,"X is placed in the bottom-right, the middle-left, the top-left, the center, and the bottom-left, O is placed in the middle-right, the top-center, the top-right, and the bottom-center",X|O|O|X|X|O|X|O|X,5,"bottom-right, middle-left, top-left, center, bottom-left",4,"middle-right, top-center, top-right, bottom-center"
659,4,"X is placed in the bottom-left, the bottom-right, the middle-right, the middle-left, and the top-center, O is placed in the bottom-center, the top-left, the center, and the top-right",O|X|O|X|O|X|X|O|X,5,"bottom-left, bottom-right, middle-right, middle-left, top-center",4,"bottom-center, top-left, center, top-right"
660,5,"X marks the bottom-center and center, O marks the top-center and bottom-left",_|O|_|_|X|_|O|X|_,2,"bottom-center, center",2,"top-center, bottom-left"
661,4,"X is placed in the top-center, the bottom-left, the top-left, and the bottom-center, O is placed in the middle-left, the bottom-right, the top-right, and the center",X|X|O|O|O|_|X|X|O,4,"top-center, bottom-left, top-left, bottom-center",4,"middle-left, bottom-right, top-right, center"
662,3,"X occupies the center, the bottom-right, the top-right, the top-center, and the bottom-center, O occupies the bottom-left, the middle-left, the middle-right, and the top-left",O|X|X|O|X|O|O|X|X,5,"center, bottom-right, top-right, top-center, bottom-center",4,"bottom-left, middle-left, middle-right, top-left"
663,4,"X is placed in the middle-right, the top-left, and the bottom-right, O is placed in the bottom-center, the top-center, and the center",X|O|_|_|O|X|_|O|X,3,"middle-right, top-left, bottom-right",3,"bottom-center, top-center, center"
664,4,"X is placed in the top-right, O is placed in the center",_|_|X|_|O|_|_|_|_,1,top-right,1,center
665,1,"X is in the middle-right, the center, the middle-left, and the bottom-left, O is in the top-right, the top-center, the bottom-center, and the bottom-right",_|O|O|X|X|X|X|O|O,4,"middle-right, center, middle-left, bottom-left",4,"top-right, top-center, bottom-center, bottom-right"
666,2,"X has played in the bottom-center, O has played in the middle-right",_|_|_|_|_|O|_|X|_,1,bottom-center,1,middle-right
667,4,"X is placed in the top-left, O is placed in the middle-left",X|_|_|O|_|_|_|_|_,1,top-left,1,middle-left
668,4,"X is placed in the bottom-center, the top-right, and the center, O is placed in the bottom-right, the top-left, and the bottom-left",O|_|X|_|X|_|O|X|O,3,"bottom-center, top-right, center",3,"bottom-right, top-left, bottom-left"
669,5,"X marks the bottom-right, O marks the bottom-left",_|_|_|_|_|_|O|_|X,1,bottom-right,1,bottom-left
670,3,"X occupies the middle-right, O occupies none",_|_|_|_|_|X|_|_|_,1,middle-right,0,
671,5,"X marks the top-left, O marks none",X|_|_|_|_|_|_|_|_,1,top-left,0,
672,3,"X occupies the center, the top-center, and the top-right, O occupies the top-left and bottom-right",O|X|X|_|X|_|_|_|O,3,"center, top-center, top-right",2,"top-left, bottom-right"
673,5,"X marks the top-left and middle-right, O marks the center",X|_|_|_|O|X|_|_|_,2,"top-left, middle-right",1,center
674,1,"X is in the bottom-center, O is in none",_|_|_|_|_|_|_|X|_,1,bottom-center,0,
675,3,"X occupies the bottom-center, the middle-right, and the bottom-right, O occupies the middle-left, the bottom-left, and the top-right",_|_|O|O|_|X|O|X|X,3,"bottom-center, middle-right, bottom-right",3,"middle-left, bottom-left, top-right"
676,2,"X has played in the bottom-right, O has played in the top-left",O|_|_|_|_|_|_|_|X,1,bottom-right,1,top-left
677,2,"X has played in the bottom-center and top-right, O has played in the center and bottom-left",_|_|X|_|O|_|O|X|_,2,"bottom-center, top-right",2,"center, bottom-left"
678,3,"X occupies the bottom-left and top-right, O occupies the bottom-center",_|_|X|_|_|_|X|O|_,2,"bottom-left, top-right",1,bottom-center
679,4,"X is placed in the center and bottom-center, O is placed in the top-right and bottom-left",_|_|O|_|X|_|O|X|_,2,"center, bottom-center",2,"top-right, bottom-left"
680,1,"X is in the bottom-right and top-left, O is in the center and top-right",X|_|O|_|O|_|_|_|X,2,"bottom-right, top-left",2,"center, top-right"
681,5,"X marks the top-right, the top-center, the top-left, the bottom-right, and the center, O marks the bottom-left, the middle-right, the bottom-center, and the middle-left",X|X|X|O|X|O|O|O|X,5,"top-right, top-center, top-left, bottom-right, center",4,"bottom-left, middle-right, bottom-center, middle-left"
682,4,"X is placed in the bottom-right, the top-left, the center, the top-center, and the bottom-left, O is placed in the middle-left, the bottom-center, the top-right, and the middle-right",X|X|O|O|X|O|X|O|X,5,"bottom-right, top-left, center, top-center, bottom-left",4,"middle-left, bottom-center, top-right, middle-right"
683,4,"X is placed in the bottom-left, the bottom-center, the top-right, the bottom-right, and the top-center, O is placed in the center, the top-left, the middle-right, and the middle-left",O|X|X|O|O|O|X|X|X,5,"bottom-left, bottom-center, top-right, bottom-right, top-center",4,"center, top-left, middle-right, middle-left"
684,3,"X occupies the bottom-center, the top-right, the bottom-left, the top-center, and the center, O occupies the top-left, the middle-left, the bottom-right, and the middle-right",O|X|X|O|X|O|X|X|O,5,"bottom-center, top-right, bottom-left, top-center, center",4,"top-left, middle-left, bottom-right, middle-right"
685,3,"X occupies the bottom-right and center, O occupies the top-right",_|_|O|_|X|_|_|_|X,2,"bottom-right, center",1,top-right
686,2,"X has played in the bottom-center, O has played in the top-left",O|_|_|_|_|_|_|X|_,1,bottom-center,1,top-left
687,1,"X is in the top-right, the middle-left, and the bottom-left, O is in the top-center, the bottom-center, and the top-left",O|O|X|X|_|_|X|O|_,3,"top-right, middle-left, bottom-left",3,"top-center, bottom-center, top-left"
688,1,"X is in the middle-right and middle-left, O is in the top-right and bottom-left",_|_|O|X|_|X|O|_|_,2,"middle-right, middle-left",2,"top-right, bottom-left"
689,4,"X is placed in the top-right, the top-left, the middle-left, and the top-center, O is placed in the middle-right, the bottom-center, the center, and the bottom-right",X|X|X|X|O|O|_|O|O,4,"top-right, top-left, middle-left, top-center",4,"middle-right, bottom-center, center, bottom-right"
690,1,"X is in the middle-right and top-center, O is in the bottom-left",_|X|_|_|_|X|O|_|_,2,"middle-right, top-center",1,bottom-left
691,1,"X is in the middle-left, the middle-right, and the bottom-right, O is in the bottom-left, the bottom-center, and the top-center",_|O|_|X|_|X|O|O|X,3,"middle-left, middle-right, bottom-right",3,"bottom-left, bottom-center, top-center"
692,3,"X occupies the top-right and center, O occupies the bottom-left",_|_|X|_|X|_|O|_|_,2,"top-right, center",1,bottom-left
693,1,"X is in the bottom-right, the top-right, the bottom-center, the bottom-left, and the top-left, O is in the middle-left, the center, the middle-right, and the top-center",X|O|X|O|O|O|X|X|X,5,"bottom-right, top-right, bottom-center, bottom-left, top-left",4,"middle-left, center, middle-right, top-center"
694,3,"X occupies the center and top-left, O occupies the bottom-left",X|_|_|_|X|_|O|_|_,2,"center, top-left",1,bottom-left
695,3,"X occupies the bottom-left, the top-right, the middle-left, the top-center, and the bottom-right, O occupies the middle-right, the center, the bottom-center, and the top-left",O|X|X|X|O|O|X|O|X,5,"bottom-left, top-right, middle-left, top-center, bottom-right",4,"middle-right, center, bottom-center, top-left"
696,3,"X occupies the top-center and middle-left, O occupies the bottom-left and bottom-right",_|X|_|X|_|_|O|_|O,2,"top-center, middle-left",2,"bottom-left, bottom-right"
697,5,"X marks the top-right, the center, the top-left, and the bottom-right, O marks the top-center, the bottom-left, the middle-left, and the middle-right",X|O|X|O|X|O|O|_|X,4,"top-right, center, top-left, bottom-right",4,"top-center, bottom-left, middle-left, middle-right"
698,5,"X marks the bottom-center, the top-center, the top-right, the top-left, and the middle-right, O marks the center, the middle-left, the bottom-left, and the bottom-right",X|X|X|O|O|X|O|X|O,5,"bottom-center, top-center, top-right, top-left, middle-right",4,"center, middle-left, bottom-left, bottom-right"
699,2,"X has played in the center, O has played in the top-right",_|_|O|_|X|_|_|_|_,1,center,1,top-right
700,3,"X occupies the bottom-center, the center, and the bottom-right, O occupies the middle-right and top-left",O|_|_|_|X|O|_|X|X,3,"bottom-center, center, bottom-right",2,"middle-right, top-left"
701,3,"X occupies the bottom-left and middle-right, O occupies the bottom-right and top-right",_|_|O|_|_|X|X|_|O,2,"bottom-left, middle-right",2,"bottom-right, top-right"
702,2,"X has played in the center, the top-right, the middle-left, and the bottom-center, O has played in the top-left, the top-center, and the bottom-left",O|O|X|X|X|_|O|X|_,4,"center, top-right, middle-left, bottom-center",3,"top-left, top-center, bottom-left"
703,1,"X is in the middle-right, the middle-left, the bottom-center, the top-right, and the bottom-left, O is in the top-left, the center, the bottom-right, and the top-center",O|O|X|X|O|X|X|X|O,5,"middle-right, middle-left, bottom-center, top-right, bottom-left",4,"top-left, center, bottom-right, top-center"
704,3,"X occupies the bottom-center, the middle-right, the middle-left, and the bottom-right, O occupies the top-center, the bottom-left, and the top-left",O|O|_|X|_|X|O|X|X,4,"bottom-center, middle-right, middle-left, bottom-right",3,"top-center, bottom-left, top-left"
705,1,"X is in the top-right and bottom-left, O is in the center and top-left",O|_|X|_|O|_|X|_|_,2,"top-right, bottom-left",2,"center, top-left"
706,4,"X is placed in the middle-left, the middle-right, the top-center, the bottom-center, and the bottom-left, O is placed in the top-right, the top-left, the center, and the bottom-right",O|X|O|X|O|X|X|X|O,5,"middle-left, middle-right, top-center, bottom-center, bottom-left",4,"top-right, top-left, center, bottom-right"
707,2,"X has played in the bottom-left and bottom-right, O has played in the center and top-left",O|_|_|_|O|_|X|_|X,2,"bottom-left, bottom-right",2,"center, top-left"
708,4,"X is placed in the top-left, the bottom-left, and the middle-right, O is placed in the bottom-right, the top-right, and the bottom-center",X|_|O|_|_|X|X|O|O,3,"top-left, bottom-left, middle-right",3,"bottom-right, top-right, bottom-center"
709,1,"X is in the bottom-left, O is in the center",_|_|_|_|O|_|X|_|_,1,bottom-left,1,center
710,5,"X marks the top-left, the middle-left, and the center, O marks the top-right and bottom-center",X|_|O|X|X|_|_|O|_,3,"top-left, middle-left, center",2,"top-right, bottom-center"
711,1,"X is in the center, the top-right, the bottom-center, and the middle-right, O is in the bottom-left, the top-left, and the top-center",O|O|X|_|X|X|O|X|_,4,"center, top-right, bottom-center, middle-right",3,"bottom-left, top-left, top-center"
712,1,"X is in the bottom-right and top-left, O is in the bottom-center and middle-right",X|_|_|_|_|O|_|O|X,2,"bottom-right, top-left",2,"bottom-center, middle-right"
713,5,"X marks the top-right, the bottom-right, the middle-left, and the bottom-center, O marks the middle-right, the center, and the bottom-left",_|_|X|X|O|O|O|X|X,4,"top-right, bottom-right, middle-left, bottom-center",3,"middle-right, center, bottom-left"
714,4,"X is placed in the top-center and center, O is placed in the top-right",_|X|O|_|X|_|_|_|_,2,"top-center, center",1,top-right
715,2,"X has played in the top-left, the middle-left, the bottom-center, and the bottom-right, O has played in the middle-right, the center, the top-center, and the bottom-left",X|O|_|X|O|O|O|X|X,4,"top-left, middle-left, bottom-center, bottom-right",4,"middle-right, center, top-center, bottom-left"
716,4,"X is placed in the top-right and top-center, O is placed in the bottom-center and center",_|X|X|_|O|_|_|O|_,2,"top-right, top-center",2,"bottom-center, center"
717,4,"X is placed in the bottom-left and top-center, O is placed in the middle-right",_|X|_|_|_|O|X|_|_,2,"bottom-left, top-center",1,middle-right
718,5,"X marks the bottom-left and top-center, O marks the top-right and middle-left",_|X|O|O|_|_|X|_|_,2,"bottom-left, top-center",2,"top-right, middle-left"
719,2,"X has played in the top-right and top-center, O has played in the top-left and center",O|X|X|_|O|_|_|_|_,2,"top-right, top-center",2,"top-left, center"
720,2,"X has played in the top-left and middle-right, O has played in the top-right",X|_|O|_|_|X|_|_|_,2,"top-left, middle-right",1,top-right
721,5,"X marks the middle-right, the bottom-left, the top-right, and the bottom-center, O marks the middle-left, the bottom-right, the center, and the top-center",_|O|X|O|O|X|X|X|O,4,"middle-right, bottom-left, top-right, bottom-center",4,"middle-left, bottom-right, center, top-center"
722,5,"X marks the middle-right, the middle-left, the bottom-left, and the top-left, O marks the bottom-center, the top-center, and the bottom-right",X|O|_|X|_|X|X|O|O,4,"middle-right, middle-left, bottom-left, top-left",3,"bottom-center, top-center, bottom-right"
723,2,"X has played in the center, the top-right, the top-center, and the bottom-center, O has played in the middle-right, the middle-left, and the bottom-left",_|X|X|O|X|O|O|X|_,4,"center, top-right, top-center, bottom-center",3,"middle-right, middle-left, bottom-left"
724,3,"X occupies the middle-left, the top-left, the bottom-center, the bottom-left, and the bottom-right, O occupies the middle-right, the top-center, the center, and the top-right",X|O|O|X|O|O|X|X|X,5,"middle-left, top-left, bottom-center, bottom-left, bottom-right",4,"middle-right, top-center, center, top-right"
725,5,"X marks the top-left, the middle-right, and the bottom-left, O marks the top-center and bottom-center",X|O|_|_|_|X|X|O|_,3,"top-left, middle-right, bottom-left",2,"top-center, bottom-center"
726,3,"X occupies the top-center, O occupies the center",_|X|_|_|O|_|_|_|_,1,top-center,1,center
727,1,"X is in the bottom-left, the bottom-right, and the middle-right, O is in the top-left, the top-right, and the center",O|_|O|_|O|X|X|_|X,3,"bottom-left, bottom-right, middle-right",3,"top-left, top-right, center"
728,5,"X marks the bottom-left and middle-right, O marks the bottom-center and center",_|_|_|_|O|X|X|O|_,2,"bottom-left, middle-right",2,"bottom-center, center"
729,3,"X occupies the top-center, the middle-right, and the top-right, O occupies the bottom-left and bottom-right",_|X|X|_|_|X|O|_|O,3,"top-center, middle-right, top-right",2,"bottom-left, bottom-right"
730,2,"X has played in the bottom-left and center, O has played in the top-center",_|O|_|_|X|_|X|_|_,2,"bottom-left, center",1,top-center
731,2,"X has played in the bottom-left, the middle-left, the top-left, the bottom-right, and the center, O has played in the top-center, the middle-right, the bottom-center, and the top-right",X|O|O|X|X|O|X|O|X,5,"bottom-left, middle-left, top-left, bottom-right, center",4,"top-center, middle-right, bottom-center, top-right"
732,3,"X occupies the center, O occupies the bottom-left",_|_|_|_|X|_|O|_|_,1,center,1,bottom-left
733,5,"X marks the top-right, the top-left, and the bottom-left, O marks the middle-right, the middle-left, and the top-center",X|O|X|O|_|O|X|_|_,3,"top-right, top-left, bottom-left",3,"middle-right, middle-left, top-center"
734,5,"X marks the bottom-left, the top-left, and the bottom-right, O marks the bottom-center, the top-center, and the top-right",X|O|O|_|_|_|X|O|X,3,"bottom-left, top-left, bottom-right",3,"bottom-center, top-center, top-right"
735,2,"X has played in the top-left, the bottom-center, the middle-right, the center, and the bottom-left, O has played in the top-center, the top-right, the bottom-right, and the middle-left",X|O|O|O|X|X|X|X|O,5,"top-left, bottom-center, middle-right, center, bottom-left",4,"top-center, top-right, bottom-right, middle-left"
736,4,"X is placed in the top-center, the middle-left, and the top-left, O is placed in the middle-right and top-right",X|X|O|X|_|O|_|_|_,3,"top-center, middle-left, top-left",2,"middle-right, top-right"
737,5,"X marks the top-right, the bottom-right, and the bottom-left, O marks the middle-right and top-left",O|_|X|_|_|O|X|_|X,3,"top-right, bottom-right, bottom-left",2,"middle-right, top-left"
738,1,"X is in the top-center and bottom-right, O is in the middle-left",_|X|_|O|_|_|_|_|X,2,"top-center, bottom-right",1,middle-left
739,2,"X has played in the center, O has played in none",_|_|_|_|X|_|_|_|_,1,center,0,
740,5,"X marks the top-right, the middle-right, the bottom-right, and the top-left, O marks the bottom-left, the center, and the middle-left",X|_|X|O|O|X|O|_|X,4,"top-right, middle-right, bottom-right, top-left",3,"bottom-left, center, middle-left"
741,4,"X is placed in the bottom-center, the bottom-right, the middle-left, and the top-center, O is placed in the top-left, the bottom-left, and the top-right",O|X|O|X|_|_|O|X|X,4,"bottom-center, bottom-right, middle-left, top-center",3,"top-left, bottom-left, top-right"
742,5,"X marks the middle-right, the top-center, the top-left, the bottom-center, and the bottom-right, O marks the center, the top-right, the middle-left, and the bottom-left",X|X|O|O|O|X|O|X|X,5,"middle-right, top-center, top-left, bottom-center, bottom-right",4,"center, top-right, middle-left, bottom-left"
743,5,"X marks the center and top-right, O marks the bottom-right",_|_|X|_|X|_|_|_|O,2,"center, top-right",1,bottom-right
744,1,"X is in the top-right, the bottom-right, the top-center, and the top-left, O is in the center, the bottom-center, the middle-left, and the middle-right",X|X|X|O|O|O|_|O|X,4,"top-right, bottom-right, top-center, top-left",4,"center, bottom-center, middle-left, middle-right"
745,4,"X is placed in the center, O is placed in the middle-right",_|_|_|_|X|O|_|_|_,1,center,1,middle-right
746,1,"X is in the middle-right, the top-center, and the bottom-left, O is in the top-right and center",_|X|O|_|O|X|X|_|_,3,"middle-right, top-center, bottom-left",2,"top-right, center"
747,2,"X has played in the top-center, the bottom-left, the bottom-center, and the top-left, O has played in the middle-right, the middle-left, the center, and the top-right",X|X|O|O|O|O|X|X|_,4,"top-center, bottom-left, bottom-center, top-left",4,"middle-right, middle-left, center, top-right"
748,4,"X is placed in the top-center, the top-left, and the bottom-center, O is placed in the bottom-right, the bottom-left, and the top-right",X|X|O|_|_|_|O|X|O,3,"top-center, top-left, bottom-center",3,"bottom-right, bottom-left, top-right"
749,5,"X marks the top-left, the middle-right, the center, the top-center, and the bottom-left, O marks the top-right, the middle-left, the bottom-center, and the bottom-right",X|X|O|O|X|X|X|O|O,5,"top-left, middle-right, center, top-center, bottom-left",4,"top-right, middle-left, bottom-center, bottom-right"
750,3,"X occupies the top-center, the top-right, the bottom-right, the middle-right, and the bottom-center, O occupies the top-left, the bottom-left, the center, and the middle-left",O|X|X|O|O|X|O|X|X,5,"top-center, top-right, bottom-right, middle-right, bottom-center",4,"top-left, bottom-left, center, middle-left"
751,4,"X is placed in the center, the bottom-right, the bottom-left, the middle-right, and the bottom-center, O is placed in the middle-left, the top-left, the top-center, and the top-right",O|O|O|O|X|X|X|X|X,5,"center, bottom-right, bottom-left, middle-right, bottom-center",4,"middle-left, top-left, top-center, top-right"
752,1,"X is in the bottom-right and top-right, O is in the middle-right and center",_|_|X|_|O|O|_|_|X,2,"bottom-right, top-right",2,"middle-right, center"
753,5,"X marks the bottom-right, the center, the middle-right, and the top-center, O marks the bottom-left, the middle-left, the top-right, and the bottom-center",_|X|O|O|X|X|O|O|X,4,"bottom-right, center, middle-right, top-center",4,"bottom-left, middle-left, top-right, bottom-center"
754,5,"X marks the top-left, the middle-left, the bottom-center, the bottom-right, and the middle-right, O marks the top-center, the center, the top-right, and the bottom-left",X|O|O|X|O|X|O|X|X,5,"top-left, middle-left, bottom-center, bottom-right, middle-right",4,"top-center, center, top-right, bottom-left"
755,4,"X is placed in the center and bottom-center, O is placed in the middle-left",_|_|_|O|X|_|_|X|_,2,"center, bottom-center",1,middle-left
756,1,"X is in the bottom-center, the top-center, the bottom-left, the bottom-right, and the middle-right, O is in the center, the top-left, the top-right, and the middle-left",O|X|O|O|O|X|X|X|X,5,"bottom-center, top-center, bottom-left, bottom-right, middle-right",4,"center, top-left, top-right, middle-left"
757,1,"X is in the middle-left and top-left, O is in the bottom-center and middle-right",X|_|_|X|_|O|_|O|_,2,"middle-left, top-left",2,"bottom-center, middle-right"
758,5,"X marks the center, the middle-left, the middle-right, the top-left, and the bottom-right, O marks the top-center, the top-right, the bottom-left, and the bottom-center",X|O|O|X|X|X|O|O|X,5,"center, middle-left, middle-right, top-left, bottom-right",4,"top-center, top-right, bottom-left, bottom-center"
759,2,"X has played in the top-center, the bottom-left, the top-right, and the middle-left, O has played in the center, the bottom-right, and the middle-right",_|X|X|X|O|O|X|_|O,4,"top-center, bottom-left, top-right, middle-left",3,"center, bottom-right, middle-right"
760,2,"X has played in the center, the middle-right, and the top-center, O has played in the middle-left, the bottom-left, and the bottom-center",_|X|_|O|X|X|O|O|_,3,"center, middle-right, top-center",3,"middle-left, bottom-left, bottom-center"
761,4,"X is placed in the bottom-center, the center, the bottom-left, the middle-right, and the middle-left, O is placed in the top-right, the top-center, the top-left, and the bottom-right",O|O|O|X|X|X|X|X|O,5,"bottom-center, center, bottom-left, middle-right, middle-left",4,"top-right, top-center, top-left, bottom-right"
762,2,"X has played in the top-left, the bottom-left, the middle-right, the bottom-right, and the center, O has played in the top-center, the bottom-center, the middle-left, and the top-right",X|O|O|O|X|X|X|O|X,5,"top-left, bottom-left, middle-right, bottom-right, center",4,"top-center, bottom-center, middle-left, top-right"
763,1,"X is in the middle-right, the top-center, the top-right, the middle-left, and the center, O is in the bottom-center, the bottom-right, the bottom-left, and the top-left",O|X|X|X|X|X|O|O|O,5,"middle-right, top-center, top-right, middle-left, center",4,"bottom-center, bottom-right, bottom-left, top-left"
764,1,"X is in the middle-left, O is in the bottom-center",_|_|_|X|_|_|_|O|_,1,middle-left,1,bottom-center
765,4,"X is placed in the middle-left, the middle-right, the bottom-left, and the top-left, O is placed in the top-center, the top-right, the bottom-right, and the bottom-center",X|O|O|X|_|X|X|O|O,4,"middle-left, middle-right, bottom-left, top-left",4,"top-center, top-right, bottom-right, bottom-center"
766,1,"X is in the bottom-center, the middle-left, the middle-right, and the center, O is in the top-left, the top-right, the bottom-left, and the top-center",O|O|O|X|X|X|O|X|_,4,"bottom-center, middle-left, middle-right, center",4,"top-left, top-right, bottom-left, top-center"
767,3,"X occupies the center, the top-center, the top-left, and the middle-right, O occupies the bottom-center, the top-right, the bottom-left, and the bottom-right",X|X|O|_|X|X|O|O|O,4,"center, top-center, top-left, middle-right",4,"bottom-center, top-right, bottom-left, bottom-right"
768,3,"X occupies the bottom-right, the middle-right, the middle-left, and the bottom-left, O occupies the top-right, the top-left, the top-center, and the bottom-center",O|O|O|X|_|X|X|O|X,4,"bottom-right, middle-right, middle-left, bottom-left",4,"top-right, top-left, top-center, bottom-center"
769,2,"X has played in the top-center, the bottom-center, and the center, O has played in the middle-left and bottom-right",_|X|_|O|X|_|_|X|O,3,"top-center, bottom-center, center",2,"middle-left, bottom-right"
770,4,"X is placed in the middle-left and top-right, O is placed in the bottom-center",_|_|X|X|_|_|_|O|_,2,"middle-left, top-right",1,bottom-center
771,4,"X is placed in the top-left, the middle-right, and the bottom-right, O is placed in the bottom-center, the bottom-left, and the center",X|_|_|_|O|X|O|O|X,3,"top-left, middle-right, bottom-right",3,"bottom-center, bottom-left, center"
772,2,"X has played in the top-right, the top-left, the top-center, the bottom-center, and the middle-right, O has played in the bottom-right, the bottom-left, the center, and the middle-left",X|X|X|O|O|X|O|X|O,5,"top-right, top-left, top-center, bottom-center, middle-right",4,"bottom-right, bottom-left, center, middle-left"
773,2,"X has played in the bottom-right and top-left, O has played in the top-right and middle-left",X|_|O|O|_|_|_|_|X,2,"bottom-right, top-left",2,"top-right, middle-left"
774,4,"X is placed in the bottom-right, the center, the bottom-left, and the top-left, O is placed in the top-right, the bottom-center, and the top-center",X|O|O|_|X|_|X|O|X,4,"bottom-right, center, bottom-left, top-left",3,"top-right, bottom-center, top-center"
775,1,"X is in the bottom-center, the top-center, the top-right, and the bottom-left, O is in the bottom-right, the middle-right, the middle-left, and the top-left",O|X|X|O|_|O|X|X|O,4,"bottom-center, top-center, top-right, bottom-left",4,"bottom-right, middle-right, middle-left, top-left"
776,3,"X occupies the middle-right, O occupies the bottom-center",_|_|_|_|_|X|_|O|_,1,middle-right,1,bottom-center
777,3,"X occupies the bottom-left and middle-right, O occupies the top-left and top-right",O|_|O|_|_|X|X|_|_,2,"bottom-left, middle-right",2,"top-left, top-right"
778,5,"X marks the top-right, the middle-right, the top-left, and the bottom-center, O marks the top-center, the bottom-right, and the center",X|O|X|_|O|X|_|X|O,4,"top-right, middle-right, top-left, bottom-center",3,"top-center, bottom-right, center"
779,3,"X occupies the top-left, the center, the top-right, the top-center, and the middle-left, O occupies the bottom-right, the bottom-left, the middle-right, and the bottom-center",X|X|X|X|X|O|O|O|O,5,"top-left, center, top-right, top-center, middle-left",4,"bottom-right, bottom-left, middle-right, bottom-center"
780,5,"X marks the top-center, O marks the bottom-center",_|X|_|_|_|_|_|O|_,1,top-center,1,bottom-center
781,4,"X is placed in the top-center, the top-left, the middle-left, the middle-right, and the bottom-center, O is placed in the center, the top-right, the bottom-right, and the bottom-left",X|X|O|X|O|X|O|X|O,5,"top-center, top-left, middle-left, middle-right, bottom-center",4,"center, top-right, bottom-right, bottom-left"
782,4,"X is placed in the bottom-right, the bottom-center, and the bottom-left, O is placed in the middle-right and middle-left",_|_|_|O|_|O|X|X|X,3,"bottom-right, bottom-center, bottom-left",2,"middle-right, middle-left"
783,5,"X marks the top-right and bottom-right, O marks the bottom-center and middle-right",_|_|X|_|_|O|_|O|X,2,"top-right, bottom-right",2,"bottom-center, middle-right"
784,3,"X occupies the bottom-right, the top-left, the top-center, the top-right, and the middle-right, O occupies the bottom-center, the center, the middle-left, and the bottom-left",X|X|X|O|O|X|O|O|X,5,"bottom-right, top-left, top-center, top-right, middle-right",4,"bottom-center, center, middle-left, bottom-left"
785,3,"X occupies the bottom-left, the bottom-right, the top-left, and the middle-right, O occupies the top-right, the bottom-center, and the center",X|_|O|_|O|X|X|O|X,4,"bottom-left, bottom-right, top-left, middle-right",3,"top-right, bottom-center, center"
786,4,"X is placed in the middle-right, the top-center, the bottom-left, the top-right, and the bottom-center, O is placed in the middle-left, the center, the bottom-right, and the top-left",O|X|X|O|O|X|X|X|O,5,"middle-right, top-center, bottom-left, top-right, bottom-center",4,"middle-left, center, bottom-right, top-left"
787,1,"X is in the bottom-right, the middle-left, and the top-right, O is in the top-left and bottom-left",O|_|X|X|_|_|O|_|X,3,"bottom-right, middle-left, top-right",2,"top-left, bottom-left"
788,3,"X occupies the center, the middle-right, and the bottom-left, O occupies the top-right and bottom-center",_|_|O|_|X|X|X|O|_,3,"center, middle-right, bottom-left",2,"top-right, bottom-center"
789,1,"X is in the middle-right and top-center, O is in the bottom-center and bottom-left",_|X|_|_|_|X|O|O|_,2,"middle-right, top-center",2,"bottom-center, bottom-left"
790,1,"X is in the middle-right, the bottom-left, the top-left, and the center, O is in the top-right, the top-center, the bottom-center, and the middle-left",X|O|O|O|X|X|X|O|_,4,"middle-right, bottom-left, top-left, center",4,"top-right, top-center, bottom-center, middle-left"
791,1,"X is in the middle-left, the middle-right, the center, the top-center, and the bottom-left, O is in the bottom-center, the bottom-right, the top-right, and the top-left",O|X|O|X|X|X|X|O|O,5,"middle-left, middle-right, center, top-center, bottom-left",4,"bottom-center, bottom-right, top-right, top-left"
792,3,"X occupies the top-center, the top-left, and the bottom-left, O occupies the middle-left, the bottom-right, and the middle-right",X|X|_|O|_|O|X|_|O,3,"top-center, top-left, bottom-left",3,"middle-left, bottom-right, middle-right"
793,2,"X has played in the middle-left, O has played in none",_|_|_|X|_|_|_|_|_,1,middle-left,0,
794,3,"X occupies the bottom-right, the top-left, the middle-left, and the middle-right, O occupies the top-center, the bottom-left, the bottom-center, and the center",X|O|_|X|O|X|O|O|X,4,"bottom-right, top-left, middle-left, middle-right",4,"top-center, bottom-left, bottom-center, center"
795,1,"X is in the top-center, the bottom-right, and the middle-right, O is in the bottom-center and middle-left",_|X|_|O|_|X|_|O|X,3,"top-center, bottom-right, middle-right",2,"bottom-center, middle-left"
796,5,"X marks the top-left, the bottom-left, the center, the top-center, and the middle-right, O marks the top-right, the bottom-right, the middle-left, and the bottom-center",X|X|O|O|X|X|X|O|O,5,"top-left, bottom-left, center, top-center, middle-right",4,"top-right, bottom-right, middle-left, bottom-center"
797,3,"X occupies the bottom-center, O occupies none",_|_|_|_|_|_|_|X|_,1,bottom-center,0,
798,2,"X has played in the bottom-left, the bottom-center, and the bottom-right, O has played in the top-right, the top-center, and the middle-left",_|O|O|O|_|_|X|X|X,3,"bottom-left, bottom-center, bottom-right",3,"top-right, top-center, middle-left"
799,2,"X has played in the middle-left, the bottom-right, the middle-right, the top-left, and the bottom-left, O has played in the center, the bottom-center, the top-right, and the top-center",X|O|O|X|O|X|X|O|X,5,"middle-left, bottom-right, middle-right, top-left, bottom-left",4,"center, bottom-center, top-right, top-center"
800,5,"X marks the top-center, the center, the bottom-right, the bottom-left, and the top-right, O marks the middle-right, the middle-left, the top-left, and the bottom-center",O|X|X|O|X|O|X|O|X,5,"top-center, center, bottom-right, bottom-left, top-right",4,"middle-right, middle-left, top-left, bottom-center"
801,1,"X is in the bottom-right, O is in the center",_|_|_|_|O|_|_|_|X,1,bottom-right,1,center
802,5,"X marks the bottom-left, O marks the center",_|_|_|_|O|_|X|_|_,1,bottom-left,1,center
803,4,"X is placed in the center, the bottom-center, and the middle-left, O is placed in the top-center and middle-right",_|O|_|X|X|O|_|X|_,3,"center, bottom-center, middle-left",2,"top-center, middle-right"
804,2,"X has played in the middle-left, the bottom-right, the top-left, the top-center, and the bottom-center, O has played in the middle-right, the top-right, the bottom-left, and the center",X|X|O|X|O|O|O|X|X,5,"middle-left, bottom-right, top-left, top-center, bottom-center",4,"middle-right, top-right, bottom-left, center"
805,4,"X is placed in the top-left, the bottom-right, the top-right, the bottom-center, and the top-center, O is placed in the middle-left, the bottom-left, the middle-right, and the center",X|X|X|O|O|O|O|X|X,5,"top-left, bottom-right, top-right, bottom-center, top-center",4,"middle-left, bottom-left, middle-right, center"
806,2,"X has played in the middle-right, O has played in the top-right",_|_|O|_|_|X|_|_|_,1,middle-right,1,top-right
807,2,"X has played in the top-left, the middle-left, the top-center, and the bottom-right, O has played in the center, the top-right, and the middle-right",X|X|O|X|O|O|_|_|X,4,"top-left, middle-left, top-center, bottom-right",3,"center, top-right, middle-right"
808,4,"X is placed in the bottom-right, the center, the bottom-left, the middle-left, and the middle-right, O is placed in the bottom-center, the top-left, the top-right, and the top-center",O|O|O|X|X|X|X|O|X,5,"bottom-right, center, bottom-left, middle-left, middle-right",4,"bottom-center, top-left, top-right, top-center"
809,4,"X is placed in the center, the middle-right, the top-left, and the bottom-center, O is placed in the top-center, the middle-left, and the top-right",X|O|O|O|X|X|_|X|_,4,"center, middle-right, top-left, bottom-center",3,"top-center, middle-left, top-right"
810,5,"X marks the bottom-left, the top-right, and the bottom-center, O marks the top-center and middle-right",_|O|X|_|_|O|X|X|_,3,"bottom-left, top-right, bottom-center",2,"top-center, middle-right"
811,1,"X is in the middle-right, the bottom-center, and the middle-left, O is in the center, the bottom-right, and the top-left",O|_|_|X|O|X|_|X|O,3,"middle-right, bottom-center, middle-left",3,"center, bottom-right, top-left"
812,5,"X marks the bottom-left and top-right, O marks the top-center",_|O|X|_|_|_|X|_|_,2,"bottom-left, top-right",1,top-center
813,4,"X is placed in the bottom-left, the center, the middle-left, the bottom-center, and the middle-right, O is placed in the top-left, the top-center, the top-right, and the bottom-right",O|O|O|X|X|X|X|X|O,5,"bottom-left, center, middle-left, bottom-center, middle-right",4,"top-left, top-center, top-right, bottom-right"
814,3,"X occupies the bottom-center, the top-left, the bottom-left, the top-center, and the top-right, O occupies the center, the middle-left, the middle-right, and the bottom-right",X|X|X|O|O|O|X|X|O,5,"bottom-center, top-left, bottom-left, top-center, top-right",4,"center, middle-left, middle-right, bottom-right"
815,2,"X has played in the center, the bottom-right, the bottom-left, and the middle-right, O has played in the top-left, the top-center, the bottom-center, and the middle-left",O|O|_|O|X|X|X|O|X,4,"center, bottom-right, bottom-left, middle-right",4,"top-left, top-center, bottom-center, middle-left"
816,5,"X marks the bottom-center and middle-right, O marks the top-left and bottom-right",O|_|_|_|_|X|_|X|O,2,"bottom-center, middle-right",2,"top-left, bottom-right"
817,2,"X has played in the bottom-center, the top-center, the middle-left, the bottom-left, and the bottom-right, O has played in the top-right, the middle-right, the center, and the top-left",O|X|O|X|O|O|X|X|X,5,"bottom-center, top-center, middle-left, bottom-left, bottom-right",4,"top-right, middle-right, center, top-left"
818,1,"X is in the bottom-right, the top-right, the top-center, the top-left, and the bottom-left, O is in the middle-right, the center, the middle-left, and the bottom-center",X|X|X|O|O|O|X|O|X,5,"bottom-right, top-right, top-center, top-left, bottom-left",4,"middle-right, center, middle-left, bottom-center"
819,2,"X has played in the middle-left, the bottom-right, and the middle-right, O has played in the top-center, the center, and the top-right",_|O|O|X|O|X|_|_|X,3,"middle-left, bottom-right, middle-right",3,"top-center, center, top-right"
820,5,"X marks the top-right, the bottom-center, the top-center, and the bottom-left, O marks the middle-left, the middle-right, the bottom-right, and the top-left",O|X|X|O|_|O|X|X|O,4,"top-right, bottom-center, top-center, bottom-left",4,"middle-left, middle-right, bottom-right, top-left"
821,1,"X is in the top-center and center, O is in the bottom-right",_|X|_|_|X|_|_|_|O,2,"top-center, center",1,bottom-right
822,1,"X is in the bottom-right and top-left, O is in the center",X|_|_|_|O|_|_|_|X,2,"bottom-right, top-left",1,center
823,3,"X occupies the top-left, the bottom-left, the middle-right, the top-right, and the bottom-right, O occupies the bottom-center, the top-center, the middle-left, and the center",X|O|X|O|O|X|X|O|X,5,"top-left, bottom-left, middle-right, top-right, bottom-right",4,"bottom-center, top-center, middle-left, center"
824,4,"X is placed in the top-center, the center, the bottom-center, the middle-left, and the top-right, O is placed in the middle-right, the top-left, the bottom-right, and the bottom-left",O|X|X|X|X|O|O|X|O,5,"top-center, center, bottom-center, middle-left, top-right",4,"middle-right, top-left, bottom-right, bottom-left"
825,2,"X has played in the bottom-center and top-center, O has played in the bottom-right and bottom-left",_|X|_|_|_|_|O|X|O,2,"bottom-center, top-center",2,"bottom-right, bottom-left"
826,4,"X is placed in the top-left and top-right, O is placed in the bottom-left",X|_|X|_|_|_|O|_|_,2,"top-left, top-right",1,bottom-left
827,3,"X occupies the middle-left, the center, the top-center, the middle-right, and the bottom-left, O occupies the bottom-center, the top-right, the top-left, and the bottom-right",O|X|O|X|X|X|X|O|O,5,"middle-left, center, top-center, middle-right, bottom-left",4,"bottom-center, top-right, top-left, bottom-right"
828,3,"X occupies the bottom-left, the center, and the middle-left, O occupies the bottom-center and top-right",_|_|O|X|X|_|X|O|_,3,"bottom-left, center, middle-left",2,"bottom-center, top-right"
829,4,"X is placed in the bottom-center, the bottom-left, and the middle-right, O is placed in the center and top-left",O|_|_|_|O|X|X|X|_,3,"bottom-center, bottom-left, middle-right",2,"center, top-left"
830,3,"X occupies the top-center and top-left, O occupies the bottom-left and bottom-right",X|X|_|_|_|_|O|_|O,2,"top-center, top-left",2,"bottom-left, bottom-right"
831,2,"X has played in the middle-right and top-left, O has played in the bottom-right",X|_|_|_|_|X|_|_|O,2,"middle-right, top-left",1,bottom-right
832,5,"X marks the bottom-right, O marks none",_|_|_|_|_|_|_|_|X,1,bottom-right,0,
833,5,"X marks the middle-left, O marks the top-left",O|_|_|X|_|_|_|_|_,1,middle-left,1,top-left
834,2,"X has played in the center, the bottom-right, the top-right, and the middle-left, O has played in the top-left, the top-center, and the bottom-left",O|O|X|X|X|_|O|_|X,4,"center, bottom-right, top-right, middle-left",3,"top-left, top-center, bottom-left"
835,3,"X occupies the top-center and bottom-center, O occupies the middle-left",_|X|_|O|_|_|_|X|_,2,"top-center, bottom-center",1,middle-left
836,3,"X occupies the middle-right, the top-right, and the middle-left, O occupies the top-left, the bottom-center, and the top-center",O|O|X|X|_|X|_|O|_,3,"middle-right, top-right, middle-left",3,"top-left, bottom-center, top-center"
837,1,"X is in the bottom-left, the bottom-center, the middle-right, the middle-left, and the center, O is in the top-center, the top-right, the top-left, and the bottom-right",O|O|O|X|X|X|X|X|O,5,"bottom-left, bottom-center, middle-right, middle-left, center",4,"top-center, top-right, top-left, bottom-right"
838,3,"X occupies the middle-left and bottom-left, O occupies the center",_|_|_|X|O|_|X|_|_,2,"middle-left, bottom-left",1,center
839,2,"X has played in the middle-right, the top-left, the top-center, the top-right, and the middle-left, O has played in the bottom-left, the bottom-right, the center, and the bottom-center",X|X|X|X|O|X|O|O|O,5,"middle-right, top-left, top-center, top-right, middle-left",4,"bottom-left, bottom-right, center, bottom-center"
840,1,"X is in the top-left and top-right, O is in the middle-right",X|_|X|_|_|O|_|_|_,2,"top-left, top-right",1,middle-right
841,3,"X occupies the middle-left, the top-center, the bottom-left, the bottom-center, and the middle-right, O occupies the bottom-right, the center, the top-left, and the top-right",O|X|O|X|O|X|X|X|O,5,"middle-left, top-center, bottom-left, bottom-center, middle-right",4,"bottom-right, center, top-left, top-right"
842,2,"X has played in the top-left, O has played in the bottom-center",X|_|_|_|_|_|_|O|_,1,top-left,1,bottom-center
843,5,"X marks the bottom-left, the middle-left, the top-center, and the top-left, O marks the bottom-center, the middle-right, the center, and the top-right",X|X|O|X|O|O|X|O|_,4,"bottom-left, middle-left, top-center, top-left",4,"bottom-center, middle-right, center, top-right"
844,5,"X marks the bottom-left, the bottom-right, and the middle-right, O marks the bottom-center, the top-left, and the top-right",O|_|O|_|_|X|X|O|X,3,"bottom-left, bottom-right, middle-right",3,"bottom-center, top-left, top-right"
845,2,"X has played in the top-left, the middle-right, the middle-left, and the bottom-center, O has played in the top-right, the bottom-right, the bottom-left, and the top-center",X|O|O|X|_|X|O|X|O,4,"top-left, middle-right, middle-left, bottom-center",4,"top-right, bottom-right, bottom-left, top-center"
846,1,"X is in the bottom-center, the center, the bottom-right, the top-center, and the middle-left, O is in the middle-right, the bottom-left, the top-right, and the top-left",O|X|O|X|X|O|O|X|X,5,"bottom-center, center, bottom-right, top-center, middle-left",4,"middle-right, bottom-left, top-right, top-left"
847,5,"X marks the bottom-right, the bottom-center, the middle-right, the top-right, and the top-left, O marks the center, the top-center, the bottom-left, and the middle-left",X|O|X|O|O|X|O|X|X,5,"bottom-right, bottom-center, middle-right, top-right, top-left",4,"center, top-center, bottom-left, middle-left"
848,5,"X marks the bottom-right and top-left, O marks the middle-right and bottom-center",X|_|_|_|_|O|_|O|X,2,"bottom-right, top-left",2,"middle-right, bottom-center"
849,4,"X is placed in the middle-right, the center, the bottom-left, the bottom-right, and the top-left, O is placed in the top-center, the middle-left, the bottom-center, and the top-right",X|O|O|O|X|X|X|O|X,5,"middle-right, center, bottom-left, bottom-right, top-left",4,"top-center, middle-left, bottom-center, top-right"
850,4,"X is placed in the bottom-center, the center, and the top-center, O is placed in the middle-left and middle-right",_|X|_|O|X|O|_|X|_,3,"bottom-center, center, top-center",2,"middle-left, middle-right"
851,4,"X is placed in the middle-left, the top-center, and the bottom-left, O is placed in the center and top-left",O|X|_|X|O|_|X|_|_,3,"middle-left, top-center, bottom-left",2,"center, top-left"
852,4,"X is placed in the bottom-right and bottom-left, O is placed in the top-right and top-center",_|O|O|_|_|_|X|_|X,2,"bottom-right, bottom-left",2,"top-right, top-center"
853,5,"X marks the top-center, the bottom-right, the bottom-center, and the top-right, O marks the middle-left, the middle-right, the center, and the top-left",O|X|X|O|O|O|_|X|X,4,"top-center, bottom-right, bottom-center, top-right",4,"middle-left, middle-right, center, top-left"
854,1,"X is in the middle-right and top-right, O is in the bottom-center",_|_|X|_|_|X|_|O|_,2,"middle-right, top-right",1,bottom-center
855,4,"X is placed in the top-right, the center, the top-center, and the bottom-center, O is placed in the middle-right, the bottom-left, and the middle-left",_|X|X|O|X|O|O|X|_,4,"top-right, center, top-center, bottom-center",3,"middle-right, bottom-left, middle-left"
856,5,"X marks the center and top-right, O marks the top-center",_|O|X|_|X|_|_|_|_,2,"center, top-right",1,top-center
857,5,"X marks the bottom-center and middle-right, O marks the top-left and bottom-left",O|_|_|_|_|X|O|X|_,2,"bottom-center, middle-right",2,"top-left, bottom-left"
858,3,"X occupies the bottom-right and bottom-center, O occupies the center",_|_|_|_|O|_|_|X|X,2,"bottom-right, bottom-center",1,center
859,5,"X marks the middle-right, O marks the center",_|_|_|_|O|X|_|_|_,1,middle-right,1,center
860,3,"X occupies the center and bottom-center, O occupies the top-right",_|_|O|_|X|_|_|X|_,2,"center, bottom-center",1,top-right
861,5,"X marks the middle-left and top-center, O marks the middle-right",_|X|_|X|_|O|_|_|_,2,"middle-left, top-center",1,middle-right
862,3,"X occupies the center, the top-center, and the bottom-right, O occupies the bottom-left and bottom-center",_|X|_|_|X|_|O|O|X,3,"center, top-center, bottom-right",2,"bottom-left, bottom-center"
863,5,"X marks the top-left, the middle-left, the center, and the bottom-right, O marks the bottom-left, the top-right, and the bottom-center",X|_|O|X|X|_|O|O|X,4,"top-left, middle-left, center, bottom-right",3,"bottom-left, top-right, bottom-center"
864,4,"X is placed in the top-center, the bottom-right, the top-left, the top-right, and the bottom-center, O is placed in the center, the middle-left, the middle-right, and the bottom-left",X|X|X|O|O|O|O|X|X,5,"top-center, bottom-right, top-left, top-right, bottom-center",4,"center, middle-left, middle-right, bottom-left"
865,1,"X is in the center, the middle-right, the top-right, the top-center, and the top-left, O is in the bottom-center, the bottom-left, the middle-left, and the bottom-right",X|X|X|O|X|X|O|O|O,5,"center, middle-right, top-right, top-center, top-left",4,"bottom-center, bottom-left, middle-left, bottom-right"
866,2,"X has played in the top-center, the bottom-right, the bottom-center, and the top-left, O has played in the center, the middle-left, the bottom-left, and the middle-right",X|X|_|O|O|O|O|X|X,4,"top-center, bottom-right, bottom-center, top-left",4,"center, middle-left, bottom-left, middle-right"
867,3,"X occupies the top-left, the bottom-center, the bottom-left, the top-center, and the middle-left, O occupies the middle-right, the top-right, the bottom-right, and the center",X|X|O|X|O|O|X|X|O,5,"top-left, bottom-center, bottom-left, top-center, middle-left",4,"middle-right, top-right, bottom-right, center"
868,5,"X marks the bottom-left, the bottom-right, and the middle-left, O marks the top-left, the top-center, and the top-right",O|O|O|X|_|_|X|_|X,3,"bottom-left, bottom-right, middle-left",3,"top-left, top-center, top-right"
869,4,"X is placed in the bottom-right, the top-center, the top-right, the bottom-center, and the middle-left, O is placed in the middle-right, the top-left, the center, and the bottom-left",O|X|X|X|O|O|O|X|X,5,"bottom-right, top-center, top-right, bottom-center, middle-left",4,"middle-right, top-left, center, bottom-left"
870,4,"X is placed in the bottom-right, the middle-right, the top-center, and the middle-left, O is placed in the top-right, the bottom-center, the bottom-left, and the center",_|X|O|X|O|X|O|O|X,4,"bottom-right, middle-right, top-center, middle-left",4,"top-right, bottom-center, bottom-left, center"
871,2,"X has played in the middle-left, the center, the top-right, the bottom-left, and the middle-right, O has played in the top-center, the top-left, the bottom-right, and the bottom-center",O|O|X|X|X|X|X|O|O,5,"middle-left, center, top-right, bottom-left, middle-right",4,"top-center, top-left, bottom-right, bottom-center"
872,5,"X marks the middle-left, the bottom-left, the top-right, and the middle-right, O marks the top-left, the bottom-center, the top-center, and the bottom-right",O|O|X|X|_|X|X|O|O,4,"middle-left, bottom-left, top-right, middle-right",4,"top-left, bottom-center, top-center, bottom-right"
873,2,"X has played in the middle-left, the bottom-center, the top-right, the center, and the middle-right, O has played in the bottom-left, the bottom-right, the top-left, and the top-center",O|O|X|X|X|X|O|X|O,5,"middle-left, bottom-center, top-right, center, middle-right",4,"bottom-left, bottom-right, top-left, top-center"
874,5,"X marks the bottom-right, the middle-right, the bottom-center, the center, and the top-left, O marks the bottom-left, the top-center, the top-right, and the middle-left",X|O|O|O|X|X|O|X|X,5,"bottom-right, middle-right, bottom-center, center, top-left",4,"bottom-left, top-center, top-right, middle-left"
875,3,"X occupies the bottom-left and top-center, O occupies the center",_|X|_|_|O|_|X|_|_,2,"bottom-left, top-center",1,center
876,1,"X is in the bottom-center, the top-left, and the center, O is in the bottom-left, the top-center, and the middle-left",X|O|_|O|X|_|O|X|_,3,"bottom-center, top-left, center",3,"bottom-left, top-center, middle-left"
877,2,"X has played in the top-right, O has played in none",_|_|X|_|_|_|_|_|_,1,top-right,0,
878,2,"X has played in the bottom-left, the middle-left, and the middle-right, O has played in the bottom-right and bottom-center",_|_|_|X|_|X|X|O|O,3,"bottom-left, middle-left, middle-right",2,"bottom-right, bottom-center"
879,5,"X marks the middle-left and bottom-right, O marks the center",_|_|_|X|O|_|_|_|X,2,"middle-left, bottom-right",1,center
880,3,"X occupies the top-center, the middle-right, the center, the bottom-left, and the top-left, O occupies the bottom-center, the top-right, the bottom-right, and the middle-left",X|X|O|O|X|X|X|O|O,5,"top-center, middle-right, center, bottom-left, top-left",4,"bottom-center, top-right, bottom-right, middle-left"
881,2,"X has played in the top-right, the bottom-center, the bottom-left, and the top-left, O has played in the middle-left, the middle-right, the top-center, and the center",X|O|X|O|O|O|X|X|_,4,"top-right, bottom-center, bottom-left, top-left",4,"middle-left, middle-right, top-center, center"
882,2,"X has played in the bottom-right, the middle-right, and the top-right, O has played in the bottom-center, the middle-left, and the top-left",O|_|X|O|_|X|_|O|X,3,"bottom-right, middle-right, top-right",3,"bottom-center, middle-left, top-left"
883,2,"X has played in the top-right, the middle-left, the top-left, and the bottom-left, O has played in the center, the top-center, the middle-right, and the bottom-center",X|O|X|X|O|O|X|O|_,4,"top-right, middle-left, top-left, bottom-left",4,"center, top-center, middle-right, bottom-center"
884,2,"X has played in the center, the top-right, the bottom-center, the middle-right, and the middle-left, O has played in the bottom-right, the top-left, the top-center, and the bottom-left",O|O|X|X|X|X|O|X|O,5,"center, top-right, bottom-center, middle-right, middle-left",4,"bottom-right, top-left, top-center, bottom-left"
885,3,"X occupies the bottom-left, the middle-right, the center, and the bottom-right, O occupies the bottom-center, the middle-left, and the top-right",_|_|O|O|X|X|X|O|X,4,"bottom-left, middle-right, center, bottom-right",3,"bottom-center, middle-left, top-right"
886,5,"X marks the middle-right and bottom-left, O marks the center and bottom-right",_|_|_|_|O|X|X|_|O,2,"middle-right, bottom-left",2,"center, bottom-right"
887,5,"X marks the top-right, the top-left, the bottom-right, the bottom-center, and the center, O marks the middle-right, the top-center, the middle-left, and the bottom-left",X|O|X|O|X|O|O|X|X,5,"top-right, top-left, bottom-right, bottom-center, center",4,"middle-right, top-center, middle-left, bottom-left"
888,3,"X occupies the bottom-right, the bottom-left, the top-center, the middle-left, and the center, O occupies the top-left, the middle-right, the bottom-center, and the top-right",O|X|O|X|X|O|X|O|X,5,"bottom-right, bottom-left, top-center, middle-left, center",4,"top-left, middle-right, bottom-center, top-right"
889,1,"X is in the bottom-left, O is in the bottom-center",_|_|_|_|_|_|X|O|_,1,bottom-left,1,bottom-center
890,4,"X is placed in the top-left, the bottom-right, the center, and the top-center, O is placed in the middle-left, the top-right, and the bottom-center",X|X|O|O|X|_|_|O|X,4,"top-left, bottom-right, center, top-center",3,"middle-left, top-right, bottom-center"
891,1,"X is in the center, the top-left, and the top-center, O is in the middle-right and bottom-left",X|X|_|_|X|O|O|_|_,3,"center, top-left, top-center",2,"middle-right, bottom-left"
892,1,"X is in the bottom-center, the top-left, the top-right, the bottom-left, and the top-center, O is in the center, the middle-left, the bottom-right, and the middle-right",X|X|X|O|O|O|X|X|O,5,"bottom-center, top-left, top-right, bottom-left, top-center",4,"center, middle-left, bottom-right, middle-right"
893,5,"X marks the top-right, the bottom-right, the top-left, and the bottom-left, O marks the center, the top-center, and the middle-right",X|O|X|_|O|O|X|_|X,4,"top-right, bottom-right, top-left, bottom-left",3,"center, top-center, middle-right"
894,2,"X has played in the top-left, the center, the middle-left, the top-right, and the bottom-left, O has played in the bottom-right, the top-center, the middle-right, and the bottom-center",X|O|X|X|X|O|X|O|O,5,"top-left, center, middle-left, top-right, bottom-left",4,"bottom-right, top-center, middle-right, bottom-center"
895,3,"X occupies the top-left, the middle-right, the bottom-right, the center, and the bottom-left, O occupies the middle-left, the top-center, the top-right, and the bottom-center",X|O|O|O|X|X|X|O|X,5,"top-left, middle-right, bottom-right, center, bottom-left",4,"middle-left, top-center, top-right, bottom-center"
896,2,"X has played in the top-center and bottom-center, O has played in the center",_|X|_|_|O|_|_|X|_,2,"top-center, bottom-center",1,center
897,1,"X is in the center, the middle-left, and the bottom-left, O is in the bottom-center, the top-left, and the bottom-right",O|_|_|X|X|_|X|O|O,3,"center, middle-left, bottom-left",3,"bottom-center, top-left, bottom-right"
898,5,"X marks the top-right, the top-left, and the middle-left, O marks the middle-right and bottom-right",X|_|X|X|_|O|_|_|O,3,"top-right, top-left, middle-left",2,"middle-right, bottom-right"
899,2,"X has played in the bottom-right, the top-right, and the center, O has played in the middle-left and top-center",_|O|X|O|X|_|_|_|X,3,"bottom-right, top-right, center",2,"middle-left, top-center"
900,3,"X occupies the top-center, the bottom-center, and the middle-right, O occupies the top-left and bottom-right",O|X|_|_|_|X|_|X|O,3,"top-center, bottom-center, middle-right",2,"top-left, bottom-right"
901,3,"X occupies the middle-left, O occupies the middle-right",_|_|_|X|_|O|_|_|_,1,middle-left,1,middle-right
902,2,"X has played in the bottom-center, the center, the top-right, and the middle-left, O has played in the bottom-right, the middle-right, and the top-left",O|_|X|X|X|O|_|X|O,4,"bottom-center, center, top-right, middle-left",3,"bottom-right, middle-right, top-left"
903,1,"X is in the bottom-right and bottom-center, O is in the middle-right and top-left",O|_|_|_|_|O|_|X|X,2,"bottom-right, bottom-center",2,"middle-right, top-left"
904,4,"X is placed in the bottom-left and top-right, O is placed in the middle-left and top-left",O|_|X|O|_|_|X|_|_,2,"bottom-left, top-right",2,"middle-left, top-left"
905,4,"X is placed in the bottom-right, the center, the middle-left, and the bottom-center, O is placed in the top-right, the top-center, and the middle-right",_|O|O|X|X|O|_|X|X,4,"bottom-right, center, middle-left, bottom-center",3,"top-right, top-center, middle-right"
906,4,"X is placed in the middle-right, the top-center, and the middle-left, O is placed in the top-right and bottom-left",_|X|O|X|_|X|O|_|_,3,"middle-right, top-center, middle-left",2,"top-right, bottom-left"
907,3,"X occupies the top-right, the bottom-right, and the middle-right, O occupies the bottom-center and bottom-left",_|_|X|_|_|X|O|O|X,3,"top-right, bottom-right, middle-right",2,"bottom-center, bottom-left"
908,4,"X is placed in the top-left and top-center, O is placed in the middle-right and bottom-right",X|X|_|_|_|O|_|_|O,2,"top-left, top-center",2,"middle-right, bottom-right"
909,3,"X occupies the middle-left, O occupies the bottom-center",_|_|_|X|_|_|_|O|_,1,middle-left,1,bottom-center
910,4,"X is placed in the bottom-center, the top-right, and the center, O is placed in the top-left, the top-center, and the bottom-left",O|O|X|_|X|_|O|X|_,3,"bottom-center, top-right, center",3,"top-left, top-center, bottom-left"
911,4,"X is placed in the middle-left, the top-right, the bottom-right, and the bottom-left, O is placed in the middle-right, the bottom-center, and the top-center",_|O|X|X|_|O|X|O|X,4,"middle-left, top-right, bottom-right, bottom-left",3,"middle-right, bottom-center, top-center"
912,3,"X occupies the center, the bottom-right, and the bottom-left, O occupies the top-left, the bottom-center, and the top-right",O|_|O|_|X|_|X|O|X,3,"center, bottom-right, bottom-left",3,"top-left, bottom-center, top-right"
913,3,"X occupies the top-left, the top-right, and the bottom-center, O occupies the middle-right, the top-center, and the center",X|O|X|_|O|O|_|X|_,3,"top-left, top-right, bottom-center",3,"middle-right, top-center, center"
914,3,"X occupies the top-center, the bottom-center, and the bottom-left, O occupies the middle-right and top-right",_|X|O|_|_|O|X|X|_,3,"top-center, bottom-center, bottom-left",2,"middle-right, top-right"
915,2,"X has played in the top-center, the middle-left, and the top-right, O has played in the bottom-right and bottom-left",_|X|X|X|_|_|O|_|O,3,"top-center, middle-left, top-right",2,"bottom-right, bottom-left"
916,1,"X is in the top-right, the bottom-left, the middle-left, and the bottom-right, O is in the center, the top-left, and the top-center",O|O|X|X|O|_|X|_|X,4,"top-right, bottom-left, middle-left, bottom-right",3,"center, top-left, top-center"
917,4,"X is placed in the bottom-center and middle-left, O is placed in the top-center",_|O|_|X|_|_|_|X|_,2,"bottom-center, middle-left",1,top-center
918,1,"X is in the top-left, the middle-left, the bottom-right, the bottom-left, and the top-right, O is in the bottom-center, the top-center, the center, and the middle-right",X|O|X|X|O|O|X|O|X,5,"top-left, middle-left, bottom-right, bottom-left, top-right",4,"bottom-center, top-center, center, middle-right"
919,5,"X marks the middle-left, the middle-right, the top-right, the center, and the top-center, O marks the bottom-right, the bottom-center, the top-left, and the bottom-left",O|X|X|X|X|X|O|O|O,5,"middle-left, middle-right, top-right, center, top-center",4,"bottom-right, bottom-center, top-left, bottom-left"
920,5,"X marks the top-center, the center, the top-right, and the top-left, O marks the bottom-center, the middle-right, and the middle-left",X|X|X|O|X|O|_|O|_,4,"top-center, center, top-right, top-left",3,"bottom-center, middle-right, middle-left"
921,3,"X occupies the bottom-left, the bottom-center, the middle-left, the top-left, and the bottom-right, O occupies the top-center, the middle-right, the top-right, and the center",X|O|O|X|O|O|X|X|X,5,"bottom-left, bottom-center, middle-left, top-left, bottom-right",4,"top-center, middle-right, top-right, center"
922,5,"X marks the bottom-center and center, O marks the middle-right",_|_|_|_|X|O|_|X|_,2,"bottom-center, center",1,middle-right
923,2,"X has played in the center, the bottom-left, the middle-right, the middle-left, and the bottom-right, O has played in the top-left, the top-center, the top-right, and the bottom-center",O|O|O|X|X|X|X|O|X,5,"center, bottom-left, middle-right, middle-left, bottom-right",4,"top-left, top-center, top-right, bottom-center"
924,2,"X has played in the top-right, the top-center, the middle-right, and the bottom-right, O has played in the middle-left, the center, and the top-left",O|X|X|O|O|X|_|_|X,4,"top-right, top-center, middle-right, bottom-right",3,"middle-left, center, top-left"
925,2,"X has played in the center, the bottom-center, the middle-right, and the top-right, O has played in the bottom-left, the top-center, the bottom-right, and the middle-left",_|O|X|O|X|X|O|X|O,4,"center, bottom-center, middle-right, top-right",4,"bottom-left, top-center, bottom-right, middle-left"
926,2,"X has played in the bottom-right, the bottom-left, and the bottom-center, O has played in the top-left, the top-right, and the center",O|_|O|_|O|_|X|X|X,3,"bottom-right, bottom-left, bottom-center",3,"top-left, top-right, center"
927,2,"X has played in the top-left and top-center, O has played in the center and middle-right",X|X|_|_|O|O|_|_|_,2,"top-left, top-center",2,"center, middle-right"
928,3,"X occupies the top-left, the middle-left, the bottom-right, the top-center, and the bottom-center, O occupies the top-right, the center, the bottom-left, and the middle-right",X|X|O|X|O|O|O|X|X,5,"top-left, middle-left, bottom-right, top-center, bottom-center",4,"top-right, center, bottom-left, middle-right"
929,2,"X has played in the top-right, the middle-right, the center, the middle-left, and the bottom-center, O has played in the top-center, the top-left, the bottom-right, and the bottom-left",O|O|X|X|X|X|O|X|O,5,"top-right, middle-right, center, middle-left, bottom-center",4,"top-center, top-left, bottom-right, bottom-left"
930,3,"X occupies the top-center, O occupies the middle-left",_|X|_|O|_|_|_|_|_,1,top-center,1,middle-left
931,2,"X has played in the middle-left and center, O has played in the top-center",_|O|_|X|X|_|_|_|_,2,"middle-left, center",1,top-center
932,5,"X marks the bottom-center, the middle-right, the top-left, the top-right, and the bottom-right, O marks the center, the bottom-left, the top-center, and the middle-left",X|O|X|O|O|X|O|X|X,5,"bottom-center, middle-right, top-left, top-right, bottom-right",4,"center, bottom-left, top-center, middle-left"
933,4,"X is placed in the bottom-right, the top-right, and the top-left, O is placed in the bottom-center and middle-right",X|_|X|_|_|O|_|O|X,3,"bottom-right, top-right, top-left",2,"bottom-center, middle-right"
934,1,"X is in the bottom-center, the bottom-right, the top-right, the middle-left, and the top-left, O is in the center, the bottom-left, the middle-right, and the top-center",X|O|X|X|O|O|O|X|X,5,"bottom-center, bottom-right, top-right, middle-left, top-left",4,"center, bottom-left, middle-right, top-center"
935,1,"X is in the bottom-right, the middle-left, the middle-right, and the top-left, O is in the bottom-left, the bottom-center, and the top-center",X|O|_|X|_|X|O|O|X,4,"bottom-right, middle-left, middle-right, top-left",3,"bottom-left, bottom-center, top-center"
936,3,"X occupies the top-left, the bottom-right, the middle-right, the center, and the bottom-left, O occupies the bottom-center, the middle-left, the top-right, and the top-center",X|O|O|O|X|X|X|O|X,5,"top-left, bottom-right, middle-right, center, bottom-left",4,"bottom-center, middle-left, top-right, top-center"
937,5,"X marks the bottom-right, the bottom-left, the bottom-center, and the top-left, O marks the top-right, the top-center, the center, and the middle-right",X|O|O|_|O|O|X|X|X,4,"bottom-right, bottom-left, bottom-center, top-left",4,"top-right, top-center, center, middle-right"
938,2,"X has played in the top-right, the bottom-center, the middle-left, and the bottom-right, O has played in the bottom-left, the middle-right, and the center",_|_|X|X|O|O|O|X|X,4,"top-right, bottom-center, middle-left, bottom-right",3,"bottom-left, middle-right, center"
939,2,"X has played in the bottom-right, the middle-right, and the top-right, O has played in the top-center, the center, and the bottom-left",_|O|X|_|O|X|O|_|X,3,"bottom-right, middle-right, top-right",3,"top-center, center, bottom-left"
940,4,"X is placed in the top-right, O is placed in the middle-right",_|_|X|_|_|O|_|_|_,1,top-right,1,middle-right
941,5,"X marks the top-left, the bottom-center, the middle-left, and the bottom-right, O marks the bottom-left, the middle-right, the top-center, and the center",X|O|_|X|O|O|O|X|X,4,"top-left, bottom-center, middle-left, bottom-right",4,"bottom-left, middle-right, top-center, center"
942,5,"X marks the bottom-right, the bottom-center, the middle-left, the top-center, and the top-left, O marks the center, the bottom-left, the middle-right, and the top-right",X|X|O|X|O|O|O|X|X,5,"bottom-right, bottom-center, middle-left, top-center, top-left",4,"center, bottom-left, middle-right, top-right"
943,5,"X marks the bottom-right, the middle-left, the center, and the bottom-center, O marks the top-left, the top-center, the bottom-left, and the top-right",O|O|O|X|X|_|O|X|X,4,"bottom-right, middle-left, center, bottom-center",4,"top-left, top-center, bottom-left, top-right"
944,2,"X has played in the center, the top-center, the bottom-center, and the top-left, O has played in the bottom-right, the middle-left, the bottom-left, and the middle-right",X|X|_|O|X|O|O|X|O,4,"center, top-center, bottom-center, top-left",4,"bottom-right, middle-left, bottom-left, middle-right"
945,4,"X is placed in the middle-right, the top-center, the bottom-right, and the bottom-left, O is placed in the top-left, the middle-left, and the top-right",O|X|O|O|_|X|X|_|X,4,"middle-right, top-center, bottom-right, bottom-left",3,"top-left, middle-left, top-right"
946,3,"X occupies the top-left, the center, the middle-left, the bottom-right, and the bottom-left, O occupies the top-right, the middle-right, the top-center, and the bottom-center",X|O|O|X|X|O|X|O|X,5,"top-left, center, middle-left, bottom-right, bottom-left",4,"top-right, middle-right, top-center, bottom-center"
947,3,"X occupies the bottom-left and bottom-center, O occupies the bottom-right and top-right",_|_|O|_|_|_|X|X|O,2,"bottom-left, bottom-center",2,"bottom-right, top-right"
948,1,"X is in the bottom-right, the top-center, and the top-right, O is in the center and middle-left",_|X|X|O|O|_|_|_|X,3,"bottom-right, top-center, top-right",2,"center, middle-left"
949,5,"X marks the center, the bottom-center, and the top-left, O marks the middle-left, the bottom-right, and the top-right",X|_|O|O|X|_|_|X|O,3,"center, bottom-center, top-left",3,"middle-left, bottom-right, top-right"
950,3,"X occupies the middle-right, the middle-left, the bottom-right, and the center, O occupies the top-center, the bottom-left, and the top-left",O|O|_|X|X|X|O|_|X,4,"middle-right, middle-left, bottom-right, center",3,"top-center, bottom-left, top-left"
951,4,"X is placed in the middle-left, O is placed in the bottom-right",_|_|_|X|_|_|_|_|O,1,middle-left,1,bottom-right
952,4,"X is placed in the top-center, the bottom-right, and the middle-left, O is placed in the bottom-center, the center, and the top-right",_|X|O|X|O|_|_|O|X,3,"top-center, bottom-right, middle-left",3,"bottom-center, center, top-right"
953,2,"X has played in the top-left, the center, and the bottom-left, O has played in the middle-right and bottom-center",X|_|_|_|X|O|X|O|_,3,"top-left, center, bottom-left",2,"middle-right, bottom-center"
954,5,"X marks the top-center, the middle-left, the top-right, the center, and the middle-right, O marks the bottom-left, the bottom-right, the top-left, and the bottom-center",O|X|X|X|X|X|O|O|O,5,"top-center, middle-left, top-right, center, middle-right",4,"bottom-left, bottom-right, top-left, bottom-center"
955,3,"X occupies the middle-left, the bottom-right, and the center, O occupies the top-left and bottom-left",O|_|_|X|X|_|O|_|X,3,"middle-left, bottom-right, center",2,"top-left, bottom-left"
956,2,"X has played in the top-left, the top-center, the bottom-center, the middle-left, and the center, O has played in the top-right, the bottom-right, the middle-right, and the bottom-left",X|X|O|X|X|O|O|X|O,5,"top-left, top-center, bottom-center, middle-left, center",4,"top-right, bottom-right, middle-right, bottom-left"
957,5,"X marks the bottom-right, the middle-right, the top-center, and the middle-left, O marks the bottom-left, the top-left, the top-right, and the bottom-center",O|X|O|X|_|X|O|O|X,4,"bottom-right, middle-right, top-center, middle-left",4,"bottom-left, top-left, top-right, bottom-center"
958,1,"X is in the bottom-center and bottom-left, O is in the top-right",_|_|O|_|_|_|X|X|_,2,"bottom-center, bottom-left",1,top-right
959,2,"X has played in the top-center and bottom-left, O has played in the bottom-center",_|X|_|_|_|_|X|O|_,2,"top-center, bottom-left",1,bottom-center
960,1,"X is in the bottom-center, the center, and the top-right, O is in the bottom-right and top-left",O|_|X|_|X|_|_|X|O,3,"bottom-center, center, top-right",2,"bottom-right, top-left"
961,3,"X occupies the top-center, the bottom-left, the bottom-center, the top-left, and the top-right, O occupies the middle-right, the center, the bottom-right, and the middle-left",X|X|X|O|O|O|X|X|O,5,"top-center, bottom-left, bottom-center, top-left, top-right",4,"middle-right, center, bottom-right, middle-left"
962,3,"X occupies the top-left, the bottom-right, and the middle-left, O occupies the center and bottom-left",X|_|_|X|O|_|O|_|X,3,"top-left, bottom-right, middle-left",2,"center, bottom-left"
963,4,"X is placed in the bottom-left, the bottom-center, the top-left, and the bottom-right, O is placed in the top-center, the middle-right, and the middle-left",X|O|_|O|_|O|X|X|X,4,"bottom-left, bottom-center, top-left, bottom-right",3,"top-center, middle-right, middle-left"
964,3,"X occupies the bottom-right and top-left, O occupies the middle-right",X|_|_|_|_|O|_|_|X,2,"bottom-right, top-left",1,middle-right
965,1,"X is in the middle-left, the top-left, and the center, O is in the top-center and middle-right",X|O|_|X|X|O|_|_|_,3,"middle-left, top-left, center",2,"top-center, middle-right"
966,1,"X is in the middle-left, the bottom-center, the bottom-left, and the top-right, O is in the top-left, the center, and the top-center",O|O|X|X|O|_|X|X|_,4,"middle-left, bottom-center, bottom-left, top-right",3,"top-left, center, top-center"
967,5,"X marks the center, the bottom-center, the bottom-right, the top-left, and the middle-right, O marks the middle-left, the top-center, the top-right, and the bottom-left",X|O|O|O|X|X|O|X|X,5,"center, bottom-center, bottom-right, top-left, middle-right",4,"middle-left, top-center, top-right, bottom-left"
968,5,"X marks the middle-left, the middle-right, and the top-left, O marks the bottom-center, the bottom-right, and the bottom-left",X|_|_|X|_|X|O|O|O,3,"middle-left, middle-right, top-left",3,"bottom-center, bottom-right, bottom-left"
969,1,"X is in the bottom-right, the top-left, and the top-right, O is in the middle-right and middle-left",X|_|X|O|_|O|_|_|X,3,"bottom-right, top-left, top-right",2,"middle-right, middle-left"
970,5,"X marks the bottom-left, the middle-left, the top-right, the top-center, and the bottom-center, O marks the middle-right, the center, the bottom-right, and the top-left",O|X|X|X|O|O|X|X|O,5,"bottom-left, middle-left, top-right, top-center, bottom-center",4,"middle-right, center, bottom-right, top-left"
971,2,"X has played in the bottom-left and top-left, O has played in the middle-left",X|_|_|O|_|_|X|_|_,2,"bottom-left, top-left",1,middle-left
972,5,"X marks the top-left, the bottom-right, and the top-center, O marks the bottom-center, the bottom-left, and the middle-left",X|X|_|O|_|_|O|O|X,3,"top-left, bottom-right, top-center",3,"bottom-center, bottom-left, middle-left"
973,3,"X occupies the top-center, the bottom-right, the middle-left, the top-left, and the top-right, O occupies the middle-right, the center, the bottom-left, and the bottom-center",X|X|X|X|O|O|O|O|X,5,"top-center, bottom-right, middle-left, top-left, top-right",4,"middle-right, center, bottom-left, bottom-center"
974,1,"X is in the middle-left and top-center, O is in the bottom-right and center",_|X|_|X|O|_|_|_|O,2,"middle-left, top-center",2,"bottom-right, center"
975,4,"X is placed in the top-center and middle-right, O is placed in the top-left and bottom-left",O|X|_|_|_|X|O|_|_,2,"top-center, middle-right",2,"top-left, bottom-left"
976,5,"X marks the middle-right, the bottom-center, the center, the middle-left, and the top-right, O marks the bottom-left, the top-center, the top-left, and the bottom-right",O|O|X|X|X|X|O|X|O,5,"middle-right, bottom-center, center, middle-left, top-right",4,"bottom-left, top-center, top-left, bottom-right"
977,1,"X is in the bottom-left, the top-center, the top-left, and the middle-right, O is in the center, the bottom-right, the bottom-center, and the top-right",X|X|O|_|O|X|X|O|O,4,"bottom-left, top-center, top-left, middle-right",4,"center, bottom-right, bottom-center, top-right"
978,4,"X is placed in the top-right and middle-left, O is placed in the bottom-left",_|_|X|X|_|_|O|_|_,2,"top-right, middle-left",1,bottom-left
979,1,"X is in the center and bottom-center, O is in the top-right",_|_|O|_|X|_|_|X|_,2,"center, bottom-center",1,top-right
980,4,"X is placed in the bottom-left and top-right, O is placed in the center and top-left",O|_|X|_|O|_|X|_|_,2,"bottom-left, top-right",2,"center, top-left"
981,1,"X is in the top-right, the bottom-center, the top-center, the center, and the middle-left, O is in the middle-right, the bottom-left, the bottom-right, and the top-left",O|X|X|X|X|O|O|X|O,5,"top-right, bottom-center, top-center, center, middle-left",4,"middle-right, bottom-left, bottom-right, top-left"
982,1,"X is in the top-right, the center, the middle-right, the bottom-right, and the top-center, O is in the middle-left, the bottom-left, the bottom-center, and the top-left",O|X|X|O|X|X|O|O|X,5,"top-right, center, middle-right, bottom-right, top-center",4,"middle-left, bottom-left, bottom-center, top-left"
983,4,"X is placed in the center, the top-left, the top-center, the top-right, and the middle-right, O is placed in the bottom-center, the bottom-left, the bottom-right, and the middle-left",X|X|X|O|X|X|O|O|O,5,"center, top-left, top-center, top-right, middle-right",4,"bottom-center, bottom-left, bottom-right, middle-left"
984,2,"X has played in the top-center, the center, the middle-left, the bottom-right, and the bottom-left, O has played in the top-left, the bottom-center, the middle-right, and the top-right",O|X|O|X|X|O|X|O|X,5,"top-center, center, middle-left, bottom-right, bottom-left",4,"top-left, bottom-center, middle-right, top-right"
985,1,"X is in the middle-left, the center, the bottom-center, and the middle-right, O is in the bottom-left, the top-right, and the bottom-right",_|_|O|X|X|X|O|X|O,4,"middle-left, center, bottom-center, middle-right",3,"bottom-left, top-right, bottom-right"
986,3,"X occupies the top-right, the top-center, the top-left, the bottom-center, and the bottom-right, O occupies the bottom-left, the center, the middle-right, and the middle-left",X|X|X|O|O|O|O|X|X,5,"top-right, top-center, top-left, bottom-center, bottom-right",4,"bottom-left, center, middle-right, middle-left"
987,5,"X marks the top-right, the bottom-right, the top-center, and the bottom-left, O marks the middle-left, the bottom-center, the middle-right, and the top-left",O|X|X|O|_|O|X|O|X,4,"top-right, bottom-right, top-center, bottom-left",4,"middle-left, bottom-center, middle-right, top-left"
988,3,"X occupies the bottom-left, the top-center, and the middle-left, O occupies the top-left, the middle-right, and the bottom-center",O|X|_|X|_|O|X|O|_,3,"bottom-left, top-center, middle-left",3,"top-left, middle-right, bottom-center"
989,4,"X is placed in the bottom-center and top-right, O is placed in the middle-right",_|_|X|_|_|O|_|X|_,2,"bottom-center, top-right",1,middle-right
990,5,"X marks the middle-left, the bottom-center, the top-center, the middle-right, and the top-right, O marks the bottom-left, the center, the top-left, and the bottom-right",O|X|X|X|O|X|O|X|O,5,"middle-left, bottom-center, top-center, middle-right, top-right",4,"bottom-left, center, top-left, bottom-right"
991,3,"X occupies the top-center and bottom-left, O occupies the bottom-center",_|X|_|_|_|_|X|O|_,2,"top-center, bottom-left",1,bottom-center
992,5,"X marks the top-left, O marks the bottom-center",X|_|_|_|_|_|_|O|_,1,top-left,1,bottom-center
993,3,"X occupies the middle-left, the top-left, and the center, O occupies the top-center and top-right",X|O|O|X|X|_|_|_|_,3,"middle-left, top-left, center",2,"top-center, top-right"
994,2,"X has played in the top-right and top-center, O has played in the bottom-left and bottom-center",_|X|X|_|_|_|O|O|_,2,"top-right, top-center",2,"bottom-left, bottom-center"
995,2,"X has played in the top-right and middle-right, O has played in the middle-left",_|_|X|O|_|X|_|_|_,2,"top-right, middle-right",1,middle-left
996,5,"X marks the middle-left, the middle-right, and the bottom-center, O marks the bottom-left, the center, and the top-right",_|_|O|X|O|X|O|X|_,3,"middle-left, middle-right, bottom-center",3,"bottom-left, center, top-right"
997,2,"X has played in the bottom-center and bottom-left, O has played in the center and top-center",_|O|_|_|O|_|X|X|_,2,"bottom-center, bottom-left",2,"center, top-center"
998,5,"X marks the top-right, the top-center, and the top-left, O marks the middle-left and middle-right",X|X|X|O|_|O|_|_|_,3,"top-right, top-center, top-left",2,"middle-left, middle-right"
999,1,"X is in the bottom-right, the middle-right, the top-center, and the top-left, O is in the middle-left, the bottom-center, the bottom-left, and the center",X|X|_|O|O|X|O|O|X,4,"bottom-right, middle-right, top-center, top-left",4,"middle-left, bottom-center, bottom-left, center"
1000,5,"X marks the top-center, O marks the bottom-left",_|X|_|_|_|_|O|_|_,1,top-center,1,bottom-left
1001,1,"X is in the top-left, the bottom-right, and the middle-left, O is in the bottom-center and bottom-left",X|_|_|X|_|_|O|O|X,3,"top-left, bottom-right, middle-left",2,"bottom-center, bottom-left"
1002,1,"X is in the top-left, the top-right, the bottom-left, the top-center, and the bottom-right, O is in the middle-left, the center, the middle-right, and the bottom-center",X|X|X|O|O|O|X|O|X,5,"top-left, top-right, bottom-left, top-center, bottom-right",4,"middle-left, center, middle-right, bottom-center"
1003,3,"X occupies the middle-right, O occupies the middle-left",_|_|_|O|_|X|_|_|_,1,middle-right,1,middle-left
1004,2,"X has played in the bottom-center, the bottom-left, the middle-right, and the top-left, O has played in the center, the top-right, the middle-left, and the top-center",X|O|O|O|O|X|X|X|_,4,"bottom-center, bottom-left, middle-right, top-left",4,"center, top-right, middle-left, top-center"
1005,5,"X marks the top-right, O marks the bottom-center",_|_|X|_|_|_|_|O|_,1,top-right,1,bottom-center
1006,5,"X marks the bottom-left and bottom-center, O marks the top-right and center",_|_|O|_|O|_|X|X|_,2,"bottom-left, bottom-center",2,"top-right, center"
1007,3,"X occupies the middle-left, the top-right, the center, the top-center, and the bottom-center, O occupies the top-left, the bottom-left, the middle-right, and the bottom-right",O|X|X|X|X|O|O|X|O,5,"middle-left, top-right, center, top-center, bottom-center",4,"top-left, bottom-left, middle-right, bottom-right"
1008,2,"X has played in the bottom-left, the bottom-right, the middle-right, and the top-right, O has played in the top-left, the bottom-center, the middle-left, and the center",O|_|X|O|O|X|X|O|X,4,"bottom-left, bottom-right, middle-right, top-right",4,"top-left, bottom-center, middle-left, center"
1009,5,"X marks the middle-left and top-right, O marks the top-left",O|_|X|X|_|_|_|_|_,2,"middle-left, top-right",1,top-left
1010,3,"X occupies the bottom-center, the center, the bottom-right, and the middle-left, O occupies the top-right, the bottom-left, the top-center, and the top-left",O|O|O|X|X|_|O|X|X,4,"bottom-center, center, bottom-right, middle-left",4,"top-right, bottom-left, top-center, top-left"
1011,3,"X occupies the center, the bottom-center, the middle-right, and the top-center, O occupies the top-right, the bottom-left, the middle-left, and the bottom-right",_|X|O|O|X|X|O|X|O,4,"center, bottom-center, middle-right, top-center",4,"top-right, bottom-left, middle-left, bottom-right"
1012,4,"X is placed in the bottom-right, the top-left, the top-right, and the middle-right, O is placed in the middle-left, the bottom-center, the bottom-left, and the top-center",X|O|X|O|_|X|O|O|X,4,"bottom-right, top-left, top-right, middle-right",4,"middle-left, bottom-center, bottom-left, top-center"
1013,1,"X is in the middle-left, the bottom-right, the top-right, the top-left, and the center, O is in the bottom-center, the top-center, the middle-right, and the bottom-left",X|O|X|X|X|O|O|O|X,5,"middle-left, bottom-right, top-right, top-left, center",4,"bottom-center, top-center, middle-right, bottom-left"
1014,3,"X occupies the top-left, the center, the bottom-left, the bottom-right, and the middle-left, O occupies the bottom-center, the middle-right, the top-center, and the top-right",X|O|O|X|X|O|X|O|X,5,"top-left, center, bottom-left, bottom-right, middle-left",4,"bottom-center, middle-right, top-center, top-right"
1015,2,"X has played in the top-left, the bottom-right, the bottom-center, the middle-right, and the center, O has played in the top-center, the bottom-left, the middle-left, and the top-right",X|O|O|O|X|X|O|X|X,5,"top-left, bottom-right, bottom-center, middle-right, center",4,"top-center, bottom-left, middle-left, top-right"
1016,4,"X is placed in the bottom-right, the top-right, the bottom-left, the middle-right, and the middle-left, O is placed in the top-left, the top-center, the bottom-center, and the center",O|O|X|X|O|X|X|O|X,5,"bottom-right, top-right, bottom-left, middle-right, middle-left",4,"top-left, top-center, bottom-center, center"
1017,4,"X is placed in the bottom-center, the top-center, and the middle-left, O is placed in the bottom-left, the top-right, and the top-left",O|X|O|X|_|_|O|X|_,3,"bottom-center, top-center, middle-left",3,"bottom-left, top-right, top-left"
1018,2,"X has played in the bottom-right, O has played in none",_|_|_|_|_|_|_|_|X,1,bottom-right,0,
1019,1,"X is in the middle-left, the center, the bottom-left, the bottom-right, and the top-center, O is in the top-right, the top-left, the bottom-center, and the middle-right",O|X|O|X|X|O|X|O|X,5,"middle-left, center, bottom-left, bottom-right, top-center",4,"top-right, top-left, bottom-center, middle-right"
1020,3,"X occupies the top-left, the top-right, the bottom-left, the center, and the bottom-center, O occupies the middle-right, the bottom-right, the top-center, and the middle-left",X|O|X|O|X|O|X|X|O,5,"top-left, top-right, bottom-left, center, bottom-center",4,"middle-right, bottom-right, top-center, middle-left"
1021,3,"X occupies the bottom-left, the top-right, the middle-right, the top-left, and the bottom-center, O occupies the bottom-right, the top-center, the middle-left, and the center",X|O|X|O|O|X|X|X|O,5,"bottom-left, top-right, middle-right, top-left, bottom-center",4,"bottom-right, top-center, middle-left, center"
1022,3,"X occupies the top-center, the center, and the top-left, O occupies the top-right, the bottom-center, and the bottom-right",X|X|O|_|X|_|_|O|O,3,"top-center, center, top-left",3,"top-right, bottom-center, bottom-right"
1023,4,"X is placed in the center and top-center, O is placed in the bottom-left",_|X|_|_|X|_|O|_|_,2,"center, top-center",1,bottom-left
1024,2,"X has played in the middle-left, the bottom-left, the center, and the middle-right, O has played in the top-right, the top-center, and the top-left",O|O|O|X|X|X|X|_|_,4,"middle-left, bottom-left, center, middle-right",3,"top-right, top-center, top-left"
1025,1,"X is in the bottom-right, the center, and the top-right, O is in the top-center, the middle-left, and the bottom-center",_|O|X|O|X|_|_|O|X,3,"bottom-right, center, top-right",3,"top-center, middle-left, bottom-center"
1026,2,"X has played in the bottom-center, the bottom-right, the bottom-left, and the middle-left, O has played in the top-left, the top-center, and the middle-right",O|O|_|X|_|O|X|X|X,4,"bottom-center, bottom-right, bottom-left, middle-left",3,"top-left, top-center, middle-right"
1027,4,"X is placed in the middle-right, the bottom-left, the center, and the top-right, O is placed in the bottom-right, the top-left, and the top-center",O|O|X|_|X|X|X|_|O,4,"middle-right, bottom-left, center, top-right",3,"bottom-right, top-left, top-center"
1028,5,"X marks the bottom-center, the bottom-right, the top-left, and the middle-left, O marks the bottom-left, the top-right, and the center",X|_|O|X|O|_|O|X|X,4,"bottom-center, bottom-right, top-left, middle-left",3,"bottom-left, top-right, center"
1029,4,"X is placed in the top-center and bottom-left, O is placed in the top-left",O|X|_|_|_|_|X|_|_,2,"top-center, bottom-left",1,top-left
1030,5,"X marks the middle-right, the middle-left, the bottom-center, and the top-center, O marks the top-left, the bottom-right, the center, and the top-right",O|X|O|X|O|X|_|X|O,4,"middle-right, middle-left, bottom-center, top-center",4,"top-left, bottom-right, center, top-right"
1031,2,"X has played in the middle-right, O has played in the top-left",O|_|_|_|_|X|_|_|_,1,middle-right,1,top-left
1032,1,"X is in the bottom-center, the middle-left, and the center, O is in the top-center, the bottom-right, and the bottom-left",_|O|_|X|X|_|O|X|O,3,"bottom-center, middle-left, center",3,"top-center, bottom-right, bottom-left"
1033,4,"X is placed in the top-center, the top-left, and the bottom-left, O is placed in the bottom-center and middle-left",X|X|_|O|_|_|X|O|_,3,"top-center, top-left, bottom-left",2,"bottom-center, middle-left"
1034,5,"X marks the center, O marks the bottom-center",_|_|_|_|X|_|_|O|_,1,center,1,bottom-center
1035,4,"X is placed in the center, the top-right, and the bottom-right, O is placed in the bottom-center, the bottom-left, and the top-left",O|_|X|_|X|_|O|O|X,3,"center, top-right, bottom-right",3,"bottom-center, bottom-left, top-left"
1036,4,"X is placed in the middle-left, the bottom-center, and the top-center, O is placed in the top-right, the center, and the middle-right",_|X|O|X|O|O|_|X|_,3,"middle-left, bottom-center, top-center",3,"top-right, center, middle-right"
1037,3,"X occupies the bottom-center, the middle-right, the middle-left, the center, and the bottom-left, O occupies the top-center, the top-right, the top-left, and the bottom-right",O|O|O|X|X|X|X|X|O,5,"bottom-center, middle-right, middle-left, center, bottom-left",4,"top-center, top-right, top-left, bottom-right"
1038,5,"X marks the top-right, the top-left, the bottom-right, the top-center, and the center, O marks the middle-left, the middle-right, the bottom-center, and the bottom-left",X|X|X|O|X|O|O|O|X,5,"top-right, top-left, bottom-right, top-center, center",4,"middle-left, middle-right, bottom-center, bottom-left"
1039,4,"X is placed in the middle-left, the bottom-left, the bottom-center, the middle-right, and the top-right, O is placed in the center, the bottom-right, the top-left, and the top-center",O|O|X|X|O|X|X|X|O,5,"middle-left, bottom-left, bottom-center, middle-right, top-right",4,"center, bottom-right, top-left, top-center"
1040,2,"X has played in the top-center, the top-right, the center, the middle-left, and the top-left, O has played in the middle-right, the bottom-center, the bottom-right, and the bottom-left",X|X|X|X|X|O|O|O|O,5,"top-center, top-right, center, middle-left, top-left",4,"middle-right, bottom-center, bottom-right, bottom-left"
1041,1,"X is in the top-center, the bottom-right, the top-right, and the bottom-left, O is in the bottom-center, the center, and the middle-right",_|X|X|_|O|O|X|O|X,4,"top-center, bottom-right, top-right, bottom-left",3,"bottom-center, center, middle-right"
1042,5,"X marks the bottom-right, the bottom-center, and the center, O marks the top-right, the middle-left, and the bottom-left",_|_|O|O|X|_|O|X|X,3,"bottom-right, bottom-center, center",3,"top-right, middle-left, bottom-left"
1043,5,"X marks the center, the top-right, the middle-right, the top-center, and the bottom-right, O marks the top-left, the middle-left, the bottom-left, and the bottom-center",O|X|X|O|X|X|O|O|X,5,"center, top-right, middle-right, top-center, bottom-right",4,"top-left, middle-left, bottom-left, bottom-center"
1044,4,"X is placed in the bottom-center, the top-right, the center, the middle-left, and the top-left, O is placed in the bottom-right, the top-center, the middle-right, and the bottom-left",X|O|X|X|X|O|O|X|O,5,"bottom-center, top-right, center, middle-left, top-left",4,"bottom-right, top-center, middle-right, bottom-left"
1045,3,"X occupies the bottom-right, the top-center, and the top-right, O occupies the bottom-left, the top-left, and the middle-left",O|X|X|O|_|_|O|_|X,3,"bottom-right, top-center, top-right",3,"bottom-left, top-left, middle-left"
1046,3,"X occupies the top-right, the bottom-right, the middle-right, and the center, O occupies the top-center, the bottom-center, and the top-left",O|O|X|_|X|X|_|O|X,4,"top-right, bottom-right, middle-right, center",3,"top-center, bottom-center, top-left"
1047,5,"X marks the bottom-right, the top-center, and the middle-right, O marks the bottom-left, the middle-left, and the top-left",O|X|_|O|_|X|O|_|X,3,"bottom-right, top-center, middle-right",3,"bottom-left, middle-left, top-left"
1048,2,"X has played in the bottom-center and center, O has played in the middle-left and bottom-right",_|_|_|O|X|_|_|X|O,2,"bottom-center, center",2,"middle-left, bottom-right"
1049,5,"X marks the bottom-center and middle-left, O marks the center and top-right",_|_|O|X|O|_|_|X|_,2,"bottom-center, middle-left",2,"center, top-right"
1050,5,"X marks the top-left, the middle-left, the bottom-right, the bottom-left, and the bottom-center, O marks the middle-right, the center, the top-center, and the top-right",X|O|O|X|O|O|X|X|X,5,"top-left, middle-left, bottom-right, bottom-left, bottom-center",4,"middle-right, center, top-center, top-right"
1051,4,"X is placed in the top-right, the middle-right, the center, the bottom-right, and the top-center, O is placed in the bottom-left, the middle-left, the top-left, and the bottom-center",O|X|X|O|X|X|O|O|X,5,"top-right, middle-right, center, bottom-right, top-center",4,"bottom-left, middle-left, top-left, bottom-center"
1052,5,"X marks the top-left and middle-right, O marks the middle-left and bottom-center",X|_|_|O|_|X|_|O|_,2,"top-left, middle-right",2,"middle-left, bottom-center"
1053,5,"X marks the top-center and middle-left, O marks the bottom-right and bottom-center",_|X|_|X|_|_|_|O|O,2,"top-center, middle-left",2,"bottom-right, bottom-center"
1054,2,"X has played in the top-right, the center, the bottom-left, the top-left, and the top-center, O has played in the bottom-center, the middle-left, the middle-right, and the bottom-right",X|X|X|O|X|O|X|O|O,5,"top-right, center, bottom-left, top-left, top-center",4,"bottom-center, middle-left, middle-right, bottom-right"
1055,1,"X is in the bottom-center, the bottom-left, and the middle-right, O is in the bottom-right, the top-left, and the middle-left",O|_|_|O|_|X|X|X|O,3,"bottom-center, bottom-left, middle-right",3,"bottom-right, top-left, middle-left"
1056,4,"X is placed in the top-left, the top-center, the center, the bottom-left, and the middle-left, O is placed in the bottom-center, the top-right, the middle-right, and the bottom-right",X|X|O|X|X|O|X|O|O,5,"top-left, top-center, center, bottom-left, middle-left",4,"bottom-center, top-right, middle-right, bottom-right"
1057,4,"X is placed in the top-right, the top-left, the middle-right, and the center, O is placed in the bottom-center, the bottom-right, and the top-center",X|O|X|_|X|X|_|O|O,4,"top-right, top-left, middle-right, center",3,"bottom-center, bottom-right, top-center"
1058,5,"X marks the bottom-right, the center, and the top-right, O marks the top-left and bottom-center",O|_|X|_|X|_|_|O|X,3,"bottom-right, center, top-right",2,"top-left, bottom-center"
1059,4,"X is placed in the top-center, the bottom-left, the top-left, and the top-right, O is placed in the bottom-center, the bottom-right, the middle-right, and the center",X|X|X|_|O|O|X|O|O,4,"top-center, bottom-left, top-left, top-right",4,"bottom-center, bottom-right, middle-right, center"
1060,5,"X marks the bottom-center, the middle-left, and the bottom-left, O marks the bottom-right and center",_|_|_|X|O|_|X|X|O,3,"bottom-center, middle-left, bottom-left",2,"bottom-right, center"
1061,4,"X is placed in the bottom-center, the top-right, the bottom-right, and the bottom-left, O is placed in the middle-left, the center, and the top-center",_|O|X|O|O|_|X|X|X,4,"bottom-center, top-right, bottom-right, bottom-left",3,"middle-left, center, top-center"
1062,5,"X marks the bottom-left and bottom-right, O marks the middle-left",_|_|_|O|_|_|X|_|X,2,"bottom-left, bottom-right",1,middle-left
1063,1,"X is in the center, the middle-left, the bottom-left, and the top-left, O is in the bottom-center, the bottom-right, and the middle-right",X|_|_|X|X|O|X|O|O,4,"center, middle-left, bottom-left, top-left",3,"bottom-center, bottom-right, middle-right"
1064,1,"X is in the top-center, the top-right, the middle-right, and the center, O is in the middle-left, the bottom-center, and the bottom-left",_|X|X|O|X|X|O|O|_,4,"top-center, top-right, middle-right, center",3,"middle-left, bottom-center, bottom-left"
1065,1,"X is in the center, the middle-left, and the top-center, O is in the top-left and top-right",O|X|O|X|X|_|_|_|_,3,"center, middle-left, top-center",2,"top-left, top-right"
1066,5,"X marks the middle-right, the top-right, the bottom-center, and the top-left, O marks the bottom-left, the center, and the bottom-right",X|_|X|_|O|X|O|X|O,4,"middle-right, top-right, bottom-center, top-left",3,"bottom-left, center, bottom-right"
1067,3,"X occupies the middle-left, the top-center, the bottom-center, and the top-right, O occupies the center, the top-left, the bottom-left, and the middle-right",O|X|X|X|O|O|O|X|_,4,"middle-left, top-center, bottom-center, top-right",4,"center, top-left, bottom-left, middle-right"
1068,2,"X has played in the middle-left, the bottom-left, the center, and the bottom-center, O has played in the top-left, the top-right, the top-center, and the middle-right",O|O|O|X|X|O|X|X|_,4,"middle-left, bottom-left, center, bottom-center",4,"top-left, top-right, top-center, middle-right"
1069,3,"X occupies the top-center, the bottom-right, the bottom-center, and the center, O occupies the middle-left, the middle-right, and the top-left",O|X|_|O|X|O|_|X|X,4,"top-center, bottom-right, bottom-center, center",3,"middle-left, middle-right, top-left"
1070,4,"X is placed in the bottom-left and middle-right, O is placed in the top-center",_|O|_|_|_|X|X|_|_,2,"bottom-left, middle-right",1,top-center
1071,2,"X has played in the top-left and bottom-left, O has played in the bottom-center",X|_|_|_|_|_|X|O|_,2,"top-left, bottom-left",1,bottom-center
1072,2,"X has played in the bottom-left, the bottom-center, and the bottom-right, O has played in the top-left and middle-left",O|_|_|O|_|_|X|X|X,3,"bottom-left, bottom-center, bottom-right",2,"top-left, middle-left"
1073,4,"X is placed in the middle-left, the top-right, the bottom-left, and the top-left, O is placed in the bottom-center, the middle-right, and the top-center",X|O|X|X|_|O|X|O|_,4,"middle-left, top-right, bottom-left, top-left",3,"bottom-center, middle-right, top-center"
1074,4,"X is placed in the bottom-center, the bottom-right, the center, and the top-right, O is placed in the top-left, the bottom-left, and the middle-right",O|_|X|_|X|O|O|X|X,4,"bottom-center, bottom-right, center, top-right",3,"top-left, bottom-left, middle-right"
1075,5,"X marks the bottom-right, the center, the top-center, the bottom-center, and the middle-right, O marks the bottom-left, the top-left, the top-right, and the middle-left",O|X|O|O|X|X|O|X|X,5,"bottom-right, center, top-center, bottom-center, middle-right",4,"bottom-left, top-left, top-right, middle-left"
1076,3,"X occupies the bottom-center and bottom-right, O occupies the middle-right and top-center",_|O|_|_|_|O|_|X|X,2,"bottom-center, bottom-right",2,"middle-right, top-center"
1077,3,"X occupies the middle-right, the middle-left, and the top-center, O occupies the top-left, the center, and the top-right",O|X|O|X|O|X|_|_|_,3,"middle-right, middle-left, top-center",3,"top-left, center, top-right"
1078,1,"X is in the top-right and bottom-left, O is in the center and bottom-right",_|_|X|_|O|_|X|_|O,2,"top-right, bottom-left",2,"center, bottom-right"
1079,5,"X marks the top-right, the top-left, the top-center, and the middle-left, O marks the bottom-center, the center, and the bottom-right",X|X|X|X|O|_|_|O|O,4,"top-right, top-left, top-center, middle-left",3,"bottom-center, center, bottom-right"
1080,1,"X is in the middle-left, the bottom-right, the middle-right, the bottom-center, and the top-left, O is in the center, the top-center, the bottom-left, and the top-right",X|O|O|X|O|X|O|X|X,5,"middle-left, bottom-right, middle-right, bottom-center, top-left",4,"center, top-center, bottom-left, top-right"
1081,3,"X occupies the bottom-right, the bottom-left, and the center, O occupies the top-right, the bottom-center, and the middle-right",_|_|O|_|X|O|X|O|X,3,"bottom-right, bottom-left, center",3,"top-right, bottom-center, middle-right"
1082,3,"X occupies the bottom-center and middle-right, O occupies the bottom-left",_|_|_|_|_|X|O|X|_,2,"bottom-center, middle-right",1,bottom-left
1083,2,"X has played in the bottom-left, the middle-right, the bottom-right, the bottom-center, and the top-right, O has played in the center, the top-left, the middle-left, and the top-center",O|O|X|O|O|X|X|X|X,5,"bottom-left, middle-right, bottom-right, bottom-center, top-right",4,"center, top-left, middle-left, top-center"
1084,4,"X is placed in the middle-left, the top-center, and the top-right, O is placed in the top-left, the bottom-left, and the bottom-right",O|X|X|X|_|_|O|_|O,3,"middle-left, top-center, top-right",3,"top-left, bottom-left, bottom-right"
1085,2,"X has played in the bottom-center, the top-right, the top-center, and the center, O has played in the middle-right, the bottom-left, and the middle-left",_|X|X|O|X|O|O|X|_,4,"bottom-center, top-right, top-center, center",3,"middle-right, bottom-left, middle-left"
1086,2,"X has played in the bottom-right, the bottom-left, the top-right, the top-left, and the bottom-center, O has played in the middle-right, the center, the middle-left, and the top-center",X|O|X|O|O|O|X|X|X,5,"bottom-right, bottom-left, top-right, top-left, bottom-center",4,"middle-right, center, middle-left, top-center"
1087,5,"X marks the center, the bottom-center, the middle-right, the bottom-left, and the middle-left, O marks the top-right, the top-left, the top-center, and the bottom-right",O|O|O|X|X|X|X|X|O,5,"center, bottom-center, middle-right, bottom-left, middle-left",4,"top-right, top-left, top-center, bottom-right"
1088,1,"X is in the bottom-right, the top-right, the bottom-center, and the center, O is in the middle-right, the top-left, the top-center, and the bottom-left",O|O|X|_|X|O|O|X|X,4,"bottom-right, top-right, bottom-center, center",4,"middle-right, top-left, top-center, bottom-left"
1089,4,"X is placed in the bottom-right, the middle-left, the top-center, and the bottom-center, O is placed in the middle-right, the center, and the top-right",_|X|O|X|O|O|_|X|X,4,"bottom-right, middle-left, top-center, bottom-center",3,"middle-right, center, top-right"
1090,3,"X occupies the bottom-center, the middle-left, and the bottom-right, O occupies the middle-right and bottom-left",_|_|_|X|_|O|O|X|X,3,"bottom-center, middle-left, bottom-right",2,"middle-right, bottom-left"
1091,4,"X is placed in the top-right, the bottom-right, the bottom-left, and the bottom-center, O is placed in the top-left, the middle-right, and the middle-left",O|_|X|O|_|O|X|X|X,4,"top-right, bottom-right, bottom-left, bottom-center",3,"top-left, middle-right, middle-left"
1092,2,"X has played in the bottom-left and middle-left, O has played in the middle-right",_|_|_|X|_|O|X|_|_,2,"bottom-left, middle-left",1,middle-right
1093,1,"X is in the bottom-right, the middle-left, the middle-right, the bottom-left, and the top-center, O is in the top-right, the bottom-center, the top-left, and the center",O|X|O|X|O|X|X|O|X,5,"bottom-right, middle-left, middle-right, bottom-left, top-center",4,"top-right, bottom-center, top-left, center"
1094,1,"X is in the middle-right, the middle-left, the top-right, and the bottom-right, O is in the center, the top-left, and the top-center",O|O|X|X|O|X|_|_|X,4,"middle-right, middle-left, top-right, bottom-right",3,"center, top-left, top-center"
1095,3,"X occupies the bottom-right, the top-center, the middle-left, and the middle-right, O occupies the bottom-left, the bottom-center, and the center",_|X|_|X|O|X|O|O|X,4,"bottom-right, top-center, middle-left, middle-right",3,"bottom-left, bottom-center, center"
1096,1,"X is in the top-left and bottom-left, O is in the middle-right and bottom-right",X|_|_|_|_|O|X|_|O,2,"top-left, bottom-left",2,"middle-right, bottom-right"
1097,3,"X occupies the center, the middle-right, the bottom-left, the bottom-right, and the top-left, O occupies the top-right, the bottom-center, the top-center, and the middle-left",X|O|O|O|X|X|X|O|X,5,"center, middle-right, bottom-left, bottom-right, top-left",4,"top-right, bottom-center, top-center, middle-left"
1098,2,"X has played in the bottom-center, O has played in the bottom-right",_|_|_|_|_|_|_|X|O,1,bottom-center,1,bottom-right
1099,1,"X is in the bottom-left, the top-center, and the top-left, O is in the top-right, the bottom-right, and the middle-right",X|X|O|_|_|O|X|_|O,3,"bottom-left, top-center, top-left",3,"top-right, bottom-right, middle-right"
1100,3,"X occupies the bottom-left, the middle-left, the middle-right, the bottom-center, and the top-left, O occupies the top-right, the bottom-right, the top-center, and the center",X|O|O|X|O|X|X|X|O,5,"bottom-left, middle-left, middle-right, bottom-center, top-left",4,"top-right, bottom-right, top-center, center"
1101,1,"X is in the middle-right, the center, the middle-left, and the top-right, O is in the bottom-right, the top-center, the bottom-left, and the bottom-center",_|O|X|X|X|X|O|O|O,4,"middle-right, center, middle-left, top-right",4,"bottom-right, top-center, bottom-left, bottom-center"
1102,2,"X has played in the bottom-right, the bottom-center, the top-left, and the top-right, O has played in the middle-left, the top-center, the center, and the bottom-left",X|O|X|O|O|_|O|X|X,4,"bottom-right, bottom-center, top-left, top-right",4,"middle-left, top-center, center, bottom-left"
1103,4,"X is placed in the bottom-left, the bottom-center, and the center, O is placed in the top-right and top-center",_|O|O|_|X|_|X|X|_,3,"bottom-left, bottom-center, center",2,"top-right, top-center"
1104,3,"X occupies the bottom-center, the top-right, the top-center, the top-left, and the bottom-left, O occupies the middle-left, the middle-right, the center, and the bottom-right",X|X|X|O|O|O|X|X|O,5,"bottom-center, top-right, top-center, top-left, bottom-left",4,"middle-left, middle-right, center, bottom-right"
1105,5,"X marks the bottom-right, the bottom-center, the center, and the top-center, O marks the top-left, the middle-right, and the bottom-left",O|X|_|_|X|O|O|X|X,4,"bottom-right, bottom-center, center, top-center",3,"top-left, middle-right, bottom-left"
1106,3,"X occupies the bottom-right, the bottom-center, the center, and the top-center, O occupies the top-right, the bottom-left, the middle-left, and the middle-right",_|X|O|O|X|O|O|X|X,4,"bottom-right, bottom-center, center, top-center",4,"top-right, bottom-left, middle-left, middle-right"
1107,2,"X has played in the middle-right and top-center, O has played in the top-right and middle-left",_|X|O|O|_|X|_|_|_,2,"middle-right, top-center",2,"top-right, middle-left"
1108,2,"X has played in the bottom-left, the bottom-right, the middle-right, the bottom-center, and the middle-left, O has played in the center, the top-left, the top-right, and the top-center",O|O|O|X|O|X|X|X|X,5,"bottom-left, bottom-right, middle-right, bottom-center, middle-left",4,"center, top-left, top-right, top-center"
1109,4,"X is placed in the middle-right and bottom-right, O is placed in the middle-left",_|_|_|O|_|X|_|_|X,2,"middle-right, bottom-right",1,middle-left
1110,3,"X occupies the top-right, the bottom-center, and the middle-right, O occupies the bottom-right and center",_|_|X|_|O|X|_|X|O,3,"top-right, bottom-center, middle-right",2,"bottom-right, center"
1111,5,"X marks the bottom-left, the top-left, and the middle-left, O marks the top-right, the bottom-right, and the middle-right",X|_|O|X|_|O|X|_|O,3,"bottom-left, top-left, middle-left",3,"top-right, bottom-right, middle-right"
1112,3,"X occupies the top-center, the middle-left, the top-right, the bottom-center, and the center, O occupies the top-left, the bottom-left, the middle-right, and the bottom-right",O|X|X|X|X|O|O|X|O,5,"top-center, middle-left, top-right, bottom-center, center",4,"top-left, bottom-left, middle-right, bottom-right"
1113,1,"X is in the top-right, the middle-left, the center, the top-left, and the bottom-left, O is in the bottom-center, the middle-right, the bottom-right, and the top-center",X|O|X|X|X|O|X|O|O,5,"top-right, middle-left, center, top-left, bottom-left",4,"bottom-center, middle-right, bottom-right, top-center"
1114,4,"X is placed in the bottom-left, the center, the top-right, the middle-left, and the middle-right, O is placed in the bottom-right, the bottom-center, the top-left, and the top-center",O|O|X|X|X|X|X|O|O,5,"bottom-left, center, top-right, middle-left, middle-right",4,"bottom-right, bottom-center, top-left, top-center"
1115,4,"X is placed in the center and middle-right, O is placed in the top-center and bottom-right",_|O|_|_|X|X|_|_|O,2,"center, middle-right",2,"top-center, bottom-right"
1116,1,"X is in the bottom-center, the bottom-right, and the top-left, O is in the bottom-left, the top-right, and the middle-left",X|_|O|O|_|_|O|X|X,3,"bottom-center, bottom-right, top-left",3,"bottom-left, top-right, middle-left"
1117,3,"X occupies the middle-left, the bottom-center, the top-center, the bottom-left, and the top-right, O occupies the center, the middle-right, the top-left, and the bottom-right",O|X|X|X|O|O|X|X|O,5,"middle-left, bottom-center, top-center, bottom-left, top-right",4,"center, middle-right, top-left, bottom-right"
1118,2,"X has played in the bottom-center, the top-right, the middle-right, the bottom-right, and the bottom-left, O has played in the top-center, the top-left, the middle-left, and the center",O|O|X|O|O|X|X|X|X,5,"bottom-center, top-right, middle-right, bottom-right, bottom-left",4,"top-center, top-left, middle-left, center"
1119,3,"X occupies the bottom-center and middle-left, O occupies the top-center and bottom-right",_|O|_|X|_|_|_|X|O,2,"bottom-center, middle-left",2,"top-center, bottom-right"
1120,4,"X is placed in the top-right and bottom-left, O is placed in the top-left",O|_|X|_|_|_|X|_|_,2,"top-right, bottom-left",1,top-left
1121,5,"X marks the bottom-right, the top-center, and the bottom-center, O marks the top-left, the bottom-left, and the middle-left",O|X|_|O|_|_|O|X|X,3,"bottom-right, top-center, bottom-center",3,"top-left, bottom-left, middle-left"
1122,3,"X occupies the middle-left and bottom-left, O occupies the bottom-center",_|_|_|X|_|_|X|O|_,2,"middle-left, bottom-left",1,bottom-center
1123,4,"X is placed in the center, the top-center, the middle-left, and the bottom-left, O is placed in the middle-right, the top-left, the bottom-center, and the bottom-right",O|X|_|X|X|O|X|O|O,4,"center, top-center, middle-left, bottom-left",4,"middle-right, top-left, bottom-center, bottom-right"
1124,5,"X marks the middle-left, the top-left, the bottom-center, and the top-center, O marks the bottom-left, the center, and the top-right",X|X|O|X|O|_|O|X|_,4,"middle-left, top-left, bottom-center, top-center",3,"bottom-left, center, top-right"
1125,1,"X is in the top-center, the middle-left, the bottom-right, and the center, O is in the top-right, the top-left, the middle-right, and the bottom-left",O|X|O|X|X|O|O|_|X,4,"top-center, middle-left, bottom-right, center",4,"top-right, top-left, middle-right, bottom-left"
1126,1,"X is in the middle-left, the top-center, the center, the middle-right, and the bottom-center, O is in the top-left, the bottom-left, the bottom-right, and the top-right",O|X|O|X|X|X|O|X|O,5,"middle-left, top-center, center, middle-right, bottom-center",4,"top-left, bottom-left, bottom-right, top-right"
1127,4,"X is placed in the top-left, O is placed in the top-right",X|_|O|_|_|_|_|_|_,1,top-left,1,top-right
1128,4,"X is placed in the middle-right and top-right, O is placed in the center and top-center",_|O|X|_|O|X|_|_|_,2,"middle-right, top-right",2,"center, top-center"
1129,4,"X is placed in the middle-right and top-left, O is placed in the bottom-right",X|_|_|_|_|X|_|_|O,2,"middle-right, top-left",1,bottom-right
1130,2,"X has played in the bottom-center and middle-left, O has played in the top-right",_|_|O|X|_|_|_|X|_,2,"bottom-center, middle-left",1,top-right
1131,5,"X marks the top-center, the top-right, and the center, O marks the bottom-right, the middle-right, and the top-left",O|X|X|_|X|O|_|_|O,3,"top-center, top-right, center",3,"bottom-right, middle-right, top-left"
1132,4,"X is placed in the top-right, the center, and the top-left, O is placed in the bottom-right, the top-center, and the bottom-center",X|O|X|_|X|_|_|O|O,3,"top-right, center, top-left",3,"bottom-right, top-center, bottom-center"
1133,1,"X is in the middle-right, the bottom-left, the top-right, and the top-left, O is in the center, the top-center, the middle-left, and the bottom-center",X|O|X|O|O|X|X|O|_,4,"middle-right, bottom-left, top-right, top-left",4,"center, top-center, middle-left, bottom-center"
1134,1,"X is in the top-left, the top-right, the top-center, and the middle-left, O is in the center, the middle-right, and the bottom-left",X|X|X|X|O|O|O|_|_,4,"top-left, top-right, top-center, middle-left",3,"center, middle-right, bottom-left"
1135,4,"X is placed in the middle-right, the bottom-center, the top-left, and the bottom-right, O is placed in the middle-left, the top-right, and the bottom-left",X|_|O|O|_|X|O|X|X,4,"middle-right, bottom-center, top-left, bottom-right",3,"middle-left, top-right, bottom-left"
1136,5,"X marks the middle-left, the bottom-center, the top-left, the center, and the top-right, O marks the middle-right, the top-center, the bottom-right, and the bottom-left",X|O|X|X|X|O|O|X|O,5,"middle-left, bottom-center, top-left, center, top-right",4,"middle-right, top-center, bottom-right, bottom-left"
1137,1,"X is in the center, the top-center, the top-right, and the bottom-center, O is in the middle-right, the middle-left, the bottom-left, and the bottom-right",_|X|X|O|X|O|O|X|O,4,"center, top-center, top-right, bottom-center",4,"middle-right, middle-left, bottom-left, bottom-right"
1138,3,"X occupies the middle-left, the center, and the middle-right, O occupies the bottom-right, the bottom-center, and the bottom-left",_|_|_|X|X|X|O|O|O,3,"middle-left, center, middle-right",3,"bottom-right, bottom-center, bottom-left"
1139,5,"X marks the top-left, the top-right, and the bottom-center, O marks the top-center and bottom-right",X|O|X|_|_|_|_|X|O,3,"top-left, top-right, bottom-center",2,"top-center, bottom-right"
1140,5,"X marks the top-left, the bottom-left, the top-center, and the bottom-center, O marks the middle-right, the middle-left, and the top-right",X|X|O|O|_|O|X|X|_,4,"top-left, bottom-left, top-center, bottom-center",3,"middle-right, middle-left, top-right"
1141,3,"X occupies the top-center, the bottom-center, the center, and the bottom-left, O occupies the top-left, the middle-left, and the top-right",O|X|O|O|X|_|X|X|_,4,"top-center, bottom-center, center, bottom-left",3,"top-left, middle-left, top-right"
1142,1,"X is in the center, the top-right, and the top-center, O is in the bottom-center, the middle-right, and the middle-left",_|X|X|O|X|O|_|O|_,3,"center, top-right, top-center",3,"bottom-center, middle-right, middle-left"
1143,5,"X marks the top-left, the bottom-right, and the bottom-center, O marks the middle-left, the top-right, and the center",X|_|O|O|O|_|_|X|X,3,"top-left, bottom-right, bottom-center",3,"middle-left, top-right, center"
1144,2,"X has played in the bottom-right and bottom-center, O has played in the middle-left and top-right",_|_|O|O|_|_|_|X|X,2,"bottom-right, bottom-center",2,"middle-left, top-right"
1145,5,"X marks the middle-right, the top-center, the bottom-right, the top-right, and the center, O marks the bottom-left, the top-left, the middle-left, and the bottom-center",O|X|X|O|X|X|O|O|X,5,"middle-right, top-center, bottom-right, top-right, center",4,"bottom-left, top-left, middle-left, bottom-center"
1146,4,"X is placed in the bottom-left, the center, the top-right, and the bottom-center, O is placed in the top-left, the bottom-right, and the middle-left",O|_|X|O|X|_|X|X|O,4,"bottom-left, center, top-right, bottom-center",3,"top-left, bottom-right, middle-left"
1147,3,"X occupies the bottom-left, O occupies the center",_|_|_|_|O|_|X|_|_,1,bottom-left,1,center
1148,5,"X marks the bottom-center and center, O marks the top-right and middle-right",_|_|O|_|X|O|_|X|_,2,"bottom-center, center",2,"top-right, middle-right"
1149,1,"X is in the middle-right, O is in the bottom-right",_|_|_|_|_|X|_|_|O,1,middle-right,1,bottom-right
1150,1,"X is in the bottom-right, the middle-left, the middle-right, the top-left, and the bottom-center, O is in the bottom-left, the top-center, the center, and the top-right",X|O|O|X|O|X|O|X|X,5,"bottom-right, middle-left, middle-right, top-left, bottom-center",4,"bottom-left, top-center, center, top-right"
1151,3,"X occupies the top-left, the center, the bottom-right, the middle-left, and the top-center, O occupies the bottom-left, the top-right, the middle-right, and the bottom-center",X|X|O|X|X|O|O|O|X,5,"top-left, center, bottom-right, middle-left, top-center",4,"bottom-left, top-right, middle-right, bottom-center"
1152,3,"X occupies the bottom-center, the top-left, the bottom-left, the top-center, and the middle-left, O occupies the center, the top-right, the bottom-right, and the middle-right",X|X|O|X|O|O|X|X|O,5,"bottom-center, top-left, bottom-left, top-center, middle-left",4,"center, top-right, bottom-right, middle-right"
1153,5,"X marks the bottom-right and bottom-center, O marks the center",_|_|_|_|O|_|_|X|X,2,"bottom-right, bottom-center",1,center
1154,1,"X is in the middle-right, the bottom-right, the bottom-left, and the top-left, O is in the bottom-center, the middle-left, the top-center, and the top-right",X|O|O|O|_|X|X|O|X,4,"middle-right, bottom-right, bottom-left, top-left",4,"bottom-center, middle-left, top-center, top-right"
1155,3,"X occupies the top-right and middle-left, O occupies the bottom-center and top-left",O|_|X|X|_|_|_|O|_,2,"top-right, middle-left",2,"bottom-center, top-left"
1156,5,"X marks the bottom-center and top-center, O marks the middle-right and top-right",_|X|O|_|_|O|_|X|_,2,"bottom-center, top-center",2,"middle-right, top-right"
1157,1,"X is in the bottom-center, the middle-right, and the center, O is in the top-right, the top-center, and the top-left",O|O|O|_|X|X|_|X|_,3,"bottom-center, middle-right, center",3,"top-right, top-center, top-left"
1158,4,"X is placed in the bottom-right, the top-left, the middle-left, and the bottom-center, O is placed in the center, the middle-right, and the top-right",X|_|O|X|O|O|_|X|X,4,"bottom-right, top-left, middle-left, bottom-center",3,"center, middle-right, top-right"
1159,1,"X is in the middle-left and bottom-left, O is in the bottom-right and center",_|_|_|X|O|_|X|_|O,2,"middle-left, bottom-left",2,"bottom-right, center"
1160,5,"X marks the bottom-right and bottom-left, O marks the top-left",O|_|_|_|_|_|X|_|X,2,"bottom-right, bottom-left",1,top-left
1161,1,"X is in the bottom-left, the middle-right, and the middle-left, O is in the top-center, the top-left, and the bottom-right",O|O|_|X|_|X|X|_|O,3,"bottom-left, middle-right, middle-left",3,"top-center, top-left, bottom-right"
1162,3,"X occupies the top-center, the middle-right, the top-left, the bottom-left, and the top-right, O occupies the middle-left, the bottom-center, the bottom-right, and the center",X|X|X|O|O|X|X|O|O,5,"top-center, middle-right, top-left, bottom-left, top-right",4,"middle-left, bottom-center, bottom-right, center"
1163,3,"X occupies the bottom-center, the middle-right, the center, and the top-left, O occupies the bottom-right, the top-right, and the top-center",X|O|O|_|X|X|_|X|O,4,"bottom-center, middle-right, center, top-left",3,"bottom-right, top-right, top-center"
1164,5,"X marks the bottom-left, O marks the bottom-center",_|_|_|_|_|_|X|O|_,1,bottom-left,1,bottom-center
1165,2,"X has played in the top-right and top-center, O has played in the bottom-center",_|X|X|_|_|_|_|O|_,2,"top-right, top-center",1,bottom-center
1166,4,"X is placed in the middle-left, the top-right, the bottom-center, and the middle-right, O is placed in the top-left, the top-center, the bottom-right, and the bottom-left",O|O|X|X|_|X|O|X|O,4,"middle-left, top-right, bottom-center, middle-right",4,"top-left, top-center, bottom-right, bottom-left"
1167,3,"X occupies the top-center and middle-right, O occupies the bottom-right",_|X|_|_|_|X|_|_|O,2,"top-center, middle-right",1,bottom-right
1168,3,"X occupies the top-center, the middle-left, the bottom-left, the top-right, and the center, O occupies the middle-right, the top-left, the bottom-right, and the bottom-center",O|X|X|X|X|O|X|O|O,5,"top-center, middle-left, bottom-left, top-right, center",4,"middle-right, top-left, bottom-right, bottom-center"
1169,2,"X has played in the middle-right, the bottom-left, and the top-center, O has played in the center, the bottom-right, and the top-right",_|X|O|_|O|X|X|_|O,3,"middle-right, bottom-left, top-center",3,"center, bottom-right, top-right"
1170,3,"X occupies the center, O occupies the top-center",_|O|_|_|X|_|_|_|_,1,center,1,top-center
1171,5,"X marks the bottom-center, the middle-right, the middle-left, and the top-left, O marks the top-center, the bottom-right, and the center",X|O|_|X|O|X|_|X|O,4,"bottom-center, middle-right, middle-left, top-left",3,"top-center, bottom-right, center"
1172,2,"X has played in the bottom-center, the middle-right, the top-left, and the top-center, O has played in the middle-left, the bottom-right, the top-right, and the center",X|X|O|O|O|X|_|X|O,4,"bottom-center, middle-right, top-left, top-center",4,"middle-left, bottom-right, top-right, center"
1173,1,"X is in the top-right, the middle-left, the bottom-right, and the bottom-left, O is in the center, the bottom-center, and the top-center",_|O|X|X|O|_|X|O|X,4,"top-right, middle-left, bottom-right, bottom-left",3,"center, bottom-center, top-center"
1174,1,"X is in the top-center, the middle-left, the bottom-left, the middle-right, and the top-left, O is in the center, the bottom-center, the bottom-right, and the top-right",X|X|O|X|O|X|X|O|O,5,"top-center, middle-left, bottom-left, middle-right, top-left",4,"center, bottom-center, bottom-right, top-right"
1175,3,"X occupies the bottom-right, the middle-left, the center, the top-left, and the bottom-center, O occupies the bottom-left, the top-center, the top-right, and the middle-right",X|O|O|X|X|O|O|X|X,5,"bottom-right, middle-left, center, top-left, bottom-center",4,"bottom-left, top-center, top-right, middle-right"
1176,2,"X has played in the top-right and middle-left, O has played in the top-center",_|O|X|X|_|_|_|_|_,2,"top-right, middle-left",1,top-center
1177,4,"X is placed in the middle-left, O is placed in the top-left",O|_|_|X|_|_|_|_|_,1,middle-left,1,top-left
1178,3,"X occupies the middle-right, the bottom-right, the middle-left, and the top-right, O occupies the top-left, the top-center, the center, and the bottom-center",O|O|X|X|O|X|_|O|X,4,"middle-right, bottom-right, middle-left, top-right",4,"top-left, top-center, center, bottom-center"
1179,5,"X marks the top-right and middle-right, O marks the bottom-center",_|_|X|_|_|X|_|O|_,2,"top-right, middle-right",1,bottom-center
1180,4,"X is placed in the bottom-right, the top-center, and the middle-left, O is placed in the top-right and middle-right",_|X|O|X|_|O|_|_|X,3,"bottom-right, top-center, middle-left",2,"top-right, middle-right"
1181,4,"X is placed in the center and bottom-left, O is placed in the middle-right and top-center",_|O|_|_|X|O|X|_|_,2,"center, bottom-left",2,"middle-right, top-center"
1182,1,"X is in the top-center and top-right, O is in the bottom-right and middle-right",_|X|X|_|_|O|_|_|O,2,"top-center, top-right",2,"bottom-right, middle-right"
1183,4,"X is placed in the bottom-right, the middle-left, the top-right, the middle-right, and the bottom-left, O is placed in the top-left, the top-center, the center, and the bottom-center",O|O|X|X|O|X|X|O|X,5,"bottom-right, middle-left, top-right, middle-right, bottom-left",4,"top-left, top-center, center, bottom-center"
1184,2,"X has played in the top-center, the bottom-right, the middle-left, the bottom-center, and the middle-right, O has played in the top-left, the center, the bottom-left, and the top-right",O|X|O|X|O|X|O|X|X,5,"top-center, bottom-right, middle-left, bottom-center, middle-right",4,"top-left, center, bottom-left, top-right"
1185,1,"X is in the top-center, the bottom-right, and the bottom-center, O is in the middle-right, the bottom-left, and the top-left",O|X|_|_|_|O|O|X|X,3,"top-center, bottom-right, bottom-center",3,"middle-right, bottom-left, top-left"
1186,4,"X is placed in the bottom-right, the bottom-left, and the top-center, O is placed in the middle-right and center",_|X|_|_|O|O|X|_|X,3,"bottom-right, bottom-left, top-center",2,"middle-right, center"
1187,1,"X is in the bottom-right, the bottom-left, the bottom-center, the middle-left, and the center, O is in the middle-right, the top-left, the top-center, and the top-right",O|O|O|X|X|O|X|X|X,5,"bottom-right, bottom-left, bottom-center, middle-left, center",4,"middle-right, top-left, top-center, top-right"
1188,1,"X is in the bottom-center, the bottom-right, and the middle-right, O is in the top-right and top-left",O|_|O|_|_|X|_|X|X,3,"bottom-center, bottom-right, middle-right",2,"top-right, top-left"
1189,4,"X is placed in the bottom-right, the bottom-center, the center, and the bottom-left, O is placed in the middle-left, the top-right, and the top-left",O|_|O|O|X|_|X|X|X,4,"bottom-right, bottom-center, center, bottom-left",3,"middle-left, top-right, top-left"
1190,3,"X occupies the bottom-center, the middle-right, and the middle-left, O occupies the top-center, the bottom-right, and the top-left",O|O|_|X|_|X|_|X|O,3,"bottom-center, middle-right, middle-left",3,"top-center, bottom-right, top-left"
1191,3,"X occupies the middle-left, the bottom-left, the middle-right, the bottom-right, and the bottom-center, O occupies the center, the top-right, the top-center, and the top-left",O|O|O|X|O|X|X|X|X,5,"middle-left, bottom-left, middle-right, bottom-right, bottom-center",4,"center, top-right, top-center, top-left"
1192,2,"X has played in the middle-left, the top-center, the bottom-center, the center, and the middle-right, O has played in the top-left, the bottom-left, the top-right, and the bottom-right",O|X|O|X|X|X|O|X|O,5,"middle-left, top-center, bottom-center, center, middle-right",4,"top-left, bottom-left, top-right, bottom-right"
1193,1,"X is in the middle-left, the top-right, and the bottom-left, O is in the bottom-right, the top-center, and the bottom-center",_|O|X|X|_|_|X|O|O,3,"middle-left, top-right, bottom-left",3,"bottom-right, top-center, bottom-center"
1194,5,"X marks the top-right and bottom-center, O marks the middle-left",_|_|X|O|_|_|_|X|_,2,"top-right, bottom-center",1,middle-left
1195,5,"X marks the bottom-left, the top-left, the middle-right, and the bottom-right, O marks the bottom-center, the top-center, the top-right, and the middle-left",X|O|O|O|_|X|X|O|X,4,"bottom-left, top-left, middle-right, bottom-right",4,"bottom-center, top-center, top-right, middle-left"
1196,3,"X occupies the center, the bottom-right, the bottom-center, and the top-right, O occupies the top-left, the middle-left, and the middle-right",O|_|X|O|X|O|_|X|X,4,"center, bottom-right, bottom-center, top-right",3,"top-left, middle-left, middle-right"
1197,4,"X is placed in the bottom-center and top-right, O is placed in the middle-left and center",_|_|X|O|O|_|_|X|_,2,"bottom-center, top-right",2,"middle-left, center"
1198,1,"X is in the middle-left, the bottom-right, the middle-right, the center, and the bottom-left, O is in the bottom-center, the top-right, the top-left, and the top-center",O|O|O|X|X|X|X|O|X,5,"middle-left, bottom-right, middle-right, center, bottom-left",4,"bottom-center, top-right, top-left, top-center"
1199,5,"X marks the top-left, the bottom-right, and the bottom-center, O marks the middle-left and top-center",X|O|_|O|_|_|_|X|X,3,"top-left, bottom-right, bottom-center",2,"middle-left, top-center"
1200,1,"X is in the top-right, the bottom-right, and the middle-left, O is in the bottom-center, the top-left, and the middle-right",O|_|X|X|_|O|_|O|X,3,"top-right, bottom-right, middle-left",3,"bottom-center, top-left, middle-right"
1201,3,"X occupies the bottom-right and top-left, O occupies the middle-right and top-right",X|_|O|_|_|O|_|_|X,2,"bottom-right, top-left",2,"middle-right, top-right"
1202,4,"X is placed in the middle-left and bottom-left, O is placed in the middle-right",_|_|_|X|_|O|X|_|_,2,"middle-left, bottom-left",1,middle-right
1203,2,"X has played in the bottom-center, the top-right, and the center, O has played in the top-center, the top-left, and the bottom-left",O|O|X|_|X|_|O|X|_,3,"bottom-center, top-right, center",3,"top-center, top-left, bottom-left"
1204,1,"X is in the bottom-right, the top-right, and the bottom-left, O is in the bottom-center and middle-right",_|_|X|_|_|O|X|O|X,3,"bottom-right, top-right, bottom-left",2,"bottom-center, middle-right"
1205,3,"X occupies the top-center, the top-left, and the middle-left, O occupies the bottom-left, the middle-right, and the bottom-center",X|X|_|X|_|O|O|O|_,3,"top-center, top-left, middle-left",3,"bottom-left, middle-right, bottom-center"
1206,2,"X has played in the bottom-center, the bottom-right, the middle-right, the middle-left, and the top-center, O has played in the top-right, the bottom-left, the top-left, and the center",O|X|O|X|O|X|O|X|X,5,"bottom-center, bottom-right, middle-right, middle-left, top-center",4,"top-right, bottom-left, top-left, center"
1207,3,"X occupies the bottom-center, the middle-right, and the middle-left, O occupies the top-center, the top-right, and the bottom-left",_|O|O|X|_|X|O|X|_,3,"bottom-center, middle-right, middle-left",3,"top-center, top-right, bottom-left"
1208,2,"X has played in the bottom-left, the middle-left, and the bottom-center, O has played in the top-right, the top-left, and the center",O|_|O|X|O|_|X|X|_,3,"bottom-left, middle-left, bottom-center",3,"top-right, top-left, center"
1209,3,"X occupies the bottom-right, the middle-left, the top-center, and the center, O occupies the bottom-left, the top-left, and the bottom-center",O|X|_|X|X|_|O|O|X,4,"bottom-right, middle-left, top-center, center",3,"bottom-left, top-left, bottom-center"
1210,2,"X has played in the middle-right, the top-left, and the middle-left, O has played in the top-right and bottom-left",X|_|O|X|_|X|O|_|_,3,"middle-right, top-left, middle-left",2,"top-right, bottom-left"
1211,1,"X is in the middle-left and center, O is in the bottom-right",_|_|_|X|X|_|_|_|O,2,"middle-left, center",1,bottom-right
1212,5,"X marks the top-center, the bottom-right, the middle-right, and the top-right, O marks the center, the middle-left, and the top-left",O|X|X|O|O|X|_|_|X,4,"top-center, bottom-right, middle-right, top-right",3,"center, middle-left, top-left"
1213,2,"X has played in the bottom-center, the bottom-left, the middle-right, the top-right, and the bottom-right, O has played in the top-left, the middle-left, the top-center, and the center",O|O|X|O|O|X|X|X|X,5,"bottom-center, bottom-left, middle-right, top-right, bottom-right",4,"top-left, middle-left, top-center, center"
1214,2,"X has played in the bottom-left, the bottom-center, the bottom-right, and the center, O has played in the top-right, the middle-left, the top-left, and the middle-right",O|_|O|O|X|O|X|X|X,4,"bottom-left, bottom-center, bottom-right, center",4,"top-right, middle-left, top-left, middle-right"
1215,1,"X is in the middle-right, the top-right, the bottom-center, the bottom-left, and the center, O is in the middle-left, the top-left, the top-center, and the bottom-right",O|O|X|O|X|X|X|X|O,5,"middle-right, top-right, bottom-center, bottom-left, center",4,"middle-left, top-left, top-center, bottom-right"
1216,5,"X marks the middle-left, O marks none",_|_|_|X|_|_|_|_|_,1,middle-left,0,
1217,4,"X is placed in the middle-right, the top-right, the bottom-left, the center, and the bottom-center, O is placed in the top-left, the top-center, the bottom-right, and the middle-left",O|O|X|O|X|X|X|X|O,5,"middle-right, top-right, bottom-left, center, bottom-center",4,"top-left, top-center, bottom-right, middle-left"
1218,3,"X occupies the bottom-right, O occupies the top-center",_|O|_|_|_|_|_|_|X,1,bottom-right,1,top-center
1219,3,"X occupies the top-right, the bottom-center, the middle-right, the top-center, and the top-left, O occupies the center, the bottom-left, the middle-left, and the bottom-right",X|X|X|O|O|X|O|X|O,5,"top-right, bottom-center, middle-right, top-center, top-left",4,"center, bottom-left, middle-left, bottom-right"
1220,3,"X occupies the bottom-left, the bottom-right, the middle-left, and the middle-right, O occupies the center, the top-center, and the top-left",O|O|_|X|O|X|X|_|X,4,"bottom-left, bottom-right, middle-left, middle-right",3,"center, top-center, top-left"
1221,1,"X is in the bottom-left, the center, the top-center, and the middle-left, O is in the top-right, the middle-right, the top-left, and the bottom-right",O|X|O|X|X|O|X|_|O,4,"bottom-left, center, top-center, middle-left",4,"top-right, middle-right, top-left, bottom-right"
1222,1,"X is in the bottom-left, the top-right, and the middle-right, O is in the top-left and center",O|_|X|_|O|X|X|_|_,3,"bottom-left, top-right, middle-right",2,"top-left, center"
1223,2,"X has played in the middle-right, the middle-left, the bottom-left, and the top-center, O has played in the bottom-right, the top-right, the top-left, and the center",O|X|O|X|O|X|X|_|O,4,"middle-right, middle-left, bottom-left, top-center",4,"bottom-right, top-right, top-left, center"
1224,1,"X is in the top-center, the top-right, the top-left, the bottom-center, and the bottom-right, O is in the middle-right, the middle-left, the bottom-left, and the center",X|X|X|O|O|O|O|X|X,5,"top-center, top-right, top-left, bottom-center, bottom-right",4,"middle-right, middle-left, bottom-left, center"
1225,3,"X occupies the bottom-center, O occupies the middle-left",_|_|_|O|_|_|_|X|_,1,bottom-center,1,middle-left
1226,3,"X occupies the bottom-right and bottom-center, O occupies the middle-left and center",_|_|_|O|O|_|_|X|X,2,"bottom-right, bottom-center",2,"middle-left, center"
1227,1,"X is in the top-center, the center, the middle-left, the top-right, and the middle-right, O is in the bottom-left, the bottom-center, the top-left, and the bottom-right",O|X|X|X|X|X|O|O|O,5,"top-center, center, middle-left, top-right, middle-right",4,"bottom-left, bottom-center, top-left, bottom-right"
1228,2,"X has played in the bottom-left and top-right, O has played in the center and bottom-right",_|_|X|_|O|_|X|_|O,2,"bottom-left, top-right",2,"center, bottom-right"
1229,2,"X has played in the top-center, O has played in the center",_|X|_|_|O|_|_|_|_,1,top-center,1,center
1230,1,"X is in the top-right, the middle-right, the top-center, and the top-left, O is in the middle-left, the bottom-right, and the bottom-center",X|X|X|O|_|X|_|O|O,4,"top-right, middle-right, top-center, top-left",3,"middle-left, bottom-right, bottom-center"
1231,2,"X has played in the middle-left, the top-right, the middle-right, the center, and the bottom-left, O has played in the top-left, the top-center, the bottom-right, and the bottom-center",O|O|X|X|X|X|X|O|O,5,"middle-left, top-right, middle-right, center, bottom-left",4,"top-left, top-center, bottom-right, bottom-center"
1232,5,"X marks the center, O marks the middle-right",_|_|_|_|X|O|_|_|_,1,center,1,middle-right
1233,2,"X has played in the bottom-center, the middle-right, the center, and the middle-left, O has played in the bottom-right, the bottom-left, and the top-right",_|_|O|X|X|X|O|X|O,4,"bottom-center, middle-right, center, middle-left",3,"bottom-right, bottom-left, top-right"
1234,5,"X marks the top-center, the bottom-right, the bottom-center, and the middle-left, O marks the bottom-left, the center, and the middle-right",_|X|_|X|O|O|O|X|X,4,"top-center, bottom-right, bottom-center, middle-left",3,"bottom-left, center, middle-right"
1235,4,"X is placed in the middle-left, the bottom-left, the top-right, and the bottom-center, O is placed in the middle-right, the top-left, and the center",O|_|X|X|O|O|X|X|_,4,"middle-left, bottom-left, top-right, bottom-center",3,"middle-right, top-left, center"
1236,4,"X is placed in the top-left, the bottom-right, the middle-right, and the top-center, O is placed in the bottom-left, the top-right, and the center",X|X|O|_|O|X|O|_|X,4,"top-left, bottom-right, middle-right, top-center",3,"bottom-left, top-right, center"
1237,2,"X has played in the center, the top-right, the bottom-left, the bottom-right, and the middle-left, O has played in the middle-right, the top-center, the top-left, and the bottom-center",O|O|X|X|X|O|X|O|X,5,"center, top-right, bottom-left, bottom-right, middle-left",4,"middle-right, top-center, top-left, bottom-center"
1238,5,"X marks the top-right, the top-left, and the bottom-left, O marks the top-center, the bottom-right, and the middle-left",X|O|X|O|_|_|X|_|O,3,"top-right, top-left, bottom-left",3,"top-center, bottom-right, middle-left"
1239,3,"X occupies the top-right, the top-left, the top-center, and the middle-left, O occupies the bottom-center, the bottom-right, the middle-right, and the center",X|X|X|X|O|O|_|O|O,4,"top-right, top-left, top-center, middle-left",4,"bottom-center, bottom-right, middle-right, center"
1240,2,"X has played in the bottom-left, O has played in the bottom-center",_|_|_|_|_|_|X|O|_,1,bottom-left,1,bottom-center
1241,3,"X occupies the top-left, the bottom-center, and the top-right, O occupies the top-center, the center, and the bottom-left",X|O|X|_|O|_|O|X|_,3,"top-left, bottom-center, top-right",3,"top-center, center, bottom-left"
1242,5,"X marks the middle-right and top-left, O marks the bottom-center and bottom-right",X|_|_|_|_|X|_|O|O,2,"middle-right, top-left",2,"bottom-center, bottom-right"
1243,5,"X marks the top-left, the bottom-center, the bottom-left, the top-center, and the middle-right, O marks the middle-left, the center, the top-right, and the bottom-right",X|X|O|O|O|X|X|X|O,5,"top-left, bottom-center, bottom-left, top-center, middle-right",4,"middle-left, center, top-right, bottom-right"
1244,3,"X occupies the top-center, the top-left, the bottom-center, and the center, O occupies the middle-right, the bottom-right, the bottom-left, and the top-right",X|X|O|_|X|O|O|X|O,4,"top-center, top-left, bottom-center, center",4,"middle-right, bottom-right, bottom-left, top-right"
1245,3,"X occupies the top-right, the bottom-left, the bottom-center, and the top-left, O occupies the middle-right, the middle-left, the bottom-right, and the top-center",X|O|X|O|_|O|X|X|O,4,"top-right, bottom-left, bottom-center, top-left",4,"middle-right, middle-left, bottom-right, top-center"
1246,4,"X is placed in the bottom-left and middle-right, O is placed in the middle-left and bottom-center",_|_|_|O|_|X|X|O|_,2,"bottom-left, middle-right",2,"middle-left, bottom-center"
1247,1,"X is in the top-left and bottom-right, O is in the bottom-left",X|_|_|_|_|_|O|_|X,2,"top-left, bottom-right",1,bottom-left
1248,2,"X has played in the top-center, the bottom-center, the middle-right, and the top-right, O has played in the center, the middle-left, and the bottom-left",_|X|X|O|O|X|O|X|_,4,"top-center, bottom-center, middle-right, top-right",3,"center, middle-left, bottom-left"
1249,4,"X is placed in the top-center and middle-right, O is placed in the bottom-center",_|X|_|_|_|X|_|O|_,2,"top-center, middle-right",1,bottom-center
1250,5,"X marks the center and top-center, O marks the top-left and bottom-center",O|X|_|_|X|_|_|O|_,2,"center, top-center",2,"top-left, bottom-center"
1251,1,"X is in the top-center, the middle-right, the bottom-left, the bottom-center, and the center, O is in the middle-left, the top-left, the top-right, and the bottom-right",O|X|O|O|X|X|X|X|O,5,"top-center, middle-right, bottom-left, bottom-center, center",4,"middle-left, top-left, top-right, bottom-right"
1252,1,"X is in the middle-left, the top-right, the top-center, the center, and the bottom-right, O is in the bottom-center, the bottom-left, the middle-right, and the top-left",O|X|X|X|X|O|O|O|X,5,"middle-left, top-right, top-center, center, bottom-right",4,"bottom-center, bottom-left, middle-right, top-left"
1253,5,"X marks the top-right, the top-center, and the middle-left, O marks the middle-right, the center, and the bottom-left",_|X|X|X|O|O|O|_|_,3,"top-right, top-center, middle-left",3,"middle-right, center, bottom-left"
1254,5,"X marks the middle-right, O marks the bottom-right",_|_|_|_|_|X|_|_|O,1,middle-right,1,bottom-right
1255,2,"X has played in the center, the top-center, and the middle-right, O has played in the top-right, the middle-left, and the bottom-center",_|X|O|O|X|X|_|O|_,3,"center, top-center, middle-right",3,"top-right, middle-left, bottom-center"
1256,5,"X marks the top-right, the bottom-right, the center, the middle-left, and the top-center, O marks the top-left, the bottom-center, the middle-right, and the bottom-left",O|X|X|X|X|O|O|O|X,5,"top-right, bottom-right, center, middle-left, top-center",4,"top-left, bottom-center, middle-right, bottom-left"
1257,3,"X occupies the bottom-left and bottom-center, O occupies the middle-left",_|_|_|O|_|_|X|X|_,2,"bottom-left, bottom-center",1,middle-left
1258,4,"X is placed in the bottom-center and middle-left, O is placed in the center",_|_|_|X|O|_|_|X|_,2,"bottom-center, middle-left",1,center
1259,4,"X is placed in the middle-left, the middle-right, and the bottom-center, O is placed in the top-right and bottom-right",_|_|O|X|_|X|_|X|O,3,"middle-left, middle-right, bottom-center",2,"top-right, bottom-right"
1260,2,"X has played in the bottom-center and middle-right, O has played in the top-right and bottom-right",_|_|O|_|_|X|_|X|O,2,"bottom-center, middle-right",2,"top-right, bottom-right"
1261,1,"X is in the bottom-right, the top-right, and the middle-right, O is in the bottom-left and top-left",O|_|X|_|_|X|O|_|X,3,"bottom-right, top-right, middle-right",2,"bottom-left, top-left"
1262,3,"X occupies the top-right, the bottom-center, the top-center, and the bottom-right, O occupies the center, the middle-right, and the middle-left",_|X|X|O|O|O|_|X|X,4,"top-right, bottom-center, top-center, bottom-right",3,"center, middle-right, middle-left"
1263,2,"X has played in the bottom-right, the bottom-center, the top-right, and the middle-left, O has played in the top-center, the top-left, the middle-right, and the center",O|O|X|X|O|O|_|X|X,4,"bottom-right, bottom-center, top-right, middle-left",4,"top-center, top-left, middle-right, center"
1264,2,"X has played in the center, the middle-left, the bottom-center, the bottom-right, and the top-left, O has played in the top-center, the top-right, the bottom-left, and the middle-right",X|O|O|X|X|O|O|X|X,5,"center, middle-left, bottom-center, bottom-right, top-left",4,"top-center, top-right, bottom-left, middle-right"
1265,4,"X is placed in the top-left, the top-center, and the middle-left, O is placed in the bottom-left and middle-right",X|X|_|X|_|O|O|_|_,3,"top-left, top-center, middle-left",2,"bottom-left, middle-right"
1266,4,"X is placed in the top-right, the center, and the top-center, O is placed in the bottom-left, the middle-right, and the bottom-right",_|X|X|_|X|O|O|_|O,3,"top-right, center, top-center",3,"bottom-left, middle-right, bottom-right"
1267,4,"X is placed in the bottom-center and middle-right, O is placed in the center and top-center",_|O|_|_|O|X|_|X|_,2,"bottom-center, middle-right",2,"center, top-center"
1268,2,"X has played in the bottom-center, the middle-left, and the top-left, O has played in the bottom-left and top-center",X|O|_|X|_|_|O|X|_,3,"bottom-center, middle-left, top-left",2,"bottom-left, top-center"
1269,3,"X occupies the center and bottom-center, O occupies the middle-right and top-left",O|_|_|_|X|O|_|X|_,2,"center, bottom-center",2,"middle-right, top-left"
1270,1,"X is in the top-center, the middle-left, and the bottom-left, O is in the bottom-center, the top-left, and the middle-right",O|X|_|X|_|O|X|O|_,3,"top-center, middle-left, bottom-left",3,"bottom-center, top-left, middle-right"
1271,4,"X is placed in the top-center, the bottom-center, the bottom-left, the middle-right, and the bottom-right, O is placed in the top-left, the top-right, the center, and the middle-left",O|X|O|O|O|X|X|X|X,5,"top-center, bottom-center, bottom-left, middle-right, bottom-right",4,"top-left, top-right, center, middle-left"
1272,4,"X is placed in the middle-left, O is placed in the center",_|_|_|X|O|_|_|_|_,1,middle-left,1,center
1273,5,"X marks the center, the bottom-left, and the middle-left, O marks the bottom-center and bottom-right",_|_|_|X|X|_|X|O|O,3,"center, bottom-left, middle-left",2,"bottom-center, bottom-right"
1274,5,"X marks the middle-left, the middle-right, the bottom-right, and the bottom-center, O marks the top-left, the center, the top-right, and the bottom-left",O|_|O|X|O|X|O|X|X,4,"middle-left, middle-right, bottom-right, bottom-center",4,"top-left, center, top-right, bottom-left"
1275,3,"X occupies the bottom-right, the top-left, the center, and the middle-left, O occupies the top-right, the top-center, and the bottom-left",X|O|O|X|X|_|O|_|X,4,"bottom-right, top-left, center, middle-left",3,"top-right, top-center, bottom-left"
1276,1,"X is in the top-right, the bottom-left, the bottom-right, and the middle-right, O is in the center, the top-center, the top-left, and the bottom-center",O|O|X|_|O|X|X|O|X,4,"top-right, bottom-left, bottom-right, middle-right",4,"center, top-center, top-left, bottom-center"
1277,5,"X marks the top-right, O marks the bottom-left",_|_|X|_|_|_|O|_|_,1,top-right,1,bottom-left
1278,4,"X is placed in the bottom-left, the bottom-center, the top-center, and the middle-right, O is placed in the center, the top-right, the bottom-right, and the middle-left",_|X|O|O|O|X|X|X|O,4,"bottom-left, bottom-center, top-center, middle-right",4,"center, top-right, bottom-right, middle-left"
1279,4,"X is placed in the bottom-center, the bottom-left, the middle-left, and the top-right, O is placed in the middle-right, the top-left, and the center",O|_|X|X|O|O|X|X|_,4,"bottom-center, bottom-left, middle-left, top-right",3,"middle-right, top-left, center"
1280,3,"X occupies the bottom-center and bottom-left, O occupies the top-right",_|_|O|_|_|_|X|X|_,2,"bottom-center, bottom-left",1,top-right
1281,1,"X is in the top-center, the bottom-left, and the top-right, O is in the middle-right, the top-left, and the middle-left",O|X|X|O|_|O|X|_|_,3,"top-center, bottom-left, top-right",3,"middle-right, top-left, middle-left"
1282,1,"X is in the top-left, the bottom-left, the bottom-right, and the center, O is in the top-right, the middle-left, and the middle-right",X|_|O|O|X|O|X|_|X,4,"top-left, bottom-left, bottom-right, center",3,"top-right, middle-left, middle-right"
1283,4,"X is placed in the top-right, the center, and the bottom-right, O is placed in the middle-left and bottom-left",_|_|X|O|X|_|O|_|X,3,"top-right, center, bottom-right",2,"middle-left, bottom-left"
1284,4,"X is placed in the middle-right, the bottom-right, and the top-right, O is placed in the center and top-center",_|O|X|_|O|X|_|_|X,3,"middle-right, bottom-right, top-right",2,"center, top-center"
1285,2,"X has played in the top-right, the middle-right, the bottom-center, and the middle-left, O has played in the top-left, the center, the top-center, and the bottom-left",O|O|X|X|O|X|O|X|_,4,"top-right, middle-right, bottom-center, middle-left",4,"top-left, center, top-center, bottom-left"
1286,5,"X marks the top-left, the middle-right, and the bottom-center, O marks the bottom-right, the middle-left, and the top-right",X|_|O|O|_|X|_|X|O,3,"top-left, middle-right, bottom-center",3,"bottom-right, middle-left, top-right"
1287,2,"X has played in the bottom-right, the middle-left, the bottom-left, and the center, O has played in the middle-right, the top-left, and the bottom-center",O|_|_|X|X|O|X|O|X,4,"bottom-right, middle-left, bottom-left, center",3,"middle-right, top-left, bottom-center"
1288,5,"X marks the bottom-left and center, O marks the top-right and bottom-right",_|_|O|_|X|_|X|_|O,2,"bottom-left, center",2,"top-right, bottom-right"
1289,3,"X occupies the middle-left, the middle-right, the bottom-center, and the top-right, O occupies the center, the top-center, and the bottom-left",_|O|X|X|O|X|O|X|_,4,"middle-left, middle-right, bottom-center, top-right",3,"center, top-center, bottom-left"
1290,1,"X is in the bottom-left, the center, the bottom-center, and the bottom-right, O is in the top-right, the top-left, and the top-center",O|O|O|_|X|_|X|X|X,4,"bottom-left, center, bottom-center, bottom-right",3,"top-right, top-left, top-center"
1291,3,"X occupies the bottom-center, the top-center, the top-left, the center, and the top-right, O occupies the middle-right, the bottom-left, the middle-left, and the bottom-right",X|X|X|O|X|O|O|X|O,5,"bottom-center, top-center, top-left, center, top-right",4,"middle-right, bottom-left, middle-left, bottom-right"
1292,5,"X marks the middle-left, the middle-right, and the center, O marks the bottom-left, the bottom-center, and the top-center",_|O|_|X|X|X|O|O|_,3,"middle-left, middle-right, center",3,"bottom-left, bottom-center, top-center"
1293,4,"X is placed in the top-left and middle-left, O is placed in the bottom-center",X|_|_|X|_|_|_|O|_,2,"top-left, middle-left",1,bottom-center
1294,3,"X occupies the top-left and center, O occupies the bottom-left",X|_|_|_|X|_|O|_|_,2,"top-left, center",1,bottom-left
1295,5,"X marks the middle-left, the bottom-right, and the top-center, O marks the top-right and center",_|X|O|X|O|_|_|_|X,3,"middle-left, bottom-right, top-center",2,"top-right, center"
1296,2,"X has played in the bottom-left, O has played in the top-right",_|_|O|_|_|_|X|_|_,1,bottom-left,1,top-right
1297,3,"X occupies the bottom-left, O occupies the top-center",_|O|_|_|_|_|X|_|_,1,bottom-left,1,top-center
1298,1,"X is in the center and top-left, O is in the bottom-center and middle-right",X|_|_|_|X|O|_|O|_,2,"center, top-left",2,"bottom-center, middle-right"
1299,1,"X is in the center, the bottom-center, and the top-left, O is in the middle-left and middle-right",X|_|_|O|X|O|_|X|_,3,"center, bottom-center, top-left",2,"middle-left, middle-right"
1300,3,"X occupies the middle-right, the bottom-center, the top-right, and the top-center, O occupies the middle-left, the bottom-left, and the center",_|X|X|O|O|X|O|X|_,4,"middle-right, bottom-center, top-right, top-center",3,"middle-left, bottom-left, center"
1301,1,"X is in the center and top-center, O is in the top-right and bottom-left",_|X|O|_|X|_|O|_|_,2,"center, top-center",2,"top-right, bottom-left"
1302,3,"X occupies the bottom-right, the top-left, the middle-right, and the bottom-center, O occupies the middle-left, the top-right, and the center",X|_|O|O|O|X|_|X|X,4,"bottom-right, top-left, middle-right, bottom-center",3,"middle-left, top-right, center"
1303,2,"X has played in the center, the middle-left, the top-left, and the bottom-center, O has played in the middle-right, the top-center, and the bottom-left",X|O|_|X|X|O|O|X|_,4,"center, middle-left, top-left, bottom-center",3,"middle-right, top-center, bottom-left"
1304,1,"X is in the middle-right and bottom-center, O is in the bottom-right and middle-left",_|_|_|O|_|X|_|X|O,2,"middle-right, bottom-center",2,"bottom-right, middle-left"
1305,2,"X has played in the bottom-right, the top-center, the bottom-center, the middle-right, and the bottom-left, O has played in the middle-left, the center, the top-right, and the top-left",O|X|O|O|O|X|X|X|X,5,"bottom-right, top-center, bottom-center, middle-right, bottom-left",4,"middle-left, center, top-right, top-left"
1306,5,"X marks the bottom-left, the middle-left, the middle-right, and the center, O marks the top-center, the bottom-right, the top-left, and the top-right",O|O|O|X|X|X|X|_|O,4,"bottom-left, middle-left, middle-right, center",4,"top-center, bottom-right, top-left, top-right"
1307,2,"X has played in the center, the top-left, the top-right, and the middle-right, O has played in the middle-left, the top-center, the bottom-left, and the bottom-center",X|O|X|O|X|X|O|O|_,4,"center, top-left, top-right, middle-right",4,"middle-left, top-center, bottom-left, bottom-center"
1308,4,"X is placed in the bottom-right, O is placed in the top-right",_|_|O|_|_|_|_|_|X,1,bottom-right,1,top-right
1309,2,"X has played in the middle-left and center, O has played in the bottom-right",_|_|_|X|X|_|_|_|O,2,"middle-left, center",1,bottom-right
1310,4,"X is placed in the bottom-right, O is placed in the middle-right",_|_|_|_|_|O|_|_|X,1,bottom-right,1,middle-right
1311,1,"X is in the top-left, the top-center, the center, and the bottom-left, O is in the bottom-center, the top-right, the bottom-right, and the middle-right",X|X|O|_|X|O|X|O|O,4,"top-left, top-center, center, bottom-left",4,"bottom-center, top-right, bottom-right, middle-right"
1312,2,"X has played in the bottom-center, the bottom-left, the top-left, the middle-left, and the middle-right, O has played in the top-center, the center, the top-right, and the bottom-right",X|O|O|X|O|X|X|X|O,5,"bottom-center, bottom-left, top-left, middle-left, middle-right",4,"top-center, center, top-right, bottom-right"
1313,4,"X is placed in the top-left, the middle-right, the top-center, the bottom-center, and the middle-left, O is placed in the bottom-right, the top-right, the center, and the bottom-left",X|X|O|X|O|X|O|X|O,5,"top-left, middle-right, top-center, bottom-center, middle-left",4,"bottom-right, top-right, center, bottom-left"
1314,2,"X has played in the bottom-left, the bottom-right, the middle-left, the top-left, and the bottom-center, O has played in the top-right, the top-center, the center, and the middle-right",X|O|O|X|O|O|X|X|X,5,"bottom-left, bottom-right, middle-left, top-left, bottom-center",4,"top-right, top-center, center, middle-right"
1315,5,"X marks the middle-right, O marks the top-center",_|O|_|_|_|X|_|_|_,1,middle-right,1,top-center
1316,2,"X has played in the bottom-right, the top-left, the top-right, and the middle-left, O has played in the bottom-left, the top-center, and the middle-right",X|O|X|X|_|O|O|_|X,4,"bottom-right, top-left, top-right, middle-left",3,"bottom-left, top-center, middle-right"
1317,4,"X is placed in the top-center, the bottom-left, and the center, O is placed in the bottom-center, the bottom-right, and the top-left",O|X|_|_|X|_|X|O|O,3,"top-center, bottom-left, center",3,"bottom-center, bottom-right, top-left"
1318,3,"X occupies the top-center, the top-right, the middle-left, the top-left, and the center, O occupies the bottom-left, the middle-right, the bottom-center, and the bottom-right",X|X|X|X|X|O|O|O|O,5,"top-center, top-right, middle-left, top-left, center",4,"bottom-left, middle-right, bottom-center, bottom-right"
1319,2,"X has played in the top-right, O has played in the top-center",_|O|X|_|_|_|_|_|_,1,top-right,1,top-center
1320,4,"X is placed in the top-right, the middle-right, and the bottom-left, O is placed in the middle-left, the top-center, and the bottom-center",_|O|X|O|_|X|X|O|_,3,"top-right, middle-right, bottom-left",3,"middle-left, top-center, bottom-center"
1321,2,"X has played in the bottom-center, the top-center, the bottom-right, the top-right, and the middle-right, O has played in the middle-left, the top-left, the center, and the bottom-left",O|X|X|O|O|X|O|X|X,5,"bottom-center, top-center, bottom-right, top-right, middle-right",4,"middle-left, top-left, center, bottom-left"
1322,5,"X marks the top-center, the top-left, the middle-left, and the center, O marks the bottom-right, the bottom-left, and the bottom-center",X|X|_|X|X|_|O|O|O,4,"top-center, top-left, middle-left, center",3,"bottom-right, bottom-left, bottom-center"
1323,4,"X is placed in the middle-left, O is placed in the top-right",_|_|O|X|_|_|_|_|_,1,middle-left,1,top-right
1324,2,"X has played in the top-center and middle-left, O has played in the middle-right and center",_|X|_|X|O|O|_|_|_,2,"top-center, middle-left",2,"middle-right, center"
1325,4,"X is placed in the bottom-right, the bottom-left, and the top-left, O is placed in the middle-left and bottom-center",X|_|_|O|_|_|X|O|X,3,"bottom-right, bottom-left, top-left",2,"middle-left, bottom-center"
1326,2,"X has played in the top-left and bottom-center, O has played in the middle-left",X|_|_|O|_|_|_|X|_,2,"top-left, bottom-center",1,middle-left
1327,4,"X is placed in the middle-right, the top-center, the center, and the top-left, O is placed in the bottom-left, the bottom-center, the middle-left, and the top-right",X|X|O|O|X|X|O|O|_,4,"middle-right, top-center, center, top-left",4,"bottom-left, bottom-center, middle-left, top-right"
1328,2,"X has played in the bottom-center, the top-left, the middle-right, and the bottom-right, O has played in the center, the bottom-left, and the top-center",X|O|_|_|O|X|O|X|X,4,"bottom-center, top-left, middle-right, bottom-right",3,"center, bottom-left, top-center"
1329,5,"X marks the top-left, the center, the top-center, the middle-right, and the bottom-center, O marks the top-right, the bottom-right, the middle-left, and the bottom-left",X|X|O|O|X|X|O|X|O,5,"top-left, center, top-center, middle-right, bottom-center",4,"top-right, bottom-right, middle-left, bottom-left"
1330,4,"X is placed in the middle-right, the top-left, the bottom-right, and the top-center, O is placed in the top-right, the bottom-center, the middle-left, and the bottom-left",X|X|O|O|_|X|O|O|X,4,"middle-right, top-left, bottom-right, top-center",4,"top-right, bottom-center, middle-left, bottom-left"
1331,1,"X is in the center, the top-center, and the top-left, O is in the middle-left and bottom-center",X|X|_|O|X|_|_|O|_,3,"center, top-center, top-left",2,"middle-left, bottom-center"
1332,4,"X is placed in the top-right, the bottom-right, the top-left, the top-center, and the middle-left, O is placed in the bottom-left, the middle-right, the center, and the bottom-center",X|X|X|X|O|O|O|O|X,5,"top-right, bottom-right, top-left, top-center, middle-left",4,"bottom-left, middle-right, center, bottom-center"
1333,1,"X is in the bottom-right, O is in the middle-right",_|_|_|_|_|O|_|_|X,1,bottom-right,1,middle-right
1334,4,"X is placed in the bottom-right, the middle-right, the top-center, the top-left, and the bottom-center, O is placed in the middle-left, the center, the bottom-left, and the top-right",X|X|O|O|O|X|O|X|X,5,"bottom-right, middle-right, top-center, top-left, bottom-center",4,"middle-left, center, bottom-left, top-right"
1335,3,"X occupies the top-center, the middle-right, the bottom-left, the top-left, and the bottom-center, O occupies the top-right, the middle-left, the bottom-right, and the center",X|X|O|O|O|X|X|X|O,5,"top-center, middle-right, bottom-left, top-left, bottom-center",4,"top-right, middle-left, bottom-right, center"
1336,3,"X occupies the top-right, the top-center, the bottom-left, the bottom-center, and the top-left, O occupies the bottom-right, the center, the middle-left, and the middle-right",X|X|X|O|O|O|X|X|O,5,"top-right, top-center, bottom-left, bottom-center, top-left",4,"bottom-right, center, middle-left, middle-right"
1337,5,"X marks the bottom-left, the center, and the top-left, O marks the middle-left and top-right",X|_|O|O|X|_|X|_|_,3,"bottom-left, center, top-left",2,"middle-left, top-right"
1338,5,"X marks the middle-left, the middle-right, and the top-right, O marks the bottom-right, the top-left, and the top-center",O|O|X|X|_|X|_|_|O,3,"middle-left, middle-right, top-right",3,"bottom-right, top-left, top-center"
1339,3,"X occupies the top-left, the center, and the middle-right, O occupies the top-right and middle-left",X|_|O|O|X|X|_|_|_,3,"top-left, center, middle-right",2,"top-right, middle-left"
1340,4,"X is placed in the middle-left, the bottom-left, the center, the top-center, and the top-left, O is placed in the bottom-center, the middle-right, the top-right, and the bottom-right",X|X|O|X|X|O|X|O|O,5,"middle-left, bottom-left, center, top-center, top-left",4,"bottom-center, middle-right, top-right, bottom-right"
1341,3,"X occupies the top-center, the bottom-right, the bottom-left, the center, and the top-right, O occupies the bottom-center, the middle-right, the top-left, and the middle-left",O|X|X|O|X|O|X|O|X,5,"top-center, bottom-right, bottom-left, center, top-right",4,"bottom-center, middle-right, top-left, middle-left"
1342,3,"X occupies the bottom-left, the center, the middle-right, the top-left, and the top-right, O occupies the middle-left, the top-center, the bottom-center, and the bottom-right",X|O|X|O|X|X|X|O|O,5,"bottom-left, center, middle-right, top-left, top-right",4,"middle-left, top-center, bottom-center, bottom-right"
1343,3,"X occupies the middle-right and top-right, O occupies the bottom-center and top-center",_|O|X|_|_|X|_|O|_,2,"middle-right, top-right",2,"bottom-center, top-center"
1344,2,"X has played in the middle-left, O has played in the top-left",O|_|_|X|_|_|_|_|_,1,middle-left,1,top-left
1345,5,"X marks the middle-left, the center, the bottom-right, the top-left, and the bottom-center, O marks the top-center, the bottom-left, the top-right, and the middle-right",X|O|O|X|X|O|O|X|X,5,"middle-left, center, bottom-right, top-left, bottom-center",4,"top-center, bottom-left, top-right, middle-right"
1346,1,"X is in the center, the bottom-right, the middle-left, and the bottom-center, O is in the middle-right, the top-right, the top-left, and the bottom-left",O|_|O|X|X|O|O|X|X,4,"center, bottom-right, middle-left, bottom-center",4,"middle-right, top-right, top-left, bottom-left"
1347,1,"X is in the bottom-left and bottom-center, O is in the center and top-center",_|O|_|_|O|_|X|X|_,2,"bottom-left, bottom-center",2,"center, top-center"
1348,3,"X occupies the middle-right, the bottom-center, and the top-right, O occupies the center and top-left",O|_|X|_|O|X|_|X|_,3,"middle-right, bottom-center, top-right",2,"center, top-left"
1349,2,"X has played in the bottom-center, the middle-left, the bottom-left, the center, and the top-right, O has played in the middle-right, the bottom-right, the top-left, and the top-center",O|O|X|X|X|O|X|X|O,5,"bottom-center, middle-left, bottom-left, center, top-right",4,"middle-right, bottom-right, top-left, top-center"
1350,5,"X marks the bottom-center, the center, the top-right, the middle-left, and the bottom-right, O marks the top-left, the middle-right, the bottom-left, and the top-center",O|O|X|X|X|O|O|X|X,5,"bottom-center, center, top-right, middle-left, bottom-right",4,"top-left, middle-right, bottom-left, top-center"
1351,2,"X has played in the top-right and bottom-right, O has played in the bottom-left and bottom-center",_|_|X|_|_|_|O|O|X,2,"top-right, bottom-right",2,"bottom-left, bottom-center"
1352,1,"X is in the middle-right and middle-left, O is in the top-right and bottom-right",_|_|O|X|_|X|_|_|O,2,"middle-right, middle-left",2,"top-right, bottom-right"
1353,3,"X occupies the middle-left, the top-center, the bottom-left, the bottom-right, and the bottom-center, O occupies the top-right, the top-left, the middle-right, and the center",O|X|O|X|O|O|X|X|X,5,"middle-left, top-center, bottom-left, bottom-right, bottom-center",4,"top-right, top-left, middle-right, center"
1354,3,"X occupies the middle-left, the top-right, the middle-right, and the top-center, O occupies the bottom-right, the bottom-left, and the top-left",O|X|X|X|_|X|O|_|O,4,"middle-left, top-right, middle-right, top-center",3,"bottom-right, bottom-left, top-left"
1355,5,"X marks the center, the top-left, and the top-center, O marks the top-right and bottom-center",X|X|O|_|X|_|_|O|_,3,"center, top-left, top-center",2,"top-right, bottom-center"
1356,4,"X is placed in the center, the top-right, the bottom-center, and the middle-left, O is placed in the bottom-left, the top-center, the middle-right, and the top-left",O|O|X|X|X|O|O|X|_,4,"center, top-right, bottom-center, middle-left",4,"bottom-left, top-center, middle-right, top-left"
1357,5,"X marks the top-right, the top-left, and the bottom-center, O marks the center, the bottom-right, and the middle-right",X|_|X|_|O|O|_|X|O,3,"top-right, top-left, bottom-center",3,"center, bottom-right, middle-right"
1358,5,"X marks the top-right, O marks the top-left",O|_|X|_|_|_|_|_|_,1,top-right,1,top-left
1359,4,"X is placed in the top-right, the center, the bottom-left, and the bottom-right, O is placed in the top-center, the middle-right, and the top-left",O|O|X|_|X|O|X|_|X,4,"top-right, center, bottom-left, bottom-right",3,"top-center, middle-right, top-left"
1360,5,"X marks the middle-left, O marks the top-right",_|_|O|X|_|_|_|_|_,1,middle-left,1,top-right
1361,4,"X is placed in the bottom-right, O is placed in the bottom-center",_|_|_|_|_|_|_|O|X,1,bottom-right,1,bottom-center
1362,5,"X marks the top-center, the top-left, the center, and the bottom-left, O marks the middle-left, the top-right, and the bottom-right",X|X|O|O|X|_|X|_|O,4,"top-center, top-left, center, bottom-left",3,"middle-left, top-right, bottom-right"
1363,4,"X is placed in the top-center and bottom-left, O is placed in the bottom-center and bottom-right",_|X|_|_|_|_|X|O|O,2,"top-center, bottom-left",2,"bottom-center, bottom-right"
1364,5,"X marks the middle-right and top-left, O marks the top-center and center",X|O|_|_|O|X|_|_|_,2,"middle-right, top-left",2,"top-center, center"
1365,1,"X is in the center and middle-left, O is in the top-left",O|_|_|X|X|_|_|_|_,2,"center, middle-left",1,top-left
1366,1,"X is in the top-center, the top-right, the middle-right, and the middle-left, O is in the bottom-center, the top-left, the bottom-right, and the bottom-left",O|X|X|X|_|X|O|O|O,4,"top-center, top-right, middle-right, middle-left",4,"bottom-center, top-left, bottom-right, bottom-left"
1367,2,"X has played in the middle-left, the bottom-right, the top-center, and the top-right, O has played in the top-left, the middle-right, and the bottom-center",O|X|X|X|_|O|_|O|X,4,"middle-left, bottom-right, top-center, top-right",3,"top-left, middle-right, bottom-center"
1368,3,"X occupies the top-right, the bottom-left, and the bottom-center, O occupies the top-center, the top-left, and the center",O|O|X|_|O|_|X|X|_,3,"top-right, bottom-left, bottom-center",3,"top-center, top-left, center"
1369,2,"X has played in the middle-right and bottom-center, O has played in the middle-left",_|_|_|O|_|X|_|X|_,2,"middle-right, bottom-center",1,middle-left
1370,3,"X occupies the top-center, the center, the middle-left, and the bottom-center, O occupies the top-left, the bottom-left, the bottom-right, and the middle-right",O|X|_|X|X|O|O|X|O,4,"top-center, center, middle-left, bottom-center",4,"top-left, bottom-left, bottom-right, middle-right"
1371,1,"X is in the middle-left and top-right, O is in the center",_|_|X|X|O|_|_|_|_,2,"middle-left, top-right",1,center
1372,1,"X is in the bottom-left, the bottom-right, and the middle-left, O is in the top-left and top-right",O|_|O|X|_|_|X|_|X,3,"bottom-left, bottom-right, middle-left",2,"top-left, top-right"
1373,1,"X is in the top-right, the bottom-center, the top-left, the bottom-right, and the middle-right, O is in the top-center, the middle-left, the bottom-left, and the center",X|O|X|O|O|X|O|X|X,5,"top-right, bottom-center, top-left, bottom-right, middle-right",4,"top-center, middle-left, bottom-left, center"
1374,4,"X is placed in the top-right, the center, the middle-right, and the bottom-left, O is placed in the bottom-center, the top-left, and the bottom-right",O|_|X|_|X|X|X|O|O,4,"top-right, center, middle-right, bottom-left",3,"bottom-center, top-left, bottom-right"
1375,5,"X marks the top-right, the bottom-right, the middle-right, and the top-left, O marks the center, the middle-left, the top-center, and the bottom-center",X|O|X|O|O|X|_|O|X,4,"top-right, bottom-right, middle-right, top-left",4,"center, middle-left, top-center, bottom-center"
1376,5,"X marks the middle-left and bottom-left, O marks the center and middle-right",_|_|_|X|O|O|X|_|_,2,"middle-left, bottom-left",2,"center, middle-right"
1377,2,"X has played in the bottom-center, the middle-right, the top-right, and the bottom-left, O has played in the top-center, the bottom-right, and the top-left",O|O|X|_|_|X|X|X|O,4,"bottom-center, middle-right, top-right, bottom-left",3,"top-center, bottom-right, top-left"
1378,3,"X occupies the bottom-left, the top-center, the bottom-center, the middle-right, and the center, O occupies the bottom-right, the top-left, the top-right, and the middle-left",O|X|O|O|X|X|X|X|O,5,"bottom-left, top-center, bottom-center, middle-right, center",4,"bottom-right, top-left, top-right, middle-left"
1379,1,"X is in the middle-right, the bottom-right, the bottom-center, the top-center, and the top-right, O is in the middle-left, the bottom-left, the top-left, and the center",O|X|X|O|O|X|O|X|X,5,"middle-right, bottom-right, bottom-center, top-center, top-right",4,"middle-left, bottom-left, top-left, center"
1380,1,"X is in the top-right, the bottom-left, the bottom-center, and the middle-left, O is in the bottom-right, the top-center, and the top-left",O|O|X|X|_|_|X|X|O,4,"top-right, bottom-left, bottom-center, middle-left",3,"bottom-right, top-center, top-left"
1381,4,"X is placed in the middle-right, the top-left, the center, the bottom-center, and the middle-left, O is placed in the top-center, the top-right, the bottom-right, and the bottom-left",X|O|O|X|X|X|O|X|O,5,"middle-right, top-left, center, bottom-center, middle-left",4,"top-center, top-right, bottom-right, bottom-left"
1382,4,"X is placed in the center, the middle-left, the bottom-center, the middle-right, and the bottom-right, O is placed in the top-left, the bottom-left, the top-center, and the top-right",O|O|O|X|X|X|O|X|X,5,"center, middle-left, bottom-center, middle-right, bottom-right",4,"top-left, bottom-left, top-center, top-right"
1383,4,"X is placed in the middle-left, the middle-right, the bottom-left, the bottom-center, and the center, O is placed in the top-center, the bottom-right, the top-right, and the top-left",O|O|O|X|X|X|X|X|O,5,"middle-left, middle-right, bottom-left, bottom-center, center",4,"top-center, bottom-right, top-right, top-left"
1384,2,"X has played in the center and middle-left, O has played in the middle-right and bottom-center",_|_|_|X|X|O|_|O|_,2,"center, middle-left",2,"middle-right, bottom-center"
1385,4,"X is placed in the bottom-right, the bottom-center, and the top-left, O is placed in the middle-left, the center, and the middle-right",X|_|_|O|O|O|_|X|X,3,"bottom-right, bottom-center, top-left",3,"middle-left, center, middle-right"
1386,1,"X is in the center and top-right, O is in the top-center and middle-left",_|O|X|O|X|_|_|_|_,2,"center, top-right",2,"top-center, middle-left"
1387,1,"X is in the middle-left and top-left, O is in the top-right",X|_|O|X|_|_|_|_|_,2,"middle-left, top-left",1,top-right
1388,5,"X marks the middle-right and bottom-center, O marks the middle-left",_|_|_|O|_|X|_|X|_,2,"middle-right, bottom-center",1,middle-left
1389,2,"X has played in the center and top-center, O has played in the top-left and bottom-left",O|X|_|_|X|_|O|_|_,2,"center, top-center",2,"top-left, bottom-left"
1390,2,"X has played in the bottom-right, the top-left, and the center, O has played in the bottom-left, the middle-right, and the top-right",X|_|O|_|X|O|O|_|X,3,"bottom-right, top-left, center",3,"bottom-left, middle-right, top-right"
1391,2,"X has played in the bottom-center, the bottom-left, the middle-right, the top-right, and the middle-left, O has played in the top-center, the bottom-right, the top-left, and the center",O|O|X|X|O|X|X|X|O,5,"bottom-center, bottom-left, middle-right, top-right, middle-left",4,"top-center, bottom-right, top-left, center"
1392,4,"X is placed in the top-right, the center, the top-center, the middle-left, and the bottom-left, O is placed in the middle-right, the top-left, the bottom-center, and the bottom-right",O|X|X|X|X|O|X|O|O,5,"top-right, center, top-center, middle-left, bottom-left",4,"middle-right, top-left, bottom-center, bottom-right"
1393,3,"X occupies the top-left and bottom-right, O occupies the bottom-center",X|_|_|_|_|_|_|O|X,2,"top-left, bottom-right",1,bottom-center
1394,1,"X is in the center, the middle-left, the top-right, and the bottom-right, O is in the bottom-left, the top-left, the bottom-center, and the middle-right",O|_|X|X|X|O|O|O|X,4,"center, middle-left, top-right, bottom-right",4,"bottom-left, top-left, bottom-center, middle-right"
1395,3,"X occupies the top-right and bottom-center, O occupies the bottom-right and top-left",O|_|X|_|_|_|_|X|O,2,"top-right, bottom-center",2,"bottom-right, top-left"
1396,3,"X occupies the top-right, the bottom-center, and the middle-left, O occupies the middle-right, the center, and the bottom-left",_|_|X|X|O|O|O|X|_,3,"top-right, bottom-center, middle-left",3,"middle-right, center, bottom-left"
1397,2,"X has played in the bottom-center and bottom-right, O has played in the center",_|_|_|_|O|_|_|X|X,2,"bottom-center, bottom-right",1,center
1398,2,"X has played in the top-left, the middle-right, and the top-right, O has played in the top-center, the bottom-center, and the bottom-left",X|O|X|_|_|X|O|O|_,3,"top-left, middle-right, top-right",3,"top-center, bottom-center, bottom-left"
1399,3,"X occupies the top-left, the middle-right, the top-right, the top-center, and the bottom-left, O occupies the center, the bottom-center, the middle-left, and the bottom-right",X|X|X|O|O|X|X|O|O,5,"top-left, middle-right, top-right, top-center, bottom-left",4,"center, bottom-center, middle-left, bottom-right"
1400,2,"X has played in the top-left, the middle-right, the top-center, the center, and the bottom-right, O has played in the bottom-center, the top-right, the middle-left, and the bottom-left",X|X|O|O|X|X|O|O|X,5,"top-left, middle-right, top-center, center, bottom-right",4,"bottom-center, top-right, middle-left, bottom-left"
1401,3,"X occupies the top-right and middle-left, O occupies the bottom-right and center",_|_|X|X|O|_|_|_|O,2,"top-right, middle-left",2,"bottom-right, center"
1402,5,"X marks the top-right, the top-center, and the bottom-center, O marks the top-left, the middle-right, and the bottom-right",O|X|X|_|_|O|_|X|O,3,"top-right, top-center, bottom-center",3,"top-left, middle-right, bottom-right"
1403,1,"X is in the top-center and middle-left, O is in the bottom-left",_|X|_|X|_|_|O|_|_,2,"top-center, middle-left",1,bottom-left
1404,5,"X marks the top-left, the bottom-right, and the top-center, O marks the bottom-center, the top-right, and the middle-left",X|X|O|O|_|_|_|O|X,3,"top-left, bottom-right, top-center",3,"bottom-center, top-right, middle-left"
1405,4,"X is placed in the bottom-right, the middle-left, and the center, O is placed in the bottom-left and bottom-center",_|_|_|X|X|_|O|O|X,3,"bottom-right, middle-left, center",2,"bottom-left, bottom-center"
1406,5,"X marks the top-left, the center, the top-right, and the middle-right, O marks the bottom-center, the bottom-left, and the middle-left",X|_|X|O|X|X|O|O|_,4,"top-left, center, top-right, middle-right",3,"bottom-center, bottom-left, middle-left"
1407,5,"X marks the center, O marks the top-center",_|O|_|_|X|_|_|_|_,1,center,1,top-center
1408,3,"X occupies the middle-right and bottom-right, O occupies the middle-left",_|_|_|O|_|X|_|_|X,2,"middle-right, bottom-right",1,middle-left
1409,3,"X occupies the middle-right, the top-center, the bottom-right, the top-left, and the center, O occupies the top-right, the middle-left, the bottom-center, and the bottom-left",X|X|O|O|X|X|O|O|X,5,"middle-right, top-center, bottom-right, top-left, center",4,"top-right, middle-left, bottom-center, bottom-left"
1410,4,"X is placed in the middle-right, the bottom-left, the top-left, and the middle-left, O is placed in the center, the top-right, and the bottom-right",X|_|O|X|O|X|X|_|O,4,"middle-right, bottom-left, top-left, middle-left",3,"center, top-right, bottom-right"
1411,1,"X is in the bottom-right, the top-left, the top-right, and the top-center, O is in the bottom-center, the middle-left, the center, and the middle-right",X|X|X|O|O|O|_|O|X,4,"bottom-right, top-left, top-right, top-center",4,"bottom-center, middle-left, center, middle-right"
1412,3,"X occupies the bottom-center, the bottom-left, the top-center, and the middle-left, O occupies the center, the bottom-right, and the middle-right",_|X|_|X|O|O|X|X|O,4,"bottom-center, bottom-left, top-center, middle-left",3,"center, bottom-right, middle-right"
1413,5,"X marks the middle-left, the middle-right, the center, and the top-left, O marks the top-right, the top-center, and the bottom-center",X|O|O|X|X|X|_|O|_,4,"middle-left, middle-right, center, top-left",3,"top-right, top-center, bottom-center"
1414,3,"X occupies the middle-left, the bottom-left, the top-right, the bottom-right, and the top-left, O occupies the middle-right, the center, the bottom-center, and the top-center",X|O|X|X|O|O|X|O|X,5,"middle-left, bottom-left, top-right, bottom-right, top-left",4,"middle-right, center, bottom-center, top-center"
1415,4,"X is placed in the top-center, the top-left, the top-right, the center, and the bottom-center, O is placed in the bottom-left, the middle-left, the bottom-right, and the middle-right",X|X|X|O|X|O|O|X|O,5,"top-center, top-left, top-right, center, bottom-center",4,"bottom-left, middle-left, bottom-right, middle-right"
1416,1,"X is in the bottom-right, the bottom-left, and the bottom-center, O is in the middle-right, the center, and the top-left",O|_|_|_|O|O|X|X|X,3,"bottom-right, bottom-left, bottom-center",3,"middle-right, center, top-left"
1417,1,"X is in the center, the bottom-right, the bottom-center, the bottom-left, and the middle-right, O is in the top-right, the top-left, the middle-left, and the top-center",O|O|O|O|X|X|X|X|X,5,"center, bottom-right, bottom-center, bottom-left, middle-right",4,"top-right, top-left, middle-left, top-center"
1418,2,"X has played in the bottom-left and middle-right, O has played in the bottom-right",_|_|_|_|_|X|X|_|O,2,"bottom-left, middle-right",1,bottom-right
1419,4,"X is placed in the bottom-right, the middle-right, the bottom-center, and the top-center, O is placed in the top-left, the middle-left, and the top-right",O|X|O|O|_|X|_|X|X,4,"bottom-right, middle-right, bottom-center, top-center",3,"top-left, middle-left, top-right"
1420,1,"X is in the top-center, the bottom-right, and the middle-right, O is in the bottom-center, the middle-left, and the top-right",_|X|O|O|_|X|_|O|X,3,"top-center, bottom-right, middle-right",3,"bottom-center, middle-left, top-right"
1421,3,"X occupies the middle-left, the bottom-left, and the bottom-center, O occupies the bottom-right and middle-right",_|_|_|X|_|O|X|X|O,3,"middle-left, bottom-left, bottom-center",2,"bottom-right, middle-right"
1422,4,"X is placed in the bottom-right, the middle-left, the bottom-center, and the center, O is placed in the top-left, the bottom-left, the top-right, and the middle-right",O|_|O|X|X|O|O|X|X,4,"bottom-right, middle-left, bottom-center, center",4,"top-left, bottom-left, top-right, middle-right"
1423,3,"X occupies the middle-left, O occupies the center",_|_|_|X|O|_|_|_|_,1,middle-left,1,center
1424,3,"X occupies the middle-right, O occupies the bottom-right",_|_|_|_|_|X|_|_|O,1,middle-right,1,bottom-right
1425,2,"X has played in the middle-right, the middle-left, and the bottom-right, O has played in the center, the top-left, and the bottom-left",O|_|_|X|O|X|O|_|X,3,"middle-right, middle-left, bottom-right",3,"center, top-left, bottom-left"
1426,1,"X is in the top-center, the center, and the bottom-left, O is in the top-right, the top-left, and the bottom-center",O|X|O|_|X|_|X|O|_,3,"top-center, center, bottom-left",3,"top-right, top-left, bottom-center"
1427,1,"X is in the top-right, the top-left, the middle-right, and the center, O is in the middle-left, the top-center, and the bottom-left",X|O|X|O|X|X|O|_|_,4,"top-right, top-left, middle-right, center",3,"middle-left, top-center, bottom-left"
1428,1,"X is in the bottom-left, the bottom-right, and the bottom-center, O is in the middle-right, the top-right, and the top-center",_|O|O|_|_|O|X|X|X,3,"bottom-left, bottom-right, bottom-center",3,"middle-right, top-right, top-center"
1429,5,"X marks the center, the bottom-left, and the middle-left, O marks the top-center and middle-right",_|O|_|X|X|O|X|_|_,3,"center, bottom-left, middle-left",2,"top-center, middle-right"
1430,1,"X is in the middle-right, the bottom-right, the middle-left, the top-center, and the center, O is in the bottom-left, the top-right, the bottom-center, and the top-left",O|X|O|X|X|X|O|O|X,5,"middle-right, bottom-right, middle-left, top-center, center",4,"bottom-left, top-right, bottom-center, top-left"
1431,4,"X is placed in the top-center, the middle-left, the middle-right, and the center, O is placed in the bottom-left, the bottom-center, the bottom-right, and the top-left",O|X|_|X|X|X|O|O|O,4,"top-center, middle-left, middle-right, center",4,"bottom-left, bottom-center, bottom-right, top-left"
1432,2,"X has played in the top-left, the bottom-right, the bottom-center, the center, and the top-center, O has played in the middle-right, the middle-left, the top-right, and the bottom-left",X|X|O|O|X|O|O|X|X,5,"top-left, bottom-right, bottom-center, center, top-center",4,"middle-right, middle-left, top-right, bottom-left"
1433,5,"X marks the middle-left and bottom-left, O marks the top-right",_|_|O|X|_|_|X|_|_,2,"middle-left, bottom-left",1,top-right
1434,1,"X is in the top-right, O is in the bottom-left",_|_|X|_|_|_|O|_|_,1,top-right,1,bottom-left
1435,1,"X is in the top-right and bottom-left, O is in the top-center",_|O|X|_|_|_|X|_|_,2,"top-right, bottom-left",1,top-center
1436,5,"X marks the top-right, the top-left, and the center, O marks the top-center, the middle-left, and the bottom-center",X|O|X|O|X|_|_|O|_,3,"top-right, top-left, center",3,"top-center, middle-left, bottom-center"
1437,1,"X is in the bottom-left, the top-center, the bottom-center, and the middle-left, O is in the top-right, the middle-right, and the top-left",O|X|O|X|_|O|X|X|_,4,"bottom-left, top-center, bottom-center, middle-left",3,"top-right, middle-right, top-left"
1438,2,"X has played in the middle-right, O has played in the middle-left",_|_|_|O|_|X|_|_|_,1,middle-right,1,middle-left
1439,4,"X is placed in the top-right, the top-center, the middle-right, the bottom-left, and the bottom-right, O is placed in the middle-left, the center, the top-left, and the bottom-center",O|X|X|O|O|X|X|O|X,5,"top-right, top-center, middle-right, bottom-left, bottom-right",4,"middle-left, center, top-left, bottom-center"
1440,3,"X occupies the middle-left, the middle-right, the center, the top-left, and the top-center, O occupies the bottom-center, the top-right, the bottom-right, and the bottom-left",X|X|O|X|X|X|O|O|O,5,"middle-left, middle-right, center, top-left, top-center",4,"bottom-center, top-right, bottom-right, bottom-left"
1441,3,"X occupies the top-left, the bottom-center, the middle-left, and the middle-right, O occupies the bottom-left, the top-center, and the center",X|O|_|X|O|X|O|X|_,4,"top-left, bottom-center, middle-left, middle-right",3,"bottom-left, top-center, center"
1442,4,"X is placed in the bottom-center, the middle-right, and the bottom-left, O is placed in the middle-left, the top-left, and the top-center",O|O|_|O|_|X|X|X|_,3,"bottom-center, middle-right, bottom-left",3,"middle-left, top-left, top-center"
1443,5,"X marks the middle-right, the top-center, and the top-left, O marks the top-right and bottom-right",X|X|O|_|_|X|_|_|O,3,"middle-right, top-center, top-left",2,"top-right, bottom-right"
1444,5,"X marks the bottom-center, the middle-right, the top-left, the center, and the bottom-left, O marks the top-right, the bottom-right, the top-center, and the middle-left",X|O|O|O|X|X|X|X|O,5,"bottom-center, middle-right, top-left, center, bottom-left",4,"top-right, bottom-right, top-center, middle-left"
1445,1,"X is in the center, the middle-left, the bottom-left, the bottom-right, and the bottom-center, O is in the top-left, the top-center, the top-right, and the middle-right",O|O|O|X|X|O|X|X|X,5,"center, middle-left, bottom-left, bottom-right, bottom-center",4,"top-left, top-center, top-right, middle-right"
1446,1,"X is in the center and top-center, O is in the top-right and bottom-center",_|X|O|_|X|_|_|O|_,2,"center, top-center",2,"top-right, bottom-center"
1447,4,"X is placed in the bottom-right, the bottom-left, the middle-left, and the center, O is placed in the middle-right, the top-left, the bottom-center, and the top-right",O|_|O|X|X|O|X|O|X,4,"bottom-right, bottom-left, middle-left, center",4,"middle-right, top-left, bottom-center, top-right"
1448,5,"X marks the middle-left, O marks the bottom-center",_|_|_|X|_|_|_|O|_,1,middle-left,1,bottom-center
1449,2,"X has played in the bottom-right, O has played in the middle-left",_|_|_|O|_|_|_|_|X,1,bottom-right,1,middle-left
1450,1,"X is in the bottom-center, O is in the top-left",O|_|_|_|_|_|_|X|_,1,bottom-center,1,top-left
1451,5,"X marks the bottom-center and top-left, O marks the center",X|_|_|_|O|_|_|X|_,2,"bottom-center, top-left",1,center
1452,3,"X occupies the top-right and middle-left, O occupies the middle-right",_|_|X|X|_|O|_|_|_,2,"top-right, middle-left",1,middle-right
1453,1,"X is in the bottom-center and top-center, O is in the bottom-left and middle-left",_|X|_|O|_|_|O|X|_,2,"bottom-center, top-center",2,"bottom-left, middle-left"
1454,4,"X is placed in the bottom-center, the top-center, and the center, O is placed in the top-left, the bottom-left, and the top-right",O|X|O|_|X|_|O|X|_,3,"bottom-center, top-center, center",3,"top-left, bottom-left, top-right"
1455,1,"X is in the center, the middle-left, and the bottom-center, O is in the bottom-left, the top-left, and the middle-right",O|_|_|X|X|O|O|X|_,3,"center, middle-left, bottom-center",3,"bottom-left, top-left, middle-right"
1456,1,"X is in the bottom-left, the bottom-right, the middle-right, the middle-left, and the top-left, O is in the bottom-center, the top-center, the top-right, and the center",X|O|O|X|O|X|X|O|X,5,"bottom-left, bottom-right, middle-right, middle-left, top-left",4,"bottom-center, top-center, top-right, center"
1457,4,"X is placed in the top-center, the top-right, the middle-left, the center, and the bottom-right, O is placed in the middle-right, the bottom-center, the bottom-left, and the top-left",O|X|X|X|X|O|O|O|X,5,"top-center, top-right, middle-left, center, bottom-right",4,"middle-right, bottom-center, bottom-left, top-left"
1458,5,"X marks the top-left, the middle-right, the bottom-right, and the middle-left, O marks the bottom-center, the top-center, and the bottom-left",X|O|_|X|_|X|O|O|X,4,"top-left, middle-right, bottom-right, middle-left",3,"bottom-center, top-center, bottom-left"
1459,1,"X is in the top-center and bottom-center, O is in the bottom-left and bottom-right",_|X|_|_|_|_|O|X|O,2,"top-center, bottom-center",2,"bottom-left, bottom-right"
1460,1,"X is in the top-center and bottom-right, O is in the bottom-center and middle-right",_|X|_|_|_|O|_|O|X,2,"top-center, bottom-right",2,"bottom-center, middle-right"
1461,2,"X has played in the top-center and bottom-left, O has played in the bottom-right and bottom-center",_|X|_|_|_|_|X|O|O,2,"top-center, bottom-left",2,"bottom-right, bottom-center"
1462,4,"X is placed in the top-left, O is placed in the middle-right",X|_|_|_|_|O|_|_|_,1,top-left,1,middle-right
1463,4,"X is placed in the top-right, the bottom-left, the center, and the top-center, O is placed in the bottom-right, the middle-left, the top-left, and the middle-right",O|X|X|O|X|O|X|_|O,4,"top-right, bottom-left, center, top-center",4,"bottom-right, middle-left, top-left, middle-right"
1464,4,"X is placed in the bottom-center, the top-left, the middle-left, and the top-right, O is placed in the bottom-left, the middle-right, the center, and the top-center",X|O|X|X|O|O|O|X|_,4,"bottom-center, top-left, middle-left, top-right",4,"bottom-left, middle-right, center, top-center"
1465,4,"X is placed in the top-center and middle-left, O is placed in the bottom-center and top-right",_|X|O|X|_|_|_|O|_,2,"top-center, middle-left",2,"bottom-center, top-right"
1466,3,"X occupies the middle-left, the top-right, the center, and the top-center, O occupies the bottom-center, the bottom-right, and the bottom-left",_|X|X|X|X|_|O|O|O,4,"middle-left, top-right, center, top-center",3,"bottom-center, bottom-right, bottom-left"
1467,5,"X marks the middle-left, the bottom-left, and the bottom-center, O marks the top-right and center",_|_|O|X|O|_|X|X|_,3,"middle-left, bottom-left, bottom-center",2,"top-right, center"
1468,4,"X is placed in the bottom-center, the top-center, and the middle-right, O is placed in the top-right and center",_|X|O|_|O|X|_|X|_,3,"bottom-center, top-center, middle-right",2,"top-right, center"
1469,1,"X is in the top-center, the bottom-center, the top-right, the bottom-right, and the middle-left, O is in the bottom-left, the top-left, the center, and the middle-right",O|X|X|X|O|O|O|X|X,5,"top-center, bottom-center, top-right, bottom-right, middle-left",4,"bottom-left, top-left, center, middle-right"
1470,3,"X occupies the center, O occupies the top-left",O|_|_|_|X|_|_|_|_,1,center,1,top-left
1471,3,"X occupies the middle-right, the top-right, and the top-center, O occupies the top-left and bottom-center",O|X|X|_|_|X|_|O|_,3,"middle-right, top-right, top-center",2,"top-left, bottom-center"
1472,5,"X marks the top-left, the bottom-center, and the top-center, O marks the center, the middle-right, and the middle-left",X|X|_|O|O|O|_|X|_,3,"top-left, bottom-center, top-center",3,"center, middle-right, middle-left"
1473,3,"X occupies the middle-right, the top-right, the bottom-right, and the top-left, O occupies the center, the bottom-left, the top-center, and the middle-left",X|O|X|O|O|X|O|_|X,4,"middle-right, top-right, bottom-right, top-left",4,"center, bottom-left, top-center, middle-left"
1474,1,"X is in the center, the middle-right, and the top-center, O is in the bottom-right and top-right",_|X|O|_|X|X|_|_|O,3,"center, middle-right, top-center",2,"bottom-right, top-right"
1475,3,"X occupies the middle-right and top-left, O occupies the bottom-left and bottom-right",X|_|_|_|_|X|O|_|O,2,"middle-right, top-left",2,"bottom-left, bottom-right"
1476,4,"X is placed in the top-center, O is placed in the top-right",_|X|O|_|_|_|_|_|_,1,top-center,1,top-right
1477,3,"X occupies the top-left, the bottom-right, the bottom-left, and the middle-right, O occupies the bottom-center, the top-right, the center, and the top-center",X|O|O|_|O|X|X|O|X,4,"top-left, bottom-right, bottom-left, middle-right",4,"bottom-center, top-right, center, top-center"
1478,3,"X occupies the middle-left and center, O occupies the bottom-left and top-right",_|_|O|X|X|_|O|_|_,2,"middle-left, center",2,"bottom-left, top-right"
1479,2,"X has played in the middle-right, the middle-left, the bottom-center, and the top-right, O has played in the bottom-right, the top-center, the center, and the top-left",O|O|X|X|O|X|_|X|O,4,"middle-right, middle-left, bottom-center, top-right",4,"bottom-right, top-center, center, top-left"
1480,4,"X is placed in the bottom-center and top-left, O is placed in the bottom-right",X|_|_|_|_|_|_|X|O,2,"bottom-center, top-left",1,bottom-right
1481,3,"X occupies the center and top-left, O occupies the middle-left",X|_|_|O|X|_|_|_|_,2,"center, top-left",1,middle-left
1482,2,"X has played in the bottom-center, the top-right, the bottom-right, the top-center, and the middle-right, O has played in the middle-left, the top-left, the bottom-left, and the center",O|X|X|O|O|X|O|X|X,5,"bottom-center, top-right, bottom-right, top-center, middle-right",4,"middle-left, top-left, bottom-left, center"
1483,4,"X is placed in the bottom-left and center, O is placed in the middle-left",_|_|_|O|X|_|X|_|_,2,"bottom-left, center",1,middle-left
1484,1,"X is in the bottom-left, the bottom-right, and the center, O is in the bottom-center and top-center",_|O|_|_|X|_|X|O|X,3,"bottom-left, bottom-right, center",2,"bottom-center, top-center"
1485,1,"X is in the top-left, the middle-right, the middle-left, and the bottom-right, O is in the bottom-center, the bottom-left, the top-right, and the top-center",X|O|O|X|_|X|O|O|X,4,"top-left, middle-right, middle-left, bottom-right",4,"bottom-center, bottom-left, top-right, top-center"
1486,1,"X is in the middle-right, O is in the top-center",_|O|_|_|_|X|_|_|_,1,middle-right,1,top-center
1487,4,"X is placed in the top-right, the middle-left, and the middle-right, O is placed in the bottom-left and center",_|_|X|X|O|X|O|_|_,3,"top-right, middle-left, middle-right",2,"bottom-left, center"
1488,1,"X is in the top-right, the middle-right, the top-left, the center, and the bottom-left, O is in the top-center, the bottom-center, the bottom-right, and the middle-left",X|O|X|O|X|X|X|O|O,5,"top-right, middle-right, top-left, center, bottom-left",4,"top-center, bottom-center, bottom-right, middle-left"
1489,4,"X is placed in the bottom-left and bottom-center, O is placed in the top-right",_|_|O|_|_|_|X|X|_,2,"bottom-left, bottom-center",1,top-right
1490,5,"X marks the middle-right, O marks the middle-left",_|_|_|O|_|X|_|_|_,1,middle-right,1,middle-left
1491,1,"X is in the top-right, the top-center, the middle-right, the bottom-left, and the bottom-right, O is in the top-left, the bottom-center, the center, and the middle-left",O|X|X|O|O|X|X|O|X,5,"top-right, top-center, middle-right, bottom-left, bottom-right",4,"top-left, bottom-center, center, middle-left"
1492,2,"X has played in the bottom-left and top-right, O has played in the top-left and middle-right",O|_|X|_|_|O|X|_|_,2,"bottom-left, top-right",2,"top-left, middle-right"
1493,2,"X has played in the top-center, the bottom-left, and the middle-left, O has played in the middle-right and top-right",_|X|O|X|_|O|X|_|_,3,"top-center, bottom-left, middle-left",2,"middle-right, top-right"
1494,5,"X marks the top-right and bottom-left, O marks the bottom-right",_|_|X|_|_|_|X|_|O,2,"top-right, bottom-left",1,bottom-right
1495,3,"X occupies the bottom-right, the middle-right, the bottom-center, the top-center, and the top-right, O occupies the bottom-left, the top-left, the middle-left, and the center",O|X|X|O|O|X|O|X|X,5,"bottom-right, middle-right, bottom-center, top-center, top-right",4,"bottom-left, top-left, middle-left, center"
1496,4,"X is placed in the top-left, the top-center, the center, and the bottom-right, O is placed in the bottom-left, the middle-right, the top-right, and the middle-left",X|X|O|O|X|O|O|_|X,4,"top-left, top-center, center, bottom-right",4,"bottom-left, middle-right, top-right, middle-left"
1497,3,"X occupies the top-right and top-center, O occupies the bottom-right",_|X|X|_|_|_|_|_|O,2,"top-right, top-center",1,bottom-right
1498,1,"X is in the top-right and middle-right, O is in the top-center",_|O|X|_|_|X|_|_|_,2,"top-right, middle-right",1,top-center
1499,5,"X marks the middle-right, the top-center, the bottom-right, and the bottom-left, O marks the bottom-center, the center, and the middle-left",_|X|_|O|O|X|X|O|X,4,"middle-right, top-center, bottom-right, bottom-left",3,"bottom-center, center, middle-left"
1500,1,"X is in the middle-left, the top-right, the bottom-left, the bottom-center, and the bottom-right, O is in the top-center, the middle-right, the center, and the top-left",O|O|X|X|O|O|X|X|X,5,"middle-left, top-right, bottom-left, bottom-center, bottom-right",4,"top-center, middle-right, center, top-left"
1501,2,"X has played in the top-center, the top-right, the bottom-center, the middle-left, and the center, O has played in the middle-right, the bottom-right, the top-left, and the bottom-left",O|X|X|X|X|O|O|X|O,5,"top-center, top-right, bottom-center, middle-left, center",4,"middle-right, bottom-right, top-left, bottom-left"
1502,4,"X is placed in the bottom-center and middle-right, O is placed in the top-right and bottom-right",_|_|O|_|_|X|_|X|O,2,"bottom-center, middle-right",2,"top-right, bottom-right"
1503,1,"X is in the top-right and center, O is in the top-center and bottom-left",_|O|X|_|X|_|O|_|_,2,"top-right, center",2,"top-center, bottom-left"
1504,1,"X is in the top-right, the bottom-left, the center, the top-center, and the bottom-right, O is in the middle-right, the bottom-center, the top-left, and the middle-left",O|X|X|O|X|O|X|O|X,5,"top-right, bottom-left, center, top-center, bottom-right",4,"middle-right, bottom-center, top-left, middle-left"
1505,4,"X is placed in the top-center, the center, the middle-left, the top-right, and the middle-right, O is placed in the top-left, the bottom-center, the bottom-right, and the bottom-left",O|X|X|X|X|X|O|O|O,5,"top-center, center, middle-left, top-right, middle-right",4,"top-left, bottom-center, bottom-right, bottom-left"
1506,3,"X occupies the bottom-right, the middle-left, the bottom-left, the top-right, and the center, O occupies the middle-right, the top-left, the top-center, and the bottom-center",O|O|X|X|X|O|X|O|X,5,"bottom-right, middle-left, bottom-left, top-right, center",4,"middle-right, top-left, top-center, bottom-center"
1507,5,"X marks the top-center, the bottom-center, and the center, O marks the top-left and bottom-left",O|X|_|_|X|_|O|X|_,3,"top-center, bottom-center, center",2,"top-left, bottom-left"
1508,1,"X is in the bottom-right, the center, and the bottom-left, O is in the middle-left and top-left",O|_|_|O|X|_|X|_|X,3,"bottom-right, center, bottom-left",2,"middle-left, top-left"
1509,2,"X has played in the top-left, the bottom-right, and the top-right, O has played in the middle-left, the center, and the middle-right",X|_|X|O|O|O|_|_|X,3,"top-left, bottom-right, top-right",3,"middle-left, center, middle-right"
1510,2,"X has played in the bottom-right, the top-center, and the top-left, O has played in the top-right, the middle-right, and the center",X|X|O|_|O|O|_|_|X,3,"bottom-right, top-center, top-left",3,"top-right, middle-right, center"
1511,3,"X occupies the middle-right, the bottom-left, and the middle-left, O occupies the center, the bottom-right, and the top-left",O|_|_|X|O|X|X|_|O,3,"middle-right, bottom-left, middle-left",3,"center, bottom-right, top-left"
1512,5,"X marks the bottom-left, the middle-left, the center, and the middle-right, O marks the bottom-center, the top-left, and the bottom-right",O|_|_|X|X|X|X|O|O,4,"bottom-left, middle-left, center, middle-right",3,"bottom-center, top-left, bottom-right"
1513,2,"X has played in the top-center, the top-right, the top-left, the bottom-center, and the center, O has played in the middle-left, the bottom-right, the middle-right, and the bottom-left",X|X|X|O|X|O|O|X|O,5,"top-center, top-right, top-left, bottom-center, center",4,"middle-left, bottom-right, middle-right, bottom-left"
1514,1,"X is in the bottom-center, the middle-right, and the center, O is in the top-center, the top-right, and the middle-left",_|O|O|O|X|X|_|X|_,3,"bottom-center, middle-right, center",3,"top-center, top-right, middle-left"
1515,1,"X is in the top-left and middle-right, O is in the middle-left and bottom-center",X|_|_|O|_|X|_|O|_,2,"top-left, middle-right",2,"middle-left, bottom-center"
1516,1,"X is in the bottom-right, the bottom-center, the middle-right, and the top-left, O is in the bottom-left, the center, and the top-right",X|_|O|_|O|X|O|X|X,4,"bottom-right, bottom-center, middle-right, top-left",3,"bottom-left, center, top-right"
1517,5,"X marks the bottom-left, the bottom-center, and the center, O marks the top-right, the bottom-right, and the top-left",O|_|O|_|X|_|X|X|O,3,"bottom-left, bottom-center, center",3,"top-right, bottom-right, top-left"
1518,2,"X has played in the bottom-right, the top-center, and the middle-right, O has played in the bottom-center and bottom-left",_|X|_|_|_|X|O|O|X,3,"bottom-right, top-center, middle-right",2,"bottom-center, bottom-left"
1519,4,"X is placed in the bottom-left, the top-left, the bottom-right, the center, and the top-right, O is placed in the bottom-center, the middle-left, the middle-right, and the top-center",X|O|X|O|X|O|X|O|X,5,"bottom-left, top-left, bottom-right, center, top-right",4,"bottom-center, middle-left, middle-right, top-center"
1520,1,"X is in the bottom-right and bottom-left, O is in the middle-left and top-center",_|O|_|O|_|_|X|_|X,2,"bottom-right, bottom-left",2,"middle-left, top-center"
1521,1,"X is in the middle-left, O is in the top-left",O|_|_|X|_|_|_|_|_,1,middle-left,1,top-left
1522,1,"X is in the bottom-left and middle-left, O is in the bottom-right and bottom-center",_|_|_|X|_|_|X|O|O,2,"bottom-left, middle-left",2,"bottom-right, bottom-center"
1523,4,"X is placed in the center and top-left, O is placed in the top-center and middle-right",X|O|_|_|X|O|_|_|_,2,"center, top-left",2,"top-center, middle-right"
1524,2,"X has played in the middle-right and middle-left, O has played in the center and top-right",_|_|O|X|O|X|_|_|_,2,"middle-right, middle-left",2,"center, top-right"
1525,5,"X marks the top-center, the center, and the top-left, O marks the bottom-left, the bottom-right, and the middle-left",X|X|_|O|X|_|O|_|O,3,"top-center, center, top-left",3,"bottom-left, bottom-right, middle-left"
1526,2,"X has played in the bottom-left, the bottom-right, the middle-right, and the center, O has played in the top-center, the middle-left, and the top-left",O|O|_|O|X|X|X|_|X,4,"bottom-left, bottom-right, middle-right, center",3,"top-center, middle-left, top-left"
1527,4,"X is placed in the middle-right, the bottom-left, the bottom-right, the middle-left, and the top-right, O is placed in the top-left, the top-center, the bottom-center, and the center",O|O|X|X|O|X|X|O|X,5,"middle-right, bottom-left, bottom-right, middle-left, top-right",4,"top-left, top-center, bottom-center, center"
1528,5,"X marks the top-center, the middle-right, and the middle-left, O marks the top-left, the center, and the bottom-right",O|X|_|X|O|X|_|_|O,3,"top-center, middle-right, middle-left",3,"top-left, center, bottom-right"
1529,5,"X marks the bottom-left and top-right, O marks the middle-right and top-center",_|O|X|_|_|O|X|_|_,2,"bottom-left, top-right",2,"middle-right, top-center"
1530,3,"X occupies the middle-right, the top-right, the center, and the middle-left, O occupies the bottom-center, the bottom-right, and the bottom-left",_|_|X|X|X|X|O|O|O,4,"middle-right, top-right, center, middle-left",3,"bottom-center, bottom-right, bottom-left"
1531,4,"X is placed in the middle-right, the middle-left, the top-right, the center, and the top-left, O is placed in the bottom-right, the bottom-center, the bottom-left, and the top-center",X|O|X|X|X|X|O|O|O,5,"middle-right, middle-left, top-right, center, top-left",4,"bottom-right, bottom-center, bottom-left, top-center"
1532,2,"X has played in the top-left, the top-center, the bottom-center, and the bottom-right, O has played in the center, the middle-left, and the bottom-left",X|X|_|O|O|_|O|X|X,4,"top-left, top-center, bottom-center, bottom-right",3,"center, middle-left, bottom-left"
1533,3,"X occupies the top-left and bottom-right, O occupies the top-right",X|_|O|_|_|_|_|_|X,2,"top-left, bottom-right",1,top-right
1534,3,"X occupies the middle-left, the top-right, the bottom-left, and the bottom-center, O occupies the bottom-right, the middle-right, and the top-center",_|O|X|X|_|O|X|X|O,4,"middle-left, top-right, bottom-left, bottom-center",3,"bottom-right, middle-right, top-center"
1535,1,"X is in the top-left, the middle-left, the center, and the middle-right, O is in the bottom-right, the top-right, and the bottom-left",X|_|O|X|X|X|O|_|O,4,"top-left, middle-left, center, middle-right",3,"bottom-right, top-right, bottom-left"
1536,2,"X has played in the bottom-center, the top-right, the top-left, and the middle-left, O has played in the bottom-right, the middle-right, and the top-center",X|O|X|X|_|O|_|X|O,4,"bottom-center, top-right, top-left, middle-left",3,"bottom-right, middle-right, top-center"
1537,1,"X is in the bottom-right, the top-right, the bottom-center, the top-left, and the center, O is in the top-center, the middle-left, the middle-right, and the bottom-left",X|O|X|O|X|O|O|X|X,5,"bottom-right, top-right, bottom-center, top-left, center",4,"top-center, middle-left, middle-right, bottom-left"
1538,1,"X is in the top-center, the center, and the top-left, O is in the bottom-left and top-right",X|X|O|_|X|_|O|_|_,3,"top-center, center, top-left",2,"bottom-left, top-right"
1539,2,"X has played in the bottom-center and bottom-left, O has played in the middle-left and top-left",O|_|_|O|_|_|X|X|_,2,"bottom-center, bottom-left",2,"middle-left, top-left"
1540,1,"X is in the top-center, the middle-right, and the bottom-center, O is in the top-right and middle-left",_|X|O|O|_|X|_|X|_,3,"top-center, middle-right, bottom-center",2,"top-right, middle-left"
1541,1,"X is in the bottom-right and middle-left, O is in the bottom-left and bottom-center",_|_|_|X|_|_|O|O|X,2,"bottom-right, middle-left",2,"bottom-left, bottom-center"
1542,2,"X has played in the bottom-center and top-left, O has played in the bottom-left and top-center",X|O|_|_|_|_|O|X|_,2,"bottom-center, top-left",2,"bottom-left, top-center"
1543,3,"X occupies the bottom-left, the top-center, the top-left, and the middle-left, O occupies the top-right, the bottom-right, the middle-right, and the center",X|X|O|X|O|O|X|_|O,4,"bottom-left, top-center, top-left, middle-left",4,"top-right, bottom-right, middle-right, center"
1544,2,"X has played in the middle-right, the center, the top-right, the middle-left, and the bottom-center, O has played in the top-left, the top-center, the bottom-left, and the bottom-right",O|O|X|X|X|X|O|X|O,5,"middle-right, center, top-right, middle-left, bottom-center",4,"top-left, top-center, bottom-left, bottom-right"
1545,2,"X has played in the top-right and bottom-center, O has played in the middle-right",_|_|X|_|_|O|_|X|_,2,"top-right, bottom-center",1,middle-right
1546,1,"X is in the center, the top-left, and the middle-left, O is in the bottom-right, the bottom-left, and the top-center",X|O|_|X|X|_|O|_|O,3,"center, top-left, middle-left",3,"bottom-right, bottom-left, top-center"
1547,1,"X is in the top-left, the bottom-right, and the top-center, O is in the bottom-center, the middle-left, and the top-right",X|X|O|O|_|_|_|O|X,3,"top-left, bottom-right, top-center",3,"bottom-center, middle-left, top-right"
1548,3,"X occupies the bottom-left and top-left, O occupies the bottom-center",X|_|_|_|_|_|X|O|_,2,"bottom-left, top-left",1,bottom-center
1549,2,"X has played in the top-center, O has played in the middle-right",_|X|_|_|_|O|_|_|_,1,top-center,1,middle-right
1550,3,"X occupies the bottom-right, the middle-left, the top-center, the center, and the bottom-left, O occupies the top-left, the top-right, the middle-right, and the bottom-center",O|X|O|X|X|O|X|O|X,5,"bottom-right, middle-left, top-center, center, bottom-left",4,"top-left, top-right, middle-right, bottom-center"
1551,3,"X occupies the bottom-right, the middle-right, the middle-left, and the bottom-left, O occupies the center, the top-right, and the top-center",_|O|O|X|O|X|X|_|X,4,"bottom-right, middle-right, middle-left, bottom-left",3,"center, top-right, top-center"
1552,2,"X has played in the bottom-right, the bottom-center, and the center, O has played in the top-center and bottom-left",_|O|_|_|X|_|O|X|X,3,"bottom-right, bottom-center, center",2,"top-center, bottom-left"
1553,4,"X is placed in the top-right, the middle-left, the center, and the top-center, O is placed in the bottom-center, the bottom-left, the top-left, and the bottom-right",O|X|X|X|X|_|O|O|O,4,"top-right, middle-left, center, top-center",4,"bottom-center, bottom-left, top-left, bottom-right"
1554,2,"X has played in the bottom-center, O has played in the top-right",_|_|O|_|_|_|_|X|_,1,bottom-center,1,top-right
1555,1,"X is in the bottom-right and top-right, O is in the bottom-left",_|_|X|_|_|_|O|_|X,2,"bottom-right, top-right",1,bottom-left
1556,1,"X is in the bottom-left and top-left, O is in the bottom-right",X|_|_|_|_|_|X|_|O,2,"bottom-left, top-left",1,bottom-right
1557,1,"X is in the top-right, the middle-left, the top-center, and the bottom-left, O is in the top-left, the bottom-right, and the bottom-center",O|X|X|X|_|_|X|O|O,4,"top-right, middle-left, top-center, bottom-left",3,"top-left, bottom-right, bottom-center"
1558,5,"X marks the middle-left, the top-center, and the bottom-left, O marks the bottom-right, the middle-right, and the center",_|X|_|X|O|O|X|_|O,3,"middle-left, top-center, bottom-left",3,"bottom-right, middle-right, center"
1559,4,"X is placed in the center, the middle-right, the bottom-left, the middle-left, and the top-center, O is placed in the bottom-right, the top-right, the bottom-center, and the top-left",O|X|O|X|X|X|X|O|O,5,"center, middle-right, bottom-left, middle-left, top-center",4,"bottom-right, top-right, bottom-center, top-left"
1560,5,"X marks the middle-left, the middle-right, and the center, O marks the top-center, the top-left, and the bottom-center",O|O|_|X|X|X|_|O|_,3,"middle-left, middle-right, center",3,"top-center, top-left, bottom-center"
1561,3,"X occupies the middle-left, O occupies the bottom-right",_|_|_|X|_|_|_|_|O,1,middle-left,1,bottom-right
1562,3,"X occupies the bottom-right, the center, and the top-right, O occupies the top-left, the middle-right, and the bottom-left",O|_|X|_|X|O|O|_|X,3,"bottom-right, center, top-right",3,"top-left, middle-right, bottom-left"
1563,1,"X is in the top-center, the middle-left, the bottom-left, the bottom-center, and the top-left, O is in the top-right, the middle-right, the bottom-right, and the center",X|X|O|X|O|O|X|X|O,5,"top-center, middle-left, bottom-left, bottom-center, top-left",4,"top-right, middle-right, bottom-right, center"
1564,3,"X occupies the bottom-center, the center, the top-left, the top-right, and the bottom-left, O occupies the top-center, the bottom-right, the middle-left, and the middle-right",X|O|X|O|X|O|X|X|O,5,"bottom-center, center, top-left, top-right, bottom-left",4,"top-center, bottom-right, middle-left, middle-right"
1565,3,"X occupies the bottom-right, the bottom-center, and the top-center, O occupies the middle-left and center",_|X|_|O|O|_|_|X|X,3,"bottom-right, bottom-center, top-center",2,"middle-left, center"
1566,3,"X occupies the bottom-right, the bottom-center, the middle-left, the top-center, and the top-right, O occupies the center, the bottom-left, the top-left, and the middle-right",O|X|X|X|O|O|O|X|X,5,"bottom-right, bottom-center, middle-left, top-center, top-right",4,"center, bottom-left, top-left, middle-right"
1567,4,"X is placed in the middle-left, the bottom-right, and the top-left, O is placed in the bottom-center and top-center",X|O|_|X|_|_|_|O|X,3,"middle-left, bottom-right, top-left",2,"bottom-center, top-center"
1568,2,"X has played in the top-right and bottom-right, O has played in the bottom-left and middle-left",_|_|X|O|_|_|O|_|X,2,"top-right, bottom-right",2,"bottom-left, middle-left"
1569,5,"X marks the top-center, O marks the center",_|X|_|_|O|_|_|_|_,1,top-center,1,center
1570,3,"X occupies the top-center and top-left, O occupies the bottom-right and bottom-center",X|X|_|_|_|_|_|O|O,2,"top-center, top-left",2,"bottom-right, bottom-center"
1571,4,"X is placed in the top-right, the top-center, the bottom-center, and the bottom-right, O is placed in the top-left, the bottom-left, and the middle-right",O|X|X|_|_|O|O|X|X,4,"top-right, top-center, bottom-center, bottom-right",3,"top-left, bottom-left, middle-right"
1572,3,"X occupies the bottom-left, the center, and the bottom-right, O occupies the top-right, the bottom-center, and the middle-left",_|_|O|O|X|_|X|O|X,3,"bottom-left, center, bottom-right",3,"top-right, bottom-center, middle-left"
1573,5,"X marks the top-left, the middle-left, the bottom-center, the top-center, and the middle-right, O marks the top-right, the center, the bottom-right, and the bottom-left",X|X|O|X|O|X|O|X|O,5,"top-left, middle-left, bottom-center, top-center, middle-right",4,"top-right, center, bottom-right, bottom-left"
1574,3,"X occupies the center, the top-right, the bottom-center, and the bottom-left, O occupies the bottom-right, the middle-right, and the top-left",O|_|X|_|X|O|X|X|O,4,"center, top-right, bottom-center, bottom-left",3,"bottom-right, middle-right, top-left"
1575,4,"X is placed in the top-right, O is placed in the bottom-center",_|_|X|_|_|_|_|O|_,1,top-right,1,bottom-center
1576,4,"X is placed in the bottom-right, the center, the middle-left, the top-right, and the top-left, O is placed in the bottom-left, the bottom-center, the top-center, and the middle-right",X|O|X|X|X|O|O|O|X,5,"bottom-right, center, middle-left, top-right, top-left",4,"bottom-left, bottom-center, top-center, middle-right"
1577,2,"X has played in the middle-right, the top-right, the top-center, the center, and the top-left, O has played in the middle-left, the bottom-center, the bottom-right, and the bottom-left",X|X|X|O|X|X|O|O|O,5,"middle-right, top-right, top-center, center, top-left",4,"middle-left, bottom-center, bottom-right, bottom-left"
1578,5,"X marks the bottom-right, the bottom-center, the top-right, and the middle-right, O marks the top-center, the top-left, the center, and the bottom-left",O|O|X|_|O|X|O|X|X,4,"bottom-right, bottom-center, top-right, middle-right",4,"top-center, top-left, center, bottom-left"
1579,1,"X is in the middle-right, O is in the center",_|_|_|_|O|X|_|_|_,1,middle-right,1,center
1580,5,"X marks the bottom-center and bottom-left, O marks the middle-left",_|_|_|O|_|_|X|X|_,2,"bottom-center, bottom-left",1,middle-left
1581,4,"X is placed in the bottom-center and bottom-right, O is placed in the center",_|_|_|_|O|_|_|X|X,2,"bottom-center, bottom-right",1,center
1582,4,"X is placed in the middle-left, the top-right, the bottom-right, and the bottom-center, O is placed in the center, the middle-right, and the top-center",_|O|X|X|O|O|_|X|X,4,"middle-left, top-right, bottom-right, bottom-center",3,"center, middle-right, top-center"
1583,5,"X marks the top-left, the bottom-left, the bottom-right, the top-center, and the bottom-center, O marks the top-right, the middle-right, the center, and the middle-left",X|X|O|O|O|O|X|X|X,5,"top-left, bottom-left, bottom-right, top-center, bottom-center",4,"top-right, middle-right, center, middle-left"
1584,3,"X occupies the bottom-right, the middle-left, the center, the bottom-left, and the bottom-center, O occupies the top-left, the top-right, the top-center, and the middle-right",O|O|O|X|X|O|X|X|X,5,"bottom-right, middle-left, center, bottom-left, bottom-center",4,"top-left, top-right, top-center, middle-right"
1585,2,"X has played in the top-left, the top-center, and the bottom-right, O has played in the top-right and middle-left",X|X|O|O|_|_|_|_|X,3,"top-left, top-center, bottom-right",2,"top-right, middle-left"
1586,1,"X is in the bottom-left, the bottom-right, the middle-right, the top-right, and the middle-left, O is in the top-center, the bottom-center, the center, and the top-left",O|O|X|X|O|X|X|O|X,5,"bottom-left, bottom-right, middle-right, top-right, middle-left",4,"top-center, bottom-center, center, top-left"
1587,4,"X is placed in the top-center, O is placed in none",_|X|_|_|_|_|_|_|_,1,top-center,0,
1588,1,"X is in the top-center, the bottom-right, and the bottom-left, O is in the middle-right, the middle-left, and the top-left",O|X|_|O|_|O|X|_|X,3,"top-center, bottom-right, bottom-left",3,"middle-right, middle-left, top-left"
1589,4,"X is placed in the middle-right, the top-left, the center, the bottom-left, and the top-center, O is placed in the middle-left, the top-right, the bottom-center, and the bottom-right",X|X|O|O|X|X|X|O|O,5,"middle-right, top-left, center, bottom-left, top-center",4,"middle-left, top-right, bottom-center, bottom-right"
1590,3,"X occupies the bottom-left, the top-center, the middle-right, and the center, O occupies the bottom-right, the bottom-center, the top-right, and the top-left",O|X|O|_|X|X|X|O|O,4,"bottom-left, top-center, middle-right, center",4,"bottom-right, bottom-center, top-right, top-left"
1591,1,"X is in the bottom-center, the top-right, and the top-left, O is in the bottom-right, the middle-right, and the center",X|_|X|_|O|O|_|X|O,3,"bottom-center, top-right, top-left",3,"bottom-right, middle-right, center"
1592,4,"X is placed in the bottom-left, the top-center, the center, and the middle-left, O is placed in the top-left, the middle-right, and the top-right",O|X|O|X|X|O|X|_|_,4,"bottom-left, top-center, center, middle-left",3,"top-left, middle-right, top-right"
1593,3,"X occupies the bottom-left, the top-center, and the middle-right, O occupies the bottom-right, the bottom-center, and the center",_|X|_|_|O|X|X|O|O,3,"bottom-left, top-center, middle-right",3,"bottom-right, bottom-center, center"
1594,1,"X is in the bottom-center, the bottom-left, the bottom-right, and the center, O is in the top-center, the top-left, the top-right, and the middle-left",O|O|O|O|X|_|X|X|X,4,"bottom-center, bottom-left, bottom-right, center",4,"top-center, top-left, top-right, middle-left"
1595,3,"X occupies the bottom-left, the bottom-center, the center, the top-center, and the bottom-right, O occupies the middle-right, the top-right, the top-left, and the middle-left",O|X|O|O|X|O|X|X|X,5,"bottom-left, bottom-center, center, top-center, bottom-right",4,"middle-right, top-right, top-left, middle-left"
1596,4,"X is placed in the center, O is placed in the middle-left",_|_|_|O|X|_|_|_|_,1,center,1,middle-left
1597,1,"X is in the middle-left and middle-right, O is in the bottom-right",_|_|_|X|_|X|_|_|O,2,"middle-left, middle-right",1,bottom-right
1598,2,"X has played in the top-right and top-left, O has played in the bottom-right",X|_|X|_|_|_|_|_|O,2,"top-right, top-left",1,bottom-right
1599,3,"X occupies the middle-left and bottom-center, O occupies the center",_|_|_|X|O|_|_|X|_,2,"middle-left, bottom-center",1,center
1600,1,"X is in the bottom-left, O is in the top-right",_|_|O|_|_|_|X|_|_,1,bottom-left,1,top-right
1601,5,"X marks the middle-right and top-right, O marks the middle-left and top-left",O|_|X|O|_|X|_|_|_,2,"middle-right, top-right",2,"middle-left, top-left"
1602,4,"X is placed in the center, the bottom-right, and the bottom-center, O is placed in the top-center, the top-left, and the top-right",O|O|O|_|X|_|_|X|X,3,"center, bottom-right, bottom-center",3,"top-center, top-left, top-right"
1603,3,"X occupies the top-left and top-center, O occupies the bottom-center",X|X|_|_|_|_|_|O|_,2,"top-left, top-center",1,bottom-center
1604,5,"X marks the middle-left, the center, the middle-right, the top-center, and the top-right, O marks the bottom-right, the top-left, the bottom-left, and the bottom-center",O|X|X|X|X|X|O|O|O,5,"middle-left, center, middle-right, top-center, top-right",4,"bottom-right, top-left, bottom-left, bottom-center"
1605,2,"X has played in the bottom-left, the center, and the bottom-right, O has played in the top-center, the middle-right, and the middle-left",_|O|_|O|X|O|X|_|X,3,"bottom-left, center, bottom-right",3,"top-center, middle-right, middle-left"
1606,4,"X is placed in the top-right, the bottom-left, the top-center, and the center, O is placed in the top-left, the bottom-right, and the bottom-center",O|X|X|_|X|_|X|O|O,4,"top-right, bottom-left, top-center, center",3,"top-left, bottom-right, bottom-center"
1607,3,"X occupies the bottom-left, the bottom-right, the center, and the middle-left, O occupies the top-right, the bottom-center, the top-center, and the top-left",O|O|O|X|X|_|X|O|X,4,"bottom-left, bottom-right, center, middle-left",4,"top-right, bottom-center, top-center, top-left"
1608,2,"X has played in the top-left, the bottom-center, the center, the middle-left, and the bottom-right, O has played in the bottom-left, the middle-right, the top-right, and the top-center",X|O|O|X|X|O|O|X|X,5,"top-left, bottom-center, center, middle-left, bottom-right",4,"bottom-left, middle-right, top-right, top-center"
1609,3,"X occupies the middle-right, the top-right, the top-left, the bottom-left, and the bottom-center, O occupies the center, the top-center, the bottom-right, and the middle-left",X|O|X|O|O|X|X|X|O,5,"middle-right, top-right, top-left, bottom-left, bottom-center",4,"center, top-center, bottom-right, middle-left"
1610,3,"X occupies the bottom-left, the top-left, and the middle-left, O occupies the middle-right, the top-center, and the top-right",X|O|O|X|_|O|X|_|_,3,"bottom-left, top-left, middle-left",3,"middle-right, top-center, top-right"
1611,1,"X is in the top-right, the middle-left, and the bottom-center, O is in the bottom-right, the bottom-left, and the top-center",_|O|X|X|_|_|O|X|O,3,"top-right, middle-left, bottom-center",3,"bottom-right, bottom-left, top-center"
1612,5,"X marks the middle-right, the top-left, the bottom-left, and the bottom-center, O marks the middle-left, the top-center, the bottom-right, and the top-right",X|O|O|O|_|X|X|X|O,4,"middle-right, top-left, bottom-left, bottom-center",4,"middle-left, top-center, bottom-right, top-right"
1613,3,"X occupies the top-center and bottom-right, O occupies the middle-right",_|X|_|_|_|O|_|_|X,2,"top-center, bottom-right",1,middle-right
1614,2,"X has played in the top-center, the middle-right, the bottom-center, and the middle-left, O has played in the top-left, the top-right, and the center",O|X|O|X|O|X|_|X|_,4,"top-center, middle-right, bottom-center, middle-left",3,"top-left, top-right, center"
1615,5,"X marks the top-right, the top-center, and the center, O marks the bottom-center and bottom-right",_|X|X|_|X|_|_|O|O,3,"top-right, top-center, center",2,"bottom-center, bottom-right"
1616,2,"X has played in the bottom-center, the top-center, the bottom-right, and the top-left, O has played in the top-right, the middle-left, and the center",X|X|O|O|O|_|_|X|X,4,"bottom-center, top-center, bottom-right, top-left",3,"top-right, middle-left, center"
1617,1,"X is in the top-right and middle-right, O is in the bottom-right and middle-left",_|_|X|O|_|X|_|_|O,2,"top-right, middle-right",2,"bottom-right, middle-left"
1618,2,"X has played in the bottom-center, O has played in the bottom-left",_|_|_|_|_|_|O|X|_,1,bottom-center,1,bottom-left
1619,4,"X is placed in the middle-right, the bottom-left, the top-right, the bottom-center, and the center, O is placed in the top-left, the bottom-right, the top-center, and the middle-left",O|O|X|O|X|X|X|X|O,5,"middle-right, bottom-left, top-right, bottom-center, center",4,"top-left, bottom-right, top-center, middle-left"
1620,2,"X has played in the center and middle-right, O has played in the bottom-right",_|_|_|_|X|X|_|_|O,2,"center, middle-right",1,bottom-right
1621,3,"X occupies the bottom-left, the top-right, and the bottom-center, O occupies the middle-left and bottom-right",_|_|X|O|_|_|X|X|O,3,"bottom-left, top-right, bottom-center",2,"middle-left, bottom-right"
1622,5,"X marks the top-center, the top-left, the bottom-left, the top-right, and the middle-left, O marks the middle-right, the bottom-center, the bottom-right, and the center",X|X|X|X|O|O|X|O|O,5,"top-center, top-left, bottom-left, top-right, middle-left",4,"middle-right, bottom-center, bottom-right, center"
1623,5,"X marks the top-left and center, O marks the bottom-left and top-right",X|_|O|_|X|_|O|_|_,2,"top-left, center",2,"bottom-left, top-right"
1624,2,"X has played in the center, the bottom-center, and the middle-left, O has played in the bottom-left and top-right",_|_|O|X|X|_|O|X|_,3,"center, bottom-center, middle-left",2,"bottom-left, top-right"
1625,1,"X is in the top-right and bottom-left, O is in the bottom-right",_|_|X|_|_|_|X|_|O,2,"top-right, bottom-left",1,bottom-right
1626,4,"X is placed in the top-center and center, O is placed in the bottom-left and top-left",O|X|_|_|X|_|O|_|_,2,"top-center, center",2,"bottom-left, top-left"
1627,5,"X marks the bottom-right, the center, the top-right, the bottom-left, and the middle-left, O marks the top-left, the top-center, the middle-right, and the bottom-center",O|O|X|X|X|O|X|O|X,5,"bottom-right, center, top-right, bottom-left, middle-left",4,"top-left, top-center, middle-right, bottom-center"
1628,5,"X marks the top-center, the middle-left, the middle-right, and the bottom-right, O marks the top-left, the top-right, the bottom-center, and the bottom-left",O|X|O|X|_|X|O|O|X,4,"top-center, middle-left, middle-right, bottom-right",4,"top-left, top-right, bottom-center, bottom-left"
1629,2,"X has played in the top-center, the middle-right, the top-left, the bottom-right, and the top-right, O has played in the bottom-left, the bottom-center, the middle-left, and the center",X|X|X|O|O|X|O|O|X,5,"top-center, middle-right, top-left, bottom-right, top-right",4,"bottom-left, bottom-center, middle-left, center"
1630,2,"X has played in the middle-left and bottom-left, O has played in the center",_|_|_|X|O|_|X|_|_,2,"middle-left, bottom-left",1,center
1631,4,"X is placed in the top-center and top-left, O is placed in the middle-left",X|X|_|O|_|_|_|_|_,2,"top-center, top-left",1,middle-left
1632,2,"X has played in the top-left, the middle-right, and the bottom-right, O has played in the bottom-center, the top-right, and the center",X|_|O|_|O|X|_|O|X,3,"top-left, middle-right, bottom-right",3,"bottom-center, top-right, center"
1633,3,"X occupies the bottom-right and bottom-left, O occupies the middle-right",_|_|_|_|_|O|X|_|X,2,"bottom-right, bottom-left",1,middle-right
1634,3,"X occupies the bottom-right and center, O occupies the top-center",_|O|_|_|X|_|_|_|X,2,"bottom-right, center",1,top-center
1635,1,"X is in the top-center, the top-left, and the top-right, O is in the middle-right, the bottom-center, and the bottom-right",X|X|X|_|_|O|_|O|O,3,"top-center, top-left, top-right",3,"middle-right, bottom-center, bottom-right"
1636,4,"X is placed in the top-center, the bottom-right, the top-left, the middle-right, and the center, O is placed in the bottom-center, the middle-left, the bottom-left, and the top-right",X|X|O|O|X|X|O|O|X,5,"top-center, bottom-right, top-left, middle-right, center",4,"bottom-center, middle-left, bottom-left, top-right"
1637,5,"X marks the middle-left, the top-left, the top-right, and the bottom-center, O marks the top-center, the bottom-left, and the center",X|O|X|X|O|_|O|X|_,4,"middle-left, top-left, top-right, bottom-center",3,"top-center, bottom-left, center"
1638,1,"X is in the bottom-center, the middle-right, and the top-right, O is in the top-left, the bottom-left, and the top-center",O|O|X|_|_|X|O|X|_,3,"bottom-center, middle-right, top-right",3,"top-left, bottom-left, top-center"
1639,1,"X is in the bottom-left and top-left, O is in the bottom-center and top-right",X|_|O|_|_|_|X|O|_,2,"bottom-left, top-left",2,"bottom-center, top-right"
1640,1,"X is in the bottom-left and middle-left, O is in the top-right and top-left",O|_|O|X|_|_|X|_|_,2,"bottom-left, middle-left",2,"top-right, top-left"
1641,2,"X has played in the bottom-center and bottom-right, O has played in the top-left",O|_|_|_|_|_|_|X|X,2,"bottom-center, bottom-right",1,top-left
1642,1,"X is in the middle-right, the middle-left, the bottom-left, and the bottom-center, O is in the top-right, the center, and the bottom-right",_|_|O|X|O|X|X|X|O,4,"middle-right, middle-left, bottom-left, bottom-center",3,"top-right, center, bottom-right"
1643,2,"X has played in the top-right, O has played in the top-left",O|_|X|_|_|_|_|_|_,1,top-right,1,top-left
1644,2,"X has played in the middle-right, the top-left, and the center, O has played in the middle-left, the bottom-right, and the bottom-left",X|_|_|O|X|X|O|_|O,3,"middle-right, top-left, center",3,"middle-left, bottom-right, bottom-left"
1645,3,"X occupies the bottom-right and bottom-center, O occupies the bottom-left and middle-left",_|_|_|O|_|_|O|X|X,2,"bottom-right, bottom-center",2,"bottom-left, middle-left"
1646,3,"X occupies the bottom-center, the bottom-left, and the bottom-right, O occupies the center, the top-left, and the top-center",O|O|_|_|O|_|X|X|X,3,"bottom-center, bottom-left, bottom-right",3,"center, top-left, top-center"
1647,4,"X is placed in the bottom-left, the bottom-center, the top-center, and the bottom-right, O is placed in the center, the middle-left, and the top-left",O|X|_|O|O|_|X|X|X,4,"bottom-left, bottom-center, top-center, bottom-right",3,"center, middle-left, top-left"
1648,4,"X is placed in the bottom-left and middle-left, O is placed in the bottom-right",_|_|_|X|_|_|X|_|O,2,"bottom-left, middle-left",1,bottom-right
1649,2,"X has played in the top-center, the center, the bottom-center, and the middle-right, O has played in the middle-left, the bottom-left, the top-left, and the top-right",O|X|O|O|X|X|O|X|_,4,"top-center, center, bottom-center, middle-right",4,"middle-left, bottom-left, top-left, top-right"
1650,5,"X marks the bottom-right, the top-center, the middle-left, the bottom-left, and the top-left, O marks the bottom-center, the middle-right, the top-right, and the center",X|X|O|X|O|O|X|O|X,5,"bottom-right, top-center, middle-left, bottom-left, top-left",4,"bottom-center, middle-right, top-right, center"
1651,1,"X is in the top-right, the middle-left, and the bottom-left, O is in the bottom-center and middle-right",_|_|X|X|_|O|X|O|_,3,"top-right, middle-left, bottom-left",2,"bottom-center, middle-right"
1652,2,"X has played in the bottom-left, the middle-left, and the top-right, O has played in the bottom-center and top-left",O|_|X|X|_|_|X|O|_,3,"bottom-left, middle-left, top-right",2,"bottom-center, top-left"
1653,2,"X has played in the top-left, the top-center, the middle-left, and the bottom-left, O has played in the bottom-center, the top-right, the bottom-right, and the center",X|X|O|X|O|_|X|O|O,4,"top-left, top-center, middle-left, bottom-left",4,"bottom-center, top-right, bottom-right, center"
1654,1,"X is in the bottom-right and top-right, O is in the bottom-center",_|_|X|_|_|_|_|O|X,2,"bottom-right, top-right",1,bottom-center
1655,3,"X occupies the top-right, the middle-left, the center, and the bottom-left, O occupies the top-left, the bottom-center, and the middle-right",O|_|X|X|X|O|X|O|_,4,"top-right, middle-left, center, bottom-left",3,"top-left, bottom-center, middle-right"
1656,4,"X is placed in the center, the bottom-center, and the bottom-left, O is placed in the top-left and top-right",O|_|O|_|X|_|X|X|_,3,"center, bottom-center, bottom-left",2,"top-left, top-right"
1657,1,"X is in the bottom-left, the middle-right, and the top-center, O is in the top-right, the bottom-center, and the center",_|X|O|_|O|X|X|O|_,3,"bottom-left, middle-right, top-center",3,"top-right, bottom-center, center"
1658,1,"X is in the middle-right, the top-center, and the middle-left, O is in the center and top-left",O|X|_|X|O|X|_|_|_,3,"middle-right, top-center, middle-left",2,"center, top-left"
1659,1,"X is in the top-left and bottom-left, O is in the bottom-right",X|_|_|_|_|_|X|_|O,2,"top-left, bottom-left",1,bottom-right
1660,1,"X is in the top-right and bottom-right, O is in the middle-left and bottom-left",_|_|X|O|_|_|O|_|X,2,"top-right, bottom-right",2,"middle-left, bottom-left"
1661,4,"X is placed in the top-left and bottom-right, O is placed in the middle-left and bottom-left",X|_|_|O|_|_|O|_|X,2,"top-left, bottom-right",2,"middle-left, bottom-left"
1662,5,"X marks the top-left, the middle-right, the center, the bottom-center, and the middle-left, O marks the top-right, the top-center, the bottom-left, and the bottom-right",X|O|O|X|X|X|O|X|O,5,"top-left, middle-right, center, bottom-center, middle-left",4,"top-right, top-center, bottom-left, bottom-right"
1663,2,"X has played in the center, the bottom-left, the top-left, the bottom-right, and the middle-left, O has played in the top-right, the middle-right, the top-center, and the bottom-center",X|O|O|X|X|O|X|O|X,5,"center, bottom-left, top-left, bottom-right, middle-left",4,"top-right, middle-right, top-center, bottom-center"
1664,5,"X marks the bottom-left, the top-center, and the middle-left, O marks the bottom-right and center",_|X|_|X|O|_|X|_|O,3,"bottom-left, top-center, middle-left",2,"bottom-right, center"
1665,2,"X has played in the middle-left, the bottom-right, the top-center, and the top-right, O has played in the bottom-left, the center, the bottom-center, and the top-left",O|X|X|X|O|_|O|O|X,4,"middle-left, bottom-right, top-center, top-right",4,"bottom-left, center, bottom-center, top-left"
1666,2,"X has played in the bottom-left, the bottom-center, the top-left, the bottom-right, and the middle-left, O has played in the center, the middle-right, the top-right, and the top-center",X|O|O|X|O|O|X|X|X,5,"bottom-left, bottom-center, top-left, bottom-right, middle-left",4,"center, middle-right, top-right, top-center"
1667,1,"X is in the bottom-right and top-right, O is in the top-center",_|O|X|_|_|_|_|_|X,2,"bottom-right, top-right",1,top-center
1668,5,"X marks the bottom-left, the middle-right, the top-left, the middle-left, and the top-center, O marks the bottom-right, the bottom-center, the top-right, and the center",X|X|O|X|O|X|X|O|O,5,"bottom-left, middle-right, top-left, middle-left, top-center",4,"bottom-right, bottom-center, top-right, center"
1669,2,"X has played in the bottom-left, the top-center, the top-left, the bottom-right, and the middle-left, O has played in the top-right, the middle-right, the bottom-center, and the center",X|X|O|X|O|O|X|O|X,5,"bottom-left, top-center, top-left, bottom-right, middle-left",4,"top-right, middle-right, bottom-center, center"
1670,4,"X is placed in the bottom-left, the middle-left, the middle-right, the top-right, and the top-center, O is placed in the bottom-center, the top-left, the center, and the bottom-right",O|X|X|X|O|X|X|O|O,5,"bottom-left, middle-left, middle-right, top-right, top-center",4,"bottom-center, top-left, center, bottom-right"
1671,3,"X occupies the top-right, O occupies the bottom-left",_|_|X|_|_|_|O|_|_,1,top-right,1,bottom-left
1672,3,"X occupies the top-center, the center, the middle-right, and the top-left, O occupies the middle-left, the bottom-left, and the bottom-right",X|X|_|O|X|X|O|_|O,4,"top-center, center, middle-right, top-left",3,"middle-left, bottom-left, bottom-right"
1673,5,"X marks the bottom-left, the top-center, and the middle-left, O marks the bottom-center, the top-left, and the center",O|X|_|X|O|_|X|O|_,3,"bottom-left, top-center, middle-left",3,"bottom-center, top-left, center"
1674,5,"X marks the middle-right, the top-center, and the top-left, O marks the middle-left, the top-right, and the bottom-center",X|X|O|O|_|X|_|O|_,3,"middle-right, top-center, top-left",3,"middle-left, top-right, bottom-center"
1675,5,"X marks the top-left, the middle-right, and the top-center, O marks the bottom-center and bottom-left",X|X|_|_|_|X|O|O|_,3,"top-left, middle-right, top-center",2,"bottom-center, bottom-left"
1676,3,"X occupies the top-left and bottom-center, O occupies the bottom-left",X|_|_|_|_|_|O|X|_,2,"top-left, bottom-center",1,bottom-left
1677,4,"X is placed in the bottom-right, the middle-right, the middle-left, and the top-right, O is placed in the bottom-left, the top-left, and the center",O|_|X|X|O|X|O|_|X,4,"bottom-right, middle-right, middle-left, top-right",3,"bottom-left, top-left, center"
1678,2,"X has played in the bottom-right, O has played in the top-center",_|O|_|_|_|_|_|_|X,1,bottom-right,1,top-center
1679,5,"X marks the middle-left, O marks the bottom-left",_|_|_|X|_|_|O|_|_,1,middle-left,1,bottom-left
1680,2,"X has played in the middle-left, the top-center, the bottom-left, the middle-right, and the top-left, O has played in the bottom-center, the center, the bottom-right, and the top-right",X|X|O|X|O|X|X|O|O,5,"middle-left, top-center, bottom-left, middle-right, top-left",4,"bottom-center, center, bottom-right, top-right"
1681,2,"X has played in the bottom-center, the bottom-right, the top-right, and the bottom-left, O has played in the middle-right, the top-left, the center, and the top-center",O|O|X|_|O|O|X|X|X,4,"bottom-center, bottom-right, top-right, bottom-left",4,"middle-right, top-left, center, top-center"
1682,4,"X is placed in the top-center, the center, the middle-right, the bottom-left, and the top-right, O is placed in the top-left, the bottom-right, the middle-left, and the bottom-center",O|X|X|O|X|X|X|O|O,5,"top-center, center, middle-right, bottom-left, top-right",4,"top-left, bottom-right, middle-left, bottom-center"
1683,3,"X occupies the top-center and bottom-center, O occupies the top-left and center",O|X|_|_|O|_|_|X|_,2,"top-center, bottom-center",2,"top-left, center"
1684,4,"X is placed in the middle-right, the bottom-center, and the middle-left, O is placed in the top-center, the center, and the top-right",_|O|O|X|O|X|_|X|_,3,"middle-right, bottom-center, middle-left",3,"top-center, center, top-right"
1685,5,"X marks the top-left, the bottom-center, the top-center, and the middle-left, O marks the center, the bottom-right, the top-right, and the middle-right",X|X|O|X|O|O|_|X|O,4,"top-left, bottom-center, top-center, middle-left",4,"center, bottom-right, top-right, middle-right"
1686,1,"X is in the bottom-right, the top-center, the top-left, the top-right, and the middle-right, O is in the center, the bottom-center, the middle-left, and the bottom-left",X|X|X|O|O|X|O|O|X,5,"bottom-right, top-center, top-left, top-right, middle-right",4,"center, bottom-center, middle-left, bottom-left"
1687,3,"X occupies the middle-left and middle-right, O occupies the bottom-right",_|_|_|X|_|X|_|_|O,2,"middle-left, middle-right",1,bottom-right
1688,3,"X occupies the top-right, the top-center, the top-left, and the center, O occupies the bottom-right, the bottom-left, the middle-left, and the middle-right",X|X|X|O|X|O|O|_|O,4,"top-right, top-center, top-left, center",4,"bottom-right, bottom-left, middle-left, middle-right"
1689,5,"X marks the middle-left, the top-right, the bottom-left, and the middle-right, O marks the top-center, the center, the bottom-center, and the bottom-right",_|O|X|X|O|X|X|O|O,4,"middle-left, top-right, bottom-left, middle-right",4,"top-center, center, bottom-center, bottom-right"
1690,2,"X has played in the bottom-left, the top-left, the top-right, and the middle-left, O has played in the center, the bottom-right, and the bottom-center",X|_|X|X|O|_|X|O|O,4,"bottom-left, top-left, top-right, middle-left",3,"center, bottom-right, bottom-center"
1691,3,"X occupies the top-center and top-right, O occupies the bottom-left",_|X|X|_|_|_|O|_|_,2,"top-center, top-right",1,bottom-left
1692,5,"X marks the middle-left, the bottom-left, the top-center, the bottom-right, and the top-right, O marks the center, the bottom-center, the middle-right, and the top-left",O|X|X|X|O|O|X|O|X,5,"middle-left, bottom-left, top-center, bottom-right, top-right",4,"center, bottom-center, middle-right, top-left"
1693,3,"X occupies the bottom-left, the middle-right, the middle-left, the bottom-center, and the top-center, O occupies the top-right, the center, the bottom-right, and the top-left",O|X|O|X|O|X|X|X|O,5,"bottom-left, middle-right, middle-left, bottom-center, top-center",4,"top-right, center, bottom-right, top-left"
1694,5,"X marks the bottom-left, the bottom-center, the middle-left, and the bottom-right, O marks the top-center, the top-right, the middle-right, and the center",_|O|O|X|O|O|X|X|X,4,"bottom-left, bottom-center, middle-left, bottom-right",4,"top-center, top-right, middle-right, center"
1695,5,"X marks the top-right and bottom-center, O marks the center",_|_|X|_|O|_|_|X|_,2,"top-right, bottom-center",1,center
1696,4,"X is placed in the top-left, the bottom-center, and the top-right, O is placed in the center, the middle-right, and the bottom-left",X|_|X|_|O|O|O|X|_,3,"top-left, bottom-center, top-right",3,"center, middle-right, bottom-left"
1697,1,"X is in the middle-right, the top-center, and the bottom-center, O is in the center and middle-left",_|X|_|O|O|X|_|X|_,3,"middle-right, top-center, bottom-center",2,"center, middle-left"
1698,1,"X is in the top-center, the middle-left, the middle-right, the top-left, and the bottom-right, O is in the bottom-center, the center, the bottom-left, and the top-right",X|X|O|X|O|X|O|O|X,5,"top-center, middle-left, middle-right, top-left, bottom-right",4,"bottom-center, center, bottom-left, top-right"
1699,4,"X is placed in the bottom-center, the top-right, the middle-right, and the top-center, O is placed in the bottom-right, the center, the middle-left, and the top-left",O|X|X|O|O|X|_|X|O,4,"bottom-center, top-right, middle-right, top-center",4,"bottom-right, center, middle-left, top-left"
1700,1,"X is in the top-left, the top-right, the top-center, and the middle-right, O is in the center, the bottom-right, and the middle-left",X|X|X|O|O|X|_|_|O,4,"top-left, top-right, top-center, middle-right",3,"center, bottom-right, middle-left"
1701,5,"X marks the top-right, the middle-right, the top-center, the center, and the middle-left, O marks the top-left, the bottom-right, the bottom-center, and the bottom-left",O|X|X|X|X|X|O|O|O,5,"top-right, middle-right, top-center, center, middle-left",4,"top-left, bottom-right, bottom-center, bottom-left"
1702,3,"X occupies the bottom-left, the top-center, the top-left, and the bottom-right, O occupies the middle-left, the center, the top-right, and the middle-right",X|X|O|O|O|O|X|_|X,4,"bottom-left, top-center, top-left, bottom-right",4,"middle-left, center, top-right, middle-right"
1703,2,"X has played in the bottom-center, the bottom-right, the center, and the top-left, O has played in the top-right, the bottom-left, and the middle-right",X|_|O|_|X|O|O|X|X,4,"bottom-center, bottom-right, center, top-left",3,"top-right, bottom-left, middle-right"
1704,5,"X marks the middle-left, the top-center, the bottom-left, and the top-left, O marks the bottom-center, the bottom-right, and the middle-right",X|X|_|X|_|O|X|O|O,4,"middle-left, top-center, bottom-left, top-left",3,"bottom-center, bottom-right, middle-right"
1705,5,"X marks the middle-left, the bottom-center, the top-left, the bottom-left, and the center, O marks the top-right, the middle-right, the bottom-right, and the top-center",X|O|O|X|X|O|X|X|O,5,"middle-left, bottom-center, top-left, bottom-left, center",4,"top-right, middle-right, bottom-right, top-center"
1706,5,"X marks the bottom-center, the top-center, the middle-right, and the middle-left, O marks the bottom-left, the top-left, the center, and the top-right",O|X|O|X|O|X|O|X|_,4,"bottom-center, top-center, middle-right, middle-left",4,"bottom-left, top-left, center, top-right"
1707,2,"X has played in the top-center, the middle-right, the bottom-left, the top-right, and the bottom-right, O has played in the top-left, the middle-left, the center, and the bottom-center",O|X|X|O|O|X|X|O|X,5,"top-center, middle-right, bottom-left, top-right, bottom-right",4,"top-left, middle-left, center, bottom-center"
1708,5,"X marks the top-right and top-left, O marks the bottom-center",X|_|X|_|_|_|_|O|_,2,"top-right, top-left",1,bottom-center
1709,3,"X occupies the top-left, O occupies the bottom-center",X|_|_|_|_|_|_|O|_,1,top-left,1,bottom-center
1710,2,"X has played in the center, the bottom-right, the top-right, the top-left, and the middle-left, O has played in the top-center, the middle-right, the bottom-left, and the bottom-center",X|O|X|X|X|O|O|O|X,5,"center, bottom-right, top-right, top-left, middle-left",4,"top-center, middle-right, bottom-left, bottom-center"
1711,2,"X has played in the middle-right and center, O has played in the top-right",_|_|O|_|X|X|_|_|_,2,"middle-right, center",1,top-right
1712,4,"X is placed in the middle-right and bottom-left, O is placed in the bottom-right",_|_|_|_|_|X|X|_|O,2,"middle-right, bottom-left",1,bottom-right
1713,5,"X marks the top-right, the middle-left, the bottom-right, and the bottom-center, O marks the center, the bottom-left, and the top-center",_|O|X|X|O|_|O|X|X,4,"top-right, middle-left, bottom-right, bottom-center",3,"center, bottom-left, top-center"
1714,3,"X occupies the bottom-center, the middle-right, and the bottom-left, O occupies the top-center, the middle-left, and the center",_|O|_|O|O|X|X|X|_,3,"bottom-center, middle-right, bottom-left",3,"top-center, middle-left, center"
1715,1,"X is in the middle-left, O is in the bottom-left",_|_|_|X|_|_|O|_|_,1,middle-left,1,bottom-left
1716,2,"X has played in the middle-left and top-right, O has played in the top-center",_|O|X|X|_|_|_|_|_,2,"middle-left, top-right",1,top-center
1717,4,"X is placed in the top-right, the bottom-right, the top-center, the center, and the bottom-left, O is placed in the bottom-center, the top-left, the middle-left, and the middle-right",O|X|X|O|X|O|X|O|X,5,"top-right, bottom-right, top-center, center, bottom-left",4,"bottom-center, top-left, middle-left, middle-right"
1718,1,"X is in the middle-right and top-right, O is in the top-center",_|O|X|_|_|X|_|_|_,2,"middle-right, top-right",1,top-center
1719,4,"X is placed in the bottom-right, the bottom-left, the top-left, the top-right, and the middle-right, O is placed in the middle-left, the bottom-center, the center, and the top-center",X|O|X|O|O|X|X|O|X,5,"bottom-right, bottom-left, top-left, top-right, middle-right",4,"middle-left, bottom-center, center, top-center"
1720,3,"X occupies the bottom-center and bottom-right, O occupies the bottom-left",_|_|_|_|_|_|O|X|X,2,"bottom-center, bottom-right",1,bottom-left
1721,5,"X marks the center and top-right, O marks the bottom-center",_|_|X|_|X|_|_|O|_,2,"center, top-right",1,bottom-center
1722,1,"X is in the middle-left, the bottom-left, the top-right, and the top-left, O is in the bottom-center, the top-center, and the center",X|O|X|X|O|_|X|O|_,4,"middle-left, bottom-left, top-right, top-left",3,"bottom-center, top-center, center"
1723,2,"X has played in the top-center, the top-right, the bottom-left, and the middle-left, O has played in the middle-right, the top-left, the bottom-center, and the bottom-right",O|X|X|X|_|O|X|O|O,4,"top-center, top-right, bottom-left, middle-left",4,"middle-right, top-left, bottom-center, bottom-right"
1724,1,"X is in the bottom-right, the center, the middle-left, the top-right, and the top-left, O is in the bottom-left, the top-center, the middle-right, and the bottom-center",X|O|X|X|X|O|O|O|X,5,"bottom-right, center, middle-left, top-right, top-left",4,"bottom-left, top-center, middle-right, bottom-center"
1725,1,"X is in the top-right, the bottom-left, the bottom-right, the bottom-center, and the top-left, O is in the middle-right, the top-center, the center, and the middle-left",X|O|X|O|O|O|X|X|X,5,"top-right, bottom-left, bottom-right, bottom-center, top-left",4,"middle-right, top-center, center, middle-left"
1726,2,"X has played in the bottom-left, the bottom-center, the center, the middle-left, and the top-right, O has played in the bottom-right, the middle-right, the top-center, and the top-left",O|O|X|X|X|O|X|X|O,5,"bottom-left, bottom-center, center, middle-left, top-right",4,"bottom-right, middle-right, top-center, top-left"
1727,4,"X is placed in the top-center and bottom-left, O is placed in the top-right and middle-right",_|X|O|_|_|O|X|_|_,2,"top-center, bottom-left",2,"top-right, middle-right"
1728,4,"X is placed in the middle-left and top-left, O is placed in the bottom-left",X|_|_|X|_|_|O|_|_,2,"middle-left, top-left",1,bottom-left
1729,5,"X marks the middle-right, the top-right, and the middle-left, O marks the center, the top-left, and the top-center",O|O|X|X|O|X|_|_|_,3,"middle-right, top-right, middle-left",3,"center, top-left, top-center"
1730,2,"X has played in the center, the top-left, the bottom-right, and the top-center, O has played in the bottom-left, the bottom-center, and the middle-right",X|X|_|_|X|O|O|O|X,4,"center, top-left, bottom-right, top-center",3,"bottom-left, bottom-center, middle-right"
1731,1,"X is in the middle-left, the bottom-right, the bottom-center, and the top-left, O is in the top-right, the top-center, the middle-right, and the center",X|O|O|X|O|O|_|X|X,4,"middle-left, bottom-right, bottom-center, top-left",4,"top-right, top-center, middle-right, center"
1732,2,"X has played in the bottom-right, O has played in the middle-right",_|_|_|_|_|O|_|_|X,1,bottom-right,1,middle-right
1733,2,"X has played in the bottom-center and center, O has played in the top-right",_|_|O|_|X|_|_|X|_,2,"bottom-center, center",1,top-right
1734,5,"X marks the top-right and bottom-right, O marks the middle-left",_|_|X|O|_|_|_|_|X,2,"top-right, bottom-right",1,middle-left
1735,5,"X marks the middle-left and top-left, O marks the top-right",X|_|O|X|_|_|_|_|_,2,"middle-left, top-left",1,top-right
1736,3,"X occupies the middle-left, the top-left, and the bottom-center, O occupies the middle-right, the bottom-right, and the center",X|_|_|X|O|O|_|X|O,3,"middle-left, top-left, bottom-center",3,"middle-right, bottom-right, center"
1737,2,"X has played in the top-right and top-left, O has played in the bottom-left",X|_|X|_|_|_|O|_|_,2,"top-right, top-left",1,bottom-left
1738,4,"X is placed in the top-right, the bottom-left, the top-center, the middle-left, and the center, O is placed in the top-left, the middle-right, the bottom-center, and the bottom-right",O|X|X|X|X|O|X|O|O,5,"top-right, bottom-left, top-center, middle-left, center",4,"top-left, middle-right, bottom-center, bottom-right"
1739,4,"X is placed in the top-right, the center, the bottom-left, the bottom-right, and the top-center, O is placed in the middle-right, the bottom-center, the middle-left, and the top-left",O|X|X|O|X|O|X|O|X,5,"top-right, center, bottom-left, bottom-right, top-center",4,"middle-right, bottom-center, middle-left, top-left"
1740,1,"X is in the top-left, the bottom-right, the bottom-left, and the middle-left, O is in the center, the bottom-center, the middle-right, and the top-right",X|_|O|X|O|O|X|O|X,4,"top-left, bottom-right, bottom-left, middle-left",4,"center, bottom-center, middle-right, top-right"
1741,4,"X is placed in the middle-right, the center, and the top-right, O is placed in the top-center, the top-left, and the middle-left",O|O|X|O|X|X|_|_|_,3,"middle-right, center, top-right",3,"top-center, top-left, middle-left"
1742,1,"X is in the bottom-left, the bottom-center, the middle-right, the top-center, and the top-left, O is in the bottom-right, the middle-left, the center, and the top-right",X|X|O|O|O|X|X|X|O,5,"bottom-left, bottom-center, middle-right, top-center, top-left",4,"bottom-right, middle-left, center, top-right"
1743,2,"X has played in the bottom-left, the center, and the bottom-center, O has played in the middle-right, the bottom-right, and the middle-left",_|_|_|O|X|O|X|X|O,3,"bottom-left, center, bottom-center",3,"middle-right, bottom-right, middle-left"
1744,5,"X marks the middle-left, the middle-right, and the bottom-left, O marks the bottom-right and bottom-center",_|_|_|X|_|X|X|O|O,3,"middle-left, middle-right, bottom-left",2,"bottom-right, bottom-center"
1745,2,"X has played in the middle-left, the top-center, and the bottom-right, O has played in the middle-right, the top-left, and the bottom-left",O|X|_|X|_|O|O|_|X,3,"middle-left, top-center, bottom-right",3,"middle-right, top-left, bottom-left"
1746,5,"X marks the bottom-center, the bottom-right, the top-right, the middle-right, and the top-left, O marks the middle-left, the center, the bottom-left, and the top-center",X|O|X|O|O|X|O|X|X,5,"bottom-center, bottom-right, top-right, middle-right, top-left",4,"middle-left, center, bottom-left, top-center"
1747,4,"X is placed in the middle-right, O is placed in the middle-left",_|_|_|O|_|X|_|_|_,1,middle-right,1,middle-left
1748,2,"X has played in the bottom-right and bottom-left, O has played in the top-right and top-left",O|_|O|_|_|_|X|_|X,2,"bottom-right, bottom-left",2,"top-right, top-left"
1749,2,"X has played in the center, O has played in the middle-left",_|_|_|O|X|_|_|_|_,1,center,1,middle-left
1750,2,"X has played in the top-right, the bottom-center, and the middle-left, O has played in the bottom-left, the top-center, and the bottom-right",_|O|X|X|_|_|O|X|O,3,"top-right, bottom-center, middle-left",3,"bottom-left, top-center, bottom-right"
1751,3,"X occupies the middle-right and top-left, O occupies the top-center and middle-left",X|O|_|O|_|X|_|_|_,2,"middle-right, top-left",2,"top-center, middle-left"
1752,5,"X marks the bottom-right, the center, the top-left, and the top-center, O marks the bottom-center, the top-right, and the bottom-left",X|X|O|_|X|_|O|O|X,4,"bottom-right, center, top-left, top-center",3,"bottom-center, top-right, bottom-left"
1753,5,"X marks the middle-left and bottom-right, O marks the bottom-left and top-left",O|_|_|X|_|_|O|_|X,2,"middle-left, bottom-right",2,"bottom-left, top-left"
1754,1,"X is in the top-right, O is in the top-left",O|_|X|_|_|_|_|_|_,1,top-right,1,top-left
1755,3,"X occupies the bottom-center, the center, the bottom-right, the top-center, and the middle-left, O occupies the bottom-left, the middle-right, the top-left, and the top-right",O|X|O|X|X|O|O|X|X,5,"bottom-center, center, bottom-right, top-center, middle-left",4,"bottom-left, middle-right, top-left, top-right"
1756,2,"X has played in the bottom-right and bottom-center, O has played in the middle-right and center",_|_|_|_|O|O|_|X|X,2,"bottom-right, bottom-center",2,"middle-right, center"
1757,4,"X is placed in the top-left and middle-left, O is placed in the middle-right",X|_|_|X|_|O|_|_|_,2,"top-left, middle-left",1,middle-right
1758,1,"X is in the center and middle-right, O is in the top-center",_|O|_|_|X|X|_|_|_,2,"center, middle-right",1,top-center
1759,1,"X is in the top-right and top-left, O is in the bottom-center and bottom-right",X|_|X|_|_|_|_|O|O,2,"top-right, top-left",2,"bottom-center, bottom-right"
1760,1,"X is in the top-left, the bottom-right, the bottom-left, the middle-right, and the top-center, O is in the top-right, the center, the middle-left, and the bottom-center",X|X|O|O|O|X|X|O|X,5,"top-left, bottom-right, bottom-left, middle-right, top-center",4,"top-right, center, middle-left, bottom-center"
1761,3,"X occupies the top-left, the top-right, the bottom-left, and the middle-right, O occupies the bottom-right, the top-center, and the middle-left",X|O|X|O|_|X|X|_|O,4,"top-left, top-right, bottom-left, middle-right",3,"bottom-right, top-center, middle-left"
1762,4,"X is placed in the center, the top-center, the middle-right, and the bottom-right, O is placed in the bottom-center, the top-left, the top-right, and the bottom-left",O|X|O|_|X|X|O|O|X,4,"center, top-center, middle-right, bottom-right",4,"bottom-center, top-left, top-right, bottom-left"
1763,1,"X is in the bottom-left and center, O is in the top-right",_|_|O|_|X|_|X|_|_,2,"bottom-left, center",1,top-right
1764,5,"X marks the middle-right, the top-right, and the bottom-center, O marks the top-center, the center, and the bottom-left",_|O|X|_|O|X|O|X|_,3,"middle-right, top-right, bottom-center",3,"top-center, center, bottom-left"
1765,2,"X has played in the bottom-right, the center, and the bottom-left, O has played in the top-center, the middle-right, and the middle-left",_|O|_|O|X|O|X|_|X,3,"bottom-right, center, bottom-left",3,"top-center, middle-right, middle-left"
1766,5,"X marks the middle-left and bottom-right, O marks the middle-right",_|_|_|X|_|O|_|_|X,2,"middle-left, bottom-right",1,middle-right
1767,5,"X marks the top-center, the middle-right, the center, and the bottom-right, O marks the middle-left, the top-right, the top-left, and the bottom-center",O|X|O|O|X|X|_|O|X,4,"top-center, middle-right, center, bottom-right",4,"middle-left, top-right, top-left, bottom-center"
1768,4,"X is placed in the top-left, the top-center, and the bottom-left, O is placed in the middle-right, the center, and the bottom-center",X|X|_|_|O|O|X|O|_,3,"top-left, top-center, bottom-left",3,"middle-right, center, bottom-center"
1769,3,"X occupies the bottom-right, the center, the bottom-center, and the top-right, O occupies the middle-right, the top-center, the bottom-left, and the middle-left",_|O|X|O|X|O|O|X|X,4,"bottom-right, center, bottom-center, top-right",4,"middle-right, top-center, bottom-left, middle-left"
1770,3,"X occupies the top-center, the bottom-left, and the center, O occupies the middle-right and top-left",O|X|_|_|X|O|X|_|_,3,"top-center, bottom-left, center",2,"middle-right, top-left"
1771,2,"X has played in the bottom-center, the bottom-right, and the top-left, O has played in the top-right and middle-left",X|_|O|O|_|_|_|X|X,3,"bottom-center, bottom-right, top-left",2,"top-right, middle-left"
1772,3,"X occupies the middle-right, the top-right, and the top-left, O occupies the top-center and center",X|O|X|_|O|X|_|_|_,3,"middle-right, top-right, top-left",2,"top-center, center"
1773,4,"X is placed in the middle-left, the middle-right, the top-right, and the center, O is placed in the bottom-right, the bottom-center, and the top-center",_|O|X|X|X|X|_|O|O,4,"middle-left, middle-right, top-right, center",3,"bottom-right, bottom-center, top-center"
1774,1,"X is in the middle-right, the bottom-right, and the top-right, O is in the bottom-left and bottom-center",_|_|X|_|_|X|O|O|X,3,"middle-right, bottom-right, top-right",2,"bottom-left, bottom-center"
1775,5,"X marks the top-left, the middle-left, the top-center, and the bottom-center, O marks the bottom-right, the bottom-left, the middle-right, and the center",X|X|_|X|O|O|O|X|O,4,"top-left, middle-left, top-center, bottom-center",4,"bottom-right, bottom-left, middle-right, center"
1776,5,"X marks the middle-left, the center, the middle-right, and the bottom-center, O marks the bottom-right, the top-left, the top-center, and the bottom-left",O|O|_|X|X|X|O|X|O,4,"middle-left, center, middle-right, bottom-center",4,"bottom-right, top-left, top-center, bottom-left"
1777,4,"X is placed in the top-left and center, O is placed in the middle-left",X|_|_|O|X|_|_|_|_,2,"top-left, center",1,middle-left
1778,1,"X is in the middle-right, the center, the bottom-left, the top-left, and the top-right, O is in the bottom-center, the bottom-right, the middle-left, and the top-center",X|O|X|O|X|X|X|O|O,5,"middle-right, center, bottom-left, top-left, top-right",4,"bottom-center, bottom-right, middle-left, top-center"
1779,2,"X has played in the middle-right, the bottom-left, and the middle-left, O has played in the bottom-center and bottom-right",_|_|_|X|_|X|X|O|O,3,"middle-right, bottom-left, middle-left",2,"bottom-center, bottom-right"
1780,4,"X is placed in the top-right, the center, the middle-right, the bottom-center, and the bottom-right, O is placed in the top-left, the middle-left, the top-center, and the bottom-left",O|O|X|O|X|X|O|X|X,5,"top-right, center, middle-right, bottom-center, bottom-right",4,"top-left, middle-left, top-center, bottom-left"
1781,4,"X is placed in the bottom-center, the top-right, the bottom-right, the top-left, and the middle-right, O is placed in the top-center, the bottom-left, the center, and the middle-left",X|O|X|O|O|X|O|X|X,5,"bottom-center, top-right, bottom-right, top-left, middle-right",4,"top-center, bottom-left, center, middle-left"
1782,4,"X is placed in the bottom-right, the bottom-center, the middle-left, the center, and the top-right, O is placed in the bottom-left, the top-center, the middle-right, and the top-left",O|O|X|X|X|O|O|X|X,5,"bottom-right, bottom-center, middle-left, center, top-right",4,"bottom-left, top-center, middle-right, top-left"
1783,5,"X marks the top-center and bottom-left, O marks the bottom-center and middle-left",_|X|_|O|_|_|X|O|_,2,"top-center, bottom-left",2,"bottom-center, middle-left"
1784,1,"X is in the top-right, the top-left, the bottom-left, and the middle-right, O is in the bottom-center, the center, and the top-center",X|O|X|_|O|X|X|O|_,4,"top-right, top-left, bottom-left, middle-right",3,"bottom-center, center, top-center"
1785,5,"X marks the middle-right, the bottom-right, the bottom-left, and the top-center, O marks the middle-left, the bottom-center, the top-left, and the top-right",O|X|O|O|_|X|X|O|X,4,"middle-right, bottom-right, bottom-left, top-center",4,"middle-left, bottom-center, top-left, top-right"
1786,5,"X marks the center, the middle-right, the middle-left, the top-left, and the bottom-center, O marks the bottom-left, the bottom-right, the top-center, and the top-right",X|O|O|X|X|X|O|X|O,5,"center, middle-right, middle-left, top-left, bottom-center",4,"bottom-left, bottom-right, top-center, top-right"
1787,2,"X has played in the middle-left, the middle-right, and the center, O has played in the top-right and bottom-center",_|_|O|X|X|X|_|O|_,3,"middle-left, middle-right, center",2,"top-right, bottom-center"
1788,1,"X is in the bottom-center, the center, the middle-right, the top-center, and the top-right, O is in the bottom-left, the bottom-right, the top-left, and the middle-left",O|X|X|O|X|X|O|X|O,5,"bottom-center, center, middle-right, top-center, top-right",4,"bottom-left, bottom-right, top-left, middle-left"
1789,5,"X marks the middle-right, the bottom-center, the top-center, the middle-left, and the top-left, O marks the center, the bottom-left, the bottom-right, and the top-right",X|X|O|X|O|X|O|X|O,5,"middle-right, bottom-center, top-center, middle-left, top-left",4,"center, bottom-left, bottom-right, top-right"
1790,5,"X marks the bottom-center, the bottom-left, the bottom-right, the middle-right, and the top-center, O marks the top-left, the middle-left, the top-right, and the center",O|X|O|O|O|X|X|X|X,5,"bottom-center, bottom-left, bottom-right, middle-right, top-center",4,"top-left, middle-left, top-right, center"
1791,3,"X occupies the bottom-center, the bottom-right, the bottom-left, the middle-right, and the top-left, O occupies the top-right, the top-center, the center, and the middle-left",X|O|O|O|O|X|X|X|X,5,"bottom-center, bottom-right, bottom-left, middle-right, top-left",4,"top-right, top-center, center, middle-left"
1792,3,"X occupies the center, the top-right, the bottom-left, and the middle-right, O occupies the bottom-center, the top-center, the top-left, and the middle-left",O|O|X|O|X|X|X|O|_,4,"center, top-right, bottom-left, middle-right",4,"bottom-center, top-center, top-left, middle-left"
1793,2,"X has played in the top-center, the bottom-left, the bottom-right, and the bottom-center, O has played in the middle-right, the center, the top-left, and the top-right",O|X|O|_|O|O|X|X|X,4,"top-center, bottom-left, bottom-right, bottom-center",4,"middle-right, center, top-left, top-right"
1794,3,"X occupies the top-left, the top-right, and the center, O occupies the top-center and bottom-center",X|O|X|_|X|_|_|O|_,3,"top-left, top-right, center",2,"top-center, bottom-center"
1795,2,"X has played in the bottom-left and bottom-right, O has played in the bottom-center",_|_|_|_|_|_|X|O|X,2,"bottom-left, bottom-right",1,bottom-center
1796,5,"X marks the bottom-center, the bottom-right, and the top-center, O marks the top-right, the middle-left, and the middle-right",_|X|O|O|_|O|_|X|X,3,"bottom-center, bottom-right, top-center",3,"top-right, middle-left, middle-right"
1797,1,"X is in the bottom-left and bottom-center, O is in the bottom-right",_|_|_|_|_|_|X|X|O,2,"bottom-left, bottom-center",1,bottom-right
1798,2,"X has played in the top-right and bottom-right, O has played in the middle-right and bottom-center",_|_|X|_|_|O|_|O|X,2,"top-right, bottom-right",2,"middle-right, bottom-center"
1799,1,"X is in the bottom-right, the center, and the bottom-center, O is in the middle-right and bottom-left",_|_|_|_|X|O|O|X|X,3,"bottom-right, center, bottom-center",2,"middle-right, bottom-left"
1800,4,"X is placed in the top-center, the top-left, the center, and the middle-right, O is placed in the top-right, the bottom-right, the bottom-center, and the middle-left",X|X|O|O|X|X|_|O|O,4,"top-center, top-left, center, middle-right",4,"top-right, bottom-right, bottom-center, middle-left"
1801,4,"X is placed in the middle-left, the bottom-left, and the middle-right, O is placed in the center, the top-left, and the top-right",O|_|O|X|O|X|X|_|_,3,"middle-left, bottom-left, middle-right",3,"center, top-left, top-right"
1802,3,"X occupies the top-right, the center, the bottom-right, the middle-right, and the top-left, O occupies the top-center, the bottom-left, the bottom-center, and the middle-left",X|O|X|O|X|X|O|O|X,5,"top-right, center, bottom-right, middle-right, top-left",4,"top-center, bottom-left, bottom-center, middle-left"
1803,4,"X is placed in the middle-left, the bottom-right, and the bottom-center, O is placed in the top-left, the bottom-left, and the middle-right",O|_|_|X|_|O|O|X|X,3,"middle-left, bottom-right, bottom-center",3,"top-left, bottom-left, middle-right"
1804,4,"X is placed in the bottom-center, O is placed in the top-center",_|O|_|_|_|_|_|X|_,1,bottom-center,1,top-center
1805,3,"X occupies the top-right, the middle-right, the top-center, and the center, O occupies the bottom-left, the top-left, and the middle-left",O|X|X|O|X|X|O|_|_,4,"top-right, middle-right, top-center, center",3,"bottom-left, top-left, middle-left"
1806,5,"X marks the middle-right, the bottom-right, the middle-left, and the top-center, O marks the center, the bottom-center, and the top-right",_|X|O|X|O|X|_|O|X,4,"middle-right, bottom-right, middle-left, top-center",3,"center, bottom-center, top-right"
1807,2,"X has played in the top-left, the bottom-center, and the bottom-left, O has played in the top-right and bottom-right",X|_|O|_|_|_|X|X|O,3,"top-left, bottom-center, bottom-left",2,"top-right, bottom-right"
1808,3,"X occupies the top-right, the center, the middle-right, and the top-center, O occupies the middle-left, the top-left, and the bottom-left",O|X|X|O|X|X|O|_|_,4,"top-right, center, middle-right, top-center",3,"middle-left, top-left, bottom-left"
1809,4,"X is placed in the middle-left, the bottom-center, the middle-right, and the top-right, O is placed in the center, the bottom-right, and the top-left",O|_|X|X|O|X|_|X|O,4,"middle-left, bottom-center, middle-right, top-right",3,"center, bottom-right, top-left"
1810,1,"X is in the bottom-center, the top-center, and the top-right, O is in the middle-right and center",_|X|X|_|O|O|_|X|_,3,"bottom-center, top-center, top-right",2,"middle-right, center"
1811,5,"X marks the bottom-center, the top-left, the center, and the middle-left, O marks the bottom-left, the middle-right, and the bottom-right",X|_|_|X|X|O|O|X|O,4,"bottom-center, top-left, center, middle-left",3,"bottom-left, middle-right, bottom-right"
1812,5,"X marks the middle-right, the bottom-center, the top-center, the bottom-left, and the top-right, O marks the center, the top-left, the bottom-right, and the middle-left",O|X|X|O|O|X|X|X|O,5,"middle-right, bottom-center, top-center, bottom-left, top-right",4,"center, top-left, bottom-right, middle-left"
1813,5,"X marks the bottom-left and bottom-right, O marks the middle-right and top-center",_|O|_|_|_|O|X|_|X,2,"bottom-left, bottom-right",2,"middle-right, top-center"
1814,3,"X occupies the top-center, the top-right, the top-left, and the bottom-right, O occupies the bottom-left, the bottom-center, and the middle-left",X|X|X|O|_|_|O|O|X,4,"top-center, top-right, top-left, bottom-right",3,"bottom-left, bottom-center, middle-left"
1815,4,"X is placed in the top-right, the bottom-left, the top-left, and the top-center, O is placed in the bottom-right, the middle-left, and the middle-right",X|X|X|O|_|O|X|_|O,4,"top-right, bottom-left, top-left, top-center",3,"bottom-right, middle-left, middle-right"
1816,4,"X is placed in the bottom-left, the top-left, the top-right, and the middle-right, O is placed in the middle-left, the bottom-center, the top-center, and the bottom-right",X|O|X|O|_|X|X|O|O,4,"bottom-left, top-left, top-right, middle-right",4,"middle-left, bottom-center, top-center, bottom-right"
1817,1,"X is in the top-left, the center, and the middle-left, O is in the top-right and middle-right",X|_|O|X|X|O|_|_|_,3,"top-left, center, middle-left",2,"top-right, middle-right"
1818,4,"X is placed in the middle-right, the bottom-right, the top-center, and the top-left, O is placed in the center, the bottom-left, the top-right, and the bottom-center",X|X|O|_|O|X|O|O|X,4,"middle-right, bottom-right, top-center, top-left",4,"center, bottom-left, top-right, bottom-center"
1819,4,"X is placed in the bottom-right, the middle-right, and the bottom-center, O is placed in the top-right and center",_|_|O|_|O|X|_|X|X,3,"bottom-right, middle-right, bottom-center",2,"top-right, center"
1820,2,"X has played in the bottom-center, the top-left, and the bottom-right, O has played in the middle-right, the center, and the middle-left",X|_|_|O|O|O|_|X|X,3,"bottom-center, top-left, bottom-right",3,"middle-right, center, middle-left"
1821,5,"X marks the bottom-right, the bottom-center, the top-left, the center, and the top-right, O marks the top-center, the middle-left, the middle-right, and the bottom-left",X|O|X|O|X|O|O|X|X,5,"bottom-right, bottom-center, top-left, center, top-right",4,"top-center, middle-left, middle-right, bottom-left"
1822,2,"X has played in the top-right, the bottom-center, the bottom-right, the top-center, and the bottom-left, O has played in the middle-left, the top-left, the center, and the middle-right",O|X|X|O|O|O|X|X|X,5,"top-right, bottom-center, bottom-right, top-center, bottom-left",4,"middle-left, top-left, center, middle-right"
1823,1,"X is in the middle-left, the bottom-right, the bottom-left, the top-left, and the bottom-center, O is in the middle-right, the top-center, the center, and the top-right",X|O|O|X|O|O|X|X|X,5,"middle-left, bottom-right, bottom-left, top-left, bottom-center",4,"middle-right, top-center, center, top-right"
1824,1,"X is in the top-left, the bottom-left, the bottom-right, the top-center, and the middle-right, O is in the top-right, the bottom-center, the center, and the middle-left",X|X|O|O|O|X|X|O|X,5,"top-left, bottom-left, bottom-right, top-center, middle-right",4,"top-right, bottom-center, center, middle-left"
1825,4,"X is placed in the top-center and bottom-right, O is placed in the middle-right and top-right",_|X|O|_|_|O|_|_|X,2,"top-center, bottom-right",2,"middle-right, top-right"
1826,1,"X is in the middle-left, the top-left, the center, and the top-right, O is in the bottom-left, the top-center, the bottom-center, and the middle-right",X|O|X|X|X|O|O|O|_,4,"middle-left, top-left, center, top-right",4,"bottom-left, top-center, bottom-center, middle-right"
1827,2,"X has played in the middle-left, the top-left, and the top-right, O has played in the middle-right and bottom-center",X|_|X|X|_|O|_|O|_,3,"middle-left, top-left, top-right",2,"middle-right, bottom-center"
1828,1,"X is in the bottom-center, the middle-left, the bottom-right, and the top-center, O is in the middle-right, the top-right, and the top-left",O|X|O|X|_|O|_|X|X,4,"bottom-center, middle-left, bottom-right, top-center",3,"middle-right, top-right, top-left"
1829,5,"X marks the bottom-center, the middle-left, the middle-right, the top-center, and the top-left, O marks the center, the bottom-left, the top-right, and the bottom-right",X|X|O|X|O|X|O|X|O,5,"bottom-center, middle-left, middle-right, top-center, top-left",4,"center, bottom-left, top-right, bottom-right"
1830,5,"X marks the bottom-right, the bottom-left, the middle-right, and the top-left, O marks the middle-left, the top-center, and the center",X|O|_|O|O|X|X|_|X,4,"bottom-right, bottom-left, middle-right, top-left",3,"middle-left, top-center, center"
1831,5,"X marks the bottom-left, the bottom-right, the top-left, the bottom-center, and the top-center, O marks the middle-left, the center, the top-right, and the middle-right",X|X|O|O|O|O|X|X|X,5,"bottom-left, bottom-right, top-left, bottom-center, top-center",4,"middle-left, center, top-right, middle-right"
1832,2,"X has played in the middle-right, the bottom-left, the middle-left, the top-right, and the center, O has played in the bottom-center, the bottom-right, the top-left, and the top-center",O|O|X|X|X|X|X|O|O,5,"middle-right, bottom-left, middle-left, top-right, center",4,"bottom-center, bottom-right, top-left, top-center"
1833,1,"X is in the bottom-left, the bottom-right, and the center, O is in the middle-left and top-center",_|O|_|O|X|_|X|_|X,3,"bottom-left, bottom-right, center",2,"middle-left, top-center"
1834,5,"X marks the middle-right, O marks the top-right",_|_|O|_|_|X|_|_|_,1,middle-right,1,top-right
1835,4,"X is placed in the bottom-left, the middle-right, and the center, O is placed in the bottom-center, the top-right, and the top-left",O|_|O|_|X|X|X|O|_,3,"bottom-left, middle-right, center",3,"bottom-center, top-right, top-left"
1836,3,"X occupies the middle-left and bottom-center, O occupies the top-right",_|_|O|X|_|_|_|X|_,2,"middle-left, bottom-center",1,top-right
1837,1,"X is in the middle-left, O is in the center",_|_|_|X|O|_|_|_|_,1,middle-left,1,center
1838,4,"X is placed in the bottom-left, the bottom-right, the top-left, the top-right, and the middle-left, O is placed in the center, the top-center, the middle-right, and the bottom-center",X|O|X|X|O|O|X|O|X,5,"bottom-left, bottom-right, top-left, top-right, middle-left",4,"center, top-center, middle-right, bottom-center"
1839,5,"X marks the top-center, the middle-right, and the top-right, O marks the middle-left and bottom-center",_|X|X|O|_|X|_|O|_,3,"top-center, middle-right, top-right",2,"middle-left, bottom-center"
1840,5,"X marks the middle-left, the bottom-left, the bottom-right, the bottom-center, and the center, O marks the top-center, the middle-right, the top-right, and the top-left",O|O|O|X|X|O|X|X|X,5,"middle-left, bottom-left, bottom-right, bottom-center, center",4,"top-center, middle-right, top-right, top-left"
1841,4,"X is placed in the top-center, the middle-left, the center, and the top-right, O is placed in the bottom-right, the top-left, the middle-right, and the bottom-center",O|X|X|X|X|O|_|O|O,4,"top-center, middle-left, center, top-right",4,"bottom-right, top-left, middle-right, bottom-center"
1842,3,"X occupies the bottom-left, the top-left, and the top-center, O occupies the top-right and middle-right",X|X|O|_|_|O|X|_|_,3,"bottom-left, top-left, top-center",2,"top-right, middle-right"
1843,1,"X is in the bottom-center, the middle-right, the center, the middle-left, and the bottom-right, O is in the top-left, the bottom-left, the top-right, and the top-center",O|O|O|X|X|X|O|X|X,5,"bottom-center, middle-right, center, middle-left, bottom-right",4,"top-left, bottom-left, top-right, top-center"
1844,1,"X is in the top-right, the bottom-right, the middle-left, the bottom-center, and the middle-right, O is in the top-center, the center, the top-left, and the bottom-left",O|O|X|X|O|X|O|X|X,5,"top-right, bottom-right, middle-left, bottom-center, middle-right",4,"top-center, center, top-left, bottom-left"
1845,2,"X has played in the center, the top-center, the bottom-center, the top-left, and the bottom-left, O has played in the top-right, the bottom-right, the middle-left, and the middle-right",X|X|O|O|X|O|X|X|O,5,"center, top-center, bottom-center, top-left, bottom-left",4,"top-right, bottom-right, middle-left, middle-right"
1846,2,"X has played in the top-left and bottom-center, O has played in the bottom-right",X|_|_|_|_|_|_|X|O,2,"top-left, bottom-center",1,bottom-right
1847,2,"X has played in the top-left and bottom-center, O has played in the top-right",X|_|O|_|_|_|_|X|_,2,"top-left, bottom-center",1,top-right
1848,4,"X is placed in the bottom-left, the top-center, and the bottom-center, O is placed in the middle-left and center",_|X|_|O|O|_|X|X|_,3,"bottom-left, top-center, bottom-center",2,"middle-left, center"
1849,4,"X is placed in the top-right and middle-left, O is placed in the top-center",_|O|X|X|_|_|_|_|_,2,"top-right, middle-left",1,top-center
1850,1,"X is in the bottom-center and top-left, O is in the bottom-right and top-right",X|_|O|_|_|_|_|X|O,2,"bottom-center, top-left",2,"bottom-right, top-right"
1851,2,"X has played in the top-left, the middle-left, the middle-right, and the top-right, O has played in the bottom-right, the bottom-left, and the top-center",X|O|X|X|_|X|O|_|O,4,"top-left, middle-left, middle-right, top-right",3,"bottom-right, bottom-left, top-center"
1852,1,"X is in the center and middle-left, O is in the bottom-left",_|_|_|X|X|_|O|_|_,2,"center, middle-left",1,bottom-left
1853,3,"X occupies the middle-right and top-center, O occupies the top-right and center",_|X|O|_|O|X|_|_|_,2,"middle-right, top-center",2,"top-right, center"
1854,4,"X is placed in the top-center and top-right, O is placed in the middle-right and bottom-center",_|X|X|_|_|O|_|O|_,2,"top-center, top-right",2,"middle-right, bottom-center"
1855,2,"X has played in the center, the top-right, and the bottom-center, O has played in the bottom-right and top-center",_|O|X|_|X|_|_|X|O,3,"center, top-right, bottom-center",2,"bottom-right, top-center"
1856,4,"X is placed in the bottom-center, the middle-right, the bottom-right, the top-right, and the center, O is placed in the top-left, the bottom-left, the top-center, and the middle-left",O|O|X|O|X|X|O|X|X,5,"bottom-center, middle-right, bottom-right, top-right, center",4,"top-left, bottom-left, top-center, middle-left"
1857,5,"X marks the bottom-right, the middle-right, the top-right, and the center, O marks the middle-left, the top-center, and the bottom-left",_|O|X|O|X|X|O|_|X,4,"bottom-right, middle-right, top-right, center",3,"middle-left, top-center, bottom-left"
1858,2,"X has played in the top-left, the middle-right, the bottom-center, the bottom-right, and the middle-left, O has played in the center, the top-center, the top-right, and the bottom-left",X|O|O|X|O|X|O|X|X,5,"top-left, middle-right, bottom-center, bottom-right, middle-left",4,"center, top-center, top-right, bottom-left"
1859,5,"X marks the middle-left, the bottom-center, and the bottom-left, O marks the bottom-right, the center, and the top-center",_|O|_|X|O|_|X|X|O,3,"middle-left, bottom-center, bottom-left",3,"bottom-right, center, top-center"
1860,2,"X has played in the bottom-right and top-left, O has played in the middle-right and center",X|_|_|_|O|O|_|_|X,2,"bottom-right, top-left",2,"middle-right, center"
1861,5,"X marks the middle-left, the bottom-center, the middle-right, and the top-center, O marks the top-right, the top-left, the bottom-left, and the center",O|X|O|X|O|X|O|X|_,4,"middle-left, bottom-center, middle-right, top-center",4,"top-right, top-left, bottom-left, center"
1862,3,"X occupies the bottom-center, the middle-left, the middle-right, the top-left, and the top-right, O occupies the bottom-right, the top-center, the center, and the bottom-left",X|O|X|X|O|X|O|X|O,5,"bottom-center, middle-left, middle-right, top-left, top-right",4,"bottom-right, top-center, center, bottom-left"
1863,1,"X is in the bottom-left, the middle-left, and the bottom-center, O is in the top-left and center",O|_|_|X|O|_|X|X|_,3,"bottom-left, middle-left, bottom-center",2,"top-left, center"
1864,3,"X occupies the middle-left, the top-left, the bottom-left, the bottom-center, and the top-right, O occupies the center, the top-center, the middle-right, and the bottom-right",X|O|X|X|O|O|X|X|O,5,"middle-left, top-left, bottom-left, bottom-center, top-right",4,"center, top-center, middle-right, bottom-right"
1865,3,"X occupies the bottom-right, the middle-left, the bottom-left, and the bottom-center, O occupies the center, the middle-right, the top-left, and the top-center",O|O|_|X|O|O|X|X|X,4,"bottom-right, middle-left, bottom-left, bottom-center",4,"center, middle-right, top-left, top-center"
1866,3,"X occupies the bottom-right, the top-left, the top-right, and the top-center, O occupies the center, the bottom-left, the bottom-center, and the middle-left",X|X|X|O|O|_|O|O|X,4,"bottom-right, top-left, top-right, top-center",4,"center, bottom-left, bottom-center, middle-left"
1867,5,"X marks the bottom-right and middle-left, O marks the center",_|_|_|X|O|_|_|_|X,2,"bottom-right, middle-left",1,center
1868,1,"X is in the bottom-center and middle-left, O is in the middle-right",_|_|_|X|_|O|_|X|_,2,"bottom-center, middle-left",1,middle-right
1869,2,"X has played in the top-right, the middle-right, the middle-left, and the top-center, O has played in the bottom-right, the center, and the bottom-center",_|X|X|X|O|X|_|O|O,4,"top-right, middle-right, middle-left, top-center",3,"bottom-right, center, bottom-center"
1870,5,"X marks the bottom-center, the top-right, the middle-left, the top-center, and the top-left, O marks the middle-right, the bottom-right, the bottom-left, and the center",X|X|X|X|O|O|O|X|O,5,"bottom-center, top-right, middle-left, top-center, top-left",4,"middle-right, bottom-right, bottom-left, center"
1871,1,"X is in the bottom-center, the center, and the top-center, O is in the top-right, the middle-right, and the top-left",O|X|O|_|X|O|_|X|_,3,"bottom-center, center, top-center",3,"top-right, middle-right, top-left"
1872,3,"X occupies the bottom-center, the middle-right, and the center, O occupies the top-left and middle-left",O|_|_|O|X|X|_|X|_,3,"bottom-center, middle-right, center",2,"top-left, middle-left"
1873,5,"X marks the bottom-left, O marks the top-left",O|_|_|_|_|_|X|_|_,1,bottom-left,1,top-left
1874,4,"X is placed in the top-center, the top-left, and the bottom-left, O is placed in the middle-left and middle-right",X|X|_|O|_|O|X|_|_,3,"top-center, top-left, bottom-left",2,"middle-left, middle-right"
1875,3,"X occupies the bottom-left, the top-right, the top-left, and the bottom-center, O occupies the middle-left, the middle-right, the center, and the top-center",X|O|X|O|O|O|X|X|_,4,"bottom-left, top-right, top-left, bottom-center",4,"middle-left, middle-right, center, top-center"
1876,4,"X is placed in the top-left, the center, the top-right, the bottom-center, and the bottom-right, O is placed in the top-center, the middle-right, the middle-left, and the bottom-left",X|O|X|O|X|O|O|X|X,5,"top-left, center, top-right, bottom-center, bottom-right",4,"top-center, middle-right, middle-left, bottom-left"
1877,5,"X marks the middle-right, the middle-left, the top-center, the bottom-right, and the top-left, O marks the top-right, the bottom-center, the center, and the bottom-left",X|X|O|X|O|X|O|O|X,5,"middle-right, middle-left, top-center, bottom-right, top-left",4,"top-right, bottom-center, center, bottom-left"
1878,3,"X occupies the top-left, the bottom-left, the bottom-right, and the center, O occupies the bottom-center, the top-center, the middle-right, and the middle-left",X|O|_|O|X|O|X|O|X,4,"top-left, bottom-left, bottom-right, center",4,"bottom-center, top-center, middle-right, middle-left"
1879,3,"X occupies the top-left, the middle-right, and the bottom-right, O occupies the bottom-left, the center, and the bottom-center",X|_|_|_|O|X|O|O|X,3,"top-left, middle-right, bottom-right",3,"bottom-left, center, bottom-center"
1880,5,"X marks the bottom-center, the middle-right, the center, the bottom-right, and the top-center, O marks the top-right, the bottom-left, the middle-left, and the top-left",O|X|O|O|X|X|O|X|X,5,"bottom-center, middle-right, center, bottom-right, top-center",4,"top-right, bottom-left, middle-left, top-left"
1881,5,"X marks the top-right and bottom-right, O marks the top-left",O|_|X|_|_|_|_|_|X,2,"top-right, bottom-right",1,top-left
1882,1,"X is in the top-right and top-left, O is in the bottom-left and middle-right",X|_|X|_|_|O|O|_|_,2,"top-right, top-left",2,"bottom-left, middle-right"
1883,5,"X marks the top-left, O marks the middle-left",X|_|_|O|_|_|_|_|_,1,top-left,1,middle-left
1884,2,"X has played in the top-left, the top-center, and the bottom-left, O has played in the middle-right and center",X|X|_|_|O|O|X|_|_,3,"top-left, top-center, bottom-left",2,"middle-right, center"
1885,3,"X occupies the middle-right, the bottom-left, and the top-right, O occupies the center, the middle-left, and the bottom-center",_|_|X|O|O|X|X|O|_,3,"middle-right, bottom-left, top-right",3,"center, middle-left, bottom-center"
1886,1,"X is in the bottom-center, the middle-left, the middle-right, and the bottom-left, O is in the top-left, the top-right, the bottom-right, and the top-center",O|O|O|X|_|X|X|X|O,4,"bottom-center, middle-left, middle-right, bottom-left",4,"top-left, top-right, bottom-right, top-center"
1887,1,"X is in the middle-left, the bottom-left, and the top-left, O is in the top-right, the center, and the bottom-center",X|_|O|X|O|_|X|O|_,3,"middle-left, bottom-left, top-left",3,"top-right, center, bottom-center"
1888,1,"X is in the top-center, the top-right, the middle-right, and the bottom-right, O is in the middle-left, the bottom-left, and the bottom-center",_|X|X|O|_|X|O|O|X,4,"top-center, top-right, middle-right, bottom-right",3,"middle-left, bottom-left, bottom-center"
1889,2,"X has played in the middle-right, the bottom-left, the center, and the top-right, O has played in the bottom-right, the middle-left, the top-center, and the top-left",O|O|X|O|X|X|X|_|O,4,"middle-right, bottom-left, center, top-right",4,"bottom-right, middle-left, top-center, top-left"
1890,3,"X occupies the middle-right, the middle-left, and the bottom-center, O occupies the top-left and center",O|_|_|X|O|X|_|X|_,3,"middle-right, middle-left, bottom-center",2,"top-left, center"
1891,1,"X is in the bottom-center and bottom-left, O is in the bottom-right",_|_|_|_|_|_|X|X|O,2,"bottom-center, bottom-left",1,bottom-right
1892,5,"X marks the top-right, the middle-left, the bottom-left, and the bottom-right, O marks the top-left, the bottom-center, the middle-right, and the top-center",O|O|X|X|_|O|X|O|X,4,"top-right, middle-left, bottom-left, bottom-right",4,"top-left, bottom-center, middle-right, top-center"
1893,1,"X is in the bottom-center, the center, and the middle-right, O is in the middle-left and top-left",O|_|_|O|X|X|_|X|_,3,"bottom-center, center, middle-right",2,"middle-left, top-left"
1894,1,"X is in the top-left, the top-center, the bottom-left, and the center, O is in the middle-left, the bottom-right, and the top-right",X|X|O|O|X|_|X|_|O,4,"top-left, top-center, bottom-left, center",3,"middle-left, bottom-right, top-right"
1895,3,"X occupies the top-center, the middle-right, and the bottom-left, O occupies the center and bottom-right",_|X|_|_|O|X|X|_|O,3,"top-center, middle-right, bottom-left",2,"center, bottom-right"
1896,5,"X marks the bottom-center and center, O marks the top-left and bottom-left",O|_|_|_|X|_|O|X|_,2,"bottom-center, center",2,"top-left, bottom-left"
1897,1,"X is in the bottom-left, the top-center, the center, the top-left, and the top-right, O is in the middle-right, the bottom-right, the middle-left, and the bottom-center",X|X|X|O|X|O|X|O|O,5,"bottom-left, top-center, center, top-left, top-right",4,"middle-right, bottom-right, middle-left, bottom-center"
1898,1,"X is in the center, the bottom-left, the middle-left, the top-right, and the bottom-right, O is in the bottom-center, the top-left, the middle-right, and the top-center",O|O|X|X|X|O|X|O|X,5,"center, bottom-left, middle-left, top-right, bottom-right",4,"bottom-center, top-left, middle-right, top-center"
1899,4,"X is placed in the top-center, the bottom-right, the bottom-left, the middle-right, and the top-right, O is placed in the center, the top-left, the middle-left, and the bottom-center",O|X|X|O|O|X|X|O|X,5,"top-center, bottom-right, bottom-left, middle-right, top-right",4,"center, top-left, middle-left, bottom-center"
1900,3,"X occupies the bottom-right, the top-right, and the top-left, O occupies the top-center, the bottom-center, and the middle-left",X|O|X|O|_|_|_|O|X,3,"bottom-right, top-right, top-left",3,"top-center, bottom-center, middle-left"
1901,2,"X has played in the center, the top-left, and the bottom-center, O has played in the top-center and middle-right",X|O|_|_|X|O|_|X|_,3,"center, top-left, bottom-center",2,"top-center, middle-right"
1902,3,"X occupies the bottom-right, the center, and the middle-right, O occupies the top-left and middle-left",O|_|_|O|X|X|_|_|X,3,"bottom-right, center, middle-right",2,"top-left, middle-left"
1903,4,"X is placed in the top-center and bottom-left, O is placed in the top-left and middle-right",O|X|_|_|_|O|X|_|_,2,"top-center, bottom-left",2,"top-left, middle-right"
1904,2,"X has played in the bottom-right, the center, the middle-left, and the bottom-left, O has played in the top-right, the top-left, and the middle-right",O|_|O|X|X|O|X|_|X,4,"bottom-right, center, middle-left, bottom-left",3,"top-right, top-left, middle-right"
1905,4,"X is placed in the top-right and top-left, O is placed in the center and bottom-center",X|_|X|_|O|_|_|O|_,2,"top-right, top-left",2,"center, bottom-center"
1906,5,"X marks the bottom-right, the bottom-center, the top-right, the middle-left, and the top-center, O marks the bottom-left, the center, the top-left, and the middle-right",O|X|X|X|O|O|O|X|X,5,"bottom-right, bottom-center, top-right, middle-left, top-center",4,"bottom-left, center, top-left, middle-right"
1907,2,"X has played in the middle-right, the middle-left, the center, the top-right, and the bottom-center, O has played in the bottom-left, the top-left, the bottom-right, and the top-center",O|O|X|X|X|X|O|X|O,5,"middle-right, middle-left, center, top-right, bottom-center",4,"bottom-left, top-left, bottom-right, top-center"
1908,1,"X is in the top-right and bottom-right, O is in the top-left and bottom-center",O|_|X|_|_|_|_|O|X,2,"top-right, bottom-right",2,"top-left, bottom-center"
1909,4,"X is placed in the bottom-left and bottom-center, O is placed in the middle-left",_|_|_|O|_|_|X|X|_,2,"bottom-left, bottom-center",1,middle-left
1910,2,"X has played in the middle-right and bottom-right, O has played in the middle-left and top-center",_|O|_|O|_|X|_|_|X,2,"middle-right, bottom-right",2,"middle-left, top-center"
1911,5,"X marks the bottom-right and center, O marks the middle-right",_|_|_|_|X|O|_|_|X,2,"bottom-right, center",1,middle-right
1912,5,"X marks the center, O marks the middle-left",_|_|_|O|X|_|_|_|_,1,center,1,middle-left
1913,5,"X marks the middle-right and bottom-left, O marks the top-left",O|_|_|_|_|X|X|_|_,2,"middle-right, bottom-left",1,top-left
1914,1,"X is in the middle-right, the center, and the middle-left, O is in the bottom-left and bottom-center",_|_|_|X|X|X|O|O|_,3,"middle-right, center, middle-left",2,"bottom-left, bottom-center"
1915,3,"X occupies the bottom-center and top-right, O occupies the top-center",_|O|X|_|_|_|_|X|_,2,"bottom-center, top-right",1,top-center
1916,1,"X is in the middle-right, the bottom-left, the top-center, the bottom-center, and the center, O is in the bottom-right, the top-left, the top-right, and the middle-left",O|X|O|O|X|X|X|X|O,5,"middle-right, bottom-left, top-center, bottom-center, center",4,"bottom-right, top-left, top-right, middle-left"
1917,1,"X is in the middle-right and top-center, O is in the bottom-right and middle-left",_|X|_|O|_|X|_|_|O,2,"middle-right, top-center",2,"bottom-right, middle-left"
1918,3,"X occupies the center, the top-right, the middle-right, the top-center, and the bottom-left, O occupies the bottom-right, the bottom-center, the top-left, and the middle-left",O|X|X|O|X|X|X|O|O,5,"center, top-right, middle-right, top-center, bottom-left",4,"bottom-right, bottom-center, top-left, middle-left"
1919,4,"X is placed in the center, the middle-left, and the bottom-right, O is placed in the top-center and bottom-center",_|O|_|X|X|_|_|O|X,3,"center, middle-left, bottom-right",2,"top-center, bottom-center"
1920,1,"X is in the top-center, O is in the center",_|X|_|_|O|_|_|_|_,1,top-center,1,center
1921,4,"X is placed in the top-center and middle-left, O is placed in the top-left and bottom-right",O|X|_|X|_|_|_|_|O,2,"top-center, middle-left",2,"top-left, bottom-right"
1922,4,"X is placed in the top-center, the top-right, the middle-right, and the bottom-left, O is placed in the bottom-center, the bottom-right, the center, and the top-left",O|X|X|_|O|X|X|O|O,4,"top-center, top-right, middle-right, bottom-left",4,"bottom-center, bottom-right, center, top-left"
1923,2,"X has played in the middle-left and center, O has played in the top-right and bottom-center",_|_|O|X|X|_|_|O|_,2,"middle-left, center",2,"top-right, bottom-center"
1924,3,"X occupies the top-right, the bottom-right, and the bottom-center, O occupies the bottom-left and center",_|_|X|_|O|_|O|X|X,3,"top-right, bottom-right, bottom-center",2,"bottom-left, center"
1925,2,"X has played in the middle-right, the bottom-right, the bottom-center, and the center, O has played in the middle-left, the bottom-left, and the top-center",_|O|_|O|X|X|O|X|X,4,"middle-right, bottom-right, bottom-center, center",3,"middle-left, bottom-left, top-center"
1926,3,"X occupies the bottom-right, the bottom-left, and the center, O occupies the bottom-center and middle-right",_|_|_|_|X|O|X|O|X,3,"bottom-right, bottom-left, center",2,"bottom-center, middle-right"
1927,4,"X is placed in the top-center, the top-right, the bottom-center, and the middle-right, O is placed in the bottom-right, the top-left, and the bottom-left",O|X|X|_|_|X|O|X|O,4,"top-center, top-right, bottom-center, middle-right",3,"bottom-right, top-left, bottom-left"
1928,2,"X has played in the bottom-right, the middle-right, the top-left, the middle-left, and the top-right, O has played in the top-center, the bottom-center, the center, and the bottom-left",X|O|X|X|O|X|O|O|X,5,"bottom-right, middle-right, top-left, middle-left, top-right",4,"top-center, bottom-center, center, bottom-left"
1929,1,"X is in the bottom-center, the bottom-right, the top-left, the middle-right, and the middle-left, O is in the center, the top-right, the top-center, and the bottom-left",X|O|O|X|O|X|O|X|X,5,"bottom-center, bottom-right, top-left, middle-right, middle-left",4,"center, top-right, top-center, bottom-left"
1930,2,"X has played in the top-right, the bottom-center, the top-left, and the bottom-left, O has played in the middle-left, the bottom-right, and the center",X|_|X|O|O|_|X|X|O,4,"top-right, bottom-center, top-left, bottom-left",3,"middle-left, bottom-right, center"
1931,4,"X is placed in the bottom-right, the bottom-center, and the middle-right, O is placed in the top-right and top-left",O|_|O|_|_|X|_|X|X,3,"bottom-right, bottom-center, middle-right",2,"top-right, top-left"
1932,2,"X has played in the top-left, the middle-right, the center, and the top-right, O has played in the bottom-center, the bottom-right, the middle-left, and the top-center",X|O|X|O|X|X|_|O|O,4,"top-left, middle-right, center, top-right",4,"bottom-center, bottom-right, middle-left, top-center"
1933,1,"X is in the top-center, the middle-right, the bottom-center, the bottom-left, and the top-left, O is in the top-right, the bottom-right, the center, and the middle-left",X|X|O|O|O|X|X|X|O,5,"top-center, middle-right, bottom-center, bottom-left, top-left",4,"top-right, bottom-right, center, middle-left"
1934,4,"X is placed in the middle-right, the bottom-center, and the top-left, O is placed in the middle-left and bottom-left",X|_|_|O|_|X|O|X|_,3,"middle-right, bottom-center, top-left",2,"middle-left, bottom-left"
1935,2,"X has played in the middle-right, the top-right, the top-left, and the center, O has played in the bottom-left, the bottom-right, and the middle-left",X|_|X|O|X|X|O|_|O,4,"middle-right, top-right, top-left, center",3,"bottom-left, bottom-right, middle-left"
1936,2,"X has played in the middle-right, the bottom-center, the top-center, and the top-left, O has played in the bottom-right, the bottom-left, the center, and the top-right",X|X|O|_|O|X|O|X|O,4,"middle-right, bottom-center, top-center, top-left",4,"bottom-right, bottom-left, center, top-right"
1937,4,"X is placed in the center, the bottom-center, and the middle-right, O is placed in the top-center and top-left",O|O|_|_|X|X|_|X|_,3,"center, bottom-center, middle-right",2,"top-center, top-left"
1938,3,"X occupies the top-center, the center, the bottom-right, and the top-left, O occupies the bottom-center, the middle-left, the top-right, and the bottom-left",X|X|O|O|X|_|O|O|X,4,"top-center, center, bottom-right, top-left",4,"bottom-center, middle-left, top-right, bottom-left"
1939,5,"X marks the center, the top-center, the middle-left, the top-left, and the bottom-right, O marks the bottom-center, the middle-right, the top-right, and the bottom-left",X|X|O|X|X|O|O|O|X,5,"center, top-center, middle-left, top-left, bottom-right",4,"bottom-center, middle-right, top-right, bottom-left"
1940,2,"X has played in the bottom-center, the center, the bottom-right, the middle-left, and the top-right, O has played in the middle-right, the top-left, the top-center, and the bottom-left",O|O|X|X|X|O|O|X|X,5,"bottom-center, center, bottom-right, middle-left, top-right",4,"middle-right, top-left, top-center, bottom-left"
1941,4,"X is placed in the bottom-center, the top-left, the middle-right, the top-center, and the center, O is placed in the bottom-right, the middle-left, the top-right, and the bottom-left",X|X|O|O|X|X|O|X|O,5,"bottom-center, top-left, middle-right, top-center, center",4,"bottom-right, middle-left, top-right, bottom-left"
1942,5,"X marks the center, the middle-right, and the bottom-center, O marks the top-center, the bottom-right, and the top-right",_|O|O|_|X|X|_|X|O,3,"center, middle-right, bottom-center",3,"top-center, bottom-right, top-right"
1943,1,"X is in the bottom-center, O is in the middle-right",_|_|_|_|_|O|_|X|_,1,bottom-center,1,middle-right
1944,1,"X is in the top-center and bottom-center, O is in the bottom-right",_|X|_|_|_|_|_|X|O,2,"top-center, bottom-center",1,bottom-right
1945,3,"X occupies the middle-left and top-right, O occupies the bottom-center",_|_|X|X|_|_|_|O|_,2,"middle-left, top-right",1,bottom-center
1946,2,"X has played in the middle-left and bottom-right, O has played in the bottom-left",_|_|_|X|_|_|O|_|X,2,"middle-left, bottom-right",1,bottom-left
1947,1,"X is in the top-right, the top-left, and the middle-right, O is in the top-center, the center, and the bottom-right",X|O|X|_|O|X|_|_|O,3,"top-right, top-left, middle-right",3,"top-center, center, bottom-right"
1948,5,"X marks the bottom-right, the middle-right, the bottom-left, and the bottom-center, O marks the top-center, the top-right, and the top-left",O|O|O|_|_|X|X|X|X,4,"bottom-right, middle-right, bottom-left, bottom-center",3,"top-center, top-right, top-left"
1949,1,"X is in the top-center, the center, and the bottom-right, O is in the middle-left, the top-right, and the top-left",O|X|O|O|X|_|_|_|X,3,"top-center, center, bottom-right",3,"middle-left, top-right, top-left"
1950,4,"X is placed in the top-right, the top-center, the middle-right, the bottom-right, and the middle-left, O is placed in the bottom-left, the top-left, the bottom-center, and the center",O|X|X|X|O|X|O|O|X,5,"top-right, top-center, middle-right, bottom-right, middle-left",4,"bottom-left, top-left, bottom-center, center"
1951,2,"X has played in the bottom-right, the top-left, and the center, O has played in the bottom-center, the middle-right, and the bottom-left",X|_|_|_|X|O|O|O|X,3,"bottom-right, top-left, center",3,"bottom-center, middle-right, bottom-left"
1952,4,"X is placed in the top-center and center, O is placed in the top-left and bottom-right",O|X|_|_|X|_|_|_|O,2,"top-center, center",2,"top-left, bottom-right"
1953,3,"X occupies the bottom-center, the top-right, and the top-center, O occupies the center and middle-left",_|X|X|O|O|_|_|X|_,3,"bottom-center, top-right, top-center",2,"center, middle-left"
1954,4,"X is placed in the top-right, the bottom-center, and the top-left, O is placed in the middle-left, the middle-right, and the center",X|_|X|O|O|O|_|X|_,3,"top-right, bottom-center, top-left",3,"middle-left, middle-right, center"
1955,2,"X has played in the middle-left and center, O has played in the top-right and bottom-left",_|_|O|X|X|_|O|_|_,2,"middle-left, center",2,"top-right, bottom-left"
1956,4,"X is placed in the bottom-left, the top-center, the middle-right, and the top-right, O is placed in the center, the bottom-right, and the bottom-center",_|X|X|_|O|X|X|O|O,4,"bottom-left, top-center, middle-right, top-right",3,"center, bottom-right, bottom-center"
1957,3,"X occupies the center, O occupies the middle-left",_|_|_|O|X|_|_|_|_,1,center,1,middle-left
1958,3,"X occupies the middle-left and middle-right, O occupies the bottom-center",_|_|_|X|_|X|_|O|_,2,"middle-left, middle-right",1,bottom-center
1959,5,"X marks the top-left, the middle-left, the bottom-center, the bottom-left, and the middle-right, O marks the center, the top-right, the top-center, and the bottom-right",X|O|O|X|O|X|X|X|O,5,"top-left, middle-left, bottom-center, bottom-left, middle-right",4,"center, top-right, top-center, bottom-right"
1960,4,"X is placed in the bottom-center, the center, the top-right, the top-left, and the top-center, O is placed in the bottom-right, the middle-right, the middle-left, and the bottom-left",X|X|X|O|X|O|O|X|O,5,"bottom-center, center, top-right, top-left, top-center",4,"bottom-right, middle-right, middle-left, bottom-left"
1961,2,"X has played in the center, the top-left, and the middle-left, O has played in the top-right, the bottom-left, and the bottom-center",X|_|O|X|X|_|O|O|_,3,"center, top-left, middle-left",3,"top-right, bottom-left, bottom-center"
1962,1,"X is in the top-right and bottom-right, O is in the top-center",_|O|X|_|_|_|_|_|X,2,"top-right, bottom-right",1,top-center
1963,2,"X has played in the bottom-center, the middle-left, and the bottom-right, O has played in the top-center, the center, and the top-left",O|O|_|X|O|_|_|X|X,3,"bottom-center, middle-left, bottom-right",3,"top-center, center, top-left"
1964,3,"X occupies the bottom-right, the middle-left, the bottom-left, the middle-right, and the center, O occupies the bottom-center, the top-center, the top-right, and the top-left",O|O|O|X|X|X|X|O|X,5,"bottom-right, middle-left, bottom-left, middle-right, center",4,"bottom-center, top-center, top-right, top-left"
1965,1,"X is in the top-center, the middle-left, the center, and the bottom-left, O is in the bottom-center, the bottom-right, and the top-right",_|X|O|X|X|_|X|O|O,4,"top-center, middle-left, center, bottom-left",3,"bottom-center, bottom-right, top-right"
1966,1,"X is in the bottom-center, the bottom-left, and the center, O is in the top-right, the middle-right, and the top-left",O|_|O|_|X|O|X|X|_,3,"bottom-center, bottom-left, center",3,"top-right, middle-right, top-left"
1967,3,"X occupies the middle-left, the top-left, and the middle-right, O occupies the bottom-center and bottom-right",X|_|_|X|_|X|_|O|O,3,"middle-left, top-left, middle-right",2,"bottom-center, bottom-right"
1968,4,"X is placed in the middle-left and middle-right, O is placed in the bottom-left",_|_|_|X|_|X|O|_|_,2,"middle-left, middle-right",1,bottom-left
1969,5,"X marks the middle-right, the top-center, the middle-left, the top-right, and the bottom-center, O marks the top-left, the bottom-left, the center, and the bottom-right",O|X|X|X|O|X|O|X|O,5,"middle-right, top-center, middle-left, top-right, bottom-center",4,"top-left, bottom-left, center, bottom-right"
1970,3,"X occupies the top-right, O occupies the bottom-right",_|_|X|_|_|_|_|_|O,1,top-right,1,bottom-right
1971,1,"X is in the bottom-center, the middle-left, the bottom-right, and the top-right, O is in the top-left, the bottom-left, the middle-right, and the top-center",O|O|X|X|_|O|O|X|X,4,"bottom-center, middle-left, bottom-right, top-right",4,"top-left, bottom-left, middle-right, top-center"
1972,5,"X marks the bottom-center, the top-right, the middle-left, the top-left, and the center, O marks the middle-right, the bottom-left, the top-center, and the bottom-right",X|O|X|X|X|O|O|X|O,5,"bottom-center, top-right, middle-left, top-left, center",4,"middle-right, bottom-left, top-center, bottom-right"
1973,3,"X occupies the top-right, the center, the bottom-right, the top-left, and the bottom-center, O occupies the top-center, the middle-left, the middle-right, and the bottom-left",X|O|X|O|X|O|O|X|X,5,"top-right, center, bottom-right, top-left, bottom-center",4,"top-center, middle-left, middle-right, bottom-left"
1974,1,"X is in the bottom-center and middle-left, O is in the top-left and middle-right",O|_|_|X|_|O|_|X|_,2,"bottom-center, middle-left",2,"top-left, middle-right"
1975,3,"X occupies the center, the top-center, the bottom-right, and the top-right, O occupies the middle-left, the top-left, the middle-right, and the bottom-center",O|X|X|O|X|O|_|O|X,4,"center, top-center, bottom-right, top-right",4,"middle-left, top-left, middle-right, bottom-center"
1976,1,"X is in the middle-right, the bottom-right, the top-center, and the middle-left, O is in the bottom-center, the top-right, the center, and the top-left",O|X|O|X|O|X|_|O|X,4,"middle-right, bottom-right, top-center, middle-left",4,"bottom-center, top-right, center, top-left"
1977,3,"X occupies the middle-right and bottom-right, O occupies the top-right and center",_|_|O|_|O|X|_|_|X,2,"middle-right, bottom-right",2,"top-right, center"
1978,1,"X is in the bottom-right and top-left, O is in the middle-right and bottom-center",X|_|_|_|_|O|_|O|X,2,"bottom-right, top-left",2,"middle-right, bottom-center"
1979,3,"X occupies the top-center, the top-left, and the top-right, O occupies the bottom-center, the bottom-left, and the bottom-right",X|X|X|_|_|_|O|O|O,3,"top-center, top-left, top-right",3,"bottom-center, bottom-left, bottom-right"
1980,4,"X is placed in the top-left and top-center, O is placed in the top-right",X|X|O|_|_|_|_|_|_,2,"top-left, top-center",1,top-right
1981,3,"X occupies the middle-left, the middle-right, the center, and the bottom-right, O occupies the bottom-center, the top-center, the bottom-left, and the top-left",O|O|_|X|X|X|O|O|X,4,"middle-left, middle-right, center, bottom-right",4,"bottom-center, top-center, bottom-left, top-left"
1982,4,"X is placed in the top-left, the middle-left, the top-right, and the center, O is placed in the top-center, the bottom-left, the bottom-center, and the bottom-right",X|O|X|X|X|_|O|O|O,4,"top-left, middle-left, top-right, center",4,"top-center, bottom-left, bottom-center, bottom-right"
1983,1,"X is in the bottom-center, the top-center, the top-right, the top-left, and the middle-left, O is in the center, the bottom-right, the middle-right, and the bottom-left",X|X|X|X|O|O|O|X|O,5,"bottom-center, top-center, top-right, top-left, middle-left",4,"center, bottom-right, middle-right, bottom-left"
1984,1,"X is in the top-center, the middle-right, the top-right, the middle-left, and the top-left, O is in the bottom-right, the bottom-center, the center, and the bottom-left",X|X|X|X|O|X|O|O|O,5,"top-center, middle-right, top-right, middle-left, top-left",4,"bottom-right, bottom-center, center, bottom-left"
1985,5,"X marks the middle-right and center, O marks the top-center and top-right",_|O|O|_|X|X|_|_|_,2,"middle-right, center",2,"top-center, top-right"
1986,3,"X occupies the bottom-left, the bottom-right, and the top-right, O occupies the middle-right, the top-left, and the middle-left",O|_|X|O|_|O|X|_|X,3,"bottom-left, bottom-right, top-right",3,"middle-right, top-left, middle-left"
1987,4,"X is placed in the center, the middle-left, and the top-center, O is placed in the top-left and middle-right",O|X|_|X|X|O|_|_|_,3,"center, middle-left, top-center",2,"top-left, middle-right"
1988,2,"X has played in the bottom-center, the top-left, the bottom-right, the center, and the top-center, O has played in the bottom-left, the middle-right, the middle-left, and the top-right",X|X|O|O|X|O|O|X|X,5,"bottom-center, top-left, bottom-right, center, top-center",4,"bottom-left, middle-right, middle-left, top-right"
1989,1,"X is in the middle-left, the bottom-right, the bottom-center, the center, and the middle-right, O is in the top-left, the top-center, the top-right, and the bottom-left",O|O|O|X|X|X|O|X|X,5,"middle-left, bottom-right, bottom-center, center, middle-right",4,"top-left, top-center, top-right, bottom-left"
1990,2,"X has played in the middle-left and bottom-left, O has played in the bottom-right",_|_|_|X|_|_|X|_|O,2,"middle-left, bottom-left",1,bottom-right
1991,1,"X is in the middle-left and bottom-right, O is in the center and bottom-left",_|_|_|X|O|_|O|_|X,2,"middle-left, bottom-right",2,"center, bottom-left"
1992,2,"X has played in the top-center, O has played in the top-right",_|X|O|_|_|_|_|_|_,1,top-center,1,top-right
1993,1,"X is in the bottom-left, the bottom-center, the bottom-right, and the middle-right, O is in the top-left, the middle-left, the top-center, and the center",O|O|_|O|O|X|X|X|X,4,"bottom-left, bottom-center, bottom-right, middle-right",4,"top-left, middle-left, top-center, center"
1994,2,"X has played in the middle-left and top-left, O has played in the top-center and bottom-right",X|O|_|X|_|_|_|_|O,2,"middle-left, top-left",2,"top-center, bottom-right"
1995,4,"X is placed in the top-left, O is placed in the bottom-center",X|_|_|_|_|_|_|O|_,1,top-left,1,bottom-center
1996,1,"X is in the middle-left, the top-left, the bottom-center, and the top-center, O is in the bottom-right, the top-right, the center, and the bottom-left",X|X|O|X|O|_|O|X|O,4,"middle-left, top-left, bottom-center, top-center",4,"bottom-right, top-right, center, bottom-left"
1997,2,"X has played in the bottom-right, the bottom-center, the center, and the top-center, O has played in the top-right, the middle-left, the top-left, and the middle-right",O|X|O|O|X|O|_|X|X,4,"bottom-right, bottom-center, center, top-center",4,"top-right, middle-left, top-left, middle-right"
1998,4,"X is placed in the top-left, the center, the bottom-left, the top-right, and the bottom-right, O is placed in the bottom-center, the top-center, the middle-left, and the middle-right",X|O|X|O|X|O|X|O|X,5,"top-left, center, bottom-left, top-right, bottom-right",4,"bottom-center, top-center, middle-left, middle-right"
1999,2,"X has played in the bottom-left and top-left, O has played in the top-center and top-right",X|O|O|_|_|_|X|_|_,2,"bottom-left, top-left",2,"top-center, top-right"
2000,3,"X occupies the bottom-left, the center, the top-right, the bottom-right, and the top-center, O occupies the bottom-center, the middle-right, the top-left, and the middle-left",O|X|X|O|X|O|X|O|X,5,"bottom-left, center, top-right, bottom-right, top-center",4,"bottom-center, middle-right, top-left, middle-left"
2001,5,"X marks the middle-left, the center, the bottom-right, the top-left, and the bottom-left, O marks the top-center, the bottom-center, the middle-right, and the top-right",X|O|O|X|X|O|X|O|X,5,"middle-left, center, bottom-right, top-left, bottom-left",4,"top-center, bottom-center, middle-right, top-right"
2002,2,"X has played in the middle-left and bottom-center, O has played in the bottom-right and top-right",_|_|O|X|_|_|_|X|O,2,"middle-left, bottom-center",2,"bottom-right, top-right"
2003,3,"X occupies the bottom-right, the bottom-left, and the middle-right, O occupies the middle-left and top-center",_|O|_|O|_|X|X|_|X,3,"bottom-right, bottom-left, middle-right",2,"middle-left, top-center"
2004,1,"X is in the bottom-right, the bottom-left, and the middle-left, O is in the top-center and middle-right",_|O|_|X|_|O|X|_|X,3,"bottom-right, bottom-left, middle-left",2,"top-center, middle-right"
2005,4,"X is placed in the middle-right, the top-center, and the bottom-left, O is placed in the top-right, the bottom-center, and the bottom-right",_|X|O|_|_|X|X|O|O,3,"middle-right, top-center, bottom-left",3,"top-right, bottom-center, bottom-right"
2006,4,"X is placed in the top-right, the bottom-center, the top-left, the middle-left, and the center, O is placed in the top-center, the middle-right, the bottom-right, and the bottom-left",X|O|X|X|X|O|O|X|O,5,"top-right, bottom-center, top-left, middle-left, center",4,"top-center, middle-right, bottom-right, bottom-left"
2007,4,"X is placed in the middle-right and top-left, O is placed in the bottom-left",X|_|_|_|_|X|O|_|_,2,"middle-right, top-left",1,bottom-left
2008,1,"X is in the bottom-center, the middle-right, the top-center, the top-right, and the middle-left, O is in the top-left, the bottom-left, the center, and the bottom-right",O|X|X|X|O|X|O|X|O,5,"bottom-center, middle-right, top-center, top-right, middle-left",4,"top-left, bottom-left, center, bottom-right"
2009,3,"X occupies the bottom-left, the bottom-center, the middle-right, the center, and the bottom-right, O occupies the top-center, the top-left, the top-right, and the middle-left",O|O|O|O|X|X|X|X|X,5,"bottom-left, bottom-center, middle-right, center, bottom-right",4,"top-center, top-left, top-right, middle-left"
2010,4,"X is placed in the bottom-right, the top-right, the middle-right, and the center, O is placed in the bottom-left, the bottom-center, the top-left, and the top-center",O|O|X|_|X|X|O|O|X,4,"bottom-right, top-right, middle-right, center",4,"bottom-left, bottom-center, top-left, top-center"
2011,4,"X is placed in the bottom-center and middle-left, O is placed in the top-left and top-right",O|_|O|X|_|_|_|X|_,2,"bottom-center, middle-left",2,"top-left, top-right"
2012,5,"X marks the middle-right and top-left, O marks the top-center and bottom-center",X|O|_|_|_|X|_|O|_,2,"middle-right, top-left",2,"top-center, bottom-center"
2013,4,"X is placed in the bottom-center, the center, the middle-left, the bottom-left, and the top-center, O is placed in the middle-right, the top-left, the top-right, and the bottom-right",O|X|O|X|X|O|X|X|O,5,"bottom-center, center, middle-left, bottom-left, top-center",4,"middle-right, top-left, top-right, bottom-right"
2014,5,"X marks the center, the middle-right, and the bottom-center, O marks the middle-left, the top-center, and the bottom-right",_|O|_|O|X|X|_|X|O,3,"center, middle-right, bottom-center",3,"middle-left, top-center, bottom-right"
2015,3,"X occupies the center, the top-right, the top-left, the bottom-right, and the top-center, O occupies the middle-left, the bottom-left, the bottom-center, and the middle-right",X|X|X|O|X|O|O|O|X,5,"center, top-right, top-left, bottom-right, top-center",4,"middle-left, bottom-left, bottom-center, middle-right"
2016,3,"X occupies the middle-left, the top-left, the bottom-right, and the top-center, O occupies the bottom-left, the middle-right, the top-right, and the center",X|X|O|X|O|O|O|_|X,4,"middle-left, top-left, bottom-right, top-center",4,"bottom-left, middle-right, top-right, center"
2017,2,"X has played in the middle-left, the top-left, and the bottom-right, O has played in the middle-right and top-center",X|O|_|X|_|O|_|_|X,3,"middle-left, top-left, bottom-right",2,"middle-right, top-center"
2018,1,"X is in the top-center, the middle-left, the bottom-right, and the middle-right, O is in the top-left, the center, and the bottom-left",O|X|_|X|O|X|O|_|X,4,"top-center, middle-left, bottom-right, middle-right",3,"top-left, center, bottom-left"
2019,5,"X marks the middle-right, the bottom-center, the middle-left, the top-right, and the bottom-left, O marks the top-left, the bottom-right, the top-center, and the center",O|O|X|X|O|X|X|X|O,5,"middle-right, bottom-center, middle-left, top-right, bottom-left",4,"top-left, bottom-right, top-center, center"
2020,3,"X occupies the bottom-center, the center, and the top-right, O occupies the middle-right, the bottom-left, and the bottom-right",_|_|X|_|X|O|O|X|O,3,"bottom-center, center, top-right",3,"middle-right, bottom-left, bottom-right"
2021,5,"X marks the middle-left, the top-left, and the bottom-left, O marks the top-right, the middle-right, and the center",X|_|O|X|O|O|X|_|_,3,"middle-left, top-left, bottom-left",3,"top-right, middle-right, center"
2022,5,"X marks the bottom-center and middle-left, O marks the center",_|_|_|X|O|_|_|X|_,2,"bottom-center, middle-left",1,center
2023,3,"X occupies the middle-left, the bottom-left, and the center, O occupies the middle-right, the top-left, and the bottom-center",O|_|_|X|X|O|X|O|_,3,"middle-left, bottom-left, center",3,"middle-right, top-left, bottom-center"
2024,5,"X marks the bottom-left, the center, the middle-right, the middle-left, and the top-center, O marks the top-left, the bottom-right, the bottom-center, and the top-right",O|X|O|X|X|X|X|O|O,5,"bottom-left, center, middle-right, middle-left, top-center",4,"top-left, bottom-right, bottom-center, top-right"
2025,5,"X marks the middle-right, the middle-left, and the bottom-center, O marks the top-left, the top-right, and the top-center",O|O|O|X|_|X|_|X|_,3,"middle-right, middle-left, bottom-center",3,"top-left, top-right, top-center"
2026,5,"X marks the bottom-left and bottom-right, O marks the top-center and bottom-center",_|O|_|_|_|_|X|O|X,2,"bottom-left, bottom-right",2,"top-center, bottom-center"
2027,2,"X has played in the bottom-left, the center, and the middle-right, O has played in the top-center and bottom-right",_|O|_|_|X|X|X|_|O,3,"bottom-left, center, middle-right",2,"top-center, bottom-right"
2028,3,"X occupies the bottom-center, the top-right, the middle-left, and the bottom-right, O occupies the bottom-left, the middle-right, and the top-center",_|O|X|X|_|O|O|X|X,4,"bottom-center, top-right, middle-left, bottom-right",3,"bottom-left, middle-right, top-center"
2029,3,"X occupies the bottom-left, the middle-right, the bottom-center, the center, and the bottom-right, O occupies the top-left, the middle-left, the top-right, and the top-center",O|O|O|O|X|X|X|X|X,5,"bottom-left, middle-right, bottom-center, center, bottom-right",4,"top-left, middle-left, top-right, top-center"
2030,2,"X has played in the top-center, the middle-right, the center, and the bottom-left, O has played in the middle-left, the top-left, the top-right, and the bottom-right",O|X|O|O|X|X|X|_|O,4,"top-center, middle-right, center, bottom-left",4,"middle-left, top-left, top-right, bottom-right"
2031,4,"X is placed in the middle-left, the bottom-center, the bottom-right, and the bottom-left, O is placed in the top-left, the top-center, and the top-right",O|O|O|X|_|_|X|X|X,4,"middle-left, bottom-center, bottom-right, bottom-left",3,"top-left, top-center, top-right"
2032,2,"X has played in the bottom-center and middle-left, O has played in the bottom-right",_|_|_|X|_|_|_|X|O,2,"bottom-center, middle-left",1,bottom-right
2033,5,"X marks the bottom-right, the center, and the top-center, O marks the middle-left and middle-right",_|X|_|O|X|O|_|_|X,3,"bottom-right, center, top-center",2,"middle-left, middle-right"
2034,1,"X is in the bottom-left, the center, the middle-left, and the middle-right, O is in the top-right, the bottom-center, the top-center, and the bottom-right",_|O|O|X|X|X|X|O|O,4,"bottom-left, center, middle-left, middle-right",4,"top-right, bottom-center, top-center, bottom-right"
2035,1,"X is in the bottom-right, the center, and the bottom-left, O is in the top-right, the top-left, and the middle-right",O|_|O|_|X|O|X|_|X,3,"bottom-right, center, bottom-left",3,"top-right, top-left, middle-right"
2036,4,"X is placed in the middle-left, the bottom-right, the middle-right, and the top-center, O is placed in the bottom-left, the top-left, and the center",O|X|_|X|O|X|O|_|X,4,"middle-left, bottom-right, middle-right, top-center",3,"bottom-left, top-left, center"
2037,2,"X has played in the bottom-left and top-right, O has played in the bottom-center and bottom-right",_|_|X|_|_|_|X|O|O,2,"bottom-left, top-right",2,"bottom-center, bottom-right"
2038,1,"X is in the top-center, the middle-left, and the middle-right, O is in the top-left and center",O|X|_|X|O|X|_|_|_,3,"top-center, middle-left, middle-right",2,"top-left, center"
2039,1,"X is in the top-right, O is in the center",_|_|X|_|O|_|_|_|_,1,top-right,1,center
2040,2,"X has played in the bottom-left and middle-left, O has played in the top-left",O|_|_|X|_|_|X|_|_,2,"bottom-left, middle-left",1,top-left
2041,5,"X marks the top-right, the top-center, the bottom-right, and the bottom-left, O marks the top-left, the center, and the bottom-center",O|X|X|_|O|_|X|O|X,4,"top-right, top-center, bottom-right, bottom-left",3,"top-left, center, bottom-center"
2042,1,"X is in the middle-left, the middle-right, and the top-left, O is in the top-center and top-right",X|O|O|X|_|X|_|_|_,3,"middle-left, middle-right, top-left",2,"top-center, top-right"
2043,1,"X is in the top-center, the bottom-left, the middle-left, the bottom-center, and the bottom-right, O is in the top-left, the middle-right, the center, and the top-right",O|X|O|X|O|O|X|X|X,5,"top-center, bottom-left, middle-left, bottom-center, bottom-right",4,"top-left, middle-right, center, top-right"
2044,5,"X marks the bottom-center, the top-right, and the middle-left, O marks the middle-right and center",_|_|X|X|O|O|_|X|_,3,"bottom-center, top-right, middle-left",2,"middle-right, center"
2045,5,"X marks the center and bottom-right, O marks the bottom-center and middle-left",_|_|_|O|X|_|_|O|X,2,"center, bottom-right",2,"bottom-center, middle-left"
2046,4,"X is placed in the top-left and top-center, O is placed in the center and bottom-center",X|X|_|_|O|_|_|O|_,2,"top-left, top-center",2,"center, bottom-center"
2047,5,"X marks the middle-left and top-center, O marks the middle-right and center",_|X|_|X|O|O|_|_|_,2,"middle-left, top-center",2,"middle-right, center"
2048,5,"X marks the top-center, O marks the top-right",_|X|O|_|_|_|_|_|_,1,top-center,1,top-right
2049,4,"X is placed in the bottom-left and top-left, O is placed in the top-right and center",X|_|O|_|O|_|X|_|_,2,"bottom-left, top-left",2,"top-right, center"
2050,1,"X is in the top-center, the bottom-right, the top-right, the bottom-left, and the center, O is in the top-left, the middle-right, the bottom-center, and the middle-left",O|X|X|O|X|O|X|O|X,5,"top-center, bottom-right, top-right, bottom-left, center",4,"top-left, middle-right, bottom-center, middle-left"
2051,2,"X has played in the middle-right, the top-left, and the top-center, O has played in the bottom-right and top-right",X|X|O|_|_|X|_|_|O,3,"middle-right, top-left, top-center",2,"bottom-right, top-right"
2052,4,"X is placed in the top-right, the middle-right, the middle-left, the bottom-right, and the bottom-left, O is placed in the center, the top-left, the top-center, and the bottom-center",O|O|X|X|O|X|X|O|X,5,"top-right, middle-right, middle-left, bottom-right, bottom-left",4,"center, top-left, top-center, bottom-center"
2053,2,"X has played in the top-center, the top-right, and the bottom-right, O has played in the bottom-left, the top-left, and the middle-left",O|X|X|O|_|_|O|_|X,3,"top-center, top-right, bottom-right",3,"bottom-left, top-left, middle-left"
2054,4,"X is placed in the top-left, the bottom-center, the bottom-left, the middle-right, and the top-center, O is placed in the top-right, the bottom-right, the center, and the middle-left",X|X|O|O|O|X|X|X|O,5,"top-left, bottom-center, bottom-left, middle-right, top-center",4,"top-right, bottom-right, center, middle-left"
2055,4,"X is placed in the bottom-left, the middle-left, the bottom-right, the top-left, and the bottom-center, O is placed in the top-center, the top-right, the center, and the middle-right",X|O|O|X|O|O|X|X|X,5,"bottom-left, middle-left, bottom-right, top-left, bottom-center",4,"top-center, top-right, center, middle-right"
2056,1,"X is in the bottom-center, the center, and the top-left, O is in the bottom-left and bottom-right",X|_|_|_|X|_|O|X|O,3,"bottom-center, center, top-left",2,"bottom-left, bottom-right"
2057,4,"X is placed in the top-center, the bottom-center, the top-left, and the bottom-right, O is placed in the center, the top-right, the middle-right, and the bottom-left",X|X|O|_|O|O|O|X|X,4,"top-center, bottom-center, top-left, bottom-right",4,"center, top-right, middle-right, bottom-left"
2058,4,"X is placed in the center, the middle-right, and the bottom-left, O is placed in the top-right, the middle-left, and the top-left",O|_|O|O|X|X|X|_|_,3,"center, middle-right, bottom-left",3,"top-right, middle-left, top-left"
2059,1,"X is in the bottom-right, the bottom-left, and the top-right, O is in the top-left, the top-center, and the bottom-center",O|O|X|_|_|_|X|O|X,3,"bottom-right, bottom-left, top-right",3,"top-left, top-center, bottom-center"
2060,3,"X occupies the top-left and top-right, O occupies the bottom-left and middle-left",X|_|X|O|_|_|O|_|_,2,"top-left, top-right",2,"bottom-left, middle-left"
2061,5,"X marks the bottom-right, the center, the bottom-center, and the middle-left, O marks the top-right, the top-left, the top-center, and the middle-right",O|O|O|X|X|O|_|X|X,4,"bottom-right, center, bottom-center, middle-left",4,"top-right, top-left, top-center, middle-right"
2062,2,"X has played in the center, the top-right, and the bottom-right, O has played in the top-left and middle-left",O|_|X|O|X|_|_|_|X,3,"center, top-right, bottom-right",2,"top-left, middle-left"
2063,5,"X marks the middle-right, the top-center, the top-right, and the bottom-center, O marks the middle-left, the bottom-left, and the bottom-right",_|X|X|O|_|X|O|X|O,4,"middle-right, top-center, top-right, bottom-center",3,"middle-left, bottom-left, bottom-right"
2064,5,"X marks the bottom-left, the top-center, the center, the top-left, and the top-right, O marks the bottom-right, the middle-left, the bottom-center, and the middle-right",X|X|X|O|X|O|X|O|O,5,"bottom-left, top-center, center, top-left, top-right",4,"bottom-right, middle-left, bottom-center, middle-right"
2065,4,"X is placed in the bottom-center and top-left, O is placed in the middle-left and center",X|_|_|O|O|_|_|X|_,2,"bottom-center, top-left",2,"middle-left, center"
2066,3,"X occupies the middle-left, the bottom-center, the top-center, and the top-right, O occupies the bottom-right, the center, and the top-left",O|X|X|X|O|_|_|X|O,4,"middle-left, bottom-center, top-center, top-right",3,"bottom-right, center, top-left"
2067,4,"X is placed in the center and middle-right, O is placed in the top-center",_|O|_|_|X|X|_|_|_,2,"center, middle-right",1,top-center
2068,2,"X has played in the bottom-center, the center, the middle-left, and the top-left, O has played in the bottom-right, the top-right, the top-center, and the middle-right",X|O|O|X|X|O|_|X|O,4,"bottom-center, center, middle-left, top-left",4,"bottom-right, top-right, top-center, middle-right"
2069,4,"X is placed in the bottom-right, the middle-left, the top-left, and the bottom-center, O is placed in the bottom-left, the top-right, the top-center, and the center",X|O|O|X|O|_|O|X|X,4,"bottom-right, middle-left, top-left, bottom-center",4,"bottom-left, top-right, top-center, center"
2070,3,"X occupies the middle-left, the top-center, and the bottom-right, O occupies the bottom-center and top-left",O|X|_|X|_|_|_|O|X,3,"middle-left, top-center, bottom-right",2,"bottom-center, top-left"
2071,4,"X is placed in the center and top-center, O is placed in the middle-right",_|X|_|_|X|O|_|_|_,2,"center, top-center",1,middle-right
2072,4,"X is placed in the bottom-right, the top-right, the top-center, the middle-left, and the top-left, O is placed in the center, the middle-right, the bottom-center, and the bottom-left",X|X|X|X|O|O|O|O|X,5,"bottom-right, top-right, top-center, middle-left, top-left",4,"center, middle-right, bottom-center, bottom-left"
2073,4,"X is placed in the center and top-right, O is placed in the middle-left and bottom-center",_|_|X|O|X|_|_|O|_,2,"center, top-right",2,"middle-left, bottom-center"
2074,2,"X has played in the center, the bottom-left, the middle-left, and the top-center, O has played in the top-right, the bottom-right, the middle-right, and the top-left",O|X|O|X|X|O|X|_|O,4,"center, bottom-left, middle-left, top-center",4,"top-right, bottom-right, middle-right, top-left"
2075,4,"X is placed in the bottom-left, the top-left, the center, and the top-right, O is placed in the middle-left, the middle-right, the top-center, and the bottom-right",X|O|X|O|X|O|X|_|O,4,"bottom-left, top-left, center, top-right",4,"middle-left, middle-right, top-center, bottom-right"
2076,3,"X occupies the middle-left, the middle-right, the bottom-right, and the bottom-center, O occupies the center, the top-center, and the bottom-left",_|O|_|X|O|X|O|X|X,4,"middle-left, middle-right, bottom-right, bottom-center",3,"center, top-center, bottom-left"
2077,1,"X is in the top-left and top-center, O is in the top-right",X|X|O|_|_|_|_|_|_,2,"top-left, top-center",1,top-right
2078,2,"X has played in the middle-left, the bottom-center, the top-left, and the top-right, O has played in the bottom-left, the center, the bottom-right, and the middle-right",X|_|X|X|O|O|O|X|O,4,"middle-left, bottom-center, top-left, top-right",4,"bottom-left, center, bottom-right, middle-right"
2079,3,"X occupies the middle-right, O occupies the top-right",_|_|O|_|_|X|_|_|_,1,middle-right,1,top-right
2080,3,"X occupies the middle-right and top-left, O occupies the bottom-center and center",X|_|_|_|O|X|_|O|_,2,"middle-right, top-left",2,"bottom-center, center"
2081,5,"X marks the bottom-left, the bottom-center, and the bottom-right, O marks the middle-left and top-center",_|O|_|O|_|_|X|X|X,3,"bottom-left, bottom-center, bottom-right",2,"middle-left, top-center"
2082,2,"X has played in the top-right and middle-right, O has played in the top-left and middle-left",O|_|X|O|_|X|_|_|_,2,"top-right, middle-right",2,"top-left, middle-left"
2083,4,"X is placed in the top-center, the bottom-right, the center, and the top-left, O is placed in the bottom-left, the middle-left, and the top-right",X|X|O|O|X|_|O|_|X,4,"top-center, bottom-right, center, top-left",3,"bottom-left, middle-left, top-right"
2084,4,"X is placed in the top-left and top-center, O is placed in the top-right and bottom-center",X|X|O|_|_|_|_|O|_,2,"top-left, top-center",2,"top-right, bottom-center"
2085,4,"X is placed in the middle-left, the bottom-right, the top-left, and the top-right, O is placed in the bottom-center, the bottom-left, the top-center, and the middle-right",X|O|X|X|_|O|O|O|X,4,"middle-left, bottom-right, top-left, top-right",4,"bottom-center, bottom-left, top-center, middle-right"
2086,2,"X has played in the center, the bottom-center, and the bottom-left, O has played in the middle-left, the top-left, and the middle-right",O|_|_|O|X|O|X|X|_,3,"center, bottom-center, bottom-left",3,"middle-left, top-left, middle-right"
2087,5,"X marks the middle-right and top-right, O marks the bottom-right",_|_|X|_|_|X|_|_|O,2,"middle-right, top-right",1,bottom-right
2088,3,"X occupies the middle-left, the bottom-right, and the middle-right, O occupies the bottom-center and top-right",_|_|O|X|_|X|_|O|X,3,"middle-left, bottom-right, middle-right",2,"bottom-center, top-right"
2089,5,"X marks the center, the middle-left, and the top-center, O marks the middle-right, the bottom-center, and the bottom-right",_|X|_|X|X|O|_|O|O,3,"center, middle-left, top-center",3,"middle-right, bottom-center, bottom-right"
2090,3,"X occupies the center, the top-right, the middle-right, the top-center, and the bottom-left, O occupies the bottom-center, the middle-left, the bottom-right, and the top-left",O|X|X|O|X|X|X|O|O,5,"center, top-right, middle-right, top-center, bottom-left",4,"bottom-center, middle-left, bottom-right, top-left"
2091,3,"X occupies the top-center, the top-right, and the top-left, O occupies the middle-left and bottom-left",X|X|X|O|_|_|O|_|_,3,"top-center, top-right, top-left",2,"middle-left, bottom-left"
2092,2,"X has played in the bottom-right and center, O has played in the top-left",O|_|_|_|X|_|_|_|X,2,"bottom-right, center",1,top-left
2093,1,"X is in the middle-right, the center, the middle-left, and the bottom-right, O is in the bottom-center, the top-left, the bottom-left, and the top-right",O|_|O|X|X|X|O|O|X,4,"middle-right, center, middle-left, bottom-right",4,"bottom-center, top-left, bottom-left, top-right"
2094,2,"X has played in the middle-left, the middle-right, the bottom-right, the top-center, and the top-left, O has played in the bottom-left, the top-right, the bottom-center, and the center",X|X|O|X|O|X|O|O|X,5,"middle-left, middle-right, bottom-right, top-center, top-left",4,"bottom-left, top-right, bottom-center, center"
2095,2,"X has played in the bottom-center and center, O has played in the bottom-right",_|_|_|_|X|_|_|X|O,2,"bottom-center, center",1,bottom-right
2096,4,"X is placed in the top-left, the middle-left, the top-right, the middle-right, and the center, O is placed in the bottom-center, the bottom-left, the top-center, and the bottom-right",X|O|X|X|X|X|O|O|O,5,"top-left, middle-left, top-right, middle-right, center",4,"bottom-center, bottom-left, top-center, bottom-right"
2097,4,"X is placed in the middle-right and middle-left, O is placed in the top-center",_|O|_|X|_|X|_|_|_,2,"middle-right, middle-left",1,top-center
2098,2,"X has played in the bottom-center, the top-right, and the bottom-right, O has played in the middle-left, the center, and the top-left",O|_|X|O|O|_|_|X|X,3,"bottom-center, top-right, bottom-right",3,"middle-left, center, top-left"
2099,1,"X is in the bottom-left, the top-center, the top-right, and the top-left, O is in the bottom-center, the middle-left, the middle-right, and the center",X|X|X|O|O|O|X|O|_,4,"bottom-left, top-center, top-right, top-left",4,"bottom-center, middle-left, middle-right, center"
2100,5,"X marks the top-left, the top-center, the middle-left, the middle-right, and the bottom-left, O marks the top-right, the center, the bottom-right, and the bottom-center",X|X|O|X|O|X|X|O|O,5,"top-left, top-center, middle-left, middle-right, bottom-left",4,"top-right, center, bottom-right, bottom-center"
2101,4,"X is placed in the top-left and middle-left, O is placed in the bottom-left",X|_|_|X|_|_|O|_|_,2,"top-left, middle-left",1,bottom-left
2102,4,"X is placed in the top-left, the bottom-left, the top-right, and the bottom-center, O is placed in the top-center, the middle-left, and the bottom-right",X|O|X|O|_|_|X|X|O,4,"top-left, bottom-left, top-right, bottom-center",3,"top-center, middle-left, bottom-right"
2103,4,"X is placed in the center, O is placed in the top-center",_|O|_|_|X|_|_|_|_,1,center,1,top-center
2104,5,"X marks the bottom-left and bottom-right, O marks the bottom-center",_|_|_|_|_|_|X|O|X,2,"bottom-left, bottom-right",1,bottom-center
2105,2,"X has played in the bottom-left and middle-right, O has played in the middle-left",_|_|_|O|_|X|X|_|_,2,"bottom-left, middle-right",1,middle-left
2106,2,"X has played in the center and middle-right, O has played in the top-right and bottom-left",_|_|O|_|X|X|O|_|_,2,"center, middle-right",2,"top-right, bottom-left"
2107,4,"X is placed in the center, the top-right, the bottom-left, and the middle-left, O is placed in the middle-right, the bottom-center, and the top-center",_|O|X|X|X|O|X|O|_,4,"center, top-right, bottom-left, middle-left",3,"middle-right, bottom-center, top-center"
2108,3,"X occupies the top-center, the top-left, the middle-right, and the center, O occupies the bottom-left, the bottom-right, the top-right, and the middle-left",X|X|O|O|X|X|O|_|O,4,"top-center, top-left, middle-right, center",4,"bottom-left, bottom-right, top-right, middle-left"
2109,3,"X occupies the top-center, the bottom-center, the middle-right, and the top-right, O occupies the bottom-right, the bottom-left, the center, and the top-left",O|X|X|_|O|X|O|X|O,4,"top-center, bottom-center, middle-right, top-right",4,"bottom-right, bottom-left, center, top-left"
2110,2,"X has played in the top-left, the bottom-left, and the top-center, O has played in the bottom-center and bottom-right",X|X|_|_|_|_|X|O|O,3,"top-left, bottom-left, top-center",2,"bottom-center, bottom-right"
2111,4,"X is placed in the bottom-left and top-right, O is placed in the bottom-right and bottom-center",_|_|X|_|_|_|X|O|O,2,"bottom-left, top-right",2,"bottom-right, bottom-center"
2112,1,"X is in the middle-left, the top-left, the bottom-left, and the bottom-right, O is in the center, the middle-right, the bottom-center, and the top-right",X|_|O|X|O|O|X|O|X,4,"middle-left, top-left, bottom-left, bottom-right",4,"center, middle-right, bottom-center, top-right"
2113,2,"X has played in the center and bottom-left, O has played in the top-right",_|_|O|_|X|_|X|_|_,2,"center, bottom-left",1,top-right
2114,2,"X has played in the middle-left and middle-right, O has played in the bottom-left and top-right",_|_|O|X|_|X|O|_|_,2,"middle-left, middle-right",2,"bottom-left, top-right"
2115,4,"X is placed in the bottom-left, the middle-right, the top-left, the bottom-right, and the top-right, O is placed in the top-center, the middle-left, the center, and the bottom-center",X|O|X|O|O|X|X|O|X,5,"bottom-left, middle-right, top-left, bottom-right, top-right",4,"top-center, middle-left, center, bottom-center"
2116,4,"X is placed in the bottom-center and bottom-right, O is placed in the middle-left and middle-right",_|_|_|O|_|O|_|X|X,2,"bottom-center, bottom-right",2,"middle-left, middle-right"
2117,5,"X marks the top-center, O marks the middle-left",_|X|_|O|_|_|_|_|_,1,top-center,1,middle-left
2118,2,"X has played in the top-right, the top-center, the top-left, and the middle-left, O has played in the middle-right, the bottom-right, and the bottom-left",X|X|X|X|_|O|O|_|O,4,"top-right, top-center, top-left, middle-left",3,"middle-right, bottom-right, bottom-left"
2119,1,"X is in the top-center, the middle-right, the bottom-right, the top-left, and the center, O is in the top-right, the bottom-center, the middle-left, and the bottom-left",X|X|O|O|X|X|O|O|X,5,"top-center, middle-right, bottom-right, top-left, center",4,"top-right, bottom-center, middle-left, bottom-left"
2120,2,"X has played in the bottom-center and top-center, O has played in the middle-left",_|X|_|O|_|_|_|X|_,2,"bottom-center, top-center",1,middle-left
2121,3,"X occupies the top-center, the bottom-left, and the top-left, O occupies the center, the bottom-right, and the bottom-center",X|X|_|_|O|_|X|O|O,3,"top-center, bottom-left, top-left",3,"center, bottom-right, bottom-center"
2122,1,"X is in the top-right and bottom-center, O is in the middle-left and bottom-left",_|_|X|O|_|_|O|X|_,2,"top-right, bottom-center",2,"middle-left, bottom-left"
2123,5,"X marks the bottom-right, O marks the middle-right",_|_|_|_|_|O|_|_|X,1,bottom-right,1,middle-right
2124,3,"X occupies the top-center and center, O occupies the middle-left",_|X|_|O|X|_|_|_|_,2,"top-center, center",1,middle-left
2125,5,"X marks the middle-right, the bottom-center, the top-left, and the center, O marks the bottom-left, the bottom-right, and the top-right",X|_|O|_|X|X|O|X|O,4,"middle-right, bottom-center, top-left, center",3,"bottom-left, bottom-right, top-right"
2126,1,"X is in the top-right, the bottom-left, the center, and the top-center, O is in the bottom-center, the middle-right, the middle-left, and the top-left",O|X|X|O|X|O|X|O|_,4,"top-right, bottom-left, center, top-center",4,"bottom-center, middle-right, middle-left, top-left"
2127,4,"X is placed in the center, the top-left, the bottom-left, and the top-right, O is placed in the bottom-right, the middle-right, the middle-left, and the top-center",X|O|X|O|X|O|X|_|O,4,"center, top-left, bottom-left, top-right",4,"bottom-right, middle-right, middle-left, top-center"
2128,3,"X occupies the top-center, the top-left, the top-right, and the middle-left, O occupies the bottom-center, the bottom-left, and the bottom-right",X|X|X|X|_|_|O|O|O,4,"top-center, top-left, top-right, middle-left",3,"bottom-center, bottom-left, bottom-right"
2129,2,"X has played in the top-center, the top-left, the center, the middle-right, and the top-right, O has played in the bottom-right, the middle-left, the bottom-center, and the bottom-left",X|X|X|O|X|X|O|O|O,5,"top-center, top-left, center, middle-right, top-right",4,"bottom-right, middle-left, bottom-center, bottom-left"
2130,5,"X marks the bottom-right, the top-right, the top-left, the middle-left, and the bottom-center, O marks the bottom-left, the top-center, the middle-right, and the center",X|O|X|X|O|O|O|X|X,5,"bottom-right, top-right, top-left, middle-left, bottom-center",4,"bottom-left, top-center, middle-right, center"
2131,3,"X occupies the top-center, the bottom-center, the middle-left, the top-right, and the bottom-left, O occupies the top-left, the middle-right, the center, and the bottom-right",O|X|X|X|O|O|X|X|O,5,"top-center, bottom-center, middle-left, top-right, bottom-left",4,"top-left, middle-right, center, bottom-right"
2132,5,"X marks the top-left, the middle-right, the center, and the bottom-right, O marks the middle-left, the bottom-center, and the bottom-left",X|_|_|O|X|X|O|O|X,4,"top-left, middle-right, center, bottom-right",3,"middle-left, bottom-center, bottom-left"
2133,3,"X occupies the center and top-right, O occupies the bottom-right",_|_|X|_|X|_|_|_|O,2,"center, top-right",1,bottom-right
2134,1,"X is in the top-left, the middle-left, the bottom-center, the middle-right, and the top-center, O is in the bottom-right, the bottom-left, the top-right, and the center",X|X|O|X|O|X|O|X|O,5,"top-left, middle-left, bottom-center, middle-right, top-center",4,"bottom-right, bottom-left, top-right, center"
2135,4,"X is placed in the top-center and bottom-left, O is placed in the middle-left and middle-right",_|X|_|O|_|O|X|_|_,2,"top-center, bottom-left",2,"middle-left, middle-right"
2136,1,"X is in the bottom-left, the middle-left, the top-left, and the center, O is in the bottom-right, the top-right, the middle-right, and the top-center",X|O|O|X|X|O|X|_|O,4,"bottom-left, middle-left, top-left, center",4,"bottom-right, top-right, middle-right, top-center"
2137,5,"X marks the center, the top-center, and the bottom-right, O marks the middle-right and top-left",O|X|_|_|X|O|_|_|X,3,"center, top-center, bottom-right",2,"middle-right, top-left"
2138,1,"X is in the center and bottom-center, O is in the top-left and top-right",O|_|O|_|X|_|_|X|_,2,"center, bottom-center",2,"top-left, top-right"
2139,4,"X is placed in the bottom-center and middle-right, O is placed in the top-left",O|_|_|_|_|X|_|X|_,2,"bottom-center, middle-right",1,top-left
2140,3,"X occupies the bottom-center, the center, the middle-left, and the middle-right, O occupies the top-center, the bottom-left, the top-right, and the bottom-right",_|O|O|X|X|X|O|X|O,4,"bottom-center, center, middle-left, middle-right",4,"top-center, bottom-left, top-right, bottom-right"
2141,1,"X is in the middle-right, the center, the top-center, and the bottom-left, O is in the bottom-center, the top-right, the top-left, and the bottom-right",O|X|O|_|X|X|X|O|O,4,"middle-right, center, top-center, bottom-left",4,"bottom-center, top-right, top-left, bottom-right"
2142,5,"X marks the center, O marks the top-right",_|_|O|_|X|_|_|_|_,1,center,1,top-right
2143,4,"X is placed in the bottom-left and bottom-right, O is placed in the middle-left",_|_|_|O|_|_|X|_|X,2,"bottom-left, bottom-right",1,middle-left
2144,3,"X occupies the middle-right, the top-center, the middle-left, and the bottom-center, O occupies the bottom-left, the top-right, and the top-left",O|X|O|X|_|X|O|X|_,4,"middle-right, top-center, middle-left, bottom-center",3,"bottom-left, top-right, top-left"
2145,4,"X is placed in the top-center, the bottom-center, the top-right, the top-left, and the bottom-left, O is placed in the bottom-right, the middle-right, the middle-left, and the center",X|X|X|O|O|O|X|X|O,5,"top-center, bottom-center, top-right, top-left, bottom-left",4,"bottom-right, middle-right, middle-left, center"
2146,1,"X is in the middle-right, the top-right, and the middle-left, O is in the top-center and top-left",O|O|X|X|_|X|_|_|_,3,"middle-right, top-right, middle-left",2,"top-center, top-left"
2147,4,"X is placed in the bottom-center, the center, and the top-left, O is placed in the middle-right and top-right",X|_|O|_|X|O|_|X|_,3,"bottom-center, center, top-left",2,"middle-right, top-right"
2148,4,"X is placed in the middle-left, the middle-right, the bottom-center, and the top-center, O is placed in the top-right, the center, the bottom-left, and the bottom-right",_|X|O|X|O|X|O|X|O,4,"middle-left, middle-right, bottom-center, top-center",4,"top-right, center, bottom-left, bottom-right"
2149,2,"X has played in the middle-right, the top-left, the top-center, the bottom-left, and the center, O has played in the bottom-center, the bottom-right, the middle-left, and the top-right",X|X|O|O|X|X|X|O|O,5,"middle-right, top-left, top-center, bottom-left, center",4,"bottom-center, bottom-right, middle-left, top-right"
2150,3,"X occupies the center, the top-right, the middle-left, the top-left, and the bottom-left, O occupies the bottom-right, the middle-right, the bottom-center, and the top-center",X|O|X|X|X|O|X|O|O,5,"center, top-right, middle-left, top-left, bottom-left",4,"bottom-right, middle-right, bottom-center, top-center"
2151,4,"X is placed in the bottom-right, the middle-left, the top-left, the top-right, and the center, O is placed in the bottom-left, the bottom-center, the middle-right, and the top-center",X|O|X|X|X|O|O|O|X,5,"bottom-right, middle-left, top-left, top-right, center",4,"bottom-left, bottom-center, middle-right, top-center"
2152,5,"X marks the bottom-right and bottom-center, O marks the bottom-left and top-left",O|_|_|_|_|_|O|X|X,2,"bottom-right, bottom-center",2,"bottom-left, top-left"
2153,4,"X is placed in the middle-right, O is placed in the bottom-right",_|_|_|_|_|X|_|_|O,1,middle-right,1,bottom-right
2154,5,"X marks the bottom-center and bottom-left, O marks the bottom-right",_|_|_|_|_|_|X|X|O,2,"bottom-center, bottom-left",1,bottom-right
2155,3,"X occupies the middle-right, the top-right, the bottom-left, and the top-center, O occupies the bottom-right, the bottom-center, the middle-left, and the center",_|X|X|O|O|X|X|O|O,4,"middle-right, top-right, bottom-left, top-center",4,"bottom-right, bottom-center, middle-left, center"
2156,5,"X marks the top-right, the bottom-center, the middle-left, the top-left, and the center, O marks the top-center, the bottom-left, the bottom-right, and the middle-right",X|O|X|X|X|O|O|X|O,5,"top-right, bottom-center, middle-left, top-left, center",4,"top-center, bottom-left, bottom-right, middle-right"
2157,1,"X is in the middle-right and middle-left, O is in the top-center and top-left",O|O|_|X|_|X|_|_|_,2,"middle-right, middle-left",2,"top-center, top-left"
2158,3,"X occupies the bottom-center, the middle-left, the top-left, and the bottom-left, O occupies the middle-right, the top-center, and the bottom-right",X|O|_|X|_|O|X|X|O,4,"bottom-center, middle-left, top-left, bottom-left",3,"middle-right, top-center, bottom-right"
2159,4,"X is placed in the bottom-right, the center, and the middle-left, O is placed in the top-center and bottom-left",_|O|_|X|X|_|O|_|X,3,"bottom-right, center, middle-left",2,"top-center, bottom-left"
2160,2,"X has played in the middle-left and top-left, O has played in the middle-right and bottom-left",X|_|_|X|_|O|O|_|_,2,"middle-left, top-left",2,"middle-right, bottom-left"
2161,4,"X is placed in the middle-right and top-right, O is placed in the middle-left",_|_|X|O|_|X|_|_|_,2,"middle-right, top-right",1,middle-left
2162,2,"X has played in the center, O has played in the top-center",_|O|_|_|X|_|_|_|_,1,center,1,top-center
2163,3,"X occupies the top-left, the center, and the bottom-left, O occupies the top-center and middle-left",X|O|_|O|X|_|X|_|_,3,"top-left, center, bottom-left",2,"top-center, middle-left"
2164,5,"X marks the middle-left, the top-center, the bottom-left, the center, and the bottom-right, O marks the top-left, the top-right, the middle-right, and the bottom-center",O|X|O|X|X|O|X|O|X,5,"middle-left, top-center, bottom-left, center, bottom-right",4,"top-left, top-right, middle-right, bottom-center"
2165,2,"X has played in the top-right and bottom-left, O has played in the top-left and center",O|_|X|_|O|_|X|_|_,2,"top-right, bottom-left",2,"top-left, center"
2166,4,"X is placed in the middle-right, the top-right, and the bottom-right, O is placed in the bottom-center, the center, and the middle-left",_|_|X|O|O|X|_|O|X,3,"middle-right, top-right, bottom-right",3,"bottom-center, center, middle-left"
2167,4,"X is placed in the top-left, the bottom-left, and the top-right, O is placed in the middle-right, the top-center, and the center",X|O|X|_|O|O|X|_|_,3,"top-left, bottom-left, top-right",3,"middle-right, top-center, center"
2168,4,"X is placed in the top-left, the bottom-left, the middle-left, and the top-right, O is placed in the top-center, the bottom-right, and the middle-right",X|O|X|X|_|O|X|_|O,4,"top-left, bottom-left, middle-left, top-right",3,"top-center, bottom-right, middle-right"
2169,5,"X marks the top-right, the top-left, the top-center, and the bottom-right, O marks the bottom-left, the center, the middle-left, and the middle-right",X|X|X|O|O|O|O|_|X,4,"top-right, top-left, top-center, bottom-right",4,"bottom-left, center, middle-left, middle-right"
2170,5,"X marks the bottom-right, the middle-right, the center, the bottom-center, and the top-right, O marks the middle-left, the top-center, the bottom-left, and the top-left",O|O|X|O|X|X|O|X|X,5,"bottom-right, middle-right, center, bottom-center, top-right",4,"middle-left, top-center, bottom-left, top-left"
2171,3,"X occupies the top-left, the middle-left, and the top-right, O occupies the top-center, the center, and the bottom-right",X|O|X|X|O|_|_|_|O,3,"top-left, middle-left, top-right",3,"top-center, center, bottom-right"
2172,1,"X is in the center, the top-center, the top-left, the bottom-right, and the bottom-center, O is in the middle-right, the middle-left, the top-right, and the bottom-left",X|X|O|O|X|O|O|X|X,5,"center, top-center, top-left, bottom-right, bottom-center",4,"middle-right, middle-left, top-right, bottom-left"
2173,1,"X is in the top-left and bottom-center, O is in the middle-right and top-right",X|_|O|_|_|O|_|X|_,2,"top-left, bottom-center",2,"middle-right, top-right"
2174,3,"X occupies the center, the bottom-center, the bottom-left, and the top-left, O occupies the middle-left, the middle-right, the top-center, and the top-right",X|O|O|O|X|O|X|X|_,4,"center, bottom-center, bottom-left, top-left",4,"middle-left, middle-right, top-center, top-right"
2175,1,"X is in the bottom-right, O is in the middle-left",_|_|_|O|_|_|_|_|X,1,bottom-right,1,middle-left
2176,5,"X marks the bottom-center, the middle-left, the bottom-right, and the top-left, O marks the top-center, the middle-right, and the center",X|O|_|X|O|O|_|X|X,4,"bottom-center, middle-left, bottom-right, top-left",3,"top-center, middle-right, center"
2177,2,"X has played in the top-left, the middle-right, and the top-center, O has played in the middle-left and center",X|X|_|O|O|X|_|_|_,3,"top-left, middle-right, top-center",2,"middle-left, center"
2178,2,"X has played in the top-right, the center, the middle-left, and the bottom-left, O has played in the top-center, the middle-right, and the top-left",O|O|X|X|X|O|X|_|_,4,"top-right, center, middle-left, bottom-left",3,"top-center, middle-right, top-left"
2179,4,"X is placed in the bottom-left, the top-left, and the bottom-center, O is placed in the middle-left, the bottom-right, and the middle-right",X|_|_|O|_|O|X|X|O,3,"bottom-left, top-left, bottom-center",3,"middle-left, bottom-right, middle-right"
2180,4,"X is placed in the top-left and bottom-right, O is placed in the middle-left",X|_|_|O|_|_|_|_|X,2,"top-left, bottom-right",1,middle-left
2181,3,"X occupies the top-right and bottom-left, O occupies the bottom-right and middle-left",_|_|X|O|_|_|X|_|O,2,"top-right, bottom-left",2,"bottom-right, middle-left"
2182,2,"X has played in the bottom-right, the top-right, the bottom-left, and the center, O has played in the middle-left, the middle-right, the top-center, and the top-left",O|O|X|O|X|O|X|_|X,4,"bottom-right, top-right, bottom-left, center",4,"middle-left, middle-right, top-center, top-left"
2183,3,"X occupies the bottom-left, the top-left, and the top-right, O occupies the middle-right and center",X|_|X|_|O|O|X|_|_,3,"bottom-left, top-left, top-right",2,"middle-right, center"
2184,3,"X occupies the top-center, the top-left, the bottom-center, and the center, O occupies the middle-right, the bottom-left, the top-right, and the bottom-right",X|X|O|_|X|O|O|X|O,4,"top-center, top-left, bottom-center, center",4,"middle-right, bottom-left, top-right, bottom-right"
2185,4,"X is placed in the middle-left and top-left, O is placed in the bottom-center",X|_|_|X|_|_|_|O|_,2,"middle-left, top-left",1,bottom-center
2186,2,"X has played in the bottom-center, the top-center, the bottom-left, the bottom-right, and the top-right, O has played in the top-left, the middle-right, the middle-left, and the center",O|X|X|O|O|O|X|X|X,5,"bottom-center, top-center, bottom-left, bottom-right, top-right",4,"top-left, middle-right, middle-left, center"
2187,5,"X marks the bottom-center, the middle-left, and the top-center, O marks the bottom-left and middle-right",_|X|_|X|_|O|O|X|_,3,"bottom-center, middle-left, top-center",2,"bottom-left, middle-right"
2188,3,"X occupies the top-right, O occupies the top-center",_|O|X|_|_|_|_|_|_,1,top-right,1,top-center
2189,4,"X is placed in the top-right, the bottom-left, the middle-left, the center, and the bottom-right, O is placed in the top-center, the bottom-center, the middle-right, and the top-left",O|O|X|X|X|O|X|O|X,5,"top-right, bottom-left, middle-left, center, bottom-right",4,"top-center, bottom-center, middle-right, top-left"
2190,3,"X occupies the top-center, the top-right, and the center, O occupies the top-left, the bottom-left, and the bottom-right",O|X|X|_|X|_|O|_|O,3,"top-center, top-right, center",3,"top-left, bottom-left, bottom-right"
2191,3,"X occupies the top-center, the bottom-left, the top-left, and the center, O occupies the top-right, the middle-left, and the bottom-center",X|X|O|O|X|_|X|O|_,4,"top-center, bottom-left, top-left, center",3,"top-right, middle-left, bottom-center"
2192,4,"X is placed in the top-center, the bottom-left, the bottom-right, and the middle-right, O is placed in the top-right, the bottom-center, and the center",_|X|O|_|O|X|X|O|X,4,"top-center, bottom-left, bottom-right, middle-right",3,"top-right, bottom-center, center"
2193,2,"X has played in the bottom-center, the top-left, the middle-left, and the middle-right, O has played in the top-center, the bottom-left, and the center",X|O|_|X|O|X|O|X|_,4,"bottom-center, top-left, middle-left, middle-right",3,"top-center, bottom-left, center"
2194,1,"X is in the center, the top-center, and the bottom-left, O is in the bottom-center and bottom-right",_|X|_|_|X|_|X|O|O,3,"center, top-center, bottom-left",2,"bottom-center, bottom-right"
2195,5,"X marks the bottom-center and middle-left, O marks the bottom-right and center",_|_|_|X|O|_|_|X|O,2,"bottom-center, middle-left",2,"bottom-right, center"
2196,5,"X marks the bottom-center, the middle-left, and the top-center, O marks the middle-right and bottom-right",_|X|_|X|_|O|_|X|O,3,"bottom-center, middle-left, top-center",2,"middle-right, bottom-right"
2197,4,"X is placed in the bottom-right, the top-right, the top-center, and the top-left, O is placed in the middle-right, the center, and the middle-left",X|X|X|O|O|O|_|_|X,4,"bottom-right, top-right, top-center, top-left",3,"middle-right, center, middle-left"
2198,4,"X is placed in the top-center and top-left, O is placed in the middle-left and bottom-right",X|X|_|O|_|_|_|_|O,2,"top-center, top-left",2,"middle-left, bottom-right"
2199,1,"X is in the top-left, the top-right, the top-center, the middle-right, and the bottom-center, O is in the middle-left, the center, the bottom-right, and the bottom-left",X|X|X|O|O|X|O|X|O,5,"top-left, top-right, top-center, middle-right, bottom-center",4,"middle-left, center, bottom-right, bottom-left"
2200,2,"X has played in the middle-right and middle-left, O has played in the top-left",O|_|_|X|_|X|_|_|_,2,"middle-right, middle-left",1,top-left
2201,2,"X has played in the top-left, the top-right, the center, and the top-center, O has played in the middle-right, the bottom-center, the middle-left, and the bottom-right",X|X|X|O|X|O|_|O|O,4,"top-left, top-right, center, top-center",4,"middle-right, bottom-center, middle-left, bottom-right"
2202,4,"X is placed in the top-right, the top-center, the center, and the top-left, O is placed in the bottom-center, the middle-right, and the middle-left",X|X|X|O|X|O|_|O|_,4,"top-right, top-center, center, top-left",3,"bottom-center, middle-right, middle-left"
2203,4,"X is placed in the bottom-center, O is placed in the top-right",_|_|O|_|_|_|_|X|_,1,bottom-center,1,top-right
2204,4,"X is placed in the middle-left, the center, the bottom-center, and the top-left, O is placed in the top-center, the top-right, the middle-right, and the bottom-left",X|O|O|X|X|O|O|X|_,4,"middle-left, center, bottom-center, top-left",4,"top-center, top-right, middle-right, bottom-left"
2205,5,"X marks the bottom-left, the top-center, and the bottom-right, O marks the center, the middle-right, and the top-left",O|X|_|_|O|O|X|_|X,3,"bottom-left, top-center, bottom-right",3,"center, middle-right, top-left"
2206,3,"X occupies the bottom-right, the middle-left, the bottom-center, the top-right, and the center, O occupies the middle-right, the bottom-left, the top-center, and the top-left",O|O|X|X|X|O|O|X|X,5,"bottom-right, middle-left, bottom-center, top-right, center",4,"middle-right, bottom-left, top-center, top-left"
2207,5,"X marks the bottom-left, the bottom-right, the middle-right, the top-left, and the center, O marks the top-right, the middle-left, the top-center, and the bottom-center",X|O|O|O|X|X|X|O|X,5,"bottom-left, bottom-right, middle-right, top-left, center",4,"top-right, middle-left, top-center, bottom-center"
2208,3,"X occupies the top-left, the bottom-center, the center, and the top-center, O occupies the bottom-right, the top-right, and the middle-right",X|X|O|_|X|O|_|X|O,4,"top-left, bottom-center, center, top-center",3,"bottom-right, top-right, middle-right"
2209,1,"X is in the bottom-left, the middle-left, and the middle-right, O is in the bottom-right and center",_|_|_|X|O|X|X|_|O,3,"bottom-left, middle-left, middle-right",2,"bottom-right, center"
2210,5,"X marks the top-center, the middle-right, the middle-left, the top-left, and the bottom-right, O marks the top-right, the bottom-center, the bottom-left, and the center",X|X|O|X|O|X|O|O|X,5,"top-center, middle-right, middle-left, top-left, bottom-right",4,"top-right, bottom-center, bottom-left, center"
2211,2,"X has played in the center, the middle-right, the bottom-left, and the bottom-right, O has played in the top-left, the bottom-center, and the middle-left",O|_|_|O|X|X|X|O|X,4,"center, middle-right, bottom-left, bottom-right",3,"top-left, bottom-center, middle-left"
2212,2,"X has played in the top-left, the middle-left, the top-right, the middle-right, and the top-center, O has played in the bottom-right, the bottom-center, the bottom-left, and the center",X|X|X|X|O|X|O|O|O,5,"top-left, middle-left, top-right, middle-right, top-center",4,"bottom-right, bottom-center, bottom-left, center"
2213,1,"X is in the bottom-right, the bottom-left, the top-center, the middle-right, and the middle-left, O is in the top-left, the center, the bottom-center, and the top-right",O|X|O|X|O|X|X|O|X,5,"bottom-right, bottom-left, top-center, middle-right, middle-left",4,"top-left, center, bottom-center, top-right"
2214,5,"X marks the bottom-center, the top-left, the bottom-left, the top-right, and the middle-left, O marks the center, the middle-right, the top-center, and the bottom-right",X|O|X|X|O|O|X|X|O,5,"bottom-center, top-left, bottom-left, top-right, middle-left",4,"center, middle-right, top-center, bottom-right"
2215,1,"X is in the top-right, the bottom-right, and the top-center, O is in the bottom-left and bottom-center",_|X|X|_|_|_|O|O|X,3,"top-right, bottom-right, top-center",2,"bottom-left, bottom-center"
2216,2,"X has played in the middle-left, the center, the bottom-left, the top-center, and the middle-right, O has played in the top-right, the bottom-right, the bottom-center, and the top-left",O|X|O|X|X|X|X|O|O,5,"middle-left, center, bottom-left, top-center, middle-right",4,"top-right, bottom-right, bottom-center, top-left"
2217,1,"X is in the bottom-left, the middle-left, and the bottom-right, O is in the top-right and top-center",_|O|O|X|_|_|X|_|X,3,"bottom-left, middle-left, bottom-right",2,"top-right, top-center"
2218,4,"X is placed in the bottom-right and middle-right, O is placed in the bottom-center",_|_|_|_|_|X|_|O|X,2,"bottom-right, middle-right",1,bottom-center
2219,3,"X occupies the top-center, the bottom-left, the top-right, the top-left, and the bottom-center, O occupies the middle-right, the center, the bottom-right, and the middle-left",X|X|X|O|O|O|X|X|O,5,"top-center, bottom-left, top-right, top-left, bottom-center",4,"middle-right, center, bottom-right, middle-left"
2220,3,"X occupies the bottom-left and top-left, O occupies the middle-left and bottom-center",X|_|_|O|_|_|X|O|_,2,"bottom-left, top-left",2,"middle-left, bottom-center"
2221,3,"X occupies the top-right, the middle-right, the center, and the bottom-left, O occupies the top-center, the bottom-center, the middle-left, and the bottom-right",_|O|X|O|X|X|X|O|O,4,"top-right, middle-right, center, bottom-left",4,"top-center, bottom-center, middle-left, bottom-right"
2222,1,"X is in the center, the top-left, and the top-right, O is in the middle-left, the middle-right, and the bottom-center",X|_|X|O|X|O|_|O|_,3,"center, top-left, top-right",3,"middle-left, middle-right, bottom-center"
2223,2,"X has played in the bottom-right, the top-left, the bottom-center, the middle-left, and the middle-right, O has played in the bottom-left, the top-right, the center, and the top-center",X|O|O|X|O|X|O|X|X,5,"bottom-right, top-left, bottom-center, middle-left, middle-right",4,"bottom-left, top-right, center, top-center"
2224,5,"X marks the bottom-left, O marks the middle-right",_|_|_|_|_|O|X|_|_,1,bottom-left,1,middle-right
2225,5,"X marks the middle-right and middle-left, O marks the center",_|_|_|X|O|X|_|_|_,2,"middle-right, middle-left",1,center
2226,2,"X has played in the top-right and bottom-left, O has played in the top-left",O|_|X|_|_|_|X|_|_,2,"top-right, bottom-left",1,top-left
2227,3,"X occupies the middle-right, the bottom-left, the top-left, and the top-right, O occupies the center, the bottom-center, and the middle-left",X|_|X|O|O|X|X|O|_,4,"middle-right, bottom-left, top-left, top-right",3,"center, bottom-center, middle-left"
2228,5,"X marks the top-left, the middle-left, the bottom-left, the center, and the bottom-center, O marks the top-center, the middle-right, the bottom-right, and the top-right",X|O|O|X|X|O|X|X|O,5,"top-left, middle-left, bottom-left, center, bottom-center",4,"top-center, middle-right, bottom-right, top-right"
2229,1,"X is in the middle-left, the top-right, the bottom-left, the center, and the top-center, O is in the bottom-center, the bottom-right, the top-left, and the middle-right",O|X|X|X|X|O|X|O|O,5,"middle-left, top-right, bottom-left, center, top-center",4,"bottom-center, bottom-right, top-left, middle-right"
2230,4,"X is placed in the bottom-right, the bottom-center, and the bottom-left, O is placed in the top-right, the middle-right, and the top-center",_|O|O|_|_|O|X|X|X,3,"bottom-right, bottom-center, bottom-left",3,"top-right, middle-right, top-center"
2231,4,"X is placed in the bottom-center, the top-right, the bottom-right, the top-left, and the middle-left, O is placed in the center, the bottom-left, the top-center, and the middle-right",X|O|X|X|O|O|O|X|X,5,"bottom-center, top-right, bottom-right, top-left, middle-left",4,"center, bottom-left, top-center, middle-right"
2232,5,"X marks the top-center, the middle-left, and the bottom-left, O marks the center, the bottom-center, and the top-right",_|X|O|X|O|_|X|O|_,3,"top-center, middle-left, bottom-left",3,"center, bottom-center, top-right"
2233,4,"X is placed in the center, the bottom-right, and the bottom-left, O is placed in the top-left and top-center",O|O|_|_|X|_|X|_|X,3,"center, bottom-right, bottom-left",2,"top-left, top-center"
2234,3,"X occupies the center, the bottom-center, the middle-right, and the top-center, O occupies the bottom-left, the bottom-right, the middle-left, and the top-right",_|X|O|O|X|X|O|X|O,4,"center, bottom-center, middle-right, top-center",4,"bottom-left, bottom-right, middle-left, top-right"
2235,5,"X marks the bottom-left, the top-left, and the middle-left, O marks the center and bottom-right",X|_|_|X|O|_|X|_|O,3,"bottom-left, top-left, middle-left",2,"center, bottom-right"
2236,2,"X has played in the top-left, the center, and the top-right, O has played in the bottom-center and middle-right",X|_|X|_|X|O|_|O|_,3,"top-left, center, top-right",2,"bottom-center, middle-right"
2237,5,"X marks the bottom-left, the middle-left, the top-center, the top-right, and the middle-right, O marks the bottom-right, the bottom-center, the center, and the top-left",O|X|X|X|O|X|X|O|O,5,"bottom-left, middle-left, top-center, top-right, middle-right",4,"bottom-right, bottom-center, center, top-left"
2238,1,"X is in the top-right, the bottom-left, and the center, O is in the bottom-center, the top-center, and the middle-left",_|O|X|O|X|_|X|O|_,3,"top-right, bottom-left, center",3,"bottom-center, top-center, middle-left"
2239,4,"X is placed in the bottom-center, the top-left, the top-right, and the top-center, O is placed in the middle-left, the bottom-left, and the center",X|X|X|O|O|_|O|X|_,4,"bottom-center, top-left, top-right, top-center",3,"middle-left, bottom-left, center"
2240,5,"X marks the top-center, the bottom-right, the middle-right, and the bottom-left, O marks the middle-left, the top-right, the top-left, and the bottom-center",O|X|O|O|_|X|X|O|X,4,"top-center, bottom-right, middle-right, bottom-left",4,"middle-left, top-right, top-left, bottom-center"
2241,3,"X occupies the top-right, the middle-right, the top-center, and the center, O occupies the bottom-left, the middle-left, the top-left, and the bottom-center",O|X|X|O|X|X|O|O|_,4,"top-right, middle-right, top-center, center",4,"bottom-left, middle-left, top-left, bottom-center"
2242,3,"X occupies the bottom-center, the bottom-right, the top-right, the middle-right, and the bottom-left, O occupies the center, the middle-left, the top-left, and the top-center",O|O|X|O|O|X|X|X|X,5,"bottom-center, bottom-right, top-right, middle-right, bottom-left",4,"center, middle-left, top-left, top-center"
2243,1,"X is in the middle-left and top-left, O is in the top-right and middle-right",X|_|O|X|_|O|_|_|_,2,"middle-left, top-left",2,"top-right, middle-right"
2244,1,"X is in the middle-right and middle-left, O is in the top-center and bottom-left",_|O|_|X|_|X|O|_|_,2,"middle-right, middle-left",2,"top-center, bottom-left"
2245,3,"X occupies the middle-left, the top-right, the top-center, the bottom-right, and the middle-right, O occupies the top-left, the center, the bottom-center, and the bottom-left",O|X|X|X|O|X|O|O|X,5,"middle-left, top-right, top-center, bottom-right, middle-right",4,"top-left, center, bottom-center, bottom-left"
2246,5,"X marks the bottom-right and top-right, O marks the center",_|_|X|_|O|_|_|_|X,2,"bottom-right, top-right",1,center
2247,3,"X occupies the bottom-left and middle-right, O occupies the top-left",O|_|_|_|_|X|X|_|_,2,"bottom-left, middle-right",1,top-left
2248,2,"X has played in the middle-right, the top-left, and the bottom-center, O has played in the bottom-left, the bottom-right, and the center",X|_|_|_|O|X|O|X|O,3,"middle-right, top-left, bottom-center",3,"bottom-left, bottom-right, center"
2249,2,"X has played in the top-center, the middle-left, and the middle-right, O has played in the bottom-center, the top-right, and the center",_|X|O|X|O|X|_|O|_,3,"top-center, middle-left, middle-right",3,"bottom-center, top-right, center"
2250,3,"X occupies the bottom-center and bottom-right, O occupies the top-left",O|_|_|_|_|_|_|X|X,2,"bottom-center, bottom-right",1,top-left
2251,3,"X occupies the bottom-right and middle-left, O occupies the top-center and bottom-left",_|O|_|X|_|_|O|_|X,2,"bottom-right, middle-left",2,"top-center, bottom-left"
2252,2,"X has played in the center, the bottom-left, the top-center, the top-left, and the middle-left, O has played in the middle-right, the top-right, the bottom-center, and the bottom-right",X|X|O|X|X|O|X|O|O,5,"center, bottom-left, top-center, top-left, middle-left",4,"middle-right, top-right, bottom-center, bottom-right"
2253,5,"X marks the center, O marks the top-left",O|_|_|_|X|_|_|_|_,1,center,1,top-left
2254,3,"X occupies the center, the bottom-center, and the middle-right, O occupies the top-left and middle-left",O|_|_|O|X|X|_|X|_,3,"center, bottom-center, middle-right",2,"top-left, middle-left"
2255,1,"X is in the top-center, the center, and the bottom-right, O is in the top-left, the middle-left, and the top-right",O|X|O|O|X|_|_|_|X,3,"top-center, center, bottom-right",3,"top-left, middle-left, top-right"
2256,5,"X marks the middle-left, the top-left, and the middle-right, O marks the bottom-left, the top-center, and the bottom-right",X|O|_|X|_|X|O|_|O,3,"middle-left, top-left, middle-right",3,"bottom-left, top-center, bottom-right"
2257,4,"X is placed in the bottom-right and center, O is placed in the bottom-center",_|_|_|_|X|_|_|O|X,2,"bottom-right, center",1,bottom-center
2258,2,"X has played in the bottom-right, the top-center, the middle-right, the top-right, and the center, O has played in the top-left, the bottom-left, the bottom-center, and the middle-left",O|X|X|O|X|X|O|O|X,5,"bottom-right, top-center, middle-right, top-right, center",4,"top-left, bottom-left, bottom-center, middle-left"
2259,3,"X occupies the top-left and bottom-left, O occupies the bottom-right",X|_|_|_|_|_|X|_|O,2,"top-left, bottom-left",1,bottom-right
2260,5,"X marks the bottom-left, O marks the top-right",_|_|O|_|_|_|X|_|_,1,bottom-left,1,top-right
2261,1,"X is in the top-right, the center, and the bottom-left, O is in the top-left, the bottom-right, and the bottom-center",O|_|X|_|X|_|X|O|O,3,"top-right, center, bottom-left",3,"top-left, bottom-right, bottom-center"
2262,4,"X is placed in the center and bottom-right, O is placed in the bottom-center and top-left",O|_|_|_|X|_|_|O|X,2,"center, bottom-right",2,"bottom-center, top-left"
2263,2,"X has played in the middle-left, the bottom-right, the center, the bottom-center, and the top-left, O has played in the top-right, the bottom-left, the middle-right, and the top-center",X|O|O|X|X|O|O|X|X,5,"middle-left, bottom-right, center, bottom-center, top-left",4,"top-right, bottom-left, middle-right, top-center"
2264,3,"X occupies the top-center, O occupies the top-left",O|X|_|_|_|_|_|_|_,1,top-center,1,top-left
2265,3,"X occupies the top-left, the bottom-right, the bottom-left, and the middle-right, O occupies the bottom-center, the top-center, the center, and the middle-left",X|O|_|O|O|X|X|O|X,4,"top-left, bottom-right, bottom-left, middle-right",4,"bottom-center, top-center, center, middle-left"
2266,2,"X has played in the middle-right, the center, the top-left, the middle-left, and the bottom-center, O has played in the bottom-left, the top-right, the bottom-right, and the top-center",X|O|O|X|X|X|O|X|O,5,"middle-right, center, top-left, middle-left, bottom-center",4,"bottom-left, top-right, bottom-right, top-center"
2267,1,"X is in the bottom-center, the top-center, the bottom-right, the middle-left, and the middle-right, O is in the top-right, the bottom-left, the center, and the top-left",O|X|O|X|O|X|O|X|X,5,"bottom-center, top-center, bottom-right, middle-left, middle-right",4,"top-right, bottom-left, center, top-left"
2268,2,"X has played in the middle-right and bottom-left, O has played in the middle-left and top-left",O|_|_|O|_|X|X|_|_,2,"middle-right, bottom-left",2,"middle-left, top-left"
2269,5,"X marks the bottom-left, the middle-left, and the top-center, O marks the top-right and bottom-center",_|X|O|X|_|_|X|O|_,3,"bottom-left, middle-left, top-center",2,"top-right, bottom-center"
2270,2,"X has played in the center, the middle-right, and the top-left, O has played in the bottom-left and bottom-right",X|_|_|_|X|X|O|_|O,3,"center, middle-right, top-left",2,"bottom-left, bottom-right"
2271,5,"X marks the middle-left, the middle-right, the bottom-right, and the top-left, O marks the top-center, the bottom-left, the center, and the bottom-center",X|O|_|X|O|X|O|O|X,4,"middle-left, middle-right, bottom-right, top-left",4,"top-center, bottom-left, center, bottom-center"
2272,5,"X marks the middle-left and bottom-left, O marks the center and top-center",_|O|_|X|O|_|X|_|_,2,"middle-left, bottom-left",2,"center, top-center"
2273,2,"X has played in the bottom-right, the bottom-left, the middle-right, and the top-left, O has played in the middle-left, the center, the top-right, and the top-center",X|O|O|O|O|X|X|_|X,4,"bottom-right, bottom-left, middle-right, top-left",4,"middle-left, center, top-right, top-center"
2274,4,"X is placed in the middle-right, the bottom-left, and the bottom-right, O is placed in the top-center, the top-right, and the center",_|O|O|_|O|X|X|_|X,3,"middle-right, bottom-left, bottom-right",3,"top-center, top-right, center"
2275,4,"X is placed in the bottom-left and top-center, O is placed in the top-right and middle-right",_|X|O|_|_|O|X|_|_,2,"bottom-left, top-center",2,"top-right, middle-right"
2276,5,"X marks the bottom-center, the middle-right, and the middle-left, O marks the top-center and center",_|O|_|X|O|X|_|X|_,3,"bottom-center, middle-right, middle-left",2,"top-center, center"
2277,1,"X is in the middle-right, the middle-left, the center, the top-left, and the bottom-center, O is in the top-right, the bottom-right, the bottom-left, and the top-center",X|O|O|X|X|X|O|X|O,5,"middle-right, middle-left, center, top-left, bottom-center",4,"top-right, bottom-right, bottom-left, top-center"
2278,2,"X has played in the top-left, the bottom-left, the middle-left, and the center, O has played in the top-right, the top-center, and the middle-right",X|O|O|X|X|O|X|_|_,4,"top-left, bottom-left, middle-left, center",3,"top-right, top-center, middle-right"
2279,4,"X is placed in the top-right and middle-left, O is placed in the top-center and top-left",O|O|X|X|_|_|_|_|_,2,"top-right, middle-left",2,"top-center, top-left"
2280,1,"X is in the top-right, the center, the bottom-right, and the bottom-left, O is in the top-center, the bottom-center, and the middle-left",_|O|X|O|X|_|X|O|X,4,"top-right, center, bottom-right, bottom-left",3,"top-center, bottom-center, middle-left"
2281,1,"X is in the bottom-center, the center, the bottom-right, and the top-right, O is in the middle-left, the top-left, the bottom-left, and the middle-right",O|_|X|O|X|O|O|X|X,4,"bottom-center, center, bottom-right, top-right",4,"middle-left, top-left, bottom-left, middle-right"
2282,5,"X marks the top-left, the bottom-center, the top-center, and the bottom-left, O marks the top-right, the middle-right, the bottom-right, and the center",X|X|O|_|O|O|X|X|O,4,"top-left, bottom-center, top-center, bottom-left",4,"top-right, middle-right, bottom-right, center"
2283,2,"X has played in the center and middle-left, O has played in the bottom-center and top-left",O|_|_|X|X|_|_|O|_,2,"center, middle-left",2,"bottom-center, top-left"
2284,1,"X is in the top-left, the middle-left, the top-right, and the bottom-center, O is in the top-center, the middle-right, and the bottom-left",X|O|X|X|_|O|O|X|_,4,"top-left, middle-left, top-right, bottom-center",3,"top-center, middle-right, bottom-left"
2285,4,"X is placed in the bottom-left, the bottom-center, the top-right, the top-left, and the middle-right, O is placed in the middle-left, the center, the top-center, and the bottom-right",X|O|X|O|O|X|X|X|O,5,"bottom-left, bottom-center, top-right, top-left, middle-right",4,"middle-left, center, top-center, bottom-right"
2286,3,"X occupies the bottom-right, the top-left, the bottom-left, the center, and the top-right, O occupies the top-center, the middle-left, the middle-right, and the bottom-center",X|O|X|O|X|O|X|O|X,5,"bottom-right, top-left, bottom-left, center, top-right",4,"top-center, middle-left, middle-right, bottom-center"
2287,1,"X is in the top-left, the bottom-left, the middle-left, the top-center, and the center, O is in the bottom-center, the middle-right, the bottom-right, and the top-right",X|X|O|X|X|O|X|O|O,5,"top-left, bottom-left, middle-left, top-center, center",4,"bottom-center, middle-right, bottom-right, top-right"
2288,2,"X has played in the bottom-center, the middle-right, and the center, O has played in the middle-left, the bottom-right, and the bottom-left",_|_|_|O|X|X|O|X|O,3,"bottom-center, middle-right, center",3,"middle-left, bottom-right, bottom-left"
2289,5,"X marks the top-left, the center, the bottom-right, and the top-center, O marks the bottom-left, the bottom-center, the middle-left, and the top-right",X|X|O|O|X|_|O|O|X,4,"top-left, center, bottom-right, top-center",4,"bottom-left, bottom-center, middle-left, top-right"
2290,2,"X has played in the top-right and middle-left, O has played in the bottom-left and middle-right",_|_|X|X|_|O|O|_|_,2,"top-right, middle-left",2,"bottom-left, middle-right"
2291,4,"X is placed in the top-center, the middle-left, and the bottom-center, O is placed in the middle-right and top-right",_|X|O|X|_|O|_|X|_,3,"top-center, middle-left, bottom-center",2,"middle-right, top-right"
2292,3,"X occupies the top-left, the top-center, the middle-right, the bottom-left, and the center, O occupies the bottom-right, the middle-left, the top-right, and the bottom-center",X|X|O|O|X|X|X|O|O,5,"top-left, top-center, middle-right, bottom-left, center",4,"bottom-right, middle-left, top-right, bottom-center"
2293,1,"X is in the top-right, the top-left, the middle-right, the center, and the bottom-center, O is in the bottom-right, the bottom-left, the middle-left, and the top-center",X|O|X|O|X|X|O|X|O,5,"top-right, top-left, middle-right, center, bottom-center",4,"bottom-right, bottom-left, middle-left, top-center"
2294,1,"X is in the bottom-right and top-left, O is in the middle-left",X|_|_|O|_|_|_|_|X,2,"bottom-right, top-left",1,middle-left
2295,3,"X occupies the center, the bottom-right, the bottom-left, and the middle-right, O occupies the top-right, the bottom-center, and the top-left",O|_|O|_|X|X|X|O|X,4,"center, bottom-right, bottom-left, middle-right",3,"top-right, bottom-center, top-left"
2296,3,"X occupies the bottom-right, the top-center, and the middle-left, O occupies the top-left, the bottom-center, and the middle-right",O|X|_|X|_|O|_|O|X,3,"bottom-right, top-center, middle-left",3,"top-left, bottom-center, middle-right"
2297,2,"X has played in the bottom-right, the center, the middle-left, and the bottom-center, O has played in the top-right, the bottom-left, and the middle-right",_|_|O|X|X|O|O|X|X,4,"bottom-right, center, middle-left, bottom-center",3,"top-right, bottom-left, middle-right"
2298,1,"X is in the center, the bottom-center, the middle-left, the bottom-left, and the bottom-right, O is in the top-center, the top-right, the top-left, and the middle-right",O|O|O|X|X|O|X|X|X,5,"center, bottom-center, middle-left, bottom-left, bottom-right",4,"top-center, top-right, top-left, middle-right"
2299,4,"X is placed in the bottom-left and top-center, O is placed in the bottom-center",_|X|_|_|_|_|X|O|_,2,"bottom-left, top-center",1,bottom-center
2300,4,"X is placed in the center and bottom-left, O is placed in the top-center and top-left",O|O|_|_|X|_|X|_|_,2,"center, bottom-left",2,"top-center, top-left"
2301,4,"X is placed in the bottom-right and top-right, O is placed in the middle-left",_|_|X|O|_|_|_|_|X,2,"bottom-right, top-right",1,middle-left
2302,2,"X has played in the top-left, the center, the top-right, and the bottom-left, O has played in the middle-left, the bottom-center, the top-center, and the middle-right",X|O|X|O|X|O|X|O|_,4,"top-left, center, top-right, bottom-left",4,"middle-left, bottom-center, top-center, middle-right"
2303,5,"X marks the bottom-right and top-left, O marks the top-center and bottom-center",X|O|_|_|_|_|_|O|X,2,"bottom-right, top-left",2,"top-center, bottom-center"
2304,3,"X occupies the center, O occupies the bottom-right",_|_|_|_|X|_|_|_|O,1,center,1,bottom-right
2305,5,"X marks the top-left, the top-right, the middle-right, the top-center, and the center, O marks the bottom-right, the middle-left, the bottom-center, and the bottom-left",X|X|X|O|X|X|O|O|O,5,"top-left, top-right, middle-right, top-center, center",4,"bottom-right, middle-left, bottom-center, bottom-left"
2306,3,"X occupies the center, the bottom-center, the top-left, the middle-left, and the top-right, O occupies the middle-right, the top-center, the bottom-right, and the bottom-left",X|O|X|X|X|O|O|X|O,5,"center, bottom-center, top-left, middle-left, top-right",4,"middle-right, top-center, bottom-right, bottom-left"
2307,3,"X occupies the middle-right and bottom-left, O occupies the middle-left and top-center",_|O|_|O|_|X|X|_|_,2,"middle-right, bottom-left",2,"middle-left, top-center"
2308,2,"X has played in the middle-left, the bottom-center, and the center, O has played in the bottom-right, the top-right, and the top-left",O|_|O|X|X|_|_|X|O,3,"middle-left, bottom-center, center",3,"bottom-right, top-right, top-left"
2309,5,"X marks the middle-right and bottom-center, O marks the center and top-center",_|O|_|_|O|X|_|X|_,2,"middle-right, bottom-center",2,"center, top-center"
2310,3,"X occupies the center, the top-center, and the top-left, O occupies the bottom-center, the bottom-right, and the middle-left",X|X|_|O|X|_|_|O|O,3,"center, top-center, top-left",3,"bottom-center, bottom-right, middle-left"
2311,4,"X is placed in the middle-right, the bottom-right, and the bottom-center, O is placed in the top-center and center",_|O|_|_|O|X|_|X|X,3,"middle-right, bottom-right, bottom-center",2,"top-center, center"
2312,3,"X occupies the bottom-center and bottom-right, O occupies the top-center and center",_|O|_|_|O|_|_|X|X,2,"bottom-center, bottom-right",2,"top-center, center"
2313,1,"X is in the top-right, the bottom-left, and the middle-right, O is in the center and top-center",_|O|X|_|O|X|X|_|_,3,"top-right, bottom-left, middle-right",2,"center, top-center"
2314,5,"X marks the top-right, the bottom-right, the center, the top-left, and the middle-left, O marks the middle-right, the bottom-left, the top-center, and the bottom-center",X|O|X|X|X|O|O|O|X,5,"top-right, bottom-right, center, top-left, middle-left",4,"middle-right, bottom-left, top-center, bottom-center"
2315,2,"X has played in the top-left, the middle-left, the middle-right, the top-center, and the center, O has played in the bottom-left, the top-right, the bottom-center, and the bottom-right",X|X|O|X|X|X|O|O|O,5,"top-left, middle-left, middle-right, top-center, center",4,"bottom-left, top-right, bottom-center, bottom-right"
2316,3,"X occupies the middle-left and bottom-right, O occupies the bottom-left",_|_|_|X|_|_|O|_|X,2,"middle-left, bottom-right",1,bottom-left
2317,2,"X has played in the bottom-center, the top-right, the center, the top-left, and the bottom-right, O has played in the bottom-left, the top-center, the middle-right, and the middle-left",X|O|X|O|X|O|O|X|X,5,"bottom-center, top-right, center, top-left, bottom-right",4,"bottom-left, top-center, middle-right, middle-left"
2318,1,"X is in the top-center, the center, the top-left, and the bottom-left, O is in the bottom-center, the middle-left, the middle-right, and the bottom-right",X|X|_|O|X|O|X|O|O,4,"top-center, center, top-left, bottom-left",4,"bottom-center, middle-left, middle-right, bottom-right"
2319,1,"X is in the bottom-right, the middle-left, the center, the top-right, and the middle-right, O is in the top-left, the top-center, the bottom-center, and the bottom-left",O|O|X|X|X|X|O|O|X,5,"bottom-right, middle-left, center, top-right, middle-right",4,"top-left, top-center, bottom-center, bottom-left"
2320,1,"X is in the center, the middle-left, the top-right, and the bottom-right, O is in the bottom-center, the top-center, and the top-left",O|O|X|X|X|_|_|O|X,4,"center, middle-left, top-right, bottom-right",3,"bottom-center, top-center, top-left"
2321,1,"X is in the bottom-right and center, O is in the top-right and top-left",O|_|O|_|X|_|_|_|X,2,"bottom-right, center",2,"top-right, top-left"
2322,2,"X has played in the bottom-right, the middle-left, and the center, O has played in the middle-right and top-center",_|O|_|X|X|O|_|_|X,3,"bottom-right, middle-left, center",2,"middle-right, top-center"
2323,2,"X has played in the bottom-right and middle-right, O has played in the center",_|_|_|_|O|X|_|_|X,2,"bottom-right, middle-right",1,center
2324,1,"X is in the bottom-center, the middle-left, the top-left, and the bottom-right, O is in the top-center, the middle-right, the top-right, and the bottom-left",X|O|O|X|_|O|O|X|X,4,"bottom-center, middle-left, top-left, bottom-right",4,"top-center, middle-right, top-right, bottom-left"
2325,4,"X is placed in the bottom-center, the top-center, and the bottom-left, O is placed in the middle-right and middle-left",_|X|_|O|_|O|X|X|_,3,"bottom-center, top-center, bottom-left",2,"middle-right, middle-left"
2326,5,"X marks the center and bottom-left, O marks the top-right",_|_|O|_|X|_|X|_|_,2,"center, bottom-left",1,top-right
2327,1,"X is in the top-center and bottom-right, O is in the top-right",_|X|O|_|_|_|_|_|X,2,"top-center, bottom-right",1,top-right
2328,3,"X occupies the top-center, the bottom-right, and the bottom-center, O occupies the top-right and bottom-left",_|X|O|_|_|_|O|X|X,3,"top-center, bottom-right, bottom-center",2,"top-right, bottom-left"
2329,2,"X has played in the bottom-center, the bottom-right, the top-center, the center, and the middle-right, O has played in the top-left, the top-right, the bottom-left, and the middle-left",O|X|O|O|X|X|O|X|X,5,"bottom-center, bottom-right, top-center, center, middle-right",4,"top-left, top-right, bottom-left, middle-left"
2330,3,"X occupies the bottom-center, the center, and the middle-right, O occupies the top-center, the top-left, and the bottom-left",O|O|_|_|X|X|O|X|_,3,"bottom-center, center, middle-right",3,"top-center, top-left, bottom-left"
2331,3,"X occupies the top-left and bottom-center, O occupies the bottom-right and middle-left",X|_|_|O|_|_|_|X|O,2,"top-left, bottom-center",2,"bottom-right, middle-left"
2332,5,"X marks the top-right, the middle-left, the bottom-center, the bottom-right, and the middle-right, O marks the top-center, the top-left, the center, and the bottom-left",O|O|X|X|O|X|O|X|X,5,"top-right, middle-left, bottom-center, bottom-right, middle-right",4,"top-center, top-left, center, bottom-left"
2333,1,"X is in the top-center, the top-left, and the middle-left, O is in the top-right and bottom-center",X|X|O|X|_|_|_|O|_,3,"top-center, top-left, middle-left",2,"top-right, bottom-center"
2334,5,"X marks the bottom-left, the middle-right, and the middle-left, O marks the top-left, the top-right, and the bottom-right",O|_|O|X|_|X|X|_|O,3,"bottom-left, middle-right, middle-left",3,"top-left, top-right, bottom-right"
2335,5,"X marks the top-left, the middle-right, the top-right, and the center, O marks the top-center, the bottom-center, and the bottom-left",X|O|X|_|X|X|O|O|_,4,"top-left, middle-right, top-right, center",3,"top-center, bottom-center, bottom-left"
2336,2,"X has played in the top-center and top-right, O has played in the bottom-left",_|X|X|_|_|_|O|_|_,2,"top-center, top-right",1,bottom-left
2337,1,"X is in the bottom-left, the middle-right, and the bottom-right, O is in the top-center and bottom-center",_|O|_|_|_|X|X|O|X,3,"bottom-left, middle-right, bottom-right",2,"top-center, bottom-center"
2338,2,"X has played in the middle-left, the middle-right, and the center, O has played in the top-right and bottom-right",_|_|O|X|X|X|_|_|O,3,"middle-left, middle-right, center",2,"top-right, bottom-right"
2339,3,"X occupies the top-center and bottom-right, O occupies the top-left",O|X|_|_|_|_|_|_|X,2,"top-center, bottom-right",1,top-left
2340,5,"X marks the bottom-right, O marks the center",_|_|_|_|O|_|_|_|X,1,bottom-right,1,center
2341,4,"X is placed in the middle-left, the center, the top-right, the top-center, and the middle-right, O is placed in the bottom-left, the bottom-right, the top-left, and the bottom-center",O|X|X|X|X|X|O|O|O,5,"middle-left, center, top-right, top-center, middle-right",4,"bottom-left, bottom-right, top-left, bottom-center"
2342,3,"X occupies the middle-left, the top-right, and the bottom-right, O occupies the bottom-center, the top-left, and the middle-right",O|_|X|X|_|O|_|O|X,3,"middle-left, top-right, bottom-right",3,"bottom-center, top-left, middle-right"
2343,4,"X is placed in the top-right, the top-center, the middle-left, the bottom-right, and the bottom-center, O is placed in the top-left, the center, the bottom-left, and the middle-right",O|X|X|X|O|O|O|X|X,5,"top-right, top-center, middle-left, bottom-right, bottom-center",4,"top-left, center, bottom-left, middle-right"
2344,1,"X is in the middle-left, the middle-right, and the bottom-left, O is in the top-left, the bottom-center, and the center",O|_|_|X|O|X|X|O|_,3,"middle-left, middle-right, bottom-left",3,"top-left, bottom-center, center"
2345,4,"X is placed in the center, the bottom-left, the bottom-right, and the top-right, O is placed in the bottom-center, the top-left, and the middle-left",O|_|X|O|X|_|X|O|X,4,"center, bottom-left, bottom-right, top-right",3,"bottom-center, top-left, middle-left"
2346,3,"X occupies the top-right and bottom-right, O occupies the top-center and top-left",O|O|X|_|_|_|_|_|X,2,"top-right, bottom-right",2,"top-center, top-left"
2347,1,"X is in the bottom-center, the bottom-right, the top-left, the top-right, and the middle-left, O is in the middle-right, the top-center, the bottom-left, and the center",X|O|X|X|O|O|O|X|X,5,"bottom-center, bottom-right, top-left, top-right, middle-left",4,"middle-right, top-center, bottom-left, center"
2348,1,"X is in the bottom-center, the middle-right, the bottom-right, and the bottom-left, O is in the center, the top-left, the top-center, and the middle-left",O|O|_|O|O|X|X|X|X,4,"bottom-center, middle-right, bottom-right, bottom-left",4,"center, top-left, top-center, middle-left"
2349,4,"X is placed in the top-center, the center, and the top-left, O is placed in the top-right, the middle-left, and the middle-right",X|X|O|O|X|O|_|_|_,3,"top-center, center, top-left",3,"top-right, middle-left, middle-right"
2350,5,"X marks the center, the top-left, the middle-left, and the middle-right, O marks the top-right, the bottom-right, and the bottom-left",X|_|O|X|X|X|O|_|O,4,"center, top-left, middle-left, middle-right",3,"top-right, bottom-right, bottom-left"
2351,3,"X occupies the middle-right and bottom-left, O occupies the middle-left",_|_|_|O|_|X|X|_|_,2,"middle-right, bottom-left",1,middle-left
2352,1,"X is in the top-center, the bottom-left, the top-right, the bottom-right, and the middle-left, O is in the middle-right, the top-left, the center, and the bottom-center",O|X|X|X|O|O|X|O|X,5,"top-center, bottom-left, top-right, bottom-right, middle-left",4,"middle-right, top-left, center, bottom-center"
2353,5,"X marks the bottom-center and top-center, O marks the top-right and bottom-left",_|X|O|_|_|_|O|X|_,2,"bottom-center, top-center",2,"top-right, bottom-left"
2354,5,"X marks the bottom-center, the middle-right, the top-right, the center, and the top-left, O marks the middle-left, the bottom-left, the bottom-right, and the top-center",X|O|X|O|X|X|O|X|O,5,"bottom-center, middle-right, top-right, center, top-left",4,"middle-left, bottom-left, bottom-right, top-center"
2355,5,"X marks the bottom-right, the center, the middle-right, and the top-right, O marks the top-center, the middle-left, and the top-left",O|O|X|O|X|X|_|_|X,4,"bottom-right, center, middle-right, top-right",3,"top-center, middle-left, top-left"
2356,1,"X is in the top-left, the top-center, the bottom-left, and the bottom-right, O is in the center, the top-right, and the middle-left",X|X|O|O|O|_|X|_|X,4,"top-left, top-center, bottom-left, bottom-right",3,"center, top-right, middle-left"
2357,4,"X is placed in the top-right, the middle-right, and the top-left, O is placed in the bottom-center, the bottom-left, and the center",X|_|X|_|O|X|O|O|_,3,"top-right, middle-right, top-left",3,"bottom-center, bottom-left, center"
2358,2,"X has played in the middle-left, the bottom-center, and the bottom-right, O has played in the top-left and top-right",O|_|O|X|_|_|_|X|X,3,"middle-left, bottom-center, bottom-right",2,"top-left, top-right"
2359,1,"X is in the top-left and center, O is in the top-right",X|_|O|_|X|_|_|_|_,2,"top-left, center",1,top-right
2360,5,"X marks the top-left, the bottom-left, the bottom-center, and the center, O marks the middle-right, the middle-left, and the top-right",X|_|O|O|X|O|X|X|_,4,"top-left, bottom-left, bottom-center, center",3,"middle-right, middle-left, top-right"
2361,5,"X marks the middle-right, the bottom-right, and the top-center, O marks the bottom-center, the top-left, and the top-right",O|X|O|_|_|X|_|O|X,3,"middle-right, bottom-right, top-center",3,"bottom-center, top-left, top-right"
2362,4,"X is placed in the top-right, the middle-right, and the center, O is placed in the top-center and bottom-left",_|O|X|_|X|X|O|_|_,3,"top-right, middle-right, center",2,"top-center, bottom-left"
2363,4,"X is placed in the bottom-left and center, O is placed in the top-center",_|O|_|_|X|_|X|_|_,2,"bottom-left, center",1,top-center
2364,1,"X is in the center, the middle-left, the middle-right, the bottom-center, and the top-right, O is in the top-left, the top-center, the bottom-left, and the bottom-right",O|O|X|X|X|X|O|X|O,5,"center, middle-left, middle-right, bottom-center, top-right",4,"top-left, top-center, bottom-left, bottom-right"
2365,3,"X occupies the bottom-left, the top-center, the top-left, the middle-right, and the middle-left, O occupies the top-right, the center, the bottom-right, and the bottom-center",X|X|O|X|O|X|X|O|O,5,"bottom-left, top-center, top-left, middle-right, middle-left",4,"top-right, center, bottom-right, bottom-center"
2366,2,"X has played in the center, the bottom-center, and the middle-left, O has played in the top-center and top-right",_|O|O|X|X|_|_|X|_,3,"center, bottom-center, middle-left",2,"top-center, top-right"
2367,2,"X has played in the bottom-center, the bottom-left, the middle-left, the top-right, and the center, O has played in the top-center, the middle-right, the bottom-right, and the top-left",O|O|X|X|X|O|X|X|O,5,"bottom-center, bottom-left, middle-left, top-right, center",4,"top-center, middle-right, bottom-right, top-left"
2368,4,"X is placed in the top-center, O is placed in the middle-right",_|X|_|_|_|O|_|_|_,1,top-center,1,middle-right
2369,5,"X marks the center, the top-right, the middle-left, the bottom-left, and the bottom-right, O marks the bottom-center, the top-left, the top-center, and the middle-right",O|O|X|X|X|O|X|O|X,5,"center, top-right, middle-left, bottom-left, bottom-right",4,"bottom-center, top-left, top-center, middle-right"
2370,3,"X occupies the center and middle-left, O occupies the bottom-center and top-center",_|O|_|X|X|_|_|O|_,2,"center, middle-left",2,"bottom-center, top-center"
2371,3,"X occupies the middle-right, the middle-left, and the top-right, O occupies the bottom-right and center",_|_|X|X|O|X|_|_|O,3,"middle-right, middle-left, top-right",2,"bottom-right, center"
2372,3,"X occupies the center, the middle-left, the bottom-right, and the bottom-center, O occupies the top-center, the middle-right, the top-left, and the bottom-left",O|O|_|X|X|O|O|X|X,4,"center, middle-left, bottom-right, bottom-center",4,"top-center, middle-right, top-left, bottom-left"
2373,4,"X is placed in the middle-left and top-center, O is placed in the top-left",O|X|_|X|_|_|_|_|_,2,"middle-left, top-center",1,top-left
2374,3,"X occupies the bottom-left and top-left, O occupies the middle-right and bottom-center",X|_|_|_|_|O|X|O|_,2,"bottom-left, top-left",2,"middle-right, bottom-center"
2375,3,"X occupies the bottom-right, the bottom-left, and the bottom-center, O occupies the center and middle-left",_|_|_|O|O|_|X|X|X,3,"bottom-right, bottom-left, bottom-center",2,"center, middle-left"
2376,3,"X occupies the bottom-right and center, O occupies the bottom-center",_|_|_|_|X|_|_|O|X,2,"bottom-right, center",1,bottom-center
2377,4,"X is placed in the bottom-center, the top-center, and the middle-right, O is placed in the bottom-left, the middle-left, and the top-right",_|X|O|O|_|X|O|X|_,3,"bottom-center, top-center, middle-right",3,"bottom-left, middle-left, top-right"
2378,2,"X has played in the top-left and bottom-left, O has played in the top-center and middle-right",X|O|_|_|_|O|X|_|_,2,"top-left, bottom-left",2,"top-center, middle-right"
2379,1,"X is in the center, the middle-left, the top-center, and the bottom-center, O is in the top-right, the bottom-right, and the bottom-left",_|X|O|X|X|_|O|X|O,4,"center, middle-left, top-center, bottom-center",3,"top-right, bottom-right, bottom-left"
2380,4,"X is placed in the bottom-center, the bottom-right, the bottom-left, and the middle-left, O is placed in the top-left, the center, and the top-right",O|_|O|X|O|_|X|X|X,4,"bottom-center, bottom-right, bottom-left, middle-left",3,"top-left, center, top-right"
2381,2,"X has played in the bottom-center, the bottom-left, the middle-left, and the top-right, O has played in the bottom-right, the center, and the top-left",O|_|X|X|O|_|X|X|O,4,"bottom-center, bottom-left, middle-left, top-right",3,"bottom-right, center, top-left"
2382,3,"X occupies the bottom-right, the top-center, the center, and the top-left, O occupies the middle-left, the top-right, the middle-right, and the bottom-center",X|X|O|O|X|O|_|O|X,4,"bottom-right, top-center, center, top-left",4,"middle-left, top-right, middle-right, bottom-center"
2383,1,"X is in the center, the top-right, the middle-right, the top-left, and the top-center, O is in the middle-left, the bottom-center, the bottom-right, and the bottom-left",X|X|X|O|X|X|O|O|O,5,"center, top-right, middle-right, top-left, top-center",4,"middle-left, bottom-center, bottom-right, bottom-left"
2384,1,"X is in the bottom-center, O is in the middle-left",_|_|_|O|_|_|_|X|_,1,bottom-center,1,middle-left
2385,3,"X occupies the bottom-right, the middle-left, the middle-right, and the center, O occupies the bottom-left, the bottom-center, the top-right, and the top-left",O|_|O|X|X|X|O|O|X,4,"bottom-right, middle-left, middle-right, center",4,"bottom-left, bottom-center, top-right, top-left"
2386,5,"X marks the bottom-left, the bottom-right, and the middle-right, O marks the center and middle-left",_|_|_|O|O|X|X|_|X,3,"bottom-left, bottom-right, middle-right",2,"center, middle-left"
2387,3,"X occupies the top-left, the bottom-left, the bottom-center, and the center, O occupies the top-right, the middle-right, the bottom-right, and the top-center",X|O|O|_|X|O|X|X|O,4,"top-left, bottom-left, bottom-center, center",4,"top-right, middle-right, bottom-right, top-center"
2388,3,"X occupies the bottom-left, the top-right, the bottom-right, the middle-left, and the center, O occupies the top-left, the bottom-center, the middle-right, and the top-center",O|O|X|X|X|O|X|O|X,5,"bottom-left, top-right, bottom-right, middle-left, center",4,"top-left, bottom-center, middle-right, top-center"
2389,5,"X marks the center, the top-right, the bottom-left, and the middle-right, O marks the bottom-right, the top-center, and the bottom-center",_|O|X|_|X|X|X|O|O,4,"center, top-right, bottom-left, middle-right",3,"bottom-right, top-center, bottom-center"
2390,3,"X occupies the middle-right and middle-left, O occupies the top-right and bottom-center",_|_|O|X|_|X|_|O|_,2,"middle-right, middle-left",2,"top-right, bottom-center"
2391,1,"X is in the middle-left, the bottom-right, the middle-right, and the center, O is in the bottom-center, the top-left, the top-center, and the bottom-left",O|O|_|X|X|X|O|O|X,4,"middle-left, bottom-right, middle-right, center",4,"bottom-center, top-left, top-center, bottom-left"
2392,3,"X occupies the middle-left, the top-left, and the top-center, O occupies the center, the bottom-left, and the top-right",X|X|O|X|O|_|O|_|_,3,"middle-left, top-left, top-center",3,"center, bottom-left, top-right"
2393,5,"X marks the middle-left, the center, and the top-right, O marks the top-left, the top-center, and the bottom-center",O|O|X|X|X|_|_|O|_,3,"middle-left, center, top-right",3,"top-left, top-center, bottom-center"
2394,5,"X marks the bottom-center, the bottom-right, the middle-left, and the top-left, O marks the top-center, the bottom-left, the middle-right, and the center",X|O|_|X|O|O|O|X|X,4,"bottom-center, bottom-right, middle-left, top-left",4,"top-center, bottom-left, middle-right, center"
2395,4,"X is placed in the center, the middle-right, the bottom-right, the bottom-center, and the middle-left, O is placed in the top-left, the top-right, the top-center, and the bottom-left",O|O|O|X|X|X|O|X|X,5,"center, middle-right, bottom-right, bottom-center, middle-left",4,"top-left, top-right, top-center, bottom-left"
2396,3,"X occupies the middle-right, the bottom-left, the top-center, the bottom-center, and the center, O occupies the top-right, the top-left, the middle-left, and the bottom-right",O|X|O|O|X|X|X|X|O,5,"middle-right, bottom-left, top-center, bottom-center, center",4,"top-right, top-left, middle-left, bottom-right"
2397,2,"X has played in the bottom-right, the top-right, and the center, O has played in the top-left and bottom-center",O|_|X|_|X|_|_|O|X,3,"bottom-right, top-right, center",2,"top-left, bottom-center"
2398,1,"X is in the middle-left, the bottom-left, the top-right, and the top-center, O is in the bottom-right, the middle-right, the center, and the top-left",O|X|X|X|O|O|X|_|O,4,"middle-left, bottom-left, top-right, top-center",4,"bottom-right, middle-right, center, top-left"
2399,1,"X is in the bottom-center, the top-right, the bottom-left, the top-left, and the bottom-right, O is in the middle-right, the middle-left, the center, and the top-center",X|O|X|O|O|O|X|X|X,5,"bottom-center, top-right, bottom-left, top-left, bottom-right",4,"middle-right, middle-left, center, top-center"
2400,1,"X is in the middle-right, the bottom-right, the top-right, the bottom-center, and the middle-left, O is in the top-center, the center, the top-left, and the bottom-left",O|O|X|X|O|X|O|X|X,5,"middle-right, bottom-right, top-right, bottom-center, middle-left",4,"top-center, center, top-left, bottom-left"
2401,2,"X has played in the center, the top-left, the middle-left, the bottom-center, and the top-right, O has played in the bottom-right, the top-center, the bottom-left, and the middle-right",X|O|X|X|X|O|O|X|O,5,"center, top-left, middle-left, bottom-center, top-right",4,"bottom-right, top-center, bottom-left, middle-right"
2402,4,"X is placed in the bottom-center, the top-center, the bottom-left, and the top-left, O is placed in the middle-right, the bottom-right, and the center",X|X|_|_|O|O|X|X|O,4,"bottom-center, top-center, bottom-left, top-left",3,"middle-right, bottom-right, center"
2403,4,"X is placed in the bottom-left, O is placed in the top-right",_|_|O|_|_|_|X|_|_,1,bottom-left,1,top-right
2404,1,"X is in the middle-left, the bottom-right, the center, the middle-right, and the top-left, O is in the top-center, the top-right, the bottom-center, and the bottom-left",X|O|O|X|X|X|O|O|X,5,"middle-left, bottom-right, center, middle-right, top-left",4,"top-center, top-right, bottom-center, bottom-left"
2405,3,"X occupies the bottom-left, the middle-left, and the top-right, O occupies the center, the bottom-right, and the bottom-center",_|_|X|X|O|_|X|O|O,3,"bottom-left, middle-left, top-right",3,"center, bottom-right, bottom-center"
2406,3,"X occupies the top-center and center, O occupies the bottom-left",_|X|_|_|X|_|O|_|_,2,"top-center, center",1,bottom-left
2407,3,"X occupies the middle-right, the top-left, the bottom-right, and the top-right, O occupies the bottom-center, the top-center, and the center",X|O|X|_|O|X|_|O|X,4,"middle-right, top-left, bottom-right, top-right",3,"bottom-center, top-center, center"
2408,1,"X is in the center and top-left, O is in the middle-right and bottom-left",X|_|_|_|X|O|O|_|_,2,"center, top-left",2,"middle-right, bottom-left"
2409,3,"X occupies the bottom-center, the top-right, the top-center, and the bottom-left, O occupies the center, the bottom-right, and the top-left",O|X|X|_|O|_|X|X|O,4,"bottom-center, top-right, top-center, bottom-left",3,"center, bottom-right, top-left"
2410,1,"X is in the bottom-center, the middle-left, the top-left, and the center, O is in the middle-right, the top-right, and the bottom-right",X|_|O|X|X|O|_|X|O,4,"bottom-center, middle-left, top-left, center",3,"middle-right, top-right, bottom-right"
2411,3,"X occupies the bottom-center and middle-left, O occupies the top-center",_|O|_|X|_|_|_|X|_,2,"bottom-center, middle-left",1,top-center
2412,3,"X occupies the center, the top-right, the middle-left, and the middle-right, O occupies the bottom-right, the top-center, the bottom-left, and the bottom-center",_|O|X|X|X|X|O|O|O,4,"center, top-right, middle-left, middle-right",4,"bottom-right, top-center, bottom-left, bottom-center"
2413,2,"X has played in the middle-left, O has played in the middle-right",_|_|_|X|_|O|_|_|_,1,middle-left,1,middle-right
2414,3,"X occupies the bottom-right and center, O occupies the bottom-left and top-left",O|_|_|_|X|_|O|_|X,2,"bottom-right, center",2,"bottom-left, top-left"
2415,5,"X marks the top-right, O marks the top-center",_|O|X|_|_|_|_|_|_,1,top-right,1,top-center
2416,5,"X marks the bottom-right, the top-left, and the middle-left, O marks the bottom-center and center",X|_|_|X|O|_|_|O|X,3,"bottom-right, top-left, middle-left",2,"bottom-center, center"
2417,5,"X marks the top-center, the bottom-center, the middle-right, and the bottom-left, O marks the bottom-right, the top-left, the top-right, and the middle-left",O|X|O|O|_|X|X|X|O,4,"top-center, bottom-center, middle-right, bottom-left",4,"bottom-right, top-left, top-right, middle-left"
2418,4,"X is placed in the middle-right, the bottom-right, the bottom-left, the top-center, and the middle-left, O is placed in the center, the top-right, the bottom-center, and the top-left",O|X|O|X|O|X|X|O|X,5,"middle-right, bottom-right, bottom-left, top-center, middle-left",4,"center, top-right, bottom-center, top-left"
2419,5,"X marks the top-left, the top-center, the center, and the bottom-left, O marks the bottom-center, the bottom-right, the top-right, and the middle-left",X|X|O|O|X|_|X|O|O,4,"top-left, top-center, center, bottom-left",4,"bottom-center, bottom-right, top-right, middle-left"
2420,5,"X marks the top-center and middle-left, O marks the bottom-center and top-left",O|X|_|X|_|_|_|O|_,2,"top-center, middle-left",2,"bottom-center, top-left"
2421,3,"X occupies the middle-left, the bottom-right, and the top-left, O occupies the middle-right and bottom-left",X|_|_|X|_|O|O|_|X,3,"middle-left, bottom-right, top-left",2,"middle-right, bottom-left"
2422,3,"X occupies the bottom-right, the top-left, the top-right, the bottom-left, and the bottom-center, O occupies the middle-left, the top-center, the center, and the middle-right",X|O|X|O|O|O|X|X|X,5,"bottom-right, top-left, top-right, bottom-left, bottom-center",4,"middle-left, top-center, center, middle-right"
2423,1,"X is in the center, the bottom-center, the middle-right, the top-right, and the middle-left, O is in the bottom-right, the top-center, the top-left, and the bottom-left",O|O|X|X|X|X|O|X|O,5,"center, bottom-center, middle-right, top-right, middle-left",4,"bottom-right, top-center, top-left, bottom-left"
2424,2,"X has played in the middle-left, the top-center, the top-right, the bottom-center, and the middle-right, O has played in the bottom-left, the top-left, the bottom-right, and the center",O|X|X|X|O|X|O|X|O,5,"middle-left, top-center, top-right, bottom-center, middle-right",4,"bottom-left, top-left, bottom-right, center"
2425,4,"X is placed in the middle-right, the top-right, the bottom-left, the top-center, and the bottom-center, O is placed in the center, the middle-left, the top-left, and the bottom-right",O|X|X|O|O|X|X|X|O,5,"middle-right, top-right, bottom-left, top-center, bottom-center",4,"center, middle-left, top-left, bottom-right"
2426,1,"X is in the top-center and bottom-center, O is in the bottom-left and top-left",O|X|_|_|_|_|O|X|_,2,"top-center, bottom-center",2,"bottom-left, top-left"
2427,1,"X is in the bottom-center and bottom-left, O is in the middle-left",_|_|_|O|_|_|X|X|_,2,"bottom-center, bottom-left",1,middle-left
2428,2,"X has played in the bottom-left, O has played in the top-left",O|_|_|_|_|_|X|_|_,1,bottom-left,1,top-left
2429,5,"X marks the center and bottom-right, O marks the middle-left and top-left",O|_|_|O|X|_|_|_|X,2,"center, bottom-right",2,"middle-left, top-left"
2430,1,"X is in the center and top-right, O is in the middle-left",_|_|X|O|X|_|_|_|_,2,"center, top-right",1,middle-left
2431,4,"X is placed in the top-right, the middle-left, the bottom-center, the bottom-right, and the bottom-left, O is placed in the top-center, the center, the middle-right, and the top-left",O|O|X|X|O|O|X|X|X,5,"top-right, middle-left, bottom-center, bottom-right, bottom-left",4,"top-center, center, middle-right, top-left"
2432,4,"X is placed in the center, the middle-left, the bottom-left, and the bottom-right, O is placed in the middle-right, the top-right, and the bottom-center",_|_|O|X|X|O|X|O|X,4,"center, middle-left, bottom-left, bottom-right",3,"middle-right, top-right, bottom-center"
2433,2,"X has played in the bottom-left and center, O has played in the top-left and top-right",O|_|O|_|X|_|X|_|_,2,"bottom-left, center",2,"top-left, top-right"
2434,4,"X is placed in the top-center, the top-right, the bottom-right, the middle-right, and the bottom-center, O is placed in the center, the middle-left, the top-left, and the bottom-left",O|X|X|O|O|X|O|X|X,5,"top-center, top-right, bottom-right, middle-right, bottom-center",4,"center, middle-left, top-left, bottom-left"
2435,4,"X is placed in the top-center and bottom-center, O is placed in the middle-left and middle-right",_|X|_|O|_|O|_|X|_,2,"top-center, bottom-center",2,"middle-left, middle-right"
2436,4,"X is placed in the bottom-center and bottom-left, O is placed in the middle-right",_|_|_|_|_|O|X|X|_,2,"bottom-center, bottom-left",1,middle-right
2437,4,"X is placed in the bottom-left and center, O is placed in the bottom-center and bottom-right",_|_|_|_|X|_|X|O|O,2,"bottom-left, center",2,"bottom-center, bottom-right"
2438,3,"X occupies the top-right and bottom-center, O occupies the middle-right",_|_|X|_|_|O|_|X|_,2,"top-right, bottom-center",1,middle-right
2439,3,"X occupies the center, the bottom-left, the top-left, and the top-right, O occupies the middle-right, the middle-left, and the bottom-right",X|_|X|O|X|O|X|_|O,4,"center, bottom-left, top-left, top-right",3,"middle-right, middle-left, bottom-right"
2440,4,"X is placed in the middle-right, the bottom-left, the top-left, the middle-left, and the top-right, O is placed in the bottom-right, the bottom-center, the top-center, and the center",X|O|X|X|O|X|X|O|O,5,"middle-right, bottom-left, top-left, middle-left, top-right",4,"bottom-right, bottom-center, top-center, center"
2441,2,"X has played in the bottom-center, the top-right, and the top-left, O has played in the top-center and center",X|O|X|_|O|_|_|X|_,3,"bottom-center, top-right, top-left",2,"top-center, center"
2442,1,"X is in the bottom-center, the middle-left, the bottom-left, the top-left, and the middle-right, O is in the bottom-right, the top-right, the center, and the top-center",X|O|O|X|O|X|X|X|O,5,"bottom-center, middle-left, bottom-left, top-left, middle-right",4,"bottom-right, top-right, center, top-center"
2443,4,"X is placed in the top-left and middle-right, O is placed in the center",X|_|_|_|O|X|_|_|_,2,"top-left, middle-right",1,center
2444,3,"X occupies the middle-left and bottom-right, O occupies the top-right",_|_|O|X|_|_|_|_|X,2,"middle-left, bottom-right",1,top-right
2445,5,"X marks the middle-left, the middle-right, the center, the top-center, and the top-right, O marks the bottom-right, the bottom-left, the bottom-center, and the top-left",O|X|X|X|X|X|O|O|O,5,"middle-left, middle-right, center, top-center, top-right",4,"bottom-right, bottom-left, bottom-center, top-left"
2446,3,"X occupies the top-center, the top-left, and the middle-left, O occupies the top-right and middle-right",X|X|O|X|_|O|_|_|_,3,"top-center, top-left, middle-left",2,"top-right, middle-right"
2447,1,"X is in the top-center and bottom-center, O is in the middle-right",_|X|_|_|_|O|_|X|_,2,"top-center, bottom-center",1,middle-right
2448,3,"X occupies the bottom-right, the center, the top-right, and the top-center, O occupies the bottom-center, the middle-left, and the top-left",O|X|X|O|X|_|_|O|X,4,"bottom-right, center, top-right, top-center",3,"bottom-center, middle-left, top-left"
2449,5,"X marks the top-left, O marks the top-right",X|_|O|_|_|_|_|_|_,1,top-left,1,top-right
2450,5,"X marks the top-right, the center, and the top-left, O marks the bottom-left and middle-left",X|_|X|O|X|_|O|_|_,3,"top-right, center, top-left",2,"bottom-left, middle-left"
2451,4,"X is placed in the bottom-left, the middle-left, the middle-right, the bottom-center, and the top-left, O is placed in the top-center, the center, the bottom-right, and the top-right",X|O|O|X|O|X|X|X|O,5,"bottom-left, middle-left, middle-right, bottom-center, top-left",4,"top-center, center, bottom-right, top-right"
2452,1,"X is in the middle-left, the center, the top-center, and the bottom-center, O is in the bottom-left, the middle-right, the bottom-right, and the top-right",_|X|O|X|X|O|O|X|O,4,"middle-left, center, top-center, bottom-center",4,"bottom-left, middle-right, bottom-right, top-right"
2453,3,"X occupies the bottom-left and top-left, O occupies the bottom-right and center",X|_|_|_|O|_|X|_|O,2,"bottom-left, top-left",2,"bottom-right, center"
2454,2,"X has played in the center, the middle-left, the top-left, and the top-right, O has played in the bottom-right, the top-center, the bottom-left, and the middle-right",X|O|X|X|X|O|O|_|O,4,"center, middle-left, top-left, top-right",4,"bottom-right, top-center, bottom-left, middle-right"
2455,1,"X is in the top-center, the bottom-right, the center, and the top-right, O is in the top-left, the bottom-left, and the bottom-center",O|X|X|_|X|_|O|O|X,4,"top-center, bottom-right, center, top-right",3,"top-left, bottom-left, bottom-center"
2456,5,"X marks the top-left, the bottom-center, the bottom-right, and the bottom-left, O marks the top-center, the middle-right, the top-right, and the center",X|O|O|_|O|O|X|X|X,4,"top-left, bottom-center, bottom-right, bottom-left",4,"top-center, middle-right, top-right, center"
2457,3,"X occupies the top-right and top-left, O occupies the middle-left and middle-right",X|_|X|O|_|O|_|_|_,2,"top-right, top-left",2,"middle-left, middle-right"
2458,1,"X is in the middle-right and center, O is in the middle-left and top-left",O|_|_|O|X|X|_|_|_,2,"middle-right, center",2,"middle-left, top-left"
2459,1,"X is in the middle-right and middle-left, O is in the top-right and center",_|_|O|X|O|X|_|_|_,2,"middle-right, middle-left",2,"top-right, center"
2460,2,"X has played in the bottom-left, the top-right, the bottom-right, and the top-left, O has played in the middle-right, the top-center, and the center",X|O|X|_|O|O|X|_|X,4,"bottom-left, top-right, bottom-right, top-left",3,"middle-right, top-center, center"
2461,1,"X is in the top-center, the top-right, the top-left, and the center, O is in the middle-left, the bottom-right, and the middle-right",X|X|X|O|X|O|_|_|O,4,"top-center, top-right, top-left, center",3,"middle-left, bottom-right, middle-right"
2462,4,"X is placed in the top-center and bottom-right, O is placed in the top-left and center",O|X|_|_|O|_|_|_|X,2,"top-center, bottom-right",2,"top-left, center"
2463,1,"X is in the middle-right, the bottom-left, the top-right, and the top-center, O is in the top-left, the bottom-center, and the bottom-right",O|X|X|_|_|X|X|O|O,4,"middle-right, bottom-left, top-right, top-center",3,"top-left, bottom-center, bottom-right"
2464,1,"X is in the middle-right, the top-right, and the middle-left, O is in the bottom-center and top-left",O|_|X|X|_|X|_|O|_,3,"middle-right, top-right, middle-left",2,"bottom-center, top-left"
2465,5,"X marks the top-left, the middle-left, and the bottom-left, O marks the center and bottom-center",X|_|_|X|O|_|X|O|_,3,"top-left, middle-left, bottom-left",2,"center, bottom-center"
2466,2,"X has played in the top-center, the center, the bottom-center, and the bottom-left, O has played in the bottom-right, the top-right, and the middle-left",_|X|O|O|X|_|X|X|O,4,"top-center, center, bottom-center, bottom-left",3,"bottom-right, top-right, middle-left"
2467,3,"X occupies the top-right, O occupies the top-left",O|_|X|_|_|_|_|_|_,1,top-right,1,top-left
2468,1,"X is in the top-right, the center, the top-center, the top-left, and the bottom-right, O is in the middle-right, the bottom-left, the middle-left, and the bottom-center",X|X|X|O|X|O|O|O|X,5,"top-right, center, top-center, top-left, bottom-right",4,"middle-right, bottom-left, middle-left, bottom-center"
2469,5,"X marks the middle-left, the bottom-right, the top-right, the top-left, and the top-center, O marks the center, the bottom-center, the bottom-left, and the middle-right",X|X|X|X|O|O|O|O|X,5,"middle-left, bottom-right, top-right, top-left, top-center",4,"center, bottom-center, bottom-left, middle-right"
2470,3,"X occupies the bottom-right and top-right, O occupies the middle-left and top-left",O|_|X|O|_|_|_|_|X,2,"bottom-right, top-right",2,"middle-left, top-left"
2471,3,"X occupies the top-left, the bottom-right, the bottom-center, the top-right, and the middle-left, O occupies the center, the middle-right, the bottom-left, and the top-center",X|O|X|X|O|O|O|X|X,5,"top-left, bottom-right, bottom-center, top-right, middle-left",4,"center, middle-right, bottom-left, top-center"
2472,2,"X has played in the bottom-right and middle-left, O has played in the center and bottom-left",_|_|_|X|O|_|O|_|X,2,"bottom-right, middle-left",2,"center, bottom-left"
2473,5,"X marks the bottom-center and top-right, O marks the bottom-right and bottom-left",_|_|X|_|_|_|O|X|O,2,"bottom-center, top-right",2,"bottom-right, bottom-left"
2474,1,"X is in the top-right, the center, the bottom-left, and the bottom-right, O is in the middle-left, the top-left, the top-center, and the middle-right",O|O|X|O|X|O|X|_|X,4,"top-right, center, bottom-left, bottom-right",4,"middle-left, top-left, top-center, middle-right"
2475,1,"X is in the top-right, the middle-left, and the top-left, O is in the bottom-center, the bottom-left, and the middle-right",X|_|X|X|_|O|O|O|_,3,"top-right, middle-left, top-left",3,"bottom-center, bottom-left, middle-right"
2476,5,"X marks the bottom-center, the center, the bottom-right, and the top-left, O marks the middle-right, the top-right, the middle-left, and the top-center",X|O|O|O|X|O|_|X|X,4,"bottom-center, center, bottom-right, top-left",4,"middle-right, top-right, middle-left, top-center"
2477,2,"X has played in the top-right, the bottom-right, and the center, O has played in the top-left, the bottom-center, and the bottom-left",O|_|X|_|X|_|O|O|X,3,"top-right, bottom-right, center",3,"top-left, bottom-center, bottom-left"
2478,3,"X occupies the top-right, O occupies the middle-left",_|_|X|O|_|_|_|_|_,1,top-right,1,middle-left
2479,4,"X is placed in the center, the bottom-center, the bottom-right, the bottom-left, and the middle-left, O is placed in the middle-right, the top-left, the top-center, and the top-right",O|O|O|X|X|O|X|X|X,5,"center, bottom-center, bottom-right, bottom-left, middle-left",4,"middle-right, top-left, top-center, top-right"
2480,2,"X has played in the middle-right, the bottom-right, the top-left, and the bottom-left, O has played in the center, the top-right, the top-center, and the middle-left",X|O|O|O|O|X|X|_|X,4,"middle-right, bottom-right, top-left, bottom-left",4,"center, top-right, top-center, middle-left"
2481,2,"X has played in the center, the bottom-left, the middle-right, the bottom-center, and the top-left, O has played in the bottom-right, the top-center, the middle-left, and the top-right",X|O|O|O|X|X|X|X|O,5,"center, bottom-left, middle-right, bottom-center, top-left",4,"bottom-right, top-center, middle-left, top-right"
2482,1,"X is in the middle-right and bottom-left, O is in the top-right and top-left",O|_|O|_|_|X|X|_|_,2,"middle-right, bottom-left",2,"top-right, top-left"
2483,4,"X is placed in the top-left, the top-center, the bottom-center, and the top-right, O is placed in the bottom-right, the center, and the bottom-left",X|X|X|_|O|_|O|X|O,4,"top-left, top-center, bottom-center, top-right",3,"bottom-right, center, bottom-left"
2484,4,"X is placed in the middle-right and bottom-center, O is placed in the middle-left and top-right",_|_|O|O|_|X|_|X|_,2,"middle-right, bottom-center",2,"middle-left, top-right"
2485,2,"X has played in the middle-left and top-left, O has played in the top-center",X|O|_|X|_|_|_|_|_,2,"middle-left, top-left",1,top-center
2486,5,"X marks the center and top-left, O marks the bottom-left",X|_|_|_|X|_|O|_|_,2,"center, top-left",1,bottom-left
2487,2,"X has played in the center, the top-right, and the bottom-right, O has played in the bottom-left, the middle-right, and the top-center",_|O|X|_|X|O|O|_|X,3,"center, top-right, bottom-right",3,"bottom-left, middle-right, top-center"
2488,1,"X is in the center, the middle-right, the top-right, and the bottom-right, O is in the top-center, the bottom-left, and the bottom-center",_|O|X|_|X|X|O|O|X,4,"center, middle-right, top-right, bottom-right",3,"top-center, bottom-left, bottom-center"
2489,1,"X is in the top-left, the middle-left, and the bottom-center, O is in the top-center, the bottom-left, and the bottom-right",X|O|_|X|_|_|O|X|O,3,"top-left, middle-left, bottom-center",3,"top-center, bottom-left, bottom-right"
2490,2,"X has played in the middle-left and bottom-right, O has played in the center",_|_|_|X|O|_|_|_|X,2,"middle-left, bottom-right",1,center
2491,3,"X occupies the top-left and top-center, O occupies the center",X|X|_|_|O|_|_|_|_,2,"top-left, top-center",1,center
2492,1,"X is in the bottom-right, the top-right, the bottom-center, and the top-left, O is in the center, the bottom-left, the middle-left, and the top-center",X|O|X|O|O|_|O|X|X,4,"bottom-right, top-right, bottom-center, top-left",4,"center, bottom-left, middle-left, top-center"
2493,1,"X is in the middle-right, the middle-left, the bottom-right, and the center, O is in the top-right, the bottom-center, the top-center, and the top-left",O|O|O|X|X|X|_|O|X,4,"middle-right, middle-left, bottom-right, center",4,"top-right, bottom-center, top-center, top-left"
2494,5,"X marks the bottom-center and top-right, O marks the bottom-right",_|_|X|_|_|_|_|X|O,2,"bottom-center, top-right",1,bottom-right
2495,1,"X is in the bottom-left, the middle-right, the top-center, the bottom-right, and the top-left, O is in the center, the middle-left, the top-right, and the bottom-center",X|X|O|O|O|X|X|O|X,5,"bottom-left, middle-right, top-center, bottom-right, top-left",4,"center, middle-left, top-right, bottom-center"
2496,3,"X occupies the top-left, the top-right, the top-center, the middle-left, and the bottom-left, O occupies the center, the bottom-center, the middle-right, and the bottom-right",X|X|X|X|O|O|X|O|O,5,"top-left, top-right, top-center, middle-left, bottom-left",4,"center, bottom-center, middle-right, bottom-right"
2497,2,"X has played in the bottom-left, the middle-right, and the center, O has played in the middle-left and top-left",O|_|_|O|X|X|X|_|_,3,"bottom-left, middle-right, center",2,"middle-left, top-left"
2498,3,"X occupies the top-center, the bottom-left, the middle-left, and the bottom-right, O occupies the top-left, the top-right, the middle-right, and the bottom-center",O|X|O|X|_|O|X|O|X,4,"top-center, bottom-left, middle-left, bottom-right",4,"top-left, top-right, middle-right, bottom-center"
2499,5,"X marks the top-left, the bottom-right, the center, and the bottom-center, O marks the middle-left, the top-center, and the top-right",X|O|O|O|X|_|_|X|X,4,"top-left, bottom-right, center, bottom-center",3,"middle-left, top-center, top-right"
2500,2,"X has played in the top-right and top-center, O has played in the center and middle-right",_|X|X|_|O|O|_|_|_,2,"top-right, top-center",2,"center, middle-right"
2501,5,"X marks the top-left and top-center, O marks the middle-right",X|X|_|_|_|O|_|_|_,2,"top-left, top-center",1,middle-right
2502,1,"X is in the bottom-left and middle-left, O is in the bottom-center",_|_|_|X|_|_|X|O|_,2,"bottom-left, middle-left",1,bottom-center
2503,2,"X has played in the bottom-left, the top-center, the center, the bottom-center, and the middle-left, O has played in the bottom-right, the top-right, the middle-right, and the top-left",O|X|O|X|X|O|X|X|O,5,"bottom-left, top-center, center, bottom-center, middle-left",4,"bottom-right, top-right, middle-right, top-left"
2504,3,"X occupies the bottom-center, the bottom-right, the top-left, and the top-right, O occupies the center, the middle-left, and the bottom-left",X|_|X|O|O|_|O|X|X,4,"bottom-center, bottom-right, top-left, top-right",3,"center, middle-left, bottom-left"
2505,3,"X occupies the center, the bottom-right, and the top-right, O occupies the top-center and bottom-center",_|O|X|_|X|_|_|O|X,3,"center, bottom-right, top-right",2,"top-center, bottom-center"
2506,2,"X has played in the middle-left, the bottom-left, the center, and the top-right, O has played in the middle-right, the bottom-right, and the bottom-center",_|_|X|X|X|O|X|O|O,4,"middle-left, bottom-left, center, top-right",3,"middle-right, bottom-right, bottom-center"
2507,1,"X is in the bottom-left, the center, and the top-left, O is in the middle-right and top-right",X|_|O|_|X|O|X|_|_,3,"bottom-left, center, top-left",2,"middle-right, top-right"
2508,3,"X occupies the middle-left, the center, the top-left, the bottom-center, and the bottom-left, O occupies the top-right, the bottom-right, the top-center, and the middle-right",X|O|O|X|X|O|X|X|O,5,"middle-left, center, top-left, bottom-center, bottom-left",4,"top-right, bottom-right, top-center, middle-right"
2509,5,"X marks the top-center, the bottom-left, the middle-left, and the bottom-center, O marks the top-right, the bottom-right, the top-left, and the middle-right",O|X|O|X|_|O|X|X|O,4,"top-center, bottom-left, middle-left, bottom-center",4,"top-right, bottom-right, top-left, middle-right"
2510,3,"X occupies the middle-right and top-center, O occupies the bottom-right and top-left",O|X|_|_|_|X|_|_|O,2,"middle-right, top-center",2,"bottom-right, top-left"
2511,1,"X is in the bottom-left, the top-right, the bottom-right, the middle-right, and the center, O is in the top-center, the bottom-center, the top-left, and the middle-left",O|O|X|O|X|X|X|O|X,5,"bottom-left, top-right, bottom-right, middle-right, center",4,"top-center, bottom-center, top-left, middle-left"
2512,5,"X marks the bottom-left, the bottom-right, the top-left, the middle-right, and the top-right, O marks the center, the bottom-center, the top-center, and the middle-left",X|O|X|O|O|X|X|O|X,5,"bottom-left, bottom-right, top-left, middle-right, top-right",4,"center, bottom-center, top-center, middle-left"
2513,5,"X marks the bottom-center, the top-right, and the bottom-right, O marks the top-left and top-center",O|O|X|_|_|_|_|X|X,3,"bottom-center, top-right, bottom-right",2,"top-left, top-center"
2514,4,"X is placed in the middle-left and bottom-right, O is placed in the bottom-left and top-right",_|_|O|X|_|_|O|_|X,2,"middle-left, bottom-right",2,"bottom-left, top-right"
2515,4,"X is placed in the top-center, O is placed in the bottom-left",_|X|_|_|_|_|O|_|_,1,top-center,1,bottom-left
2516,3,"X occupies the bottom-right, the bottom-center, the bottom-left, the top-center, and the top-left, O occupies the top-right, the middle-right, the middle-left, and the center",X|X|O|O|O|O|X|X|X,5,"bottom-right, bottom-center, bottom-left, top-center, top-left",4,"top-right, middle-right, middle-left, center"
2517,1,"X is in the top-left, the top-right, the bottom-left, the middle-right, and the center, O is in the bottom-center, the bottom-right, the middle-left, and the top-center",X|O|X|O|X|X|X|O|O,5,"top-left, top-right, bottom-left, middle-right, center",4,"bottom-center, bottom-right, middle-left, top-center"
2518,4,"X is placed in the bottom-left and center, O is placed in the middle-right and top-right",_|_|O|_|X|O|X|_|_,2,"bottom-left, center",2,"middle-right, top-right"
2519,1,"X is in the top-right, the middle-left, the top-left, and the top-center, O is in the center, the bottom-left, the bottom-center, and the middle-right",X|X|X|X|O|O|O|O|_,4,"top-right, middle-left, top-left, top-center",4,"center, bottom-left, bottom-center, middle-right"
2520,4,"X is placed in the bottom-right, the top-right, and the bottom-left, O is placed in the top-center, the middle-right, and the top-left",O|O|X|_|_|O|X|_|X,3,"bottom-right, top-right, bottom-left",3,"top-center, middle-right, top-left"
2521,5,"X marks the middle-left, the top-right, the middle-right, the bottom-left, and the top-center, O marks the center, the top-left, the bottom-right, and the bottom-center",O|X|X|X|O|X|X|O|O,5,"middle-left, top-right, middle-right, bottom-left, top-center",4,"center, top-left, bottom-right, bottom-center"
2522,2,"X has played in the middle-left and center, O has played in the middle-right",_|_|_|X|X|O|_|_|_,2,"middle-left, center",1,middle-right
2523,2,"X has played in the bottom-left, the bottom-center, the middle-right, the top-left, and the top-center, O has played in the center, the bottom-right, the middle-left, and the top-right",X|X|O|O|O|X|X|X|O,5,"bottom-left, bottom-center, middle-right, top-left, top-center",4,"center, bottom-right, middle-left, top-right"
2524,5,"X marks the bottom-center, O marks the bottom-left",_|_|_|_|_|_|O|X|_,1,bottom-center,1,bottom-left
2525,2,"X has played in the top-right, the bottom-left, the top-left, the middle-left, and the bottom-right, O has played in the middle-right, the bottom-center, the center, and the top-center",X|O|X|X|O|O|X|O|X,5,"top-right, bottom-left, top-left, middle-left, bottom-right",4,"middle-right, bottom-center, center, top-center"
2526,1,"X is in the bottom-left, the top-right, and the bottom-center, O is in the top-center and center",_|O|X|_|O|_|X|X|_,3,"bottom-left, top-right, bottom-center",2,"top-center, center"
2527,4,"X is placed in the center, the middle-right, the top-right, the top-center, and the middle-left, O is placed in the bottom-right, the bottom-left, the top-left, and the bottom-center",O|X|X|X|X|X|O|O|O,5,"center, middle-right, top-right, top-center, middle-left",4,"bottom-right, bottom-left, top-left, bottom-center"
2528,1,"X is in the bottom-right, O is in the top-left",O|_|_|_|_|_|_|_|X,1,bottom-right,1,top-left
2529,3,"X occupies the center, the top-left, the bottom-center, the bottom-right, and the middle-left, O occupies the middle-right, the top-right, the top-center, and the bottom-left",X|O|O|X|X|O|O|X|X,5,"center, top-left, bottom-center, bottom-right, middle-left",4,"middle-right, top-right, top-center, bottom-left"
2530,2,"X has played in the bottom-center, the top-center, the middle-right, and the top-left, O has played in the top-right, the middle-left, the bottom-right, and the center",X|X|O|O|O|X|_|X|O,4,"bottom-center, top-center, middle-right, top-left",4,"top-right, middle-left, bottom-right, center"
2531,5,"X marks the center, O marks the bottom-right",_|_|_|_|X|_|_|_|O,1,center,1,bottom-right
2532,2,"X has played in the middle-left, the center, and the top-left, O has played in the top-right and bottom-center",X|_|O|X|X|_|_|O|_,3,"middle-left, center, top-left",2,"top-right, bottom-center"
2533,2,"X has played in the top-left and top-right, O has played in the top-center",X|O|X|_|_|_|_|_|_,2,"top-left, top-right",1,top-center
2534,2,"X has played in the top-center, the center, and the bottom-left, O has played in the top-right and middle-left",_|X|O|O|X|_|X|_|_,3,"top-center, center, bottom-left",2,"top-right, middle-left"
2535,3,"X occupies the bottom-center, O occupies the center",_|_|_|_|O|_|_|X|_,1,bottom-center,1,center
2536,3,"X occupies the middle-right, the bottom-left, the top-left, and the bottom-center, O occupies the center, the middle-left, the top-center, and the bottom-right",X|O|_|O|O|X|X|X|O,4,"middle-right, bottom-left, top-left, bottom-center",4,"center, middle-left, top-center, bottom-right"
2537,4,"X is placed in the bottom-right, the bottom-center, the top-center, and the bottom-left, O is placed in the middle-right, the middle-left, the top-right, and the center",_|X|O|O|O|O|X|X|X,4,"bottom-right, bottom-center, top-center, bottom-left",4,"middle-right, middle-left, top-right, center"
2538,5,"X marks the center, the middle-right, and the bottom-center, O marks the top-right and top-center",_|O|O|_|X|X|_|X|_,3,"center, middle-right, bottom-center",2,"top-right, top-center"
2539,4,"X is placed in the middle-right, the bottom-right, and the middle-left, O is placed in the top-left, the top-right, and the bottom-center",O|_|O|X|_|X|_|O|X,3,"middle-right, bottom-right, middle-left",3,"top-left, top-right, bottom-center"
2540,4,"X is placed in the top-right, the middle-left, the bottom-center, and the bottom-left, O is placed in the middle-right, the center, the bottom-right, and the top-left",O|_|X|X|O|O|X|X|O,4,"top-right, middle-left, bottom-center, bottom-left",4,"middle-right, center, bottom-right, top-left"
2541,5,"X marks the top-right, the middle-left, the middle-right, the top-left, and the bottom-left, O marks the center, the top-center, the bottom-right, and the bottom-center",X|O|X|X|O|X|X|O|O,5,"top-right, middle-left, middle-right, top-left, bottom-left",4,"center, top-center, bottom-right, bottom-center"
2542,1,"X is in the top-right and middle-left, O is in the top-left",O|_|X|X|_|_|_|_|_,2,"top-right, middle-left",1,top-left
2543,4,"X is placed in the middle-left, the top-right, the center, and the bottom-center, O is placed in the top-left, the bottom-right, and the bottom-left",O|_|X|X|X|_|O|X|O,4,"middle-left, top-right, center, bottom-center",3,"top-left, bottom-right, bottom-left"
2544,2,"X has played in the bottom-center, the bottom-right, the bottom-left, and the middle-left, O has played in the middle-right, the top-right, the top-left, and the center",O|_|O|X|O|O|X|X|X,4,"bottom-center, bottom-right, bottom-left, middle-left",4,"middle-right, top-right, top-left, center"
2545,2,"X has played in the middle-right, the top-center, the center, and the middle-left, O has played in the top-right, the top-left, the bottom-left, and the bottom-center",O|X|O|X|X|X|O|O|_,4,"middle-right, top-center, center, middle-left",4,"top-right, top-left, bottom-left, bottom-center"
2546,3,"X occupies the bottom-left, the top-right, the middle-right, the top-left, and the top-center, O occupies the center, the middle-left, the bottom-center, and the bottom-right",X|X|X|O|O|X|X|O|O,5,"bottom-left, top-right, middle-right, top-left, top-center",4,"center, middle-left, bottom-center, bottom-right"
2547,4,"X is placed in the middle-left, the bottom-center, the top-left, the center, and the middle-right, O is placed in the top-center, the top-right, the bottom-right, and the bottom-left",X|O|O|X|X|X|O|X|O,5,"middle-left, bottom-center, top-left, center, middle-right",4,"top-center, top-right, bottom-right, bottom-left"
2548,1,"X is in the top-right and bottom-right, O is in the middle-right",_|_|X|_|_|O|_|_|X,2,"top-right, bottom-right",1,middle-right
2549,4,"X is placed in the bottom-right, the bottom-center, and the top-left, O is placed in the top-center and bottom-left",X|O|_|_|_|_|O|X|X,3,"bottom-right, bottom-center, top-left",2,"top-center, bottom-left"
2550,5,"X marks the bottom-center, the bottom-left, the center, the middle-right, and the top-center, O marks the top-right, the bottom-right, the top-left, and the middle-left",O|X|O|O|X|X|X|X|O,5,"bottom-center, bottom-left, center, middle-right, top-center",4,"top-right, bottom-right, top-left, middle-left"
2551,5,"X marks the middle-left, the bottom-right, the bottom-center, and the center, O marks the bottom-left, the top-left, the middle-right, and the top-center",O|O|_|X|X|O|O|X|X,4,"middle-left, bottom-right, bottom-center, center",4,"bottom-left, top-left, middle-right, top-center"
2552,2,"X has played in the bottom-center, the center, and the top-left, O has played in the bottom-right and top-right",X|_|O|_|X|_|_|X|O,3,"bottom-center, center, top-left",2,"bottom-right, top-right"
2553,2,"X has played in the bottom-center, the middle-left, the top-left, and the top-center, O has played in the middle-right, the bottom-right, the center, and the top-right",X|X|O|X|O|O|_|X|O,4,"bottom-center, middle-left, top-left, top-center",4,"middle-right, bottom-right, center, top-right"
2554,2,"X has played in the top-left, the bottom-right, the bottom-left, the center, and the middle-left, O has played in the middle-right, the top-right, the top-center, and the bottom-center",X|O|O|X|X|O|X|O|X,5,"top-left, bottom-right, bottom-left, center, middle-left",4,"middle-right, top-right, top-center, bottom-center"
2555,3,"X occupies the top-right, the center, the middle-left, and the bottom-left, O occupies the top-left, the bottom-right, the top-center, and the bottom-center",O|O|X|X|X|_|X|O|O,4,"top-right, center, middle-left, bottom-left",4,"top-left, bottom-right, top-center, bottom-center"
2556,5,"X marks the middle-left, the top-left, the bottom-left, the top-right, and the bottom-right, O marks the middle-right, the center, the top-center, and the bottom-center",X|O|X|X|O|O|X|O|X,5,"middle-left, top-left, bottom-left, top-right, bottom-right",4,"middle-right, center, top-center, bottom-center"
2557,5,"X marks the bottom-left, the center, and the middle-left, O marks the top-left and bottom-center",O|_|_|X|X|_|X|O|_,3,"bottom-left, center, middle-left",2,"top-left, bottom-center"
2558,2,"X has played in the top-left and bottom-left, O has played in the top-right",X|_|O|_|_|_|X|_|_,2,"top-left, bottom-left",1,top-right
2559,3,"X occupies the top-right and bottom-right, O occupies the bottom-center",_|_|X|_|_|_|_|O|X,2,"top-right, bottom-right",1,bottom-center
2560,4,"X is placed in the top-left, the bottom-right, the top-right, and the bottom-center, O is placed in the middle-left, the middle-right, the top-center, and the center",X|O|X|O|O|O|_|X|X,4,"top-left, bottom-right, top-right, bottom-center",4,"middle-left, middle-right, top-center, center"
2561,3,"X occupies the middle-right, O occupies the center",_|_|_|_|O|X|_|_|_,1,middle-right,1,center
2562,5,"X marks the middle-left, the center, and the bottom-right, O marks the middle-right and bottom-left",_|_|_|X|X|O|O|_|X,3,"middle-left, center, bottom-right",2,"middle-right, bottom-left"
2563,1,"X is in the center, the middle-left, the top-center, the top-left, and the bottom-right, O is in the top-right, the middle-right, the bottom-left, and the bottom-center",X|X|O|X|X|O|O|O|X,5,"center, middle-left, top-center, top-left, bottom-right",4,"top-right, middle-right, bottom-left, bottom-center"
2564,3,"X occupies the top-left, O occupies the bottom-right",X|_|_|_|_|_|_|_|O,1,top-left,1,bottom-right
2565,4,"X is placed in the bottom-right, the top-center, the top-right, the middle-right, and the bottom-left, O is placed in the top-left, the center, the bottom-center, and the middle-left",O|X|X|O|O|X|X|O|X,5,"bottom-right, top-center, top-right, middle-right, bottom-left",4,"top-left, center, bottom-center, middle-left"
2566,2,"X has played in the middle-right, the bottom-center, and the center, O has played in the top-right, the top-center, and the bottom-left",_|O|O|_|X|X|O|X|_,3,"middle-right, bottom-center, center",3,"top-right, top-center, bottom-left"
2567,3,"X occupies the top-right, the bottom-center, and the middle-right, O occupies the top-center, the bottom-left, and the middle-left",_|O|X|O|_|X|O|X|_,3,"top-right, bottom-center, middle-right",3,"top-center, bottom-left, middle-left"
2568,1,"X is in the center and middle-right, O is in the top-left and bottom-center",O|_|_|_|X|X|_|O|_,2,"center, middle-right",2,"top-left, bottom-center"
2569,5,"X marks the bottom-center, the top-left, the center, the middle-left, and the top-right, O marks the bottom-left, the top-center, the middle-right, and the bottom-right",X|O|X|X|X|O|O|X|O,5,"bottom-center, top-left, center, middle-left, top-right",4,"bottom-left, top-center, middle-right, bottom-right"
2570,3,"X occupies the bottom-right, the top-right, the top-left, and the center, O occupies the bottom-center, the bottom-left, the middle-left, and the top-center",X|O|X|O|X|_|O|O|X,4,"bottom-right, top-right, top-left, center",4,"bottom-center, bottom-left, middle-left, top-center"
2571,1,"X is in the center and top-left, O is in the top-center and top-right",X|O|O|_|X|_|_|_|_,2,"center, top-left",2,"top-center, top-right"
2572,5,"X marks the middle-right, the top-left, the top-center, and the middle-left, O marks the bottom-right, the top-right, and the center",X|X|O|X|O|X|_|_|O,4,"middle-right, top-left, top-center, middle-left",3,"bottom-right, top-right, center"
2573,3,"X occupies the bottom-center and top-right, O occupies the bottom-left and middle-left",_|_|X|O|_|_|O|X|_,2,"bottom-center, top-right",2,"bottom-left, middle-left"
2574,2,"X has played in the bottom-right, the top-center, the top-right, and the middle-left, O has played in the bottom-center, the middle-right, the bottom-left, and the top-left",O|X|X|X|_|O|O|O|X,4,"bottom-right, top-center, top-right, middle-left",4,"bottom-center, middle-right, bottom-left, top-left"
2575,2,"X has played in the middle-left, the middle-right, the bottom-left, the bottom-center, and the top-left, O has played in the center, the top-center, the top-right, and the bottom-right",X|O|O|X|O|X|X|X|O,5,"middle-left, middle-right, bottom-left, bottom-center, top-left",4,"center, top-center, top-right, bottom-right"
2576,5,"X marks the top-center, the top-left, the center, the bottom-left, and the top-right, O marks the bottom-center, the bottom-right, the middle-right, and the middle-left",X|X|X|O|X|O|X|O|O,5,"top-center, top-left, center, bottom-left, top-right",4,"bottom-center, bottom-right, middle-right, middle-left"
2577,1,"X is in the bottom-left, the middle-left, and the center, O is in the top-right, the bottom-center, and the top-left",O|_|O|X|X|_|X|O|_,3,"bottom-left, middle-left, center",3,"top-right, bottom-center, top-left"
2578,2,"X has played in the bottom-center, the top-left, and the middle-left, O has played in the top-center, the middle-right, and the center",X|O|_|X|O|O|_|X|_,3,"bottom-center, top-left, middle-left",3,"top-center, middle-right, center"
2579,2,"X has played in the bottom-right and top-right, O has played in the middle-left",_|_|X|O|_|_|_|_|X,2,"bottom-right, top-right",1,middle-left
2580,4,"X is placed in the middle-right, the bottom-left, and the middle-left, O is placed in the bottom-right, the top-center, and the top-right",_|O|O|X|_|X|X|_|O,3,"middle-right, bottom-left, middle-left",3,"bottom-right, top-center, top-right"
2581,4,"X is placed in the top-right, the top-left, and the center, O is placed in the middle-right, the top-center, and the bottom-right",X|O|X|_|X|O|_|_|O,3,"top-right, top-left, center",3,"middle-right, top-center, bottom-right"
2582,4,"X is placed in the middle-right, the top-center, the bottom-left, the top-right, and the bottom-right, O is placed in the bottom-center, the middle-left, the top-left, and the center",O|X|X|O|O|X|X|O|X,5,"middle-right, top-center, bottom-left, top-right, bottom-right",4,"bottom-center, middle-left, top-left, center"
2583,4,"X is placed in the bottom-right, the middle-left, the center, the bottom-center, and the top-left, O is placed in the top-center, the bottom-left, the middle-right, and the top-right",X|O|O|X|X|O|O|X|X,5,"bottom-right, middle-left, center, bottom-center, top-left",4,"top-center, bottom-left, middle-right, top-right"
2584,3,"X occupies the bottom-left, O occupies the middle-left",_|_|_|O|_|_|X|_|_,1,bottom-left,1,middle-left
2585,3,"X occupies the top-center, the top-left, the middle-right, the middle-left, and the bottom-right, O occupies the top-right, the bottom-left, the center, and the bottom-center",X|X|O|X|O|X|O|O|X,5,"top-center, top-left, middle-right, middle-left, bottom-right",4,"top-right, bottom-left, center, bottom-center"
2586,1,"X is in the bottom-center and top-center, O is in the center and top-left",O|X|_|_|O|_|_|X|_,2,"bottom-center, top-center",2,"center, top-left"
2587,5,"X marks the bottom-left, the center, the bottom-center, and the middle-left, O marks the bottom-right, the middle-right, and the top-left",O|_|_|X|X|O|X|X|O,4,"bottom-left, center, bottom-center, middle-left",3,"bottom-right, middle-right, top-left"
2588,1,"X is in the center and bottom-right, O is in the middle-right and top-center",_|O|_|_|X|O|_|_|X,2,"center, bottom-right",2,"middle-right, top-center"
2589,2,"X has played in the middle-left, the center, and the top-right, O has played in the bottom-center and top-left",O|_|X|X|X|_|_|O|_,3,"middle-left, center, top-right",2,"bottom-center, top-left"
2590,3,"X occupies the bottom-left, the top-center, the bottom-center, and the middle-left, O occupies the middle-right, the top-left, the center, and the bottom-right",O|X|_|X|O|O|X|X|O,4,"bottom-left, top-center, bottom-center, middle-left",4,"middle-right, top-left, center, bottom-right"
2591,2,"X has played in the bottom-right, the middle-left, the bottom-center, the bottom-left, and the top-right, O has played in the middle-right, the top-left, the center, and the top-center",O|O|X|X|O|O|X|X|X,5,"bottom-right, middle-left, bottom-center, bottom-left, top-right",4,"middle-right, top-left, center, top-center"
2592,5,"X marks the middle-right, the top-right, and the top-center, O marks the bottom-right and middle-left",_|X|X|O|_|X|_|_|O,3,"middle-right, top-right, top-center",2,"bottom-right, middle-left"
2593,3,"X occupies the middle-left, the bottom-center, and the top-right, O occupies the top-center, the middle-right, and the bottom-left",_|O|X|X|_|O|O|X|_,3,"middle-left, bottom-center, top-right",3,"top-center, middle-right, bottom-left"
2594,1,"X is in the top-center, the top-left, and the middle-left, O is in the top-right and center",X|X|O|X|O|_|_|_|_,3,"top-center, top-left, middle-left",2,"top-right, center"
2595,4,"X is placed in the bottom-center, the top-right, and the top-left, O is placed in the center and middle-left",X|_|X|O|O|_|_|X|_,3,"bottom-center, top-right, top-left",2,"center, middle-left"
2596,5,"X marks the top-center, the top-left, the center, and the middle-right, O marks the bottom-center, the bottom-left, and the bottom-right",X|X|_|_|X|X|O|O|O,4,"top-center, top-left, center, middle-right",3,"bottom-center, bottom-left, bottom-right"
2597,3,"X occupies the bottom-left, the top-center, and the bottom-center, O occupies the bottom-right, the top-left, and the middle-right",O|X|_|_|_|O|X|X|O,3,"bottom-left, top-center, bottom-center",3,"bottom-right, top-left, middle-right"
2598,1,"X is in the bottom-left, the top-right, the center, the top-left, and the middle-left, O is in the bottom-right, the bottom-center, the middle-right, and the top-center",X|O|X|X|X|O|X|O|O,5,"bottom-left, top-right, center, top-left, middle-left",4,"bottom-right, bottom-center, middle-right, top-center"
2599,5,"X marks the bottom-left, the middle-right, the center, and the top-left, O marks the top-right, the bottom-right, the middle-left, and the bottom-center",X|_|O|O|X|X|X|O|O,4,"bottom-left, middle-right, center, top-left",4,"top-right, bottom-right, middle-left, bottom-center"
2600,1,"X is in the bottom-right, the top-left, the center, and the middle-right, O is in the bottom-left, the top-center, and the top-right",X|O|O|_|X|X|O|_|X,4,"bottom-right, top-left, center, middle-right",3,"bottom-left, top-center, top-right"
2601,3,"X occupies the middle-right, the center, and the top-center, O occupies the bottom-left, the bottom-center, and the top-left",O|X|_|_|X|X|O|O|_,3,"middle-right, center, top-center",3,"bottom-left, bottom-center, top-left"
2602,2,"X has played in the top-center, O has played in the top-left",O|X|_|_|_|_|_|_|_,1,top-center,1,top-left
2603,4,"X is placed in the center and top-left, O is placed in the bottom-right and middle-left",X|_|_|O|X|_|_|_|O,2,"center, top-left",2,"bottom-right, middle-left"
2604,2,"X has played in the center, the top-left, the bottom-right, and the top-right, O has played in the top-center, the middle-right, the middle-left, and the bottom-center",X|O|X|O|X|O|_|O|X,4,"center, top-left, bottom-right, top-right",4,"top-center, middle-right, middle-left, bottom-center"
2605,1,"X is in the bottom-left and bottom-right, O is in the center and middle-right",_|_|_|_|O|O|X|_|X,2,"bottom-left, bottom-right",2,"center, middle-right"
2606,4,"X is placed in the top-center, the middle-left, and the top-left, O is placed in the bottom-right, the bottom-left, and the middle-right",X|X|_|X|_|O|O|_|O,3,"top-center, middle-left, top-left",3,"bottom-right, bottom-left, middle-right"
2607,4,"X is placed in the bottom-left, the middle-right, the top-left, and the middle-left, O is placed in the bottom-center, the center, the top-center, and the top-right",X|O|O|X|O|X|X|O|_,4,"bottom-left, middle-right, top-left, middle-left",4,"bottom-center, center, top-center, top-right"
2608,5,"X marks the bottom-right, the top-center, the top-left, the middle-right, and the bottom-center, O marks the bottom-left, the middle-left, the center, and the top-right",X|X|O|O|O|X|O|X|X,5,"bottom-right, top-center, top-left, middle-right, bottom-center",4,"bottom-left, middle-left, center, top-right"
2609,4,"X is placed in the middle-left and center, O is placed in the bottom-left",_|_|_|X|X|_|O|_|_,2,"middle-left, center",1,bottom-left
2610,5,"X marks the top-left, the bottom-left, the top-center, and the bottom-center, O marks the bottom-right, the middle-left, the top-right, and the middle-right",X|X|O|O|_|O|X|X|O,4,"top-left, bottom-left, top-center, bottom-center",4,"bottom-right, middle-left, top-right, middle-right"
2611,3,"X occupies the top-center and top-right, O occupies the bottom-center and middle-right",_|X|X|_|_|O|_|O|_,2,"top-center, top-right",2,"bottom-center, middle-right"
2612,3,"X occupies the top-center, the bottom-left, the middle-right, the top-left, and the bottom-right, O occupies the middle-left, the center, the top-right, and the bottom-center",X|X|O|O|O|X|X|O|X,5,"top-center, bottom-left, middle-right, top-left, bottom-right",4,"middle-left, center, top-right, bottom-center"
2613,2,"X has played in the middle-left, the bottom-right, and the center, O has played in the bottom-center, the top-right, and the middle-right",_|_|O|X|X|O|_|O|X,3,"middle-left, bottom-right, center",3,"bottom-center, top-right, middle-right"
2614,4,"X is placed in the center and middle-left, O is placed in the bottom-right",_|_|_|X|X|_|_|_|O,2,"center, middle-left",1,bottom-right
2615,4,"X is placed in the bottom-left and top-right, O is placed in the top-center and bottom-right",_|O|X|_|_|_|X|_|O,2,"bottom-left, top-right",2,"top-center, bottom-right"
2616,3,"X occupies the top-left and top-right, O occupies the bottom-left and bottom-center",X|_|X|_|_|_|O|O|_,2,"top-left, top-right",2,"bottom-left, bottom-center"
2617,2,"X has played in the middle-left and bottom-right, O has played in the bottom-center",_|_|_|X|_|_|_|O|X,2,"middle-left, bottom-right",1,bottom-center
2618,5,"X marks the center, the top-right, the bottom-left, and the middle-left, O marks the top-left, the bottom-right, and the middle-right",O|_|X|X|X|O|X|_|O,4,"center, top-right, bottom-left, middle-left",3,"top-left, bottom-right, middle-right"
2619,2,"X has played in the bottom-right, the middle-right, and the bottom-center, O has played in the middle-left, the center, and the top-left",O|_|_|O|O|X|_|X|X,3,"bottom-right, middle-right, bottom-center",3,"middle-left, center, top-left"
2620,3,"X occupies the middle-left and center, O occupies the bottom-left and middle-right",_|_|_|X|X|O|O|_|_,2,"middle-left, center",2,"bottom-left, middle-right"
2621,2,"X has played in the top-left and bottom-center, O has played in the center and top-right",X|_|O|_|O|_|_|X|_,2,"top-left, bottom-center",2,"center, top-right"
2622,5,"X marks the middle-left, O marks the top-center",_|O|_|X|_|_|_|_|_,1,middle-left,1,top-center
2623,4,"X is placed in the bottom-center, the center, the middle-left, and the bottom-right, O is placed in the top-center, the top-left, the bottom-left, and the middle-right",O|O|_|X|X|O|O|X|X,4,"bottom-center, center, middle-left, bottom-right",4,"top-center, top-left, bottom-left, middle-right"
2624,1,"X is in the bottom-right, the bottom-center, the top-right, and the top-left, O is in the middle-right, the bottom-left, the middle-left, and the top-center",X|O|X|O|_|O|O|X|X,4,"bottom-right, bottom-center, top-right, top-left",4,"middle-right, bottom-left, middle-left, top-center"
2625,4,"X is placed in the top-center, the top-left, and the bottom-right, O is placed in the center, the middle-left, and the bottom-left",X|X|_|O|O|_|O|_|X,3,"top-center, top-left, bottom-right",3,"center, middle-left, bottom-left"
2626,4,"X is placed in the bottom-left, the center, the bottom-center, the top-right, and the top-center, O is placed in the middle-left, the middle-right, the top-left, and the bottom-right",O|X|X|O|X|O|X|X|O,5,"bottom-left, center, bottom-center, top-right, top-center",4,"middle-left, middle-right, top-left, bottom-right"
2627,3,"X occupies the bottom-right, the middle-right, the middle-left, the center, and the top-center, O occupies the bottom-left, the top-left, the bottom-center, and the top-right",O|X|O|X|X|X|O|O|X,5,"bottom-right, middle-right, middle-left, center, top-center",4,"bottom-left, top-left, bottom-center, top-right"
2628,4,"X is placed in the top-center and top-right, O is placed in the bottom-right and center",_|X|X|_|O|_|_|_|O,2,"top-center, top-right",2,"bottom-right, center"
2629,1,"X is in the top-right, the top-center, the bottom-left, and the middle-right, O is in the bottom-right, the center, the middle-left, and the top-left",O|X|X|O|O|X|X|_|O,4,"top-right, top-center, bottom-left, middle-right",4,"bottom-right, center, middle-left, top-left"
2630,3,"X occupies the bottom-center and bottom-right, O occupies the top-right",_|_|O|_|_|_|_|X|X,2,"bottom-center, bottom-right",1,top-right
2631,1,"X is in the middle-right, the top-center, and the middle-left, O is in the bottom-center, the top-right, and the bottom-right",_|X|O|X|_|X|_|O|O,3,"middle-right, top-center, middle-left",3,"bottom-center, top-right, bottom-right"
2632,5,"X marks the bottom-right, the top-center, the bottom-left, and the middle-left, O marks the top-left, the middle-right, the bottom-center, and the center",O|X|_|X|O|O|X|O|X,4,"bottom-right, top-center, bottom-left, middle-left",4,"top-left, middle-right, bottom-center, center"
2633,5,"X marks the middle-left, the bottom-left, and the top-right, O marks the center and bottom-center",_|_|X|X|O|_|X|O|_,3,"middle-left, bottom-left, top-right",2,"center, bottom-center"
2634,4,"X is placed in the middle-left, the bottom-center, the top-left, and the bottom-left, O is placed in the center, the top-right, and the top-center",X|O|O|X|O|_|X|X|_,4,"middle-left, bottom-center, top-left, bottom-left",3,"center, top-right, top-center"
2635,2,"X has played in the top-right and middle-right, O has played in the bottom-center and bottom-left",_|_|X|_|_|X|O|O|_,2,"top-right, middle-right",2,"bottom-center, bottom-left"
2636,2,"X has played in the bottom-center, the top-right, the top-left, and the center, O has played in the top-center, the middle-right, the middle-left, and the bottom-left",X|O|X|O|X|O|O|X|_,4,"bottom-center, top-right, top-left, center",4,"top-center, middle-right, middle-left, bottom-left"
2637,3,"X occupies the top-left and middle-right, O occupies the center and top-right",X|_|O|_|O|X|_|_|_,2,"top-left, middle-right",2,"center, top-right"
2638,5,"X marks the top-right, O marks the middle-right",_|_|X|_|_|O|_|_|_,1,top-right,1,middle-right
2639,4,"X is placed in the bottom-center, the bottom-left, the top-left, the middle-left, and the top-right, O is placed in the middle-right, the top-center, the bottom-right, and the center",X|O|X|X|O|O|X|X|O,5,"bottom-center, bottom-left, top-left, middle-left, top-right",4,"middle-right, top-center, bottom-right, center"
2640,3,"X occupies the middle-left, the bottom-left, and the center, O occupies the bottom-center and top-left",O|_|_|X|X|_|X|O|_,3,"middle-left, bottom-left, center",2,"bottom-center, top-left"
2641,2,"X has played in the bottom-right and middle-left, O has played in the top-center",_|O|_|X|_|_|_|_|X,2,"bottom-right, middle-left",1,top-center
2642,1,"X is in the bottom-left, the bottom-center, the bottom-right, and the top-right, O is in the center, the top-center, the top-left, and the middle-left",O|O|X|O|O|_|X|X|X,4,"bottom-left, bottom-center, bottom-right, top-right",4,"center, top-center, top-left, middle-left"
2643,3,"X occupies the bottom-center, the top-right, the top-left, the bottom-right, and the center, O occupies the middle-left, the middle-right, the top-center, and the bottom-left",X|O|X|O|X|O|O|X|X,5,"bottom-center, top-right, top-left, bottom-right, center",4,"middle-left, middle-right, top-center, bottom-left"
2644,3,"X occupies the bottom-center, O occupies the top-left",O|_|_|_|_|_|_|X|_,1,bottom-center,1,top-left
2645,3,"X occupies the middle-left and bottom-left, O occupies the bottom-right",_|_|_|X|_|_|X|_|O,2,"middle-left, bottom-left",1,bottom-right
2646,2,"X has played in the bottom-left, the bottom-right, the top-center, the middle-right, and the top-left, O has played in the bottom-center, the top-right, the center, and the middle-left",X|X|O|O|O|X|X|O|X,5,"bottom-left, bottom-right, top-center, middle-right, top-left",4,"bottom-center, top-right, center, middle-left"
2647,4,"X is placed in the middle-left, the bottom-center, and the middle-right, O is placed in the bottom-right and top-left",O|_|_|X|_|X|_|X|O,3,"middle-left, bottom-center, middle-right",2,"bottom-right, top-left"
2648,3,"X occupies the bottom-right and top-left, O occupies the bottom-left",X|_|_|_|_|_|O|_|X,2,"bottom-right, top-left",1,bottom-left
2649,5,"X marks the middle-right, the bottom-center, the middle-left, and the bottom-right, O marks the top-center, the bottom-left, and the center",_|O|_|X|O|X|O|X|X,4,"middle-right, bottom-center, middle-left, bottom-right",3,"top-center, bottom-left, center"
2650,3,"X occupies the bottom-left, the center, the middle-left, the top-center, and the top-right, O occupies the top-left, the bottom-right, the middle-right, and the bottom-center",O|X|X|X|X|O|X|O|O,5,"bottom-left, center, middle-left, top-center, top-right",4,"top-left, bottom-right, middle-right, bottom-center"
2651,2,"X has played in the bottom-left, the middle-right, the middle-left, and the top-left, O has played in the center, the bottom-center, the top-center, and the bottom-right",X|O|_|X|O|X|X|O|O,4,"bottom-left, middle-right, middle-left, top-left",4,"center, bottom-center, top-center, bottom-right"
2652,3,"X occupies the top-right, the bottom-right, the center, the middle-left, and the bottom-center, O occupies the top-left, the top-center, the middle-right, and the bottom-left",O|O|X|X|X|O|O|X|X,5,"top-right, bottom-right, center, middle-left, bottom-center",4,"top-left, top-center, middle-right, bottom-left"
2653,3,"X occupies the bottom-right, the bottom-center, the top-left, the top-center, and the middle-left, O occupies the bottom-left, the center, the top-right, and the middle-right",X|X|O|X|O|O|O|X|X,5,"bottom-right, bottom-center, top-left, top-center, middle-left",4,"bottom-left, center, top-right, middle-right"
2654,3,"X occupies the middle-right, the top-right, and the bottom-left, O occupies the top-left and center",O|_|X|_|O|X|X|_|_,3,"middle-right, top-right, bottom-left",2,"top-left, center"
2655,2,"X has played in the top-left, the middle-right, the bottom-left, and the top-center, O has played in the bottom-center, the bottom-right, the middle-left, and the top-right",X|X|O|O|_|X|X|O|O,4,"top-left, middle-right, bottom-left, top-center",4,"bottom-center, bottom-right, middle-left, top-right"
2656,2,"X has played in the top-left, the bottom-left, the middle-left, and the top-center, O has played in the middle-right, the bottom-right, and the bottom-center",X|X|_|X|_|O|X|O|O,4,"top-left, bottom-left, middle-left, top-center",3,"middle-right, bottom-right, bottom-center"
2657,3,"X occupies the top-left, the bottom-left, the top-right, the top-center, and the middle-right, O occupies the center, the bottom-center, the middle-left, and the bottom-right",X|X|X|O|O|X|X|O|O,5,"top-left, bottom-left, top-right, top-center, middle-right",4,"center, bottom-center, middle-left, bottom-right"
2658,3,"X occupies the bottom-right and top-center, O occupies the middle-right and top-right",_|X|O|_|_|O|_|_|X,2,"bottom-right, top-center",2,"middle-right, top-right"
2659,3,"X occupies the middle-left, the top-left, the bottom-left, the center, and the bottom-right, O occupies the top-right, the top-center, the middle-right, and the bottom-center",X|O|O|X|X|O|X|O|X,5,"middle-left, top-left, bottom-left, center, bottom-right",4,"top-right, top-center, middle-right, bottom-center"
2660,4,"X is placed in the bottom-right and center, O is placed in the middle-right and top-left",O|_|_|_|X|O|_|_|X,2,"bottom-right, center",2,"middle-right, top-left"
2661,4,"X is placed in the center, the middle-left, the middle-right, the top-left, and the bottom-center, O is placed in the bottom-right, the top-right, the top-center, and the bottom-left",X|O|O|X|X|X|O|X|O,5,"center, middle-left, middle-right, top-left, bottom-center",4,"bottom-right, top-right, top-center, bottom-left"
2662,3,"X occupies the middle-left, the bottom-center, the bottom-left, the middle-right, and the center, O occupies the top-right, the top-center, the top-left, and the bottom-right",O|O|O|X|X|X|X|X|O,5,"middle-left, bottom-center, bottom-left, middle-right, center",4,"top-right, top-center, top-left, bottom-right"
2663,1,"X is in the bottom-center, the top-right, the bottom-left, the bottom-right, and the middle-left, O is in the top-center, the center, the middle-right, and the top-left",O|O|X|X|O|O|X|X|X,5,"bottom-center, top-right, bottom-left, bottom-right, middle-left",4,"top-center, center, middle-right, top-left"
2664,1,"X is in the top-left, the top-right, the middle-right, and the top-center, O is in the middle-left, the bottom-left, the bottom-right, and the center",X|X|X|O|O|X|O|_|O,4,"top-left, top-right, middle-right, top-center",4,"middle-left, bottom-left, bottom-right, center"
2665,3,"X occupies the bottom-right, O occupies the bottom-center",_|_|_|_|_|_|_|O|X,1,bottom-right,1,bottom-center
2666,3,"X occupies the top-right, the middle-left, and the middle-right, O occupies the top-left and bottom-right",O|_|X|X|_|X|_|_|O,3,"top-right, middle-left, middle-right",2,"top-left, bottom-right"
2667,4,"X is placed in the top-center, the top-left, and the middle-right, O is placed in the middle-left, the bottom-center, and the bottom-left",X|X|_|O|_|X|O|O|_,3,"top-center, top-left, middle-right",3,"middle-left, bottom-center, bottom-left"
2668,1,"X is in the bottom-center, the top-left, the bottom-left, the middle-right, and the bottom-right, O is in the top-right, the top-center, the center, and the middle-left",X|O|O|O|O|X|X|X|X,5,"bottom-center, top-left, bottom-left, middle-right, bottom-right",4,"top-right, top-center, center, middle-left"
2669,3,"X occupies the top-right and bottom-left, O occupies the bottom-right",_|_|X|_|_|_|X|_|O,2,"top-right, bottom-left",1,bottom-right
2670,2,"X has played in the middle-left, the bottom-left, the bottom-center, and the center, O has played in the top-right, the top-left, the bottom-right, and the middle-right",O|_|O|X|X|O|X|X|O,4,"middle-left, bottom-left, bottom-center, center",4,"top-right, top-left, bottom-right, middle-right"
2671,4,"X is placed in the middle-left, the bottom-left, the center, the middle-right, and the bottom-right, O is placed in the top-center, the top-left, the top-right, and the bottom-center",O|O|O|X|X|X|X|O|X,5,"middle-left, bottom-left, center, middle-right, bottom-right",4,"top-center, top-left, top-right, bottom-center"
2672,1,"X is in the bottom-right and bottom-center, O is in the middle-right",_|_|_|_|_|O|_|X|X,2,"bottom-right, bottom-center",1,middle-right
2673,4,"X is placed in the bottom-left and bottom-right, O is placed in the top-left",O|_|_|_|_|_|X|_|X,2,"bottom-left, bottom-right",1,top-left
2674,1,"X is in the center, the top-right, the top-left, and the bottom-left, O is in the top-center, the middle-left, the bottom-center, and the bottom-right",X|O|X|O|X|_|X|O|O,4,"center, top-right, top-left, bottom-left",4,"top-center, middle-left, bottom-center, bottom-right"
2675,5,"X marks the bottom-right and bottom-left, O marks the top-center and top-right",_|O|O|_|_|_|X|_|X,2,"bottom-right, bottom-left",2,"top-center, top-right"
2676,3,"X occupies the top-center, the middle-left, the bottom-left, the middle-right, and the center, O occupies the top-left, the top-right, the bottom-right, and the bottom-center",O|X|O|X|X|X|X|O|O,5,"top-center, middle-left, bottom-left, middle-right, center",4,"top-left, top-right, bottom-right, bottom-center"
2677,2,"X has played in the top-left and middle-left, O has played in the bottom-left and bottom-center",X|_|_|X|_|_|O|O|_,2,"top-left, middle-left",2,"bottom-left, bottom-center"
2678,5,"X marks the top-right, O marks the bottom-right",_|_|X|_|_|_|_|_|O,1,top-right,1,bottom-right
2679,4,"X is placed in the bottom-center, O is placed in the bottom-right",_|_|_|_|_|_|_|X|O,1,bottom-center,1,bottom-right
2680,3,"X occupies the middle-right, the middle-left, the bottom-right, the top-center, and the bottom-left, O occupies the center, the top-right, the bottom-center, and the top-left",O|X|O|X|O|X|X|O|X,5,"middle-right, middle-left, bottom-right, top-center, bottom-left",4,"center, top-right, bottom-center, top-left"
2681,3,"X occupies the top-right, the middle-left, and the center, O occupies the bottom-right, the middle-right, and the bottom-left",_|_|X|X|X|O|O|_|O,3,"top-right, middle-left, center",3,"bottom-right, middle-right, bottom-left"
2682,1,"X is in the bottom-center, the top-right, the center, the bottom-right, and the bottom-left, O is in the top-center, the top-left, the middle-right, and the middle-left",O|O|X|O|X|O|X|X|X,5,"bottom-center, top-right, center, bottom-right, bottom-left",4,"top-center, top-left, middle-right, middle-left"
2683,3,"X occupies the bottom-center, the center, and the top-center, O occupies the top-right, the middle-left, and the top-left",O|X|O|O|X|_|_|X|_,3,"bottom-center, center, top-center",3,"top-right, middle-left, top-left"
2684,2,"X has played in the top-center, the top-left, and the bottom-center, O has played in the middle-right and bottom-left",X|X|_|_|_|O|O|X|_,3,"top-center, top-left, bottom-center",2,"middle-right, bottom-left"
2685,5,"X marks the bottom-left, the top-left, the middle-left, and the middle-right, O marks the bottom-right, the bottom-center, and the top-center",X|O|_|X|_|X|X|O|O,4,"bottom-left, top-left, middle-left, middle-right",3,"bottom-right, bottom-center, top-center"
2686,1,"X is in the center, the bottom-right, and the bottom-center, O is in the middle-left and top-right",_|_|O|O|X|_|_|X|X,3,"center, bottom-right, bottom-center",2,"middle-left, top-right"
2687,4,"X is placed in the middle-right, the top-left, the center, the bottom-center, and the middle-left, O is placed in the bottom-left, the top-right, the bottom-right, and the top-center",X|O|O|X|X|X|O|X|O,5,"middle-right, top-left, center, bottom-center, middle-left",4,"bottom-left, top-right, bottom-right, top-center"
2688,4,"X is placed in the bottom-right and middle-right, O is placed in the top-left and top-center",O|O|_|_|_|X|_|_|X,2,"bottom-right, middle-right",2,"top-left, top-center"
2689,4,"X is placed in the bottom-right, the middle-right, and the bottom-center, O is placed in the bottom-left and top-center",_|O|_|_|_|X|O|X|X,3,"bottom-right, middle-right, bottom-center",2,"bottom-left, top-center"
2690,2,"X has played in the bottom-right, the center, the middle-left, the top-right, and the top-left, O has played in the bottom-center, the middle-right, the bottom-left, and the top-center",X|O|X|X|X|O|O|O|X,5,"bottom-right, center, middle-left, top-right, top-left",4,"bottom-center, middle-right, bottom-left, top-center"
2691,1,"X is in the middle-left, the bottom-right, the middle-right, the top-right, and the bottom-left, O is in the center, the top-left, the top-center, and the bottom-center",O|O|X|X|O|X|X|O|X,5,"middle-left, bottom-right, middle-right, top-right, bottom-left",4,"center, top-left, top-center, bottom-center"
2692,2,"X has played in the bottom-right, the bottom-center, the top-right, and the top-center, O has played in the middle-left, the center, and the top-left",O|X|X|O|O|_|_|X|X,4,"bottom-right, bottom-center, top-right, top-center",3,"middle-left, center, top-left"
2693,3,"X occupies the middle-right, the center, and the top-right, O occupies the bottom-right, the bottom-left, and the bottom-center",_|_|X|_|X|X|O|O|O,3,"middle-right, center, top-right",3,"bottom-right, bottom-left, bottom-center"
2694,1,"X is in the bottom-left and bottom-center, O is in the bottom-right and middle-left",_|_|_|O|_|_|X|X|O,2,"bottom-left, bottom-center",2,"bottom-right, middle-left"
2695,4,"X is placed in the top-center, the bottom-center, the bottom-left, the top-right, and the top-left, O is placed in the center, the bottom-right, the middle-right, and the middle-left",X|X|X|O|O|O|X|X|O,5,"top-center, bottom-center, bottom-left, top-right, top-left",4,"center, bottom-right, middle-right, middle-left"
2696,5,"X marks the bottom-right, O marks the top-center",_|O|_|_|_|_|_|_|X,1,bottom-right,1,top-center
2697,5,"X marks the middle-left, the center, the top-left, and the middle-right, O marks the bottom-center, the bottom-right, and the top-right",X|_|O|X|X|X|_|O|O,4,"middle-left, center, top-left, middle-right",3,"bottom-center, bottom-right, top-right"
2698,2,"X has played in the bottom-left, the top-center, the middle-left, the top-left, and the top-right, O has played in the bottom-right, the middle-right, the center, and the bottom-center",X|X|X|X|O|O|X|O|O,5,"bottom-left, top-center, middle-left, top-left, top-right",4,"bottom-right, middle-right, center, bottom-center"
2699,2,"X has played in the top-center, the top-left, and the bottom-left, O has played in the bottom-right, the bottom-center, and the top-right",X|X|O|_|_|_|X|O|O,3,"top-center, top-left, bottom-left",3,"bottom-right, bottom-center, top-right"
2700,2,"X has played in the top-left, the middle-right, the center, and the top-right, O has played in the top-center, the middle-left, and the bottom-left",X|O|X|O|X|X|O|_|_,4,"top-left, middle-right, center, top-right",3,"top-center, middle-left, bottom-left"
2701,3,"X occupies the bottom-left, the bottom-center, and the bottom-right, O occupies the top-right and top-left",O|_|O|_|_|_|X|X|X,3,"bottom-left, bottom-center, bottom-right",2,"top-right, top-left"
2702,2,"X has played in the middle-left, the bottom-right, the bottom-center, and the top-center, O has played in the top-right, the middle-right, the center, and the top-left",O|X|O|X|O|O|_|X|X,4,"middle-left, bottom-right, bottom-center, top-center",4,"top-right, middle-right, center, top-left"
2703,5,"X marks the top-left, the top-center, the bottom-left, and the bottom-right, O marks the top-right, the middle-right, and the bottom-center",X|X|O|_|_|O|X|O|X,4,"top-left, top-center, bottom-left, bottom-right",3,"top-right, middle-right, bottom-center"
2704,1,"X is in the top-center, the middle-left, and the top-left, O is in the top-right and bottom-center",X|X|O|X|_|_|_|O|_,3,"top-center, middle-left, top-left",2,"top-right, bottom-center"
2705,1,"X is in the middle-left, the bottom-left, the top-left, and the middle-right, O is in the center, the bottom-right, the bottom-center, and the top-center",X|O|_|X|O|X|X|O|O,4,"middle-left, bottom-left, top-left, middle-right",4,"center, bottom-right, bottom-center, top-center"
2706,2,"X has played in the bottom-right, the bottom-center, the center, and the bottom-left, O has played in the middle-left, the top-center, and the middle-right",_|O|_|O|X|O|X|X|X,4,"bottom-right, bottom-center, center, bottom-left",3,"middle-left, top-center, middle-right"
2707,2,"X has played in the center, the bottom-left, the bottom-right, and the middle-right, O has played in the top-left, the top-center, and the bottom-center",O|O|_|_|X|X|X|O|X,4,"center, bottom-left, bottom-right, middle-right",3,"top-left, top-center, bottom-center"
2708,4,"X is placed in the center, the middle-right, and the bottom-left, O is placed in the middle-left and top-left",O|_|_|O|X|X|X|_|_,3,"center, middle-right, bottom-left",2,"middle-left, top-left"
2709,2,"X has played in the bottom-left and top-left, O has played in the top-center",X|O|_|_|_|_|X|_|_,2,"bottom-left, top-left",1,top-center
2710,5,"X marks the bottom-center and top-left, O marks the middle-right",X|_|_|_|_|O|_|X|_,2,"bottom-center, top-left",1,middle-right
2711,3,"X occupies the top-center and center, O occupies the bottom-left and bottom-right",_|X|_|_|X|_|O|_|O,2,"top-center, center",2,"bottom-left, bottom-right"
2712,4,"X is placed in the top-center, the bottom-left, the top-left, the middle-left, and the center, O is placed in the bottom-right, the top-right, the bottom-center, and the middle-right",X|X|O|X|X|O|X|O|O,5,"top-center, bottom-left, top-left, middle-left, center",4,"bottom-right, top-right, bottom-center, middle-right"
2713,4,"X is placed in the top-left, the middle-right, the top-center, the bottom-left, and the top-right, O is placed in the middle-left, the bottom-center, the bottom-right, and the center",X|X|X|O|O|X|X|O|O,5,"top-left, middle-right, top-center, bottom-left, top-right",4,"middle-left, bottom-center, bottom-right, center"
2714,4,"X is placed in the top-right, the top-left, the middle-left, the bottom-left, and the bottom-center, O is placed in the top-center, the bottom-right, the middle-right, and the center",X|O|X|X|O|O|X|X|O,5,"top-right, top-left, middle-left, bottom-left, bottom-center",4,"top-center, bottom-right, middle-right, center"
2715,1,"X is in the bottom-right and middle-left, O is in the center",_|_|_|X|O|_|_|_|X,2,"bottom-right, middle-left",1,center
2716,5,"X marks the bottom-right, the top-right, and the center, O marks the middle-left and bottom-center",_|_|X|O|X|_|_|O|X,3,"bottom-right, top-right, center",2,"middle-left, bottom-center"
2717,1,"X is in the top-left, the top-center, the center, and the top-right, O is in the bottom-right, the bottom-center, and the middle-left",X|X|X|O|X|_|_|O|O,4,"top-left, top-center, center, top-right",3,"bottom-right, bottom-center, middle-left"
2718,3,"X occupies the middle-right, the top-left, and the center, O occupies the bottom-center, the middle-left, and the bottom-right",X|_|_|O|X|X|_|O|O,3,"middle-right, top-left, center",3,"bottom-center, middle-left, bottom-right"
2719,5,"X marks the top-left, the middle-right, the top-center, and the middle-left, O marks the center, the bottom-left, the bottom-center, and the bottom-right",X|X|_|X|O|X|O|O|O,4,"top-left, middle-right, top-center, middle-left",4,"center, bottom-left, bottom-center, bottom-right"
2720,3,"X occupies the middle-right, the top-left, the bottom-right, and the top-center, O occupies the bottom-left, the top-right, and the center",X|X|O|_|O|X|O|_|X,4,"middle-right, top-left, bottom-right, top-center",3,"bottom-left, top-right, center"
2721,1,"X is in the center and top-left, O is in the top-right and middle-left",X|_|O|O|X|_|_|_|_,2,"center, top-left",2,"top-right, middle-left"
2722,4,"X is placed in the middle-right, the bottom-center, and the top-center, O is placed in the top-right, the middle-left, and the bottom-right",_|X|O|O|_|X|_|X|O,3,"middle-right, bottom-center, top-center",3,"top-right, middle-left, bottom-right"
2723,1,"X is in the top-right and bottom-left, O is in the bottom-center and middle-left",_|_|X|O|_|_|X|O|_,2,"top-right, bottom-left",2,"bottom-center, middle-left"
2724,1,"X is in the bottom-right and top-center, O is in the bottom-left and center",_|X|_|_|O|_|O|_|X,2,"bottom-right, top-center",2,"bottom-left, center"
2725,1,"X is in the top-right, the top-left, the center, and the middle-left, O is in the bottom-left, the top-center, the bottom-center, and the bottom-right",X|O|X|X|X|_|O|O|O,4,"top-right, top-left, center, middle-left",4,"bottom-left, top-center, bottom-center, bottom-right"
2726,3,"X occupies the middle-right, the top-right, the top-left, the middle-left, and the center, O occupies the top-center, the bottom-left, the bottom-right, and the bottom-center",X|O|X|X|X|X|O|O|O,5,"middle-right, top-right, top-left, middle-left, center",4,"top-center, bottom-left, bottom-right, bottom-center"
2727,1,"X is in the top-center, the top-right, the middle-left, the bottom-right, and the bottom-center, O is in the center, the top-left, the bottom-left, and the middle-right",O|X|X|X|O|O|O|X|X,5,"top-center, top-right, middle-left, bottom-right, bottom-center",4,"center, top-left, bottom-left, middle-right"
2728,1,"X is in the top-left, the middle-right, the top-right, the middle-left, and the top-center, O is in the bottom-right, the center, the bottom-center, and the bottom-left",X|X|X|X|O|X|O|O|O,5,"top-left, middle-right, top-right, middle-left, top-center",4,"bottom-right, center, bottom-center, bottom-left"
2729,1,"X is in the bottom-left, the center, the top-left, the bottom-right, and the bottom-center, O is in the middle-right, the top-center, the middle-left, and the top-right",X|O|O|O|X|O|X|X|X,5,"bottom-left, center, top-left, bottom-right, bottom-center",4,"middle-right, top-center, middle-left, top-right"
2730,4,"X is placed in the middle-right, the bottom-right, the top-left, the bottom-left, and the middle-left, O is placed in the top-right, the center, the top-center, and the bottom-center",X|O|O|X|O|X|X|O|X,5,"middle-right, bottom-right, top-left, bottom-left, middle-left",4,"top-right, center, top-center, bottom-center"
2731,3,"X occupies the bottom-center, the top-right, and the bottom-left, O occupies the center, the top-center, and the middle-left",_|O|X|O|O|_|X|X|_,3,"bottom-center, top-right, bottom-left",3,"center, top-center, middle-left"
2732,4,"X is placed in the bottom-center, the top-center, and the top-left, O is placed in the center, the top-right, and the middle-right",X|X|O|_|O|O|_|X|_,3,"bottom-center, top-center, top-left",3,"center, top-right, middle-right"
2733,1,"X is in the top-right, the middle-right, and the bottom-right, O is in the center, the bottom-center, and the bottom-left",_|_|X|_|O|X|O|O|X,3,"top-right, middle-right, bottom-right",3,"center, bottom-center, bottom-left"
2734,5,"X marks the bottom-right, the top-center, the middle-right, and the center, O marks the top-left, the middle-left, and the bottom-center",O|X|_|O|X|X|_|O|X,4,"bottom-right, top-center, middle-right, center",3,"top-left, middle-left, bottom-center"
2735,5,"X marks the top-left, the bottom-right, the bottom-left, the center, and the middle-left, O marks the top-right, the top-center, the middle-right, and the bottom-center",X|O|O|X|X|O|X|O|X,5,"top-left, bottom-right, bottom-left, center, middle-left",4,"top-right, top-center, middle-right, bottom-center"
2736,4,"X is placed in the middle-right and top-center, O is placed in the bottom-left",_|X|_|_|_|X|O|_|_,2,"middle-right, top-center",1,bottom-left
2737,5,"X marks the bottom-right, the middle-left, the center, and the bottom-left, O marks the top-right, the top-center, and the middle-right",_|O|O|X|X|O|X|_|X,4,"bottom-right, middle-left, center, bottom-left",3,"top-right, top-center, middle-right"
2738,1,"X is in the top-center, the bottom-center, and the top-left, O is in the middle-left, the bottom-left, and the middle-right",X|X|_|O|_|O|O|X|_,3,"top-center, bottom-center, top-left",3,"middle-left, bottom-left, middle-right"
2739,1,"X is in the middle-right, the top-center, the bottom-center, the middle-left, and the bottom-left, O is in the top-left, the center, the top-right, and the bottom-right",O|X|O|X|O|X|X|X|O,5,"middle-right, top-center, bottom-center, middle-left, bottom-left",4,"top-left, center, top-right, bottom-right"
2740,2,"X has played in the top-left, the top-center, the bottom-left, and the bottom-center, O has played in the center, the top-right, and the middle-right",X|X|O|_|O|O|X|X|_,4,"top-left, top-center, bottom-left, bottom-center",3,"center, top-right, middle-right"
2741,4,"X is placed in the bottom-center, the bottom-left, and the middle-right, O is placed in the middle-left and bottom-right",_|_|_|O|_|X|X|X|O,3,"bottom-center, bottom-left, middle-right",2,"middle-left, bottom-right"
2742,1,"X is in the middle-left and center, O is in the bottom-center and middle-right",_|_|_|X|X|O|_|O|_,2,"middle-left, center",2,"bottom-center, middle-right"
2743,5,"X marks the bottom-center, the top-right, the middle-left, and the bottom-right, O marks the middle-right, the top-center, and the top-left",O|O|X|X|_|O|_|X|X,4,"bottom-center, top-right, middle-left, bottom-right",3,"middle-right, top-center, top-left"
2744,1,"X is in the bottom-center, the middle-left, the center, the top-right, and the bottom-left, O is in the top-left, the middle-right, the top-center, and the bottom-right",O|O|X|X|X|O|X|X|O,5,"bottom-center, middle-left, center, top-right, bottom-left",4,"top-left, middle-right, top-center, bottom-right"
2745,1,"X is in the top-center, the bottom-center, the middle-right, and the middle-left, O is in the bottom-right, the center, the top-left, and the top-right",O|X|O|X|O|X|_|X|O,4,"top-center, bottom-center, middle-right, middle-left",4,"bottom-right, center, top-left, top-right"
2746,3,"X occupies the bottom-center, the center, the middle-right, the bottom-left, and the middle-left, O occupies the bottom-right, the top-center, the top-right, and the top-left",O|O|O|X|X|X|X|X|O,5,"bottom-center, center, middle-right, bottom-left, middle-left",4,"bottom-right, top-center, top-right, top-left"
2747,1,"X is in the bottom-center, the top-center, and the top-right, O is in the bottom-right, the bottom-left, and the top-left",O|X|X|_|_|_|O|X|O,3,"bottom-center, top-center, top-right",3,"bottom-right, bottom-left, top-left"
2748,4,"X is placed in the bottom-left and center, O is placed in the top-left and middle-right",O|_|_|_|X|O|X|_|_,2,"bottom-left, center",2,"top-left, middle-right"
2749,5,"X marks the middle-right, the middle-left, the bottom-left, the top-right, and the bottom-center, O marks the top-left, the bottom-right, the top-center, and the center",O|O|X|X|O|X|X|X|O,5,"middle-right, middle-left, bottom-left, top-right, bottom-center",4,"top-left, bottom-right, top-center, center"
2750,3,"X occupies the center, the bottom-center, and the top-left, O occupies the top-right and bottom-right",X|_|O|_|X|_|_|X|O,3,"center, bottom-center, top-left",2,"top-right, bottom-right"
2751,2,"X has played in the top-left and top-right, O has played in the middle-right",X|_|X|_|_|O|_|_|_,2,"top-left, top-right",1,middle-right
2752,2,"X has played in the top-left, the top-right, and the middle-left, O has played in the bottom-right and center",X|_|X|X|O|_|_|_|O,3,"top-left, top-right, middle-left",2,"bottom-right, center"
2753,5,"X marks the top-right, the bottom-left, the bottom-center, the middle-right, and the bottom-right, O marks the top-left, the top-center, the middle-left, and the center",O|O|X|O|O|X|X|X|X,5,"top-right, bottom-left, bottom-center, middle-right, bottom-right",4,"top-left, top-center, middle-left, center"
2754,2,"X has played in the middle-right, the bottom-right, and the bottom-left, O has played in the center and top-left",O|_|_|_|O|X|X|_|X,3,"middle-right, bottom-right, bottom-left",2,"center, top-left"
2755,1,"X is in the center, the middle-left, and the bottom-center, O is in the bottom-left, the middle-right, and the top-right",_|_|O|X|X|O|O|X|_,3,"center, middle-left, bottom-center",3,"bottom-left, middle-right, top-right"
2756,5,"X marks the bottom-center, the top-right, and the center, O marks the middle-right and bottom-left",_|_|X|_|X|O|O|X|_,3,"bottom-center, top-right, center",2,"middle-right, bottom-left"
2757,1,"X is in the bottom-right, the bottom-center, the middle-right, and the middle-left, O is in the center, the top-center, and the top-left",O|O|_|X|O|X|_|X|X,4,"bottom-right, bottom-center, middle-right, middle-left",3,"center, top-center, top-left"
2758,2,"X has played in the middle-right, the bottom-center, and the middle-left, O has played in the bottom-right, the top-left, and the bottom-left",O|_|_|X|_|X|O|X|O,3,"middle-right, bottom-center, middle-left",3,"bottom-right, top-left, bottom-left"
2759,2,"X has played in the middle-right and center, O has played in the bottom-center and bottom-left",_|_|_|_|X|X|O|O|_,2,"middle-right, center",2,"bottom-center, bottom-left"
2760,3,"X occupies the bottom-left, the bottom-center, and the bottom-right, O occupies the middle-right, the top-right, and the center",_|_|O|_|O|O|X|X|X,3,"bottom-left, bottom-center, bottom-right",3,"middle-right, top-right, center"
2761,2,"X has played in the center, the top-right, the bottom-right, and the middle-right, O has played in the middle-left, the top-center, the top-left, and the bottom-center",O|O|X|O|X|X|_|O|X,4,"center, top-right, bottom-right, middle-right",4,"middle-left, top-center, top-left, bottom-center"
2762,5,"X marks the middle-right, the middle-left, the bottom-right, and the center, O marks the top-left, the bottom-left, and the top-center",O|O|_|X|X|X|O|_|X,4,"middle-right, middle-left, bottom-right, center",3,"top-left, bottom-left, top-center"
2763,3,"X occupies the bottom-center and middle-left, O occupies the center",_|_|_|X|O|_|_|X|_,2,"bottom-center, middle-left",1,center
2764,5,"X marks the middle-left, the bottom-right, the top-right, and the bottom-left, O marks the bottom-center, the top-left, and the top-center",O|O|X|X|_|_|X|O|X,4,"middle-left, bottom-right, top-right, bottom-left",3,"bottom-center, top-left, top-center"
2765,2,"X has played in the bottom-left, the middle-right, and the bottom-center, O has played in the bottom-right, the top-right, and the middle-left",_|_|O|O|_|X|X|X|O,3,"bottom-left, middle-right, bottom-center",3,"bottom-right, top-right, middle-left"
2766,3,"X occupies the top-center, the middle-left, the center, the top-right, and the bottom-center, O occupies the top-left, the bottom-right, the bottom-left, and the middle-right",O|X|X|X|X|O|O|X|O,5,"top-center, middle-left, center, top-right, bottom-center",4,"top-left, bottom-right, bottom-left, middle-right"
2767,1,"X is in the top-right, the bottom-center, and the middle-left, O is in the bottom-right, the middle-right, and the center",_|_|X|X|O|O|_|X|O,3,"top-right, bottom-center, middle-left",3,"bottom-right, middle-right, center"
2768,5,"X marks the top-left, the bottom-right, the top-center, and the middle-left, O marks the middle-right, the top-right, and the center",X|X|O|X|O|O|_|_|X,4,"top-left, bottom-right, top-center, middle-left",3,"middle-right, top-right, center"
2769,1,"X is in the bottom-left, the top-right, the middle-right, the middle-left, and the bottom-right, O is in the center, the top-left, the bottom-center, and the top-center",O|O|X|X|O|X|X|O|X,5,"bottom-left, top-right, middle-right, middle-left, bottom-right",4,"center, top-left, bottom-center, top-center"
2770,1,"X is in the top-right, O is in the middle-left",_|_|X|O|_|_|_|_|_,1,top-right,1,middle-left
2771,3,"X occupies the bottom-right, the middle-right, and the bottom-left, O occupies the top-right, the bottom-center, and the middle-left",_|_|O|O|_|X|X|O|X,3,"bottom-right, middle-right, bottom-left",3,"top-right, bottom-center, middle-left"
2772,5,"X marks the bottom-right, the top-right, the top-left, and the bottom-left, O marks the middle-left, the top-center, and the center",X|O|X|O|O|_|X|_|X,4,"bottom-right, top-right, top-left, bottom-left",3,"middle-left, top-center, center"
2773,3,"X occupies the center, O occupies the top-right",_|_|O|_|X|_|_|_|_,1,center,1,top-right
2774,3,"X occupies the top-left, the middle-left, and the top-center, O occupies the bottom-right, the bottom-left, and the top-right",X|X|O|X|_|_|O|_|O,3,"top-left, middle-left, top-center",3,"bottom-right, bottom-left, top-right"
2775,1,"X is in the top-left, the center, and the bottom-left, O is in the top-center, the top-right, and the bottom-center",X|O|O|_|X|_|X|O|_,3,"top-left, center, bottom-left",3,"top-center, top-right, bottom-center"
2776,3,"X occupies the top-left, the bottom-center, the bottom-right, and the bottom-left, O occupies the top-center, the top-right, the middle-left, and the center",X|O|O|O|O|_|X|X|X,4,"top-left, bottom-center, bottom-right, bottom-left",4,"top-center, top-right, middle-left, center"
2777,1,"X is in the middle-right, the bottom-left, the center, and the top-center, O is in the bottom-right, the top-left, the top-right, and the middle-left",O|X|O|O|X|X|X|_|O,4,"middle-right, bottom-left, center, top-center",4,"bottom-right, top-left, top-right, middle-left"
2778,2,"X has played in the middle-left, the bottom-center, and the top-center, O has played in the bottom-left, the center, and the top-right",_|X|O|X|O|_|O|X|_,3,"middle-left, bottom-center, top-center",3,"bottom-left, center, top-right"
2779,2,"X has played in the bottom-left, the bottom-center, the top-right, the middle-left, and the middle-right, O has played in the top-center, the center, the top-left, and the bottom-right",O|O|X|X|O|X|X|X|O,5,"bottom-left, bottom-center, top-right, middle-left, middle-right",4,"top-center, center, top-left, bottom-right"
2780,2,"X has played in the top-left, the middle-right, the bottom-left, the bottom-center, and the center, O has played in the top-right, the bottom-right, the middle-left, and the top-center",X|O|O|O|X|X|X|X|O,5,"top-left, middle-right, bottom-left, bottom-center, center",4,"top-right, bottom-right, middle-left, top-center"
2781,5,"X marks the top-left and middle-right, O marks the center and bottom-center",X|_|_|_|O|X|_|O|_,2,"top-left, middle-right",2,"center, bottom-center"
2782,4,"X is placed in the center and bottom-center, O is placed in the middle-right and bottom-left",_|_|_|_|X|O|O|X|_,2,"center, bottom-center",2,"middle-right, bottom-left"
2783,4,"X is placed in the top-center and center, O is placed in the top-left",O|X|_|_|X|_|_|_|_,2,"top-center, center",1,top-left
2784,2,"X has played in the middle-left, the bottom-right, and the middle-right, O has played in the top-right and bottom-center",_|_|O|X|_|X|_|O|X,3,"middle-left, bottom-right, middle-right",2,"top-right, bottom-center"
2785,3,"X occupies the middle-right and middle-left, O occupies the center and bottom-left",_|_|_|X|O|X|O|_|_,2,"middle-right, middle-left",2,"center, bottom-left"
2786,1,"X is in the bottom-center, the bottom-right, the middle-right, and the top-center, O is in the bottom-left, the top-left, and the center",O|X|_|_|O|X|O|X|X,4,"bottom-center, bottom-right, middle-right, top-center",3,"bottom-left, top-left, center"
2787,5,"X marks the bottom-center, the middle-right, and the top-right, O marks the top-left, the top-center, and the bottom-right",O|O|X|_|_|X|_|X|O,3,"bottom-center, middle-right, top-right",3,"top-left, top-center, bottom-right"
2788,3,"X occupies the top-center, the top-left, the middle-right, and the bottom-center, O occupies the middle-left, the center, the bottom-left, and the top-right",X|X|O|O|O|X|O|X|_,4,"top-center, top-left, middle-right, bottom-center",4,"middle-left, center, bottom-left, top-right"
2789,1,"X is in the top-center and bottom-center, O is in the top-right and bottom-right",_|X|O|_|_|_|_|X|O,2,"top-center, bottom-center",2,"top-right, bottom-right"
2790,2,"X has played in the middle-right, the middle-left, and the top-center, O has played in the top-left and top-right",O|X|O|X|_|X|_|_|_,3,"middle-right, middle-left, top-center",2,"top-left, top-right"
2791,5,"X marks the top-right and bottom-right, O marks the center and middle-left",_|_|X|O|O|_|_|_|X,2,"top-right, bottom-right",2,"center, middle-left"
2792,2,"X has played in the middle-right, the top-center, the bottom-right, the middle-left, and the top-right, O has played in the top-left, the bottom-center, the bottom-left, and the center",O|X|X|X|O|X|O|O|X,5,"middle-right, top-center, bottom-right, middle-left, top-right",4,"top-left, bottom-center, bottom-left, center"
2793,2,"X has played in the top-right, the bottom-right, and the top-left, O has played in the bottom-center and middle-right",X|_|X|_|_|O|_|O|X,3,"top-right, bottom-right, top-left",2,"bottom-center, middle-right"
2794,1,"X is in the middle-right, the top-center, and the bottom-center, O is in the top-right, the top-left, and the bottom-left",O|X|O|_|_|X|O|X|_,3,"middle-right, top-center, bottom-center",3,"top-right, top-left, bottom-left"
2795,4,"X is placed in the bottom-right, the top-left, the middle-left, the middle-right, and the bottom-center, O is placed in the top-right, the top-center, the center, and the bottom-left",X|O|O|X|O|X|O|X|X,5,"bottom-right, top-left, middle-left, middle-right, bottom-center",4,"top-right, top-center, center, bottom-left"
2796,4,"X is placed in the middle-right, the top-right, the top-center, the bottom-left, and the top-left, O is placed in the center, the bottom-right, the bottom-center, and the middle-left",X|X|X|O|O|X|X|O|O,5,"middle-right, top-right, top-center, bottom-left, top-left",4,"center, bottom-right, bottom-center, middle-left"
2797,2,"X has played in the top-left, the middle-left, and the middle-right, O has played in the bottom-center, the center, and the bottom-left",X|_|_|X|O|X|O|O|_,3,"top-left, middle-left, middle-right",3,"bottom-center, center, bottom-left"
2798,2,"X has played in the top-center, the center, and the bottom-center, O has played in the top-left and bottom-left",O|X|_|_|X|_|O|X|_,3,"top-center, center, bottom-center",2,"top-left, bottom-left"
2799,2,"X has played in the top-right and bottom-center, O has played in the bottom-right",_|_|X|_|_|_|_|X|O,2,"top-right, bottom-center",1,bottom-right
2800,5,"X marks the middle-right, the bottom-center, the top-left, the top-right, and the bottom-left, O marks the top-center, the bottom-right, the center, and the middle-left",X|O|X|O|O|X|X|X|O,5,"middle-right, bottom-center, top-left, top-right, bottom-left",4,"top-center, bottom-right, center, middle-left"
2801,5,"X marks the top-left, the middle-right, the bottom-center, the top-center, and the center, O marks the bottom-right, the bottom-left, the top-right, and the middle-left",X|X|O|O|X|X|O|X|O,5,"top-left, middle-right, bottom-center, top-center, center",4,"bottom-right, bottom-left, top-right, middle-left"
2802,5,"X marks the center, the middle-left, and the bottom-left, O marks the bottom-center, the top-left, and the middle-right",O|_|_|X|X|O|X|O|_,3,"center, middle-left, bottom-left",3,"bottom-center, top-left, middle-right"
2803,1,"X is in the center, the top-left, the bottom-left, the top-right, and the top-center, O is in the middle-left, the bottom-right, the bottom-center, and the middle-right",X|X|X|O|X|O|X|O|O,5,"center, top-left, bottom-left, top-right, top-center",4,"middle-left, bottom-right, bottom-center, middle-right"
2804,3,"X occupies the center, O occupies the bottom-center",_|_|_|_|X|_|_|O|_,1,center,1,bottom-center
2805,4,"X is placed in the bottom-right and top-left, O is placed in the bottom-left",X|_|_|_|_|_|O|_|X,2,"bottom-right, top-left",1,bottom-left
2806,1,"X is in the top-center, the middle-left, the bottom-center, and the bottom-left, O is in the center, the middle-right, and the top-left",O|X|_|X|O|O|X|X|_,4,"top-center, middle-left, bottom-center, bottom-left",3,"center, middle-right, top-left"
2807,4,"X is placed in the center and bottom-left, O is placed in the bottom-center",_|_|_|_|X|_|X|O|_,2,"center, bottom-left",1,bottom-center
2808,4,"X is placed in the middle-right, the bottom-center, and the bottom-right, O is placed in the center and top-right",_|_|O|_|O|X|_|X|X,3,"middle-right, bottom-center, bottom-right",2,"center, top-right"
2809,2,"X has played in the top-left, the middle-left, the center, and the top-right, O has played in the bottom-right, the bottom-left, the top-center, and the middle-right",X|O|X|X|X|O|O|_|O,4,"top-left, middle-left, center, top-right",4,"bottom-right, bottom-left, top-center, middle-right"
2810,4,"X is placed in the top-center, the bottom-center, the center, the middle-right, and the top-left, O is placed in the middle-left, the bottom-left, the bottom-right, and the top-right",X|X|O|O|X|X|O|X|O,5,"top-center, bottom-center, center, middle-right, top-left",4,"middle-left, bottom-left, bottom-right, top-right"
2811,5,"X marks the bottom-left and bottom-right, O marks the top-left",O|_|_|_|_|_|X|_|X,2,"bottom-left, bottom-right",1,top-left
2812,2,"X has played in the bottom-left, the top-right, the top-left, the middle-right, and the top-center, O has played in the middle-left, the bottom-center, the center, and the bottom-right",X|X|X|O|O|X|X|O|O,5,"bottom-left, top-right, top-left, middle-right, top-center",4,"middle-left, bottom-center, center, bottom-right"
2813,5,"X marks the middle-left, O marks the center",_|_|_|X|O|_|_|_|_,1,middle-left,1,center
2814,2,"X has played in the bottom-right, the center, and the middle-left, O has played in the top-center, the middle-right, and the bottom-left",_|O|_|X|X|O|O|_|X,3,"bottom-right, center, middle-left",3,"top-center, middle-right, bottom-left"
2815,1,"X is in the middle-left, the top-center, the bottom-left, and the middle-right, O is in the bottom-right, the center, and the top-left",O|X|_|X|O|X|X|_|O,4,"middle-left, top-center, bottom-left, middle-right",3,"bottom-right, center, top-left"
2816,3,"X occupies the center and bottom-right, O occupies the bottom-left",_|_|_|_|X|_|O|_|X,2,"center, bottom-right",1,bottom-left
2817,4,"X is placed in the middle-right, the center, the top-left, the bottom-center, and the bottom-right, O is placed in the top-center, the bottom-left, the top-right, and the middle-left",X|O|O|O|X|X|O|X|X,5,"middle-right, center, top-left, bottom-center, bottom-right",4,"top-center, bottom-left, top-right, middle-left"
2818,5,"X marks the middle-left, the center, the bottom-center, and the top-left, O marks the middle-right, the top-center, the top-right, and the bottom-left",X|O|O|X|X|O|O|X|_,4,"middle-left, center, bottom-center, top-left",4,"middle-right, top-center, top-right, bottom-left"
2819,3,"X occupies the bottom-left and top-right, O occupies the middle-right",_|_|X|_|_|O|X|_|_,2,"bottom-left, top-right",1,middle-right
2820,1,"X is in the top-left, the middle-left, the bottom-center, the top-center, and the bottom-left, O is in the bottom-right, the middle-right, the top-right, and the center",X|X|O|X|O|O|X|X|O,5,"top-left, middle-left, bottom-center, top-center, bottom-left",4,"bottom-right, middle-right, top-right, center"
2821,3,"X occupies the top-right, the middle-right, and the middle-left, O occupies the bottom-center and bottom-left",_|_|X|X|_|X|O|O|_,3,"top-right, middle-right, middle-left",2,"bottom-center, bottom-left"
2822,4,"X is placed in the top-right and center, O is placed in the middle-right and middle-left",_|_|X|O|X|O|_|_|_,2,"top-right, center",2,"middle-right, middle-left"
2823,1,"X is in the bottom-center, the center, and the top-left, O is in the top-right, the middle-right, and the bottom-left",X|_|O|_|X|O|O|X|_,3,"bottom-center, center, top-left",3,"top-right, middle-right, bottom-left"
2824,5,"X marks the center, the middle-left, the top-right, and the top-center, O marks the bottom-left, the middle-right, and the top-left",O|X|X|X|X|O|O|_|_,4,"center, middle-left, top-right, top-center",3,"bottom-left, middle-right, top-left"
2825,5,"X marks the middle-left and center, O marks the bottom-left and top-left",O|_|_|X|X|_|O|_|_,2,"middle-left, center",2,"bottom-left, top-left"
2826,3,"X occupies the top-left, the middle-right, and the top-right, O occupies the bottom-center and bottom-left",X|_|X|_|_|X|O|O|_,3,"top-left, middle-right, top-right",2,"bottom-center, bottom-left"
2827,4,"X is placed in the top-left, the middle-right, the center, and the middle-left, O is placed in the bottom-center, the bottom-right, and the bottom-left",X|_|_|X|X|X|O|O|O,4,"top-left, middle-right, center, middle-left",3,"bottom-center, bottom-right, bottom-left"
2828,5,"X marks the top-right, the middle-left, and the top-center, O marks the bottom-left, the bottom-right, and the center",_|X|X|X|O|_|O|_|O,3,"top-right, middle-left, top-center",3,"bottom-left, bottom-right, center"
2829,5,"X marks the top-left, the top-right, the bottom-center, and the center, O marks the middle-right, the middle-left, and the top-center",X|O|X|O|X|O|_|X|_,4,"top-left, top-right, bottom-center, center",3,"middle-right, middle-left, top-center"
2830,2,"X has played in the middle-left and top-center, O has played in the top-right and center",_|X|O|X|O|_|_|_|_,2,"middle-left, top-center",2,"top-right, center"
2831,3,"X occupies the bottom-right, the middle-right, and the top-right, O occupies the top-center and bottom-center",_|O|X|_|_|X|_|O|X,3,"bottom-right, middle-right, top-right",2,"top-center, bottom-center"
2832,3,"X occupies the bottom-left and middle-right, O occupies the bottom-right and bottom-center",_|_|_|_|_|X|X|O|O,2,"bottom-left, middle-right",2,"bottom-right, bottom-center"
2833,1,"X is in the top-right, the bottom-left, the middle-right, and the center, O is in the bottom-center, the top-left, the bottom-right, and the middle-left",O|_|X|O|X|X|X|O|O,4,"top-right, bottom-left, middle-right, center",4,"bottom-center, top-left, bottom-right, middle-left"
2834,4,"X is placed in the top-center, the bottom-left, the middle-right, the center, and the top-left, O is placed in the middle-left, the top-right, the bottom-right, and the bottom-center",X|X|O|O|X|X|X|O|O,5,"top-center, bottom-left, middle-right, center, top-left",4,"middle-left, top-right, bottom-right, bottom-center"
2835,2,"X has played in the middle-right, the bottom-center, and the top-center, O has played in the bottom-right, the center, and the middle-left",_|X|_|O|O|X|_|X|O,3,"middle-right, bottom-center, top-center",3,"bottom-right, center, middle-left"
2836,2,"X has played in the middle-right and bottom-center, O has played in the top-center and top-right",_|O|O|_|_|X|_|X|_,2,"middle-right, bottom-center",2,"top-center, top-right"
2837,5,"X marks the top-center, the bottom-left, the bottom-right, and the bottom-center, O marks the middle-right, the top-left, the center, and the middle-left",O|X|_|O|O|O|X|X|X,4,"top-center, bottom-left, bottom-right, bottom-center",4,"middle-right, top-left, center, middle-left"
2838,5,"X marks the bottom-center and top-right, O marks the bottom-left and center",_|_|X|_|O|_|O|X|_,2,"bottom-center, top-right",2,"bottom-left, center"
2839,3,"X occupies the bottom-left, the middle-right, and the top-center, O occupies the middle-left, the top-right, and the center",_|X|O|O|O|X|X|_|_,3,"bottom-left, middle-right, top-center",3,"middle-left, top-right, center"
2840,3,"X occupies the middle-right, the top-right, the middle-left, and the bottom-center, O occupies the top-center, the bottom-left, the top-left, and the center",O|O|X|X|O|X|O|X|_,4,"middle-right, top-right, middle-left, bottom-center",4,"top-center, bottom-left, top-left, center"
2841,5,"X marks the center, the bottom-center, the middle-right, the bottom-right, and the middle-left, O marks the top-right, the top-center, the top-left, and the bottom-left",O|O|O|X|X|X|O|X|X,5,"center, bottom-center, middle-right, bottom-right, middle-left",4,"top-right, top-center, top-left, bottom-left"
2842,2,"X has played in the bottom-left, the top-center, and the bottom-center, O has played in the center, the bottom-right, and the top-right",_|X|O|_|O|_|X|X|O,3,"bottom-left, top-center, bottom-center",3,"center, bottom-right, top-right"
2843,3,"X occupies the bottom-right, the center, the bottom-center, and the top-right, O occupies the top-left, the top-center, and the middle-left",O|O|X|O|X|_|_|X|X,4,"bottom-right, center, bottom-center, top-right",3,"top-left, top-center, middle-left"
2844,2,"X has played in the top-center, the top-right, and the bottom-right, O has played in the middle-right, the bottom-left, and the center",_|X|X|_|O|O|O|_|X,3,"top-center, top-right, bottom-right",3,"middle-right, bottom-left, center"
2845,3,"X occupies the top-left, the bottom-right, the middle-right, the center, and the top-right, O occupies the top-center, the bottom-center, the middle-left, and the bottom-left",X|O|X|O|X|X|O|O|X,5,"top-left, bottom-right, middle-right, center, top-right",4,"top-center, bottom-center, middle-left, bottom-left"
2846,4,"X is placed in the center and bottom-center, O is placed in the middle-left and top-left",O|_|_|O|X|_|_|X|_,2,"center, bottom-center",2,"middle-left, top-left"
2847,4,"X is placed in the top-right, the middle-left, and the center, O is placed in the bottom-left, the bottom-right, and the top-left",O|_|X|X|X|_|O|_|O,3,"top-right, middle-left, center",3,"bottom-left, bottom-right, top-left"
2848,3,"X occupies the top-right, the bottom-center, the top-left, the top-center, and the bottom-left, O occupies the middle-right, the bottom-right, the center, and the middle-left",X|X|X|O|O|O|X|X|O,5,"top-right, bottom-center, top-left, top-center, bottom-left",4,"middle-right, bottom-right, center, middle-left"
2849,1,"X is in the bottom-left, the center, and the bottom-right, O is in the top-left and top-center",O|O|_|_|X|_|X|_|X,3,"bottom-left, center, bottom-right",2,"top-left, top-center"
2850,5,"X marks the top-left, the top-center, the middle-left, and the bottom-left, O marks the bottom-center, the center, and the middle-right",X|X|_|X|O|O|X|O|_,4,"top-left, top-center, middle-left, bottom-left",3,"bottom-center, center, middle-right"
2851,1,"X is in the top-left, the top-right, the bottom-center, and the bottom-right, O is in the middle-right, the bottom-left, and the top-center",X|O|X|_|_|O|O|X|X,4,"top-left, top-right, bottom-center, bottom-right",3,"middle-right, bottom-left, top-center"
2852,4,"X is placed in the bottom-left, the top-center, the bottom-center, and the top-right, O is placed in the center, the middle-right, the middle-left, and the top-left",O|X|X|O|O|O|X|X|_,4,"bottom-left, top-center, bottom-center, top-right",4,"center, middle-right, middle-left, top-left"
2853,3,"X occupies the top-center, the middle-right, and the center, O occupies the bottom-left and middle-left",_|X|_|O|X|X|O|_|_,3,"top-center, middle-right, center",2,"bottom-left, middle-left"
2854,1,"X is in the top-left, the middle-left, and the middle-right, O is in the bottom-center and bottom-right",X|_|_|X|_|X|_|O|O,3,"top-left, middle-left, middle-right",2,"bottom-center, bottom-right"
2855,5,"X marks the bottom-left and top-left, O marks the center",X|_|_|_|O|_|X|_|_,2,"bottom-left, top-left",1,center
2856,4,"X is placed in the middle-right, the top-center, and the bottom-center, O is placed in the middle-left, the center, and the top-right",_|X|O|O|O|X|_|X|_,3,"middle-right, top-center, bottom-center",3,"middle-left, center, top-right"
2857,2,"X has played in the bottom-center, the bottom-left, and the center, O has played in the top-center, the middle-right, and the top-left",O|O|_|_|X|O|X|X|_,3,"bottom-center, bottom-left, center",3,"top-center, middle-right, top-left"
2858,5,"X marks the top-center, the top-right, the bottom-center, and the bottom-left, O marks the bottom-right, the top-left, and the middle-right",O|X|X|_|_|O|X|X|O,4,"top-center, top-right, bottom-center, bottom-left",3,"bottom-right, top-left, middle-right"
2859,2,"X has played in the middle-left, O has played in the bottom-left",_|_|_|X|_|_|O|_|_,1,middle-left,1,bottom-left
2860,1,"X is in the middle-left, the center, and the bottom-center, O is in the top-center, the top-left, and the bottom-right",O|O|_|X|X|_|_|X|O,3,"middle-left, center, bottom-center",3,"top-center, top-left, bottom-right"
2861,3,"X occupies the bottom-right, the center, the bottom-center, the bottom-left, and the top-left, O occupies the middle-left, the top-right, the middle-right, and the top-center",X|O|O|O|X|O|X|X|X,5,"bottom-right, center, bottom-center, bottom-left, top-left",4,"middle-left, top-right, middle-right, top-center"
2862,4,"X is placed in the bottom-right and bottom-left, O is placed in the top-left and top-center",O|O|_|_|_|_|X|_|X,2,"bottom-right, bottom-left",2,"top-left, top-center"
2863,4,"X is placed in the top-center, the top-right, and the top-left, O is placed in the middle-left and bottom-left",X|X|X|O|_|_|O|_|_,3,"top-center, top-right, top-left",2,"middle-left, bottom-left"
2864,3,"X occupies the center, the middle-left, and the bottom-center, O occupies the top-left, the top-right, and the bottom-left",O|_|O|X|X|_|O|X|_,3,"center, middle-left, bottom-center",3,"top-left, top-right, bottom-left"
2865,3,"X occupies the top-left, the bottom-right, the middle-right, and the middle-left, O occupies the bottom-center, the bottom-left, and the top-right",X|_|O|X|_|X|O|O|X,4,"top-left, bottom-right, middle-right, middle-left",3,"bottom-center, bottom-left, top-right"
2866,5,"X marks the middle-right, the bottom-left, the top-center, the top-right, and the top-left, O marks the bottom-center, the bottom-right, the center, and the middle-left",X|X|X|O|O|X|X|O|O,5,"middle-right, bottom-left, top-center, top-right, top-left",4,"bottom-center, bottom-right, center, middle-left"
2867,1,"X is in the bottom-left and bottom-center, O is in the bottom-right and middle-right",_|_|_|_|_|O|X|X|O,2,"bottom-left, bottom-center",2,"bottom-right, middle-right"
2868,3,"X occupies the bottom-center, the top-right, the bottom-right, the bottom-left, and the top-center, O occupies the center, the middle-left, the top-left, and the middle-right",O|X|X|O|O|O|X|X|X,5,"bottom-center, top-right, bottom-right, bottom-left, top-center",4,"center, middle-left, top-left, middle-right"
2869,5,"X marks the middle-right, the bottom-center, the bottom-left, and the bottom-right, O marks the middle-left, the top-center, the top-right, and the top-left",O|O|O|O|_|X|X|X|X,4,"middle-right, bottom-center, bottom-left, bottom-right",4,"middle-left, top-center, top-right, top-left"
2870,5,"X marks the center, the middle-right, the bottom-left, and the bottom-center, O marks the top-right, the bottom-right, the middle-left, and the top-center",_|O|O|O|X|X|X|X|O,4,"center, middle-right, bottom-left, bottom-center",4,"top-right, bottom-right, middle-left, top-center"
2871,4,"X is placed in the bottom-right, the bottom-center, and the top-left, O is placed in the top-center and middle-right",X|O|_|_|_|O|_|X|X,3,"bottom-right, bottom-center, top-left",2,"top-center, middle-right"
2872,1,"X is in the bottom-left, the top-left, the middle-right, and the middle-left, O is in the top-center, the top-right, the bottom-center, and the bottom-right",X|O|O|X|_|X|X|O|O,4,"bottom-left, top-left, middle-right, middle-left",4,"top-center, top-right, bottom-center, bottom-right"
2873,2,"X has played in the bottom-right, the bottom-left, and the center, O has played in the bottom-center, the top-left, and the middle-right",O|_|_|_|X|O|X|O|X,3,"bottom-right, bottom-left, center",3,"bottom-center, top-left, middle-right"
2874,2,"X has played in the middle-left, the bottom-center, the bottom-right, and the middle-right, O has played in the top-left, the top-center, and the center",O|O|_|X|O|X|_|X|X,4,"middle-left, bottom-center, bottom-right, middle-right",3,"top-left, top-center, center"
2875,3,"X occupies the middle-left, the top-left, and the bottom-center, O occupies the center and bottom-right",X|_|_|X|O|_|_|X|O,3,"middle-left, top-left, bottom-center",2,"center, bottom-right"
2876,5,"X marks the bottom-right, the top-left, and the top-center, O marks the top-right, the middle-right, and the center",X|X|O|_|O|O|_|_|X,3,"bottom-right, top-left, top-center",3,"top-right, middle-right, center"
2877,2,"X has played in the bottom-right, O has played in the center",_|_|_|_|O|_|_|_|X,1,bottom-right,1,center
2878,1,"X is in the top-left, the bottom-center, the bottom-left, the top-center, and the center, O is in the bottom-right, the top-right, the middle-right, and the middle-left",X|X|O|O|X|O|X|X|O,5,"top-left, bottom-center, bottom-left, top-center, center",4,"bottom-right, top-right, middle-right, middle-left"
2879,3,"X occupies the center, the bottom-left, and the bottom-center, O occupies the middle-right and middle-left",_|_|_|O|X|O|X|X|_,3,"center, bottom-left, bottom-center",2,"middle-right, middle-left"
2880,5,"X marks the bottom-center, the top-right, the bottom-left, the top-left, and the center, O marks the bottom-right, the middle-right, the top-center, and the middle-left",X|O|X|O|X|O|X|X|O,5,"bottom-center, top-right, bottom-left, top-left, center",4,"bottom-right, middle-right, top-center, middle-left"
2881,1,"X is in the top-center and center, O is in the bottom-center",_|X|_|_|X|_|_|O|_,2,"top-center, center",1,bottom-center
2882,4,"X is placed in the bottom-left, the middle-left, the top-center, and the top-right, O is placed in the top-left, the bottom-right, the center, and the bottom-center",O|X|X|X|O|_|X|O|O,4,"bottom-left, middle-left, top-center, top-right",4,"top-left, bottom-right, center, bottom-center"
2883,2,"X has played in the middle-left, the top-right, the bottom-center, the bottom-right, and the top-left, O has played in the middle-right, the top-center, the bottom-left, and the center",X|O|X|X|O|O|O|X|X,5,"middle-left, top-right, bottom-center, bottom-right, top-left",4,"middle-right, top-center, bottom-left, center"
2884,2,"X has played in the bottom-left and top-left, O has played in the center and bottom-right",X|_|_|_|O|_|X|_|O,2,"bottom-left, top-left",2,"center, bottom-right"
2885,1,"X is in the top-center, the top-left, and the bottom-left, O is in the middle-left, the center, and the bottom-right",X|X|_|O|O|_|X|_|O,3,"top-center, top-left, bottom-left",3,"middle-left, center, bottom-right"
2886,3,"X occupies the bottom-left, the center, the top-left, the middle-left, and the middle-right, O occupies the top-center, the bottom-right, the top-right, and the bottom-center",X|O|O|X|X|X|X|O|O,5,"bottom-left, center, top-left, middle-left, middle-right",4,"top-center, bottom-right, top-right, bottom-center"
2887,4,"X is placed in the top-center, the bottom-center, the middle-left, the middle-right, and the bottom-right, O is placed in the top-right, the center, the top-left, and the bottom-left",O|X|O|X|O|X|O|X|X,5,"top-center, bottom-center, middle-left, middle-right, bottom-right",4,"top-right, center, top-left, bottom-left"
2888,2,"X has played in the center, the bottom-left, the bottom-center, and the top-center, O has played in the middle-right, the middle-left, and the top-right",_|X|O|O|X|O|X|X|_,4,"center, bottom-left, bottom-center, top-center",3,"middle-right, middle-left, top-right"
2889,4,"X is placed in the middle-left, the top-center, and the bottom-center, O is placed in the bottom-left and center",_|X|_|X|O|_|O|X|_,3,"middle-left, top-center, bottom-center",2,"bottom-left, center"
2890,5,"X marks the bottom-right and center, O marks the top-right",_|_|O|_|X|_|_|_|X,2,"bottom-right, center",1,top-right
2891,2,"X has played in the bottom-left, the bottom-center, the top-right, the center, and the top-left, O has played in the top-center, the middle-right, the bottom-right, and the middle-left",X|O|X|O|X|O|X|X|O,5,"bottom-left, bottom-center, top-right, center, top-left",4,"top-center, middle-right, bottom-right, middle-left"
2892,3,"X occupies the top-right, the bottom-right, the center, and the top-left, O occupies the middle-left, the top-center, and the middle-right",X|O|X|O|X|O|_|_|X,4,"top-right, bottom-right, center, top-left",3,"middle-left, top-center, middle-right"
2893,1,"X is in the middle-left, the top-center, and the bottom-left, O is in the top-left and top-right",O|X|O|X|_|_|X|_|_,3,"middle-left, top-center, bottom-left",2,"top-left, top-right"
2894,2,"X has played in the center and bottom-right, O has played in the bottom-center and bottom-left",_|_|_|_|X|_|O|O|X,2,"center, bottom-right",2,"bottom-center, bottom-left"
2895,5,"X marks the bottom-left, the bottom-center, the top-right, and the middle-left, O marks the top-left, the middle-right, and the bottom-right",O|_|X|X|_|O|X|X|O,4,"bottom-left, bottom-center, top-right, middle-left",3,"top-left, middle-right, bottom-right"
2896,1,"X is in the middle-right, the bottom-left, the top-left, the bottom-right, and the middle-left, O is in the top-center, the top-right, the bottom-center, and the center",X|O|O|X|O|X|X|O|X,5,"middle-right, bottom-left, top-left, bottom-right, middle-left",4,"top-center, top-right, bottom-center, center"
2897,5,"X marks the bottom-right, the middle-left, the top-left, the top-center, and the top-right, O marks the bottom-center, the bottom-left, the middle-right, and the center",X|X|X|X|O|O|O|O|X,5,"bottom-right, middle-left, top-left, top-center, top-right",4,"bottom-center, bottom-left, middle-right, center"
2898,4,"X is placed in the top-right, O is placed in the top-center",_|O|X|_|_|_|_|_|_,1,top-right,1,top-center
2899,1,"X is in the top-left and top-right, O is in the top-center and middle-right",X|O|X|_|_|O|_|_|_,2,"top-left, top-right",2,"top-center, middle-right"
2900,5,"X marks the middle-right and center, O marks the bottom-right and middle-left",_|_|_|O|X|X|_|_|O,2,"middle-right, center",2,"bottom-right, middle-left"
2901,4,"X is placed in the center, the bottom-center, the bottom-left, the middle-left, and the bottom-right, O is placed in the top-center, the top-right, the middle-right, and the top-left",O|O|O|X|X|O|X|X|X,5,"center, bottom-center, bottom-left, middle-left, bottom-right",4,"top-center, top-right, middle-right, top-left"
2902,3,"X occupies the bottom-center, the bottom-right, the top-left, and the middle-right, O occupies the top-center, the middle-left, and the top-right",X|O|O|O|_|X|_|X|X,4,"bottom-center, bottom-right, top-left, middle-right",3,"top-center, middle-left, top-right"
2903,1,"X is in the middle-right and bottom-right, O is in the top-right",_|_|O|_|_|X|_|_|X,2,"middle-right, bottom-right",1,top-right
2904,3,"X occupies the top-center, the bottom-center, and the bottom-left, O occupies the center, the bottom-right, and the top-left",O|X|_|_|O|_|X|X|O,3,"top-center, bottom-center, bottom-left",3,"center, bottom-right, top-left"
2905,3,"X occupies the bottom-center, the top-right, the center, the top-left, and the middle-right, O occupies the bottom-left, the bottom-right, the top-center, and the middle-left",X|O|X|O|X|X|O|X|O,5,"bottom-center, top-right, center, top-left, middle-right",4,"bottom-left, bottom-right, top-center, middle-left"
2906,4,"X is placed in the top-left and center, O is placed in the middle-left and top-right",X|_|O|O|X|_|_|_|_,2,"top-left, center",2,"middle-left, top-right"
2907,3,"X occupies the center, the bottom-center, the top-center, the bottom-right, and the middle-left, O occupies the top-left, the top-right, the bottom-left, and the middle-right",O|X|O|X|X|O|O|X|X,5,"center, bottom-center, top-center, bottom-right, middle-left",4,"top-left, top-right, bottom-left, middle-right"
2908,3,"X occupies the middle-left, the bottom-left, and the bottom-right, O occupies the top-right and center",_|_|O|X|O|_|X|_|X,3,"middle-left, bottom-left, bottom-right",2,"top-right, center"
2909,2,"X has played in the bottom-left, O has played in the middle-left",_|_|_|O|_|_|X|_|_,1,bottom-left,1,middle-left
2910,4,"X is placed in the top-left, the bottom-left, the bottom-right, and the center, O is placed in the top-right, the top-center, the middle-right, and the bottom-center",X|O|O|_|X|O|X|O|X,4,"top-left, bottom-left, bottom-right, center",4,"top-right, top-center, middle-right, bottom-center"
2911,1,"X is in the middle-right, the top-center, and the middle-left, O is in the center, the top-right, and the bottom-right",_|X|O|X|O|X|_|_|O,3,"middle-right, top-center, middle-left",3,"center, top-right, bottom-right"
2912,5,"X marks the center and middle-left, O marks the bottom-left",_|_|_|X|X|_|O|_|_,2,"center, middle-left",1,bottom-left
2913,1,"X is in the top-right, the top-center, the center, the bottom-left, and the bottom-center, O is in the middle-left, the top-left, the middle-right, and the bottom-right",O|X|X|O|X|O|X|X|O,5,"top-right, top-center, center, bottom-left, bottom-center",4,"middle-left, top-left, middle-right, bottom-right"
2914,1,"X is in the top-right, the bottom-right, and the top-center, O is in the top-left and bottom-center",O|X|X|_|_|_|_|O|X,3,"top-right, bottom-right, top-center",2,"top-left, bottom-center"
2915,2,"X has played in the bottom-left and top-left, O has played in the top-right",X|_|O|_|_|_|X|_|_,2,"bottom-left, top-left",1,top-right
2916,1,"X is in the bottom-left, the top-left, and the top-center, O is in the top-right and center",X|X|O|_|O|_|X|_|_,3,"bottom-left, top-left, top-center",2,"top-right, center"
2917,3,"X occupies the middle-right, the top-center, the center, and the bottom-left, O occupies the top-left, the middle-left, the top-right, and the bottom-center",O|X|O|O|X|X|X|O|_,4,"middle-right, top-center, center, bottom-left",4,"top-left, middle-left, top-right, bottom-center"
2918,2,"X has played in the bottom-left and top-right, O has played in the middle-right",_|_|X|_|_|O|X|_|_,2,"bottom-left, top-right",1,middle-right
2919,5,"X marks the top-left and top-center, O marks the middle-right and center",X|X|_|_|O|O|_|_|_,2,"top-left, top-center",2,"middle-right, center"
2920,1,"X is in the middle-left, the top-center, the bottom-center, the bottom-left, and the bottom-right, O is in the middle-right, the top-left, the top-right, and the center",O|X|O|X|O|O|X|X|X,5,"middle-left, top-center, bottom-center, bottom-left, bottom-right",4,"middle-right, top-left, top-right, center"
2921,1,"X is in the top-left, the bottom-center, the bottom-left, and the center, O is in the middle-right, the middle-left, and the top-right",X|_|O|O|X|O|X|X|_,4,"top-left, bottom-center, bottom-left, center",3,"middle-right, middle-left, top-right"
2922,3,"X occupies the bottom-center and top-center, O occupies the top-right and center",_|X|O|_|O|_|_|X|_,2,"bottom-center, top-center",2,"top-right, center"
2923,4,"X is placed in the bottom-right, the top-right, the middle-right, the top-left, and the top-center, O is placed in the middle-left, the center, the bottom-center, and the bottom-left",X|X|X|O|O|X|O|O|X,5,"bottom-right, top-right, middle-right, top-left, top-center",4,"middle-left, center, bottom-center, bottom-left"
2924,2,"X has played in the top-right, the bottom-left, the top-center, and the top-left, O has played in the middle-left, the center, the middle-right, and the bottom-right",X|X|X|O|O|O|X|_|O,4,"top-right, bottom-left, top-center, top-left",4,"middle-left, center, middle-right, bottom-right"
2925,3,"X occupies the top-right, the middle-left, and the bottom-left, O occupies the bottom-center, the top-center, and the bottom-right",_|O|X|X|_|_|X|O|O,3,"top-right, middle-left, bottom-left",3,"bottom-center, top-center, bottom-right"
2926,2,"X has played in the middle-left, the bottom-left, and the top-center, O has played in the center and bottom-center",_|X|_|X|O|_|X|O|_,3,"middle-left, bottom-left, top-center",2,"center, bottom-center"
2927,3,"X occupies the middle-left, the bottom-center, and the middle-right, O occupies the center and bottom-right",_|_|_|X|O|X|_|X|O,3,"middle-left, bottom-center, middle-right",2,"center, bottom-right"
2928,3,"X occupies the bottom-left and top-center, O occupies the bottom-right and top-right",_|X|O|_|_|_|X|_|O,2,"bottom-left, top-center",2,"bottom-right, top-right"
2929,1,"X is in the top-left, the center, the bottom-right, the top-center, and the middle-left, O is in the top-right, the bottom-center, the bottom-left, and the middle-right",X|X|O|X|X|O|O|O|X,5,"top-left, center, bottom-right, top-center, middle-left",4,"top-right, bottom-center, bottom-left, middle-right"
2930,5,"X marks the bottom-center, the middle-left, the bottom-right, the middle-right, and the center, O marks the top-left, the top-right, the bottom-left, and the top-center",O|O|O|X|X|X|O|X|X,5,"bottom-center, middle-left, bottom-right, middle-right, center",4,"top-left, top-right, bottom-left, top-center"
2931,4,"X is placed in the top-right, the bottom-left, and the top-center, O is placed in the middle-left and bottom-right",_|X|X|O|_|_|X|_|O,3,"top-right, bottom-left, top-center",2,"middle-left, bottom-right"
2932,2,"X has played in the center, the bottom-left, the top-right, the middle-left, and the bottom-center, O has played in the bottom-right, the middle-right, the top-center, and the top-left",O|O|X|X|X|O|X|X|O,5,"center, bottom-left, top-right, middle-left, bottom-center",4,"bottom-right, middle-right, top-center, top-left"
2933,3,"X occupies the top-center, the bottom-center, and the middle-left, O occupies the top-right and center",_|X|O|X|O|_|_|X|_,3,"top-center, bottom-center, middle-left",2,"top-right, center"
2934,1,"X is in the top-center, the bottom-center, the bottom-left, and the middle-left, O is in the center, the bottom-right, and the top-left",O|X|_|X|O|_|X|X|O,4,"top-center, bottom-center, bottom-left, middle-left",3,"center, bottom-right, top-left"
2935,2,"X has played in the top-left, the top-right, the middle-left, the bottom-right, and the bottom-left, O has played in the bottom-center, the top-center, the center, and the middle-right",X|O|X|X|O|O|X|O|X,5,"top-left, top-right, middle-left, bottom-right, bottom-left",4,"bottom-center, top-center, center, middle-right"
2936,1,"X is in the bottom-left and top-center, O is in the middle-left and center",_|X|_|O|O|_|X|_|_,2,"bottom-left, top-center",2,"middle-left, center"
2937,1,"X is in the bottom-center, the bottom-right, the top-left, and the middle-right, O is in the top-center, the center, and the middle-left",X|O|_|O|O|X|_|X|X,4,"bottom-center, bottom-right, top-left, middle-right",3,"top-center, center, middle-left"
2938,3,"X occupies the bottom-center, the top-right, the bottom-left, the bottom-right, and the top-left, O occupies the middle-left, the center, the top-center, and the middle-right",X|O|X|O|O|O|X|X|X,5,"bottom-center, top-right, bottom-left, bottom-right, top-left",4,"middle-left, center, top-center, middle-right"
2939,1,"X is in the center, the top-center, and the top-left, O is in the bottom-center and middle-left",X|X|_|O|X|_|_|O|_,3,"center, top-center, top-left",2,"bottom-center, middle-left"
2940,1,"X is in the top-right, the bottom-right, and the center, O is in the middle-left and middle-right",_|_|X|O|X|O|_|_|X,3,"top-right, bottom-right, center",2,"middle-left, middle-right"
2941,3,"X occupies the bottom-left, the top-right, the center, and the bottom-center, O occupies the middle-right, the top-center, the top-left, and the bottom-right",O|O|X|_|X|O|X|X|O,4,"bottom-left, top-right, center, bottom-center",4,"middle-right, top-center, top-left, bottom-right"
2942,1,"X is in the top-center, the middle-right, the bottom-left, and the bottom-right, O is in the center, the top-right, and the bottom-center",_|X|O|_|O|X|X|O|X,4,"top-center, middle-right, bottom-left, bottom-right",3,"center, top-right, bottom-center"
2943,4,"X is placed in the center, O is placed in the top-right",_|_|O|_|X|_|_|_|_,1,center,1,top-right
2944,3,"X occupies the middle-left and bottom-left, O occupies the top-left",O|_|_|X|_|_|X|_|_,2,"middle-left, bottom-left",1,top-left
2945,4,"X is placed in the center, the bottom-right, the middle-left, the top-center, and the top-left, O is placed in the bottom-left, the middle-right, the top-right, and the bottom-center",X|X|O|X|X|O|O|O|X,5,"center, bottom-right, middle-left, top-center, top-left",4,"bottom-left, middle-right, top-right, bottom-center"
2946,4,"X is placed in the top-left, the bottom-right, and the bottom-center, O is placed in the bottom-left, the center, and the middle-left",X|_|_|O|O|_|O|X|X,3,"top-left, bottom-right, bottom-center",3,"bottom-left, center, middle-left"
2947,5,"X marks the middle-left, the bottom-left, and the center, O marks the top-right, the top-center, and the bottom-center",_|O|O|X|X|_|X|O|_,3,"middle-left, bottom-left, center",3,"top-right, top-center, bottom-center"
2948,1,"X is in the top-right and bottom-center, O is in the bottom-right and middle-left",_|_|X|O|_|_|_|X|O,2,"top-right, bottom-center",2,"bottom-right, middle-left"
2949,3,"X occupies the middle-left, the top-right, and the bottom-right, O occupies the center, the bottom-left, and the middle-right",_|_|X|X|O|O|O|_|X,3,"middle-left, top-right, bottom-right",3,"center, bottom-left, middle-right"
2950,4,"X is placed in the center, the top-center, the top-right, the middle-left, and the middle-right, O is placed in the bottom-center, the bottom-left, the bottom-right, and the top-left",O|X|X|X|X|X|O|O|O,5,"center, top-center, top-right, middle-left, middle-right",4,"bottom-center, bottom-left, bottom-right, top-left"
2951,1,"X is in the top-center, the bottom-left, and the bottom-center, O is in the top-right, the top-left, and the bottom-right",O|X|O|_|_|_|X|X|O,3,"top-center, bottom-left, bottom-center",3,"top-right, top-left, bottom-right"
2952,2,"X has played in the top-left, the middle-right, and the bottom-left, O has played in the bottom-center and top-right",X|_|O|_|_|X|X|O|_,3,"top-left, middle-right, bottom-left",2,"bottom-center, top-right"
2953,2,"X has played in the top-center, the top-left, and the middle-left, O has played in the top-right and middle-right",X|X|O|X|_|O|_|_|_,3,"top-center, top-left, middle-left",2,"top-right, middle-right"
2954,1,"X is in the bottom-center, the top-left, the bottom-left, and the top-right, O is in the middle-left, the bottom-right, and the center",X|_|X|O|O|_|X|X|O,4,"bottom-center, top-left, bottom-left, top-right",3,"middle-left, bottom-right, center"
2955,5,"X marks the bottom-left, the bottom-center, and the bottom-right, O marks the top-center, the middle-left, and the top-left",O|O|_|O|_|_|X|X|X,3,"bottom-left, bottom-center, bottom-right",3,"top-center, middle-left, top-left"
2956,4,"X is placed in the top-center, the bottom-left, the middle-right, and the bottom-center, O is placed in the top-left, the top-right, the middle-left, and the bottom-right",O|X|O|O|_|X|X|X|O,4,"top-center, bottom-left, middle-right, bottom-center",4,"top-left, top-right, middle-left, bottom-right"
2957,5,"X marks the top-right and center, O marks the bottom-left and top-center",_|O|X|_|X|_|O|_|_,2,"top-right, center",2,"bottom-left, top-center"
2958,4,"X is placed in the top-center and bottom-left, O is placed in the middle-right and top-right",_|X|O|_|_|O|X|_|_,2,"top-center, bottom-left",2,"middle-right, top-right"
2959,3,"X occupies the top-right and bottom-left, O occupies the middle-right",_|_|X|_|_|O|X|_|_,2,"top-right, bottom-left",1,middle-right
2960,2,"X has played in the top-center, the center, the top-right, the bottom-right, and the top-left, O has played in the bottom-center, the middle-left, the middle-right, and the bottom-left",X|X|X|O|X|O|O|O|X,5,"top-center, center, top-right, bottom-right, top-left",4,"bottom-center, middle-left, middle-right, bottom-left"
2961,2,"X has played in the top-right, the middle-left, and the bottom-center, O has played in the center, the bottom-right, and the middle-right",_|_|X|X|O|O|_|X|O,3,"top-right, middle-left, bottom-center",3,"center, bottom-right, middle-right"
2962,4,"X is placed in the top-center and center, O is placed in the bottom-center",_|X|_|_|X|_|_|O|_,2,"top-center, center",1,bottom-center
2963,2,"X has played in the bottom-left and top-left, O has played in the middle-right and top-right",X|_|O|_|_|O|X|_|_,2,"bottom-left, top-left",2,"middle-right, top-right"
2964,1,"X is in the bottom-left, the top-left, the bottom-center, the top-right, and the middle-left, O is in the center, the top-center, the bottom-right, and the middle-right",X|O|X|X|O|O|X|X|O,5,"bottom-left, top-left, bottom-center, top-right, middle-left",4,"center, top-center, bottom-right, middle-right"
2965,2,"X has played in the middle-left and top-center, O has played in the top-right",_|X|O|X|_|_|_|_|_,2,"middle-left, top-center",1,top-right
2966,5,"X marks the top-center and middle-right, O marks the bottom-left",_|X|_|_|_|X|O|_|_,2,"top-center, middle-right",1,bottom-left
2967,5,"X marks the middle-right, the bottom-left, the top-right, the top-left, and the bottom-right, O marks the top-center, the bottom-center, the center, and the middle-left",X|O|X|O|O|X|X|O|X,5,"middle-right, bottom-left, top-right, top-left, bottom-right",4,"top-center, bottom-center, center, middle-left"
2968,5,"X marks the middle-left, the middle-right, the top-left, the bottom-right, and the center, O marks the top-right, the bottom-center, the top-center, and the bottom-left",X|O|O|X|X|X|O|O|X,5,"middle-left, middle-right, top-left, bottom-right, center",4,"top-right, bottom-center, top-center, bottom-left"
2969,3,"X occupies the bottom-right, the bottom-left, the bottom-center, and the center, O occupies the middle-right, the top-left, and the top-right",O|_|O|_|X|O|X|X|X,4,"bottom-right, bottom-left, bottom-center, center",3,"middle-right, top-left, top-right"
2970,4,"X is placed in the center and bottom-center, O is placed in the middle-right and top-right",_|_|O|_|X|O|_|X|_,2,"center, bottom-center",2,"middle-right, top-right"
2971,5,"X marks the top-center, the bottom-left, the middle-right, the top-left, and the middle-left, O marks the bottom-right, the center, the top-right, and the bottom-center",X|X|O|X|O|X|X|O|O,5,"top-center, bottom-left, middle-right, top-left, middle-left",4,"bottom-right, center, top-right, bottom-center"
2972,2,"X has played in the middle-right, the center, and the middle-left, O has played in the bottom-left, the top-center, and the top-right",_|O|O|X|X|X|O|_|_,3,"middle-right, center, middle-left",3,"bottom-left, top-center, top-right"
2973,4,"X is placed in the bottom-left, the top-left, the center, and the top-center, O is placed in the middle-left, the bottom-right, the middle-right, and the bottom-center",X|X|_|O|X|O|X|O|O,4,"bottom-left, top-left, center, top-center",4,"middle-left, bottom-right, middle-right, bottom-center"
2974,5,"X marks the bottom-right, the top-center, the middle-right, and the bottom-center, O marks the bottom-left, the middle-left, and the top-left",O|X|_|O|_|X|O|X|X,4,"bottom-right, top-center, middle-right, bottom-center",3,"bottom-left, middle-left, top-left"
2975,4,"X is placed in the bottom-left and middle-right, O is placed in the bottom-center",_|_|_|_|_|X|X|O|_,2,"bottom-left, middle-right",1,bottom-center
2976,3,"X occupies the bottom-right, the middle-right, the middle-left, the top-left, and the top-right, O occupies the bottom-center, the center, the bottom-left, and the top-center",X|O|X|X|O|X|O|O|X,5,"bottom-right, middle-right, middle-left, top-left, top-right",4,"bottom-center, center, bottom-left, top-center"
2977,5,"X marks the bottom-right and middle-right, O marks the bottom-left and top-left",O|_|_|_|_|X|O|_|X,2,"bottom-right, middle-right",2,"bottom-left, top-left"
2978,1,"X is in the top-center, the bottom-left, the bottom-center, the middle-left, and the top-right, O is in the middle-right, the bottom-right, the center, and the top-left",O|X|X|X|O|O|X|X|O,5,"top-center, bottom-left, bottom-center, middle-left, top-right",4,"middle-right, bottom-right, center, top-left"
2979,4,"X is placed in the top-center, O is placed in the center",_|X|_|_|O|_|_|_|_,1,top-center,1,center
2980,3,"X occupies the top-center and top-left, O occupies the middle-right and bottom-right",X|X|_|_|_|O|_|_|O,2,"top-center, top-left",2,"middle-right, bottom-right"
2981,3,"X occupies the bottom-center and middle-right, O occupies the top-left",O|_|_|_|_|X|_|X|_,2,"bottom-center, middle-right",1,top-left
2982,2,"X has played in the bottom-left, the bottom-center, and the center, O has played in the top-right and middle-left",_|_|O|O|X|_|X|X|_,3,"bottom-left, bottom-center, center",2,"top-right, middle-left"
2983,3,"X occupies the center, the bottom-right, the top-center, and the middle-left, O occupies the middle-right, the top-right, the bottom-left, and the bottom-center",_|X|O|X|X|O|O|O|X,4,"center, bottom-right, top-center, middle-left",4,"middle-right, top-right, bottom-left, bottom-center"
2984,4,"X is placed in the bottom-right, the middle-right, the top-center, the middle-left, and the center, O is placed in the top-right, the bottom-left, the bottom-center, and the top-left",O|X|O|X|X|X|O|O|X,5,"bottom-right, middle-right, top-center, middle-left, center",4,"top-right, bottom-left, bottom-center, top-left"
2985,5,"X marks the bottom-center, the bottom-left, the top-center, and the bottom-right, O marks the top-left, the middle-right, and the top-right",O|X|O|_|_|O|X|X|X,4,"bottom-center, bottom-left, top-center, bottom-right",3,"top-left, middle-right, top-right"
2986,1,"X is in the top-right, the bottom-center, the top-left, and the center, O is in the middle-left, the bottom-left, and the bottom-right",X|_|X|O|X|_|O|X|O,4,"top-right, bottom-center, top-left, center",3,"middle-left, bottom-left, bottom-right"
2987,2,"X has played in the middle-right, the bottom-center, the bottom-left, and the bottom-right, O has played in the top-right, the top-left, and the middle-left",O|_|O|O|_|X|X|X|X,4,"middle-right, bottom-center, bottom-left, bottom-right",3,"top-right, top-left, middle-left"
2988,4,"X is placed in the top-right, the bottom-right, the bottom-left, and the center, O is placed in the top-left, the top-center, and the bottom-center",O|O|X|_|X|_|X|O|X,4,"top-right, bottom-right, bottom-left, center",3,"top-left, top-center, bottom-center"
2989,3,"X occupies the bottom-center, the top-left, the middle-left, the top-center, and the bottom-right, O occupies the center, the bottom-left, the top-right, and the middle-right",X|X|O|X|O|O|O|X|X,5,"bottom-center, top-left, middle-left, top-center, bottom-right",4,"center, bottom-left, top-right, middle-right"
2990,3,"X occupies the top-right and bottom-center, O occupies the bottom-right",_|_|X|_|_|_|_|X|O,2,"top-right, bottom-center",1,bottom-right
2991,2,"X has played in the bottom-left, the top-center, the middle-right, and the bottom-center, O has played in the center, the top-right, and the bottom-right",_|X|O|_|O|X|X|X|O,4,"bottom-left, top-center, middle-right, bottom-center",3,"center, top-right, bottom-right"
2992,3,"X occupies the top-left, the top-center, the bottom-right, the center, and the middle-right, O occupies the middle-left, the bottom-left, the bottom-center, and the top-right",X|X|O|O|X|X|O|O|X,5,"top-left, top-center, bottom-right, center, middle-right",4,"middle-left, bottom-left, bottom-center, top-right"
2993,1,"X is in the bottom-center, the top-center, and the center, O is in the middle-left, the top-right, and the bottom-left",_|X|O|O|X|_|O|X|_,3,"bottom-center, top-center, center",3,"middle-left, top-right, bottom-left"
2994,3,"X occupies the bottom-left, the top-left, the bottom-center, and the top-right, O occupies the middle-left, the middle-right, the top-center, and the center",X|O|X|O|O|O|X|X|_,4,"bottom-left, top-left, bottom-center, top-right",4,"middle-left, middle-right, top-center, center"
2995,1,"X is in the middle-right and bottom-left, O is in the middle-left",_|_|_|O|_|X|X|_|_,2,"middle-right, bottom-left",1,middle-left
2996,1,"X is in the middle-right and center, O is in the bottom-left and bottom-center",_|_|_|_|X|X|O|O|_,2,"middle-right, center",2,"bottom-left, bottom-center"
2997,2,"X has played in the bottom-right, the bottom-left, the top-right, and the center, O has played in the middle-left, the bottom-center, and the top-left",O|_|X|O|X|_|X|O|X,4,"bottom-right, bottom-left, top-right, center",3,"middle-left, bottom-center, top-left"
2998,4,"X is placed in the bottom-right, the bottom-center, the middle-left, the center, and the top-center, O is placed in the top-left, the top-right, the middle-right, and the bottom-left",O|X|O|X|X|O|O|X|X,5,"bottom-right, bottom-center, middle-left, center, top-center",4,"top-left, top-right, middle-right, bottom-left"
2999,2,"X has played in the middle-right, the bottom-left, the middle-left, and the top-center, O has played in the top-right, the top-left, and the bottom-right",O|X|O|X|_|X|X|_|O,4,"middle-right, bottom-left, middle-left, top-center",3,"top-right, top-left, bottom-right"
3000,5,"X marks the middle-right, the top-left, the top-right, the bottom-center, and the top-center, O marks the bottom-left, the bottom-right, the center, and the middle-left",X|X|X|O|O|X|O|X|O,5,"middle-right, top-left, top-right, bottom-center, top-center",4,"bottom-left, bottom-right, center, middle-left"
3001,1,"X is in the middle-right, the bottom-right, the top-right, and the bottom-left, O is in the top-left, the top-center, and the bottom-center",O|O|X|_|_|X|X|O|X,4,"middle-right, bottom-right, top-right, bottom-left",3,"top-left, top-center, bottom-center"
3002,1,"X is in the bottom-center, the middle-right, the bottom-left, the middle-left, and the center, O is in the bottom-right, the top-center, the top-right, and the top-left",O|O|O|X|X|X|X|X|O,5,"bottom-center, middle-right, bottom-left, middle-left, center",4,"bottom-right, top-center, top-right, top-left"
3003,3,"X occupies the center, the top-center, the middle-left, and the top-right, O occupies the middle-right, the top-left, the bottom-right, and the bottom-center",O|X|X|X|X|O|_|O|O,4,"center, top-center, middle-left, top-right",4,"middle-right, top-left, bottom-right, bottom-center"
3004,3,"X occupies the middle-left, the top-center, and the middle-right, O occupies the top-right, the bottom-left, and the bottom-center",_|X|O|X|_|X|O|O|_,3,"middle-left, top-center, middle-right",3,"top-right, bottom-left, bottom-center"
3005,4,"X is placed in the middle-left, the bottom-center, and the center, O is placed in the bottom-right and middle-right",_|_|_|X|X|O|_|X|O,3,"middle-left, bottom-center, center",2,"bottom-right, middle-right"
3006,1,"X is in the top-right, the bottom-right, the center, and the top-left, O is in the middle-right, the bottom-center, and the bottom-left",X|_|X|_|X|O|O|O|X,4,"top-right, bottom-right, center, top-left",3,"middle-right, bottom-center, bottom-left"
3007,2,"X has played in the center, the top-center, the top-left, the middle-right, and the bottom-left, O has played in the bottom-center, the middle-left, the top-right, and the bottom-right",X|X|O|O|X|X|X|O|O,5,"center, top-center, top-left, middle-right, bottom-left",4,"bottom-center, middle-left, top-right, bottom-right"
3008,2,"X has played in the bottom-left, the middle-right, the top-left, and the center, O has played in the middle-left, the top-center, and the bottom-center",X|O|_|O|X|X|X|O|_,4,"bottom-left, middle-right, top-left, center",3,"middle-left, top-center, bottom-center"
3009,2,"X has played in the middle-left, the bottom-center, the top-right, the middle-right, and the bottom-right, O has played in the top-left, the bottom-left, the center, and the top-center",O|O|X|X|O|X|O|X|X,5,"middle-left, bottom-center, top-right, middle-right, bottom-right",4,"top-left, bottom-left, center, top-center"
3010,2,"X has played in the center, O has played in the bottom-center",_|_|_|_|X|_|_|O|_,1,center,1,bottom-center
3011,1,"X is in the middle-left, the top-right, the center, and the top-left, O is in the bottom-center, the middle-right, the bottom-left, and the bottom-right",X|_|X|X|X|O|O|O|O,4,"middle-left, top-right, center, top-left",4,"bottom-center, middle-right, bottom-left, bottom-right"
3012,2,"X has played in the center, the top-left, and the middle-left, O has played in the top-center, the bottom-right, and the top-right",X|O|O|X|X|_|_|_|O,3,"center, top-left, middle-left",3,"top-center, bottom-right, top-right"
3013,1,"X is in the bottom-center and bottom-left, O is in the middle-right and top-center",_|O|_|_|_|O|X|X|_,2,"bottom-center, bottom-left",2,"middle-right, top-center"
3014,1,"X is in the middle-right, the middle-left, the top-left, the bottom-left, and the top-right, O is in the bottom-center, the bottom-right, the top-center, and the center",X|O|X|X|O|X|X|O|O,5,"middle-right, middle-left, top-left, bottom-left, top-right",4,"bottom-center, bottom-right, top-center, center"
3015,5,"X marks the middle-right, the top-center, the bottom-right, and the center, O marks the top-right, the middle-left, the top-left, and the bottom-left",O|X|O|O|X|X|O|_|X,4,"middle-right, top-center, bottom-right, center",4,"top-right, middle-left, top-left, bottom-left"
3016,4,"X is placed in the top-left, the bottom-left, and the middle-right, O is placed in the center, the bottom-right, and the middle-left",X|_|_|O|O|X|X|_|O,3,"top-left, bottom-left, middle-right",3,"center, bottom-right, middle-left"
3017,3,"X occupies the bottom-left and top-left, O occupies the middle-left and top-center",X|O|_|O|_|_|X|_|_,2,"bottom-left, top-left",2,"middle-left, top-center"
3018,4,"X is placed in the bottom-center and top-left, O is placed in the middle-right",X|_|_|_|_|O|_|X|_,2,"bottom-center, top-left",1,middle-right
3019,1,"X is in the center, the bottom-left, the bottom-right, and the top-left, O is in the top-right, the middle-left, the bottom-center, and the middle-right",X|_|O|O|X|O|X|O|X,4,"center, bottom-left, bottom-right, top-left",4,"top-right, middle-left, bottom-center, middle-right"
3020,2,"X has played in the bottom-right and center, O has played in the middle-left",_|_|_|O|X|_|_|_|X,2,"bottom-right, center",1,middle-left
3021,5,"X marks the bottom-right and middle-left, O marks the bottom-center and top-right",_|_|O|X|_|_|_|O|X,2,"bottom-right, middle-left",2,"bottom-center, top-right"
3022,1,"X is in the bottom-left and middle-left, O is in the top-center",_|O|_|X|_|_|X|_|_,2,"bottom-left, middle-left",1,top-center
3023,4,"X is placed in the middle-right, the middle-left, and the center, O is placed in the bottom-right and top-right",_|_|O|X|X|X|_|_|O,3,"middle-right, middle-left, center",2,"bottom-right, top-right"
3024,5,"X marks the top-left, the top-right, the middle-right, and the bottom-center, O marks the middle-left, the bottom-right, the top-center, and the center",X|O|X|O|O|X|_|X|O,4,"top-left, top-right, middle-right, bottom-center",4,"middle-left, bottom-right, top-center, center"
3025,1,"X is in the center, the bottom-right, and the bottom-left, O is in the top-left and middle-right",O|_|_|_|X|O|X|_|X,3,"center, bottom-right, bottom-left",2,"top-left, middle-right"
3026,3,"X occupies the top-left, O occupies the top-right",X|_|O|_|_|_|_|_|_,1,top-left,1,top-right
3027,5,"X marks the middle-right, the bottom-left, the top-center, the top-left, and the center, O marks the bottom-center, the middle-left, the top-right, and the bottom-right",X|X|O|O|X|X|X|O|O,5,"middle-right, bottom-left, top-center, top-left, center",4,"bottom-center, middle-left, top-right, bottom-right"
3028,4,"X is placed in the bottom-center and middle-left, O is placed in the bottom-right and top-right",_|_|O|X|_|_|_|X|O,2,"bottom-center, middle-left",2,"bottom-right, top-right"
3029,1,"X is in the top-center, the bottom-right, the bottom-left, and the middle-right, O is in the bottom-center, the top-right, the middle-left, and the center",_|X|O|O|O|X|X|O|X,4,"top-center, bottom-right, bottom-left, middle-right",4,"bottom-center, top-right, middle-left, center"
3030,3,"X occupies the top-center, the middle-left, the bottom-left, the bottom-right, and the top-right, O occupies the top-left, the middle-right, the bottom-center, and the center",O|X|X|X|O|O|X|O|X,5,"top-center, middle-left, bottom-left, bottom-right, top-right",4,"top-left, middle-right, bottom-center, center"
3031,2,"X has played in the top-right, the middle-right, the middle-left, the bottom-right, and the top-center, O has played in the top-left, the bottom-left, the bottom-center, and the center",O|X|X|X|O|X|O|O|X,5,"top-right, middle-right, middle-left, bottom-right, top-center",4,"top-left, bottom-left, bottom-center, center"
3032,1,"X is in the middle-left, the middle-right, the bottom-center, and the top-right, O is in the top-center, the top-left, and the bottom-right",O|O|X|X|_|X|_|X|O,4,"middle-left, middle-right, bottom-center, top-right",3,"top-center, top-left, bottom-right"
3033,5,"X marks the middle-left, the middle-right, and the top-left, O marks the center and bottom-center",X|_|_|X|O|X|_|O|_,3,"middle-left, middle-right, top-left",2,"center, bottom-center"
3034,3,"X occupies the middle-left, the top-left, the center, and the bottom-left, O occupies the top-center, the bottom-center, the middle-right, and the bottom-right",X|O|_|X|X|O|X|O|O,4,"middle-left, top-left, center, bottom-left",4,"top-center, bottom-center, middle-right, bottom-right"
3035,1,"X is in the bottom-right and middle-right, O is in the bottom-left",_|_|_|_|_|X|O|_|X,2,"bottom-right, middle-right",1,bottom-left
3036,3,"X occupies the top-right, the bottom-left, the middle-right, and the center, O occupies the bottom-right, the top-center, the middle-left, and the bottom-center",_|O|X|O|X|X|X|O|O,4,"top-right, bottom-left, middle-right, center",4,"bottom-right, top-center, middle-left, bottom-center"
3037,5,"X marks the bottom-left and top-left, O marks the bottom-right",X|_|_|_|_|_|X|_|O,2,"bottom-left, top-left",1,bottom-right
3038,3,"X occupies the top-left, the top-right, the bottom-left, the middle-left, and the top-center, O occupies the bottom-right, the center, the bottom-center, and the middle-right",X|X|X|X|O|O|X|O|O,5,"top-left, top-right, bottom-left, middle-left, top-center",4,"bottom-right, center, bottom-center, middle-right"
3039,2,"X has played in the middle-left and bottom-right, O has played in the bottom-center and center",_|_|_|X|O|_|_|O|X,2,"middle-left, bottom-right",2,"bottom-center, center"
3040,1,"X is in the top-center, O is in the bottom-center",_|X|_|_|_|_|_|O|_,1,top-center,1,bottom-center
3041,4,"X is placed in the middle-right, the center, the top-left, and the top-center, O is placed in the middle-left, the bottom-right, the bottom-center, and the top-right",X|X|O|O|X|X|_|O|O,4,"middle-right, center, top-left, top-center",4,"middle-left, bottom-right, bottom-center, top-right"
3042,2,"X has played in the center, the top-center, the top-left, the bottom-left, and the top-right, O has played in the bottom-center, the middle-left, the middle-right, and the bottom-right",X|X|X|O|X|O|X|O|O,5,"center, top-center, top-left, bottom-left, top-right",4,"bottom-center, middle-left, middle-right, bottom-right"
3043,5,"X marks the top-left, the bottom-left, the bottom-right, and the middle-right, O marks the top-center, the middle-left, the bottom-center, and the top-right",X|O|O|O|_|X|X|O|X,4,"top-left, bottom-left, bottom-right, middle-right",4,"top-center, middle-left, bottom-center, top-right"
3044,1,"X is in the middle-right, the center, the bottom-center, the top-center, and the top-right, O is in the middle-left, the bottom-left, the top-left, and the bottom-right",O|X|X|O|X|X|O|X|O,5,"middle-right, center, bottom-center, top-center, top-right",4,"middle-left, bottom-left, top-left, bottom-right"
3045,3,"X occupies the middle-right, the middle-left, and the top-center, O occupies the top-left, the bottom-center, and the top-right",O|X|O|X|_|X|_|O|_,3,"middle-right, middle-left, top-center",3,"top-left, bottom-center, top-right"
3046,5,"X marks the top-right, the bottom-center, and the middle-right, O marks the top-center and bottom-right",_|O|X|_|_|X|_|X|O,3,"top-right, bottom-center, middle-right",2,"top-center, bottom-right"
3047,3,"X occupies the top-right, the bottom-right, the center, and the bottom-left, O occupies the top-left, the bottom-center, and the top-center",O|O|X|_|X|_|X|O|X,4,"top-right, bottom-right, center, bottom-left",3,"top-left, bottom-center, top-center"
3048,5,"X marks the middle-right and top-left, O marks the center",X|_|_|_|O|X|_|_|_,2,"middle-right, top-left",1,center
3049,3,"X occupies the top-left, the bottom-right, the center, the bottom-left, and the middle-right, O occupies the top-center, the top-right, the middle-left, and the bottom-center",X|O|O|O|X|X|X|O|X,5,"top-left, bottom-right, center, bottom-left, middle-right",4,"top-center, top-right, middle-left, bottom-center"
3050,5,"X marks the top-right and bottom-center, O marks the bottom-right",_|_|X|_|_|_|_|X|O,2,"top-right, bottom-center",1,bottom-right
3051,1,"X is in the bottom-left, the top-center, the bottom-center, and the middle-left, O is in the middle-right, the bottom-right, the center, and the top-right",_|X|O|X|O|O|X|X|O,4,"bottom-left, top-center, bottom-center, middle-left",4,"middle-right, bottom-right, center, top-right"
3052,4,"X is placed in the middle-left, the top-center, the top-right, and the center, O is placed in the middle-right, the top-left, and the bottom-center",O|X|X|X|X|O|_|O|_,4,"middle-left, top-center, top-right, center",3,"middle-right, top-left, bottom-center"
3053,4,"X is placed in the bottom-left, the bottom-right, the top-center, and the bottom-center, O is placed in the center, the middle-right, and the middle-left",_|X|_|O|O|O|X|X|X,4,"bottom-left, bottom-right, top-center, bottom-center",3,"center, middle-right, middle-left"
3054,5,"X marks the middle-left and top-left, O marks the middle-right and top-right",X|_|O|X|_|O|_|_|_,2,"middle-left, top-left",2,"middle-right, top-right"
3055,1,"X is in the top-right, the bottom-center, the middle-right, the bottom-right, and the top-left, O is in the bottom-left, the center, the middle-left, and the top-center",X|O|X|O|O|X|O|X|X,5,"top-right, bottom-center, middle-right, bottom-right, top-left",4,"bottom-left, center, middle-left, top-center"
3056,4,"X is placed in the bottom-center, the bottom-right, the center, and the middle-right, O is placed in the top-center, the top-left, and the middle-left",O|O|_|O|X|X|_|X|X,4,"bottom-center, bottom-right, center, middle-right",3,"top-center, top-left, middle-left"
3057,4,"X is placed in the top-right, the bottom-right, and the bottom-left, O is placed in the middle-right and top-left",O|_|X|_|_|O|X|_|X,3,"top-right, bottom-right, bottom-left",2,"middle-right, top-left"
3058,3,"X occupies the bottom-right, the bottom-left, and the top-right, O occupies the center, the top-left, and the middle-left",O|_|X|O|O|_|X|_|X,3,"bottom-right, bottom-left, top-right",3,"center, top-left, middle-left"
3059,5,"X marks the middle-left, the top-left, the top-center, and the bottom-left, O marks the center, the top-right, and the bottom-right",X|X|O|X|O|_|X|_|O,4,"middle-left, top-left, top-center, bottom-left",3,"center, top-right, bottom-right"
3060,1,"X is in the center, O is in the middle-right",_|_|_|_|X|O|_|_|_,1,center,1,middle-right
3061,4,"X is placed in the top-left, O is placed in the bottom-right",X|_|_|_|_|_|_|_|O,1,top-left,1,bottom-right
3062,3,"X occupies the middle-left, the bottom-left, and the middle-right, O occupies the top-center, the top-left, and the top-right",O|O|O|X|_|X|X|_|_,3,"middle-left, bottom-left, middle-right",3,"top-center, top-left, top-right"
3063,4,"X is placed in the middle-left and center, O is placed in the middle-right",_|_|_|X|X|O|_|_|_,2,"middle-left, center",1,middle-right
3064,4,"X is placed in the top-center, the top-right, and the middle-left, O is placed in the bottom-right, the middle-right, and the top-left",O|X|X|X|_|O|_|_|O,3,"top-center, top-right, middle-left",3,"bottom-right, middle-right, top-left"
3065,5,"X marks the top-left, the bottom-center, the bottom-left, and the center, O marks the middle-right, the top-right, and the top-center",X|O|O|_|X|O|X|X|_,4,"top-left, bottom-center, bottom-left, center",3,"middle-right, top-right, top-center"
3066,4,"X is placed in the center, the top-center, the top-right, and the middle-left, O is placed in the bottom-right, the bottom-left, and the top-left",O|X|X|X|X|_|O|_|O,4,"center, top-center, top-right, middle-left",3,"bottom-right, bottom-left, top-left"
3067,3,"X occupies the center, the bottom-center, the top-center, the middle-right, and the bottom-right, O occupies the top-right, the middle-left, the bottom-left, and the top-left",O|X|O|O|X|X|O|X|X,5,"center, bottom-center, top-center, middle-right, bottom-right",4,"top-right, middle-left, bottom-left, top-left"
3068,2,"X has played in the bottom-right, the top-center, the center, the middle-right, and the middle-left, O has played in the top-left, the bottom-center, the top-right, and the bottom-left",O|X|O|X|X|X|O|O|X,5,"bottom-right, top-center, center, middle-right, middle-left",4,"top-left, bottom-center, top-right, bottom-left"
3069,3,"X occupies the top-right, the bottom-center, the middle-left, the bottom-right, and the middle-right, O occupies the bottom-left, the top-left, the center, and the top-center",O|O|X|X|O|X|O|X|X,5,"top-right, bottom-center, middle-left, bottom-right, middle-right",4,"bottom-left, top-left, center, top-center"
3070,3,"X occupies the middle-left and bottom-right, O occupies the center",_|_|_|X|O|_|_|_|X,2,"middle-left, bottom-right",1,center
3071,5,"X marks the center and top-right, O marks the top-left and bottom-left",O|_|X|_|X|_|O|_|_,2,"center, top-right",2,"top-left, bottom-left"
3072,5,"X marks the bottom-center, the middle-right, the top-center, and the center, O marks the bottom-right, the bottom-left, the top-right, and the top-left",O|X|O|_|X|X|O|X|O,4,"bottom-center, middle-right, top-center, center",4,"bottom-right, bottom-left, top-right, top-left"
3073,5,"X marks the bottom-left, the middle-right, and the center, O marks the top-center, the bottom-center, and the middle-left",_|O|_|O|X|X|X|O|_,3,"bottom-left, middle-right, center",3,"top-center, bottom-center, middle-left"
3074,5,"X marks the bottom-center, O marks the top-center",_|O|_|_|_|_|_|X|_,1,bottom-center,1,top-center
3075,3,"X occupies the middle-right, the top-center, the middle-left, and the top-right, O occupies the bottom-center, the bottom-left, the bottom-right, and the top-left",O|X|X|X|_|X|O|O|O,4,"middle-right, top-center, middle-left, top-right",4,"bottom-center, bottom-left, bottom-right, top-left"
3076,3,"X occupies the top-right, the bottom-center, the bottom-right, the top-center, and the bottom-left, O occupies the center, the middle-left, the middle-right, and the top-left",O|X|X|O|O|O|X|X|X,5,"top-right, bottom-center, bottom-right, top-center, bottom-left",4,"center, middle-left, middle-right, top-left"
3077,1,"X is in the middle-right, the top-center, the top-left, and the bottom-left, O is in the middle-left, the top-right, and the bottom-center",X|X|O|O|_|X|X|O|_,4,"middle-right, top-center, top-left, bottom-left",3,"middle-left, top-right, bottom-center"
3078,1,"X is in the top-right, the bottom-right, the middle-right, the top-center, and the top-left, O is in the bottom-left, the center, the bottom-center, and the middle-left",X|X|X|O|O|X|O|O|X,5,"top-right, bottom-right, middle-right, top-center, top-left",4,"bottom-left, center, bottom-center, middle-left"
3079,4,"X is placed in the bottom-center, the top-left, the middle-left, and the bottom-left, O is placed in the bottom-right, the top-center, the middle-right, and the center",X|O|_|X|O|O|X|X|O,4,"bottom-center, top-left, middle-left, bottom-left",4,"bottom-right, top-center, middle-right, center"
3080,1,"X is in the bottom-center, O is in the center",_|_|_|_|O|_|_|X|_,1,bottom-center,1,center
3081,1,"X is in the bottom-left, the bottom-right, and the top-center, O is in the top-right and middle-right",_|X|O|_|_|O|X|_|X,3,"bottom-left, bottom-right, top-center",2,"top-right, middle-right"
3082,1,"X is in the center, the top-left, and the bottom-right, O is in the bottom-left and top-center",X|O|_|_|X|_|O|_|X,3,"center, top-left, bottom-right",2,"bottom-left, top-center"
3083,1,"X is in the bottom-left, the bottom-right, and the center, O is in the top-left, the top-center, and the middle-right",O|O|_|_|X|O|X|_|X,3,"bottom-left, bottom-right, center",3,"top-left, top-center, middle-right"
3084,2,"X has played in the bottom-center and center, O has played in the middle-left and top-left",O|_|_|O|X|_|_|X|_,2,"bottom-center, center",2,"middle-left, top-left"
3085,3,"X occupies the top-center, O occupies the top-right",_|X|O|_|_|_|_|_|_,1,top-center,1,top-right
3086,3,"X occupies the middle-right, the middle-left, and the center, O occupies the top-right, the top-left, and the top-center",O|O|O|X|X|X|_|_|_,3,"middle-right, middle-left, center",3,"top-right, top-left, top-center"
3087,5,"X marks the top-center and center, O marks the middle-left",_|X|_|O|X|_|_|_|_,2,"top-center, center",1,middle-left
3088,5,"X marks the center, the bottom-right, the middle-right, the top-left, and the bottom-left, O marks the top-right, the middle-left, the top-center, and the bottom-center",X|O|O|O|X|X|X|O|X,5,"center, bottom-right, middle-right, top-left, bottom-left",4,"top-right, middle-left, top-center, bottom-center"
3089,2,"X has played in the top-center, the bottom-right, the top-left, and the middle-right, O has played in the top-right, the middle-left, and the bottom-center",X|X|O|O|_|X|_|O|X,4,"top-center, bottom-right, top-left, middle-right",3,"top-right, middle-left, bottom-center"
3090,3,"X occupies the bottom-left, the middle-right, and the bottom-center, O occupies the top-right and top-center",_|O|O|_|_|X|X|X|_,3,"bottom-left, middle-right, bottom-center",2,"top-right, top-center"
3091,4,"X is placed in the bottom-left, the top-right, and the center, O is placed in the middle-right, the bottom-center, and the top-left",O|_|X|_|X|O|X|O|_,3,"bottom-left, top-right, center",3,"middle-right, bottom-center, top-left"
3092,4,"X is placed in the center, the bottom-right, the bottom-left, the middle-right, and the top-left, O is placed in the bottom-center, the middle-left, the top-right, and the top-center",X|O|O|O|X|X|X|O|X,5,"center, bottom-right, bottom-left, middle-right, top-left",4,"bottom-center, middle-left, top-right, top-center"
3093,2,"X has played in the top-right, the bottom-right, the bottom-center, the bottom-left, and the center, O has played in the top-center, the middle-left, the top-left, and the middle-right",O|O|X|O|X|O|X|X|X,5,"top-right, bottom-right, bottom-center, bottom-left, center",4,"top-center, middle-left, top-left, middle-right"
3094,5,"X marks the top-right and top-center, O marks the middle-left and middle-right",_|X|X|O|_|O|_|_|_,2,"top-right, top-center",2,"middle-left, middle-right"
3095,1,"X is in the center and bottom-right, O is in the top-right",_|_|O|_|X|_|_|_|X,2,"center, bottom-right",1,top-right
3096,4,"X is placed in the center, the top-center, the middle-right, the bottom-center, and the middle-left, O is placed in the bottom-right, the top-left, the top-right, and the bottom-left",O|X|O|X|X|X|O|X|O,5,"center, top-center, middle-right, bottom-center, middle-left",4,"bottom-right, top-left, top-right, bottom-left"
3097,2,"X has played in the middle-left and bottom-right, O has played in the center and bottom-center",_|_|_|X|O|_|_|O|X,2,"middle-left, bottom-right",2,"center, bottom-center"
3098,5,"X marks the top-center, the top-right, and the bottom-left, O marks the middle-right, the bottom-center, and the top-left",O|X|X|_|_|O|X|O|_,3,"top-center, top-right, bottom-left",3,"middle-right, bottom-center, top-left"
3099,2,"X has played in the bottom-left, the middle-right, the bottom-right, and the bottom-center, O has played in the top-left, the center, and the top-center",O|O|_|_|O|X|X|X|X,4,"bottom-left, middle-right, bottom-right, bottom-center",3,"top-left, center, top-center"
3100,2,"X has played in the middle-left, the center, the top-center, and the top-right, O has played in the middle-right, the bottom-left, the top-left, and the bottom-right",O|X|X|X|X|O|O|_|O,4,"middle-left, center, top-center, top-right",4,"middle-right, bottom-left, top-left, bottom-right"
3101,3,"X occupies the top-center, the bottom-left, and the top-right, O occupies the bottom-center and center",_|X|X|_|O|_|X|O|_,3,"top-center, bottom-left, top-right",2,"bottom-center, center"
3102,5,"X marks the top-center, the bottom-right, the center, and the top-right, O marks the middle-left, the middle-right, and the top-left",O|X|X|O|X|O|_|_|X,4,"top-center, bottom-right, center, top-right",3,"middle-left, middle-right, top-left"
3103,1,"X is in the middle-left, the bottom-left, the middle-right, the top-right, and the top-center, O is in the center, the bottom-center, the bottom-right, and the top-left",O|X|X|X|O|X|X|O|O,5,"middle-left, bottom-left, middle-right, top-right, top-center",4,"center, bottom-center, bottom-right, top-left"
3104,4,"X is placed in the middle-left, the bottom-center, the bottom-right, and the top-left, O is placed in the top-right, the center, and the middle-right",X|_|O|X|O|O|_|X|X,4,"middle-left, bottom-center, bottom-right, top-left",3,"top-right, center, middle-right"
3105,2,"X has played in the bottom-left, the top-right, the top-left, the top-center, and the bottom-center, O has played in the bottom-right, the middle-right, the center, and the middle-left",X|X|X|O|O|O|X|X|O,5,"bottom-left, top-right, top-left, top-center, bottom-center",4,"bottom-right, middle-right, center, middle-left"
3106,2,"X has played in the center, the top-right, and the bottom-left, O has played in the top-left, the top-center, and the bottom-right",O|O|X|_|X|_|X|_|O,3,"center, top-right, bottom-left",3,"top-left, top-center, bottom-right"
3107,3,"X occupies the bottom-right, O occupies the middle-right",_|_|_|_|_|O|_|_|X,1,bottom-right,1,middle-right
3108,2,"X has played in the top-left, the top-center, and the bottom-center, O has played in the bottom-right, the middle-right, and the middle-left",X|X|_|O|_|O|_|X|O,3,"top-left, top-center, bottom-center",3,"bottom-right, middle-right, middle-left"
3109,5,"X marks the top-center, the bottom-left, the middle-left, the top-left, and the top-right, O marks the bottom-right, the center, the middle-right, and the bottom-center",X|X|X|X|O|O|X|O|O,5,"top-center, bottom-left, middle-left, top-left, top-right",4,"bottom-right, center, middle-right, bottom-center"
3110,2,"X has played in the middle-left, O has played in the top-center",_|O|_|X|_|_|_|_|_,1,middle-left,1,top-center
3111,5,"X marks the top-center, the middle-left, the center, and the top-right, O marks the bottom-right, the top-left, the bottom-left, and the bottom-center",O|X|X|X|X|_|O|O|O,4,"top-center, middle-left, center, top-right",4,"bottom-right, top-left, bottom-left, bottom-center"
3112,2,"X has played in the bottom-center, the top-center, and the top-right, O has played in the top-left, the center, and the bottom-left",O|X|X|_|O|_|O|X|_,3,"bottom-center, top-center, top-right",3,"top-left, center, bottom-left"
3113,1,"X is in the center, the top-left, the top-right, the top-center, and the middle-right, O is in the bottom-center, the bottom-right, the bottom-left, and the middle-left",X|X|X|O|X|X|O|O|O,5,"center, top-left, top-right, top-center, middle-right",4,"bottom-center, bottom-right, bottom-left, middle-left"
3114,5,"X marks the top-center, the center, and the middle-left, O marks the bottom-right, the bottom-left, and the middle-right",_|X|_|X|X|O|O|_|O,3,"top-center, center, middle-left",3,"bottom-right, bottom-left, middle-right"
3115,1,"X is in the center, the bottom-right, and the middle-left, O is in the bottom-center and middle-right",_|_|_|X|X|O|_|O|X,3,"center, bottom-right, middle-left",2,"bottom-center, middle-right"
3116,1,"X is in the top-left and bottom-left, O is in the center",X|_|_|_|O|_|X|_|_,2,"top-left, bottom-left",1,center
3117,3,"X occupies the bottom-center, the middle-right, the top-right, and the center, O occupies the bottom-left, the top-left, the middle-left, and the bottom-right",O|_|X|O|X|X|O|X|O,4,"bottom-center, middle-right, top-right, center",4,"bottom-left, top-left, middle-left, bottom-right"
3118,1,"X is in the top-left, the middle-left, and the top-center, O is in the bottom-center, the middle-right, and the bottom-left",X|X|_|X|_|O|O|O|_,3,"top-left, middle-left, top-center",3,"bottom-center, middle-right, bottom-left"
3119,4,"X is placed in the bottom-right, the center, the top-center, the bottom-center, and the bottom-left, O is placed in the top-right, the top-left, the middle-left, and the middle-right",O|X|O|O|X|O|X|X|X,5,"bottom-right, center, top-center, bottom-center, bottom-left",4,"top-right, top-left, middle-left, middle-right"
3120,2,"X has played in the middle-left, the center, and the top-center, O has played in the bottom-right and top-right",_|X|O|X|X|_|_|_|O,3,"middle-left, center, top-center",2,"bottom-right, top-right"
3121,2,"X has played in the bottom-center, the bottom-right, and the middle-right, O has played in the center, the top-left, and the top-center",O|O|_|_|O|X|_|X|X,3,"bottom-center, bottom-right, middle-right",3,"center, top-left, top-center"
3122,1,"X is in the bottom-right, the bottom-left, the middle-left, and the top-right, O is in the top-center, the bottom-center, the top-left, and the middle-right",O|O|X|X|_|O|X|O|X,4,"bottom-right, bottom-left, middle-left, top-right",4,"top-center, bottom-center, top-left, middle-right"
3123,3,"X occupies the middle-right and center, O occupies the bottom-center and bottom-left",_|_|_|_|X|X|O|O|_,2,"middle-right, center",2,"bottom-center, bottom-left"
3124,4,"X is placed in the bottom-center, the center, the middle-right, the middle-left, and the top-center, O is placed in the bottom-right, the top-left, the bottom-left, and the top-right",O|X|O|X|X|X|O|X|O,5,"bottom-center, center, middle-right, middle-left, top-center",4,"bottom-right, top-left, bottom-left, top-right"
3125,1,"X is in the top-left and bottom-left, O is in the top-right and middle-left",X|_|O|O|_|_|X|_|_,2,"top-left, bottom-left",2,"top-right, middle-left"
3126,2,"X has played in the middle-right, the top-right, the center, and the top-left, O has played in the middle-left, the bottom-center, and the bottom-right",X|_|X|O|X|X|_|O|O,4,"middle-right, top-right, center, top-left",3,"middle-left, bottom-center, bottom-right"
3127,4,"X is placed in the middle-left, the middle-right, the bottom-right, and the bottom-center, O is placed in the top-left, the top-center, and the bottom-left",O|O|_|X|_|X|O|X|X,4,"middle-left, middle-right, bottom-right, bottom-center",3,"top-left, top-center, bottom-left"
3128,3,"X occupies the middle-right, the top-left, the top-right, and the bottom-center, O occupies the center, the bottom-right, and the top-center",X|O|X|_|O|X|_|X|O,4,"middle-right, top-left, top-right, bottom-center",3,"center, bottom-right, top-center"
3129,4,"X is placed in the middle-left and bottom-left, O is placed in the top-right and top-left",O|_|O|X|_|_|X|_|_,2,"middle-left, bottom-left",2,"top-right, top-left"
3130,1,"X is in the top-center, the top-left, the bottom-left, the bottom-center, and the bottom-right, O is in the middle-right, the center, the top-right, and the middle-left",X|X|O|O|O|O|X|X|X,5,"top-center, top-left, bottom-left, bottom-center, bottom-right",4,"middle-right, center, top-right, middle-left"
3131,1,"X is in the middle-left and middle-right, O is in the bottom-left and center",_|_|_|X|O|X|O|_|_,2,"middle-left, middle-right",2,"bottom-left, center"
3132,2,"X has played in the bottom-center, the bottom-right, the middle-right, and the top-left, O has played in the middle-left, the top-center, and the bottom-left",X|O|_|O|_|X|O|X|X,4,"bottom-center, bottom-right, middle-right, top-left",3,"middle-left, top-center, bottom-left"
3133,2,"X has played in the bottom-center, the top-center, the top-left, the top-right, and the center, O has played in the bottom-right, the middle-right, the middle-left, and the bottom-left",X|X|X|O|X|O|O|X|O,5,"bottom-center, top-center, top-left, top-right, center",4,"bottom-right, middle-right, middle-left, bottom-left"
3134,1,"X is in the bottom-left and middle-left, O is in the bottom-right",_|_|_|X|_|_|X|_|O,2,"bottom-left, middle-left",1,bottom-right
3135,4,"X is placed in the top-center, the top-left, the top-right, the bottom-left, and the center, O is placed in the bottom-right, the middle-right, the bottom-center, and the middle-left",X|X|X|O|X|O|X|O|O,5,"top-center, top-left, top-right, bottom-left, center",4,"bottom-right, middle-right, bottom-center, middle-left"
3136,4,"X is placed in the bottom-left and bottom-right, O is placed in the top-right",_|_|O|_|_|_|X|_|X,2,"bottom-left, bottom-right",1,top-right
3137,4,"X is placed in the top-left, the bottom-left, the center, the middle-right, and the top-right, O is placed in the bottom-center, the bottom-right, the middle-left, and the top-center",X|O|X|O|X|X|X|O|O,5,"top-left, bottom-left, center, middle-right, top-right",4,"bottom-center, bottom-right, middle-left, top-center"
3138,2,"X has played in the middle-left, the bottom-right, the bottom-left, and the top-left, O has played in the top-center, the middle-right, the bottom-center, and the center",X|O|_|X|O|O|X|O|X,4,"middle-left, bottom-right, bottom-left, top-left",4,"top-center, middle-right, bottom-center, center"
3139,5,"X marks the top-left, the center, and the top-right, O marks the bottom-left, the top-center, and the middle-right",X|O|X|_|X|O|O|_|_,3,"top-left, center, top-right",3,"bottom-left, top-center, middle-right"
3140,1,"X is in the middle-left and bottom-left, O is in the top-right",_|_|O|X|_|_|X|_|_,2,"middle-left, bottom-left",1,top-right
3141,2,"X has played in the top-left, the center, and the bottom-center, O has played in the top-center and top-right",X|O|O|_|X|_|_|X|_,3,"top-left, center, bottom-center",2,"top-center, top-right"
3142,4,"X is placed in the middle-left, the center, and the middle-right, O is placed in the bottom-center and top-center",_|O|_|X|X|X|_|O|_,3,"middle-left, center, middle-right",2,"bottom-center, top-center"
3143,2,"X has played in the bottom-right, the bottom-left, and the top-center, O has played in the top-left and top-right",O|X|O|_|_|_|X|_|X,3,"bottom-right, bottom-left, top-center",2,"top-left, top-right"
3144,4,"X is placed in the top-right, the middle-left, and the top-left, O is placed in the top-center, the center, and the middle-right",X|O|X|X|O|O|_|_|_,3,"top-right, middle-left, top-left",3,"top-center, center, middle-right"
3145,1,"X is in the bottom-left, the middle-left, the middle-right, the top-left, and the bottom-right, O is in the bottom-center, the top-right, the center, and the top-center",X|O|O|X|O|X|X|O|X,5,"bottom-left, middle-left, middle-right, top-left, bottom-right",4,"bottom-center, top-right, center, top-center"
3146,5,"X marks the bottom-left, the middle-right, and the center, O marks the bottom-center and bottom-right",_|_|_|_|X|X|X|O|O,3,"bottom-left, middle-right, center",2,"bottom-center, bottom-right"
3147,1,"X is in the middle-right, the top-center, the bottom-left, and the bottom-center, O is in the middle-left, the center, and the top-left",O|X|_|O|O|X|X|X|_,4,"middle-right, top-center, bottom-left, bottom-center",3,"middle-left, center, top-left"
3148,3,"X occupies the top-right, the center, the top-left, the bottom-center, and the bottom-left, O occupies the middle-right, the bottom-right, the top-center, and the middle-left",X|O|X|O|X|O|X|X|O,5,"top-right, center, top-left, bottom-center, bottom-left",4,"middle-right, bottom-right, top-center, middle-left"
3149,3,"X occupies the middle-right, the center, the bottom-left, the top-left, and the top-center, O occupies the bottom-right, the bottom-center, the top-right, and the middle-left",X|X|O|O|X|X|X|O|O,5,"middle-right, center, bottom-left, top-left, top-center",4,"bottom-right, bottom-center, top-right, middle-left"
3150,1,"X is in the middle-left, the top-center, and the bottom-left, O is in the top-left, the bottom-center, and the center",O|X|_|X|O|_|X|O|_,3,"middle-left, top-center, bottom-left",3,"top-left, bottom-center, center"
3151,3,"X occupies the bottom-center, the center, and the top-right, O occupies the bottom-left, the top-center, and the middle-right",_|O|X|_|X|O|O|X|_,3,"bottom-center, center, top-right",3,"bottom-left, top-center, middle-right"
3152,5,"X marks the bottom-left, the middle-right, the bottom-right, the top-center, and the bottom-center, O marks the top-right, the middle-left, the top-left, and the center",O|X|O|O|O|X|X|X|X,5,"bottom-left, middle-right, bottom-right, top-center, bottom-center",4,"top-right, middle-left, top-left, center"
3153,3,"X occupies the top-right, the bottom-left, the middle-left, the bottom-right, and the middle-right, O occupies the top-left, the center, the top-center, and the bottom-center",O|O|X|X|O|X|X|O|X,5,"top-right, bottom-left, middle-left, bottom-right, middle-right",4,"top-left, center, top-center, bottom-center"
3154,1,"X is in the middle-left, the top-right, the top-left, the bottom-center, and the top-center, O is in the bottom-right, the middle-right, the center, and the bottom-left",X|X|X|X|O|O|O|X|O,5,"middle-left, top-right, top-left, bottom-center, top-center",4,"bottom-right, middle-right, center, bottom-left"
3155,2,"X has played in the top-center, the top-right, the bottom-center, and the middle-right, O has played in the middle-left, the bottom-left, the bottom-right, and the center",_|X|X|O|O|X|O|X|O,4,"top-center, top-right, bottom-center, middle-right",4,"middle-left, bottom-left, bottom-right, center"
3156,2,"X has played in the top-right and top-left, O has played in the center",X|_|X|_|O|_|_|_|_,2,"top-right, top-left",1,center
3157,1,"X is in the bottom-center, the top-left, and the middle-left, O is in the bottom-right, the center, and the top-right",X|_|O|X|O|_|_|X|O,3,"bottom-center, top-left, middle-left",3,"bottom-right, center, top-right"
3158,1,"X is in the bottom-right, the center, and the middle-left, O is in the bottom-center, the bottom-left, and the top-right",_|_|O|X|X|_|O|O|X,3,"bottom-right, center, middle-left",3,"bottom-center, bottom-left, top-right"
3159,2,"X has played in the bottom-center and middle-right, O has played in the top-center and bottom-left",_|O|_|_|_|X|O|X|_,2,"bottom-center, middle-right",2,"top-center, bottom-left"
3160,1,"X is in the top-right, the top-center, the top-left, and the center, O is in the bottom-center, the middle-right, the bottom-left, and the middle-left",X|X|X|O|X|O|O|O|_,4,"top-right, top-center, top-left, center",4,"bottom-center, middle-right, bottom-left, middle-left"
3161,4,"X is placed in the bottom-right, the top-center, the top-right, the bottom-left, and the center, O is placed in the bottom-center, the middle-left, the top-left, and the middle-right",O|X|X|O|X|O|X|O|X,5,"bottom-right, top-center, top-right, bottom-left, center",4,"bottom-center, middle-left, top-left, middle-right"
3162,4,"X is placed in the top-left and top-center, O is placed in the bottom-center",X|X|_|_|_|_|_|O|_,2,"top-left, top-center",1,bottom-center
3163,3,"X occupies the top-left, the top-center, the bottom-left, the center, and the bottom-right, O occupies the middle-left, the middle-right, the top-right, and the bottom-center",X|X|O|O|X|O|X|O|X,5,"top-left, top-center, bottom-left, center, bottom-right",4,"middle-left, middle-right, top-right, bottom-center"
3164,3,"X occupies the top-right, the top-center, the bottom-right, and the center, O occupies the top-left, the bottom-center, and the middle-right",O|X|X|_|X|O|_|O|X,4,"top-right, top-center, bottom-right, center",3,"top-left, bottom-center, middle-right"
3165,3,"X occupies the bottom-right, the middle-left, and the middle-right, O occupies the bottom-left and top-right",_|_|O|X|_|X|O|_|X,3,"bottom-right, middle-left, middle-right",2,"bottom-left, top-right"
3166,3,"X occupies the middle-left, the bottom-right, the center, and the bottom-left, O occupies the top-center, the top-left, the top-right, and the bottom-center",O|O|O|X|X|_|X|O|X,4,"middle-left, bottom-right, center, bottom-left",4,"top-center, top-left, top-right, bottom-center"
3167,4,"X is placed in the center, the middle-right, and the bottom-right, O is placed in the bottom-left and bottom-center",_|_|_|_|X|X|O|O|X,3,"center, middle-right, bottom-right",2,"bottom-left, bottom-center"
3168,2,"X has played in the bottom-center, the bottom-left, the middle-right, and the top-center, O has played in the top-left, the middle-left, and the bottom-right",O|X|_|O|_|X|X|X|O,4,"bottom-center, bottom-left, middle-right, top-center",3,"top-left, middle-left, bottom-right"
3169,1,"X is in the bottom-center, the middle-left, and the bottom-left, O is in the top-center, the top-right, and the top-left",O|O|O|X|_|_|X|X|_,3,"bottom-center, middle-left, bottom-left",3,"top-center, top-right, top-left"
3170,4,"X is placed in the top-center, the middle-left, the bottom-right, the middle-right, and the bottom-left, O is placed in the top-right, the center, the bottom-center, and the top-left",O|X|O|X|O|X|X|O|X,5,"top-center, middle-left, bottom-right, middle-right, bottom-left",4,"top-right, center, bottom-center, top-left"
3171,1,"X is in the top-right, the top-center, the bottom-left, and the center, O is in the bottom-center, the middle-right, the middle-left, and the top-left",O|X|X|O|X|O|X|O|_,4,"top-right, top-center, bottom-left, center",4,"bottom-center, middle-right, middle-left, top-left"
3172,2,"X has played in the center, the bottom-center, the top-left, the top-center, and the middle-right, O has played in the bottom-right, the middle-left, the bottom-left, and the top-right",X|X|O|O|X|X|O|X|O,5,"center, bottom-center, top-left, top-center, middle-right",4,"bottom-right, middle-left, bottom-left, top-right"
3173,3,"X occupies the center and bottom-left, O occupies the bottom-right and middle-left",_|_|_|O|X|_|X|_|O,2,"center, bottom-left",2,"bottom-right, middle-left"
3174,4,"X is placed in the bottom-left, the middle-right, and the top-right, O is placed in the top-left, the middle-left, and the bottom-center",O|_|X|O|_|X|X|O|_,3,"bottom-left, middle-right, top-right",3,"top-left, middle-left, bottom-center"
3175,2,"X has played in the top-left, the bottom-left, the center, the middle-right, and the bottom-right, O has played in the top-right, the bottom-center, the middle-left, and the top-center",X|O|O|O|X|X|X|O|X,5,"top-left, bottom-left, center, middle-right, bottom-right",4,"top-right, bottom-center, middle-left, top-center"
3176,3,"X occupies the middle-right, the bottom-left, the center, and the top-center, O occupies the bottom-center, the middle-left, and the top-left",O|X|_|O|X|X|X|O|_,4,"middle-right, bottom-left, center, top-center",3,"bottom-center, middle-left, top-left"
3177,1,"X is in the bottom-right, the top-center, and the middle-left, O is in the top-left and bottom-left",O|X|_|X|_|_|O|_|X,3,"bottom-right, top-center, middle-left",2,"top-left, bottom-left"
3178,4,"X is placed in the center, the bottom-left, the top-center, and the top-left, O is placed in the bottom-right, the bottom-center, the top-right, and the middle-left",X|X|O|O|X|_|X|O|O,4,"center, bottom-left, top-center, top-left",4,"bottom-right, bottom-center, top-right, middle-left"
3179,5,"X marks the center, the bottom-center, the top-right, and the top-left, O marks the bottom-left, the top-center, the middle-left, and the middle-right",X|O|X|O|X|O|O|X|_,4,"center, bottom-center, top-right, top-left",4,"bottom-left, top-center, middle-left, middle-right"
3180,4,"X is placed in the middle-left, the top-left, and the bottom-center, O is placed in the center and top-center",X|O|_|X|O|_|_|X|_,3,"middle-left, top-left, bottom-center",2,"center, top-center"
3181,1,"X is in the bottom-center, the middle-left, the bottom-right, and the bottom-left, O is in the middle-right, the top-right, and the top-center",_|O|O|X|_|O|X|X|X,4,"bottom-center, middle-left, bottom-right, bottom-left",3,"middle-right, top-right, top-center"
3182,5,"X marks the bottom-right, the center, and the middle-right, O marks the top-center and top-left",O|O|_|_|X|X|_|_|X,3,"bottom-right, center, middle-right",2,"top-center, top-left"
3183,4,"X is placed in the top-right, the middle-left, the top-center, and the bottom-left, O is placed in the top-left, the middle-right, and the bottom-right",O|X|X|X|_|O|X|_|O,4,"top-right, middle-left, top-center, bottom-left",3,"top-left, middle-right, bottom-right"
3184,4,"X is placed in the bottom-right and center, O is placed in the top-center and middle-left",_|O|_|O|X|_|_|_|X,2,"bottom-right, center",2,"top-center, middle-left"
3185,2,"X has played in the bottom-left and middle-right, O has played in the top-left",O|_|_|_|_|X|X|_|_,2,"bottom-left, middle-right",1,top-left
3186,4,"X is placed in the bottom-right, the bottom-center, and the top-left, O is placed in the bottom-left and top-center",X|O|_|_|_|_|O|X|X,3,"bottom-right, bottom-center, top-left",2,"bottom-left, top-center"
3187,1,"X is in the center, the top-left, the bottom-center, the top-right, and the middle-right, O is in the top-center, the bottom-left, the middle-left, and the bottom-right",X|O|X|O|X|X|O|X|O,5,"center, top-left, bottom-center, top-right, middle-right",4,"top-center, bottom-left, middle-left, bottom-right"
3188,1,"X is in the bottom-center, O is in the top-center",_|O|_|_|_|_|_|X|_,1,bottom-center,1,top-center
3189,5,"X marks the middle-left, the bottom-right, and the center, O marks the top-right, the middle-right, and the bottom-center",_|_|O|X|X|O|_|O|X,3,"middle-left, bottom-right, center",3,"top-right, middle-right, bottom-center"
3190,4,"X is placed in the bottom-right and middle-left, O is placed in the center",_|_|_|X|O|_|_|_|X,2,"bottom-right, middle-left",1,center
3191,5,"X marks the top-left and top-right, O marks the bottom-center",X|_|X|_|_|_|_|O|_,2,"top-left, top-right",1,bottom-center
3192,3,"X occupies the bottom-center and top-left, O occupies the bottom-right",X|_|_|_|_|_|_|X|O,2,"bottom-center, top-left",1,bottom-right
3193,3,"X occupies the bottom-center, the top-center, and the bottom-left, O occupies the top-left and center",O|X|_|_|O|_|X|X|_,3,"bottom-center, top-center, bottom-left",2,"top-left, center"
3194,4,"X is placed in the top-right and bottom-center, O is placed in the top-center and top-left",O|O|X|_|_|_|_|X|_,2,"top-right, bottom-center",2,"top-center, top-left"
3195,5,"X marks the bottom-left, the middle-right, and the bottom-center, O marks the top-right, the middle-left, and the top-center",_|O|O|O|_|X|X|X|_,3,"bottom-left, middle-right, bottom-center",3,"top-right, middle-left, top-center"
3196,1,"X is in the top-right, the middle-left, and the bottom-right, O is in the bottom-left and bottom-center",_|_|X|X|_|_|O|O|X,3,"top-right, middle-left, bottom-right",2,"bottom-left, bottom-center"
3197,3,"X occupies the top-center, the center, the top-right, the middle-left, and the middle-right, O occupies the bottom-right, the bottom-left, the bottom-center, and the top-left",O|X|X|X|X|X|O|O|O,5,"top-center, center, top-right, middle-left, middle-right",4,"bottom-right, bottom-left, bottom-center, top-left"
3198,3,"X occupies the bottom-right, the top-right, the top-center, the bottom-center, and the top-left, O occupies the center, the middle-right, the middle-left, and the bottom-left",X|X|X|O|O|O|O|X|X,5,"bottom-right, top-right, top-center, bottom-center, top-left",4,"center, middle-right, middle-left, bottom-left"
3199,3,"X occupies the bottom-left, the center, the top-left, and the top-center, O occupies the bottom-right, the bottom-center, and the middle-right",X|X|_|_|X|O|X|O|O,4,"bottom-left, center, top-left, top-center",3,"bottom-right, bottom-center, middle-right"
3200,5,"X marks the top-center, the middle-right, the top-left, and the bottom-left, O marks the center, the top-right, the middle-left, and the bottom-right",X|X|O|O|O|X|X|_|O,4,"top-center, middle-right, top-left, bottom-left",4,"center, top-right, middle-left, bottom-right"
3201,2,"X has played in the top-right, the bottom-center, the center, and the top-center, O has played in the bottom-left, the middle-right, and the top-left",O|X|X|_|X|O|O|X|_,4,"top-right, bottom-center, center, top-center",3,"bottom-left, middle-right, top-left"
3202,5,"X marks the bottom-right, O marks the middle-left",_|_|_|O|_|_|_|_|X,1,bottom-right,1,middle-left
3203,3,"X occupies the top-right, the bottom-right, and the bottom-center, O occupies the top-center, the middle-left, and the center",_|O|X|O|O|_|_|X|X,3,"top-right, bottom-right, bottom-center",3,"top-center, middle-left, center"
3204,1,"X is in the top-center and middle-right, O is in the top-right",_|X|O|_|_|X|_|_|_,2,"top-center, middle-right",1,top-right
3205,1,"X is in the bottom-right, the middle-left, the middle-right, the top-right, and the top-center, O is in the center, the top-left, the bottom-center, and the bottom-left",O|X|X|X|O|X|O|O|X,5,"bottom-right, middle-left, middle-right, top-right, top-center",4,"center, top-left, bottom-center, bottom-left"
3206,5,"X marks the bottom-right, the bottom-left, the middle-left, and the top-right, O marks the center, the middle-right, and the bottom-center",_|_|X|X|O|O|X|O|X,4,"bottom-right, bottom-left, middle-left, top-right",3,"center, middle-right, bottom-center"
3207,1,"X is in the middle-left and bottom-right, O is in the bottom-center",_|_|_|X|_|_|_|O|X,2,"middle-left, bottom-right",1,bottom-center
3208,5,"X marks the top-center, the middle-left, the bottom-left, the bottom-right, and the bottom-center, O marks the top-left, the center, the middle-right, and the top-right",O|X|O|X|O|O|X|X|X,5,"top-center, middle-left, bottom-left, bottom-right, bottom-center",4,"top-left, center, middle-right, top-right"
3209,4,"X is placed in the bottom-left and top-center, O is placed in the center and top-right",_|X|O|_|O|_|X|_|_,2,"bottom-left, top-center",2,"center, top-right"
3210,2,"X has played in the top-center and bottom-center, O has played in the top-left and bottom-right",O|X|_|_|_|_|_|X|O,2,"top-center, bottom-center",2,"top-left, bottom-right"
3211,1,"X is in the middle-left, the bottom-right, the top-right, the center, and the bottom-left, O is in the top-center, the top-left, the bottom-center, and the middle-right",O|O|X|X|X|O|X|O|X,5,"middle-left, bottom-right, top-right, center, bottom-left",4,"top-center, top-left, bottom-center, middle-right"
3212,1,"X is in the bottom-left, the top-center, and the center, O is in the bottom-center and middle-right",_|X|_|_|X|O|X|O|_,3,"bottom-left, top-center, center",2,"bottom-center, middle-right"
3213,3,"X occupies the middle-left, the center, the top-right, and the middle-right, O occupies the top-center, the top-left, and the bottom-center",O|O|X|X|X|X|_|O|_,4,"middle-left, center, top-right, middle-right",3,"top-center, top-left, bottom-center"
3214,1,"X is in the top-right, the center, and the bottom-right, O is in the top-left and middle-left",O|_|X|O|X|_|_|_|X,3,"top-right, center, bottom-right",2,"top-left, middle-left"
3215,4,"X is placed in the middle-left, the middle-right, and the top-left, O is placed in the bottom-left and top-center",X|O|_|X|_|X|O|_|_,3,"middle-left, middle-right, top-left",2,"bottom-left, top-center"
3216,5,"X marks the top-center, the middle-right, the top-right, the middle-left, and the top-left, O marks the bottom-center, the bottom-right, the bottom-left, and the center",X|X|X|X|O|X|O|O|O,5,"top-center, middle-right, top-right, middle-left, top-left",4,"bottom-center, bottom-right, bottom-left, center"
3217,1,"X is in the top-center, the center, the bottom-left, and the bottom-right, O is in the top-right, the top-left, the middle-right, and the bottom-center",O|X|O|_|X|O|X|O|X,4,"top-center, center, bottom-left, bottom-right",4,"top-right, top-left, middle-right, bottom-center"
3218,2,"X has played in the center, the bottom-right, and the bottom-center, O has played in the top-right, the middle-left, and the bottom-left",_|_|O|O|X|_|O|X|X,3,"center, bottom-right, bottom-center",3,"top-right, middle-left, bottom-left"
3219,3,"X occupies the top-left, the top-right, and the middle-right, O occupies the bottom-center, the center, and the middle-left",X|_|X|O|O|X|_|O|_,3,"top-left, top-right, middle-right",3,"bottom-center, center, middle-left"
3220,4,"X is placed in the top-left and bottom-right, O is placed in the middle-right and bottom-left",X|_|_|_|_|O|O|_|X,2,"top-left, bottom-right",2,"middle-right, bottom-left"
3221,1,"X is in the top-left, the bottom-left, the top-center, and the bottom-center, O is in the middle-left, the middle-right, and the top-right",X|X|O|O|_|O|X|X|_,4,"top-left, bottom-left, top-center, bottom-center",3,"middle-left, middle-right, top-right"
3222,5,"X marks the bottom-right, the top-center, the center, the middle-right, and the top-left, O marks the top-right, the bottom-center, the bottom-left, and the middle-left",X|X|O|O|X|X|O|O|X,5,"bottom-right, top-center, center, middle-right, top-left",4,"top-right, bottom-center, bottom-left, middle-left"
3223,1,"X is in the bottom-left, the top-right, the bottom-right, the middle-left, and the center, O is in the top-left, the top-center, the middle-right, and the bottom-center",O|O|X|X|X|O|X|O|X,5,"bottom-left, top-right, bottom-right, middle-left, center",4,"top-left, top-center, middle-right, bottom-center"
3224,3,"X occupies the middle-right and top-right, O occupies the bottom-right",_|_|X|_|_|X|_|_|O,2,"middle-right, top-right",1,bottom-right
3225,5,"X marks the bottom-right, the middle-left, the bottom-left, and the top-center, O marks the middle-right, the center, and the bottom-center",_|X|_|X|O|O|X|O|X,4,"bottom-right, middle-left, bottom-left, top-center",3,"middle-right, center, bottom-center"
3226,2,"X has played in the middle-left, O has played in the top-right",_|_|O|X|_|_|_|_|_,1,middle-left,1,top-right
3227,3,"X occupies the middle-right, the top-left, and the top-center, O occupies the top-right, the middle-left, and the bottom-center",X|X|O|O|_|X|_|O|_,3,"middle-right, top-left, top-center",3,"top-right, middle-left, bottom-center"
3228,4,"X is placed in the middle-left, the bottom-left, and the middle-right, O is placed in the bottom-right and top-left",O|_|_|X|_|X|X|_|O,3,"middle-left, bottom-left, middle-right",2,"bottom-right, top-left"
3229,1,"X is in the bottom-left, O is in the middle-left",_|_|_|O|_|_|X|_|_,1,bottom-left,1,middle-left
3230,2,"X has played in the middle-right, the center, the top-right, the top-center, and the bottom-center, O has played in the bottom-left, the middle-left, the bottom-right, and the top-left",O|X|X|O|X|X|O|X|O,5,"middle-right, center, top-right, top-center, bottom-center",4,"bottom-left, middle-left, bottom-right, top-left"
3231,5,"X marks the middle-right and top-left, O marks the center and bottom-center",X|_|_|_|O|X|_|O|_,2,"middle-right, top-left",2,"center, bottom-center"
3232,1,"X is in the top-center, the center, the top-right, the bottom-left, and the middle-left, O is in the bottom-center, the bottom-right, the top-left, and the middle-right",O|X|X|X|X|O|X|O|O,5,"top-center, center, top-right, bottom-left, middle-left",4,"bottom-center, bottom-right, top-left, middle-right"
3233,5,"X marks the top-center, the top-left, the middle-right, the top-right, and the bottom-center, O marks the center, the bottom-right, the bottom-left, and the middle-left",X|X|X|O|O|X|O|X|O,5,"top-center, top-left, middle-right, top-right, bottom-center",4,"center, bottom-right, bottom-left, middle-left"
3234,1,"X is in the center and bottom-right, O is in the bottom-left and top-right",_|_|O|_|X|_|O|_|X,2,"center, bottom-right",2,"bottom-left, top-right"
3235,3,"X occupies the top-right, O occupies the center",_|_|X|_|O|_|_|_|_,1,top-right,1,center
3236,4,"X is placed in the bottom-center, O is placed in the middle-left",_|_|_|O|_|_|_|X|_,1,bottom-center,1,middle-left
3237,1,"X is in the bottom-center, the top-left, the middle-left, the top-center, and the bottom-left, O is in the middle-right, the top-right, the center, and the bottom-right",X|X|O|X|O|O|X|X|O,5,"bottom-center, top-left, middle-left, top-center, bottom-left",4,"middle-right, top-right, center, bottom-right"
3238,4,"X is placed in the top-right, the bottom-center, and the top-center, O is placed in the bottom-left, the bottom-right, and the center",_|X|X|_|O|_|O|X|O,3,"top-right, bottom-center, top-center",3,"bottom-left, bottom-right, center"
3239,2,"X has played in the bottom-center, the center, the bottom-right, the top-center, and the middle-right, O has played in the middle-left, the top-right, the bottom-left, and the top-left",O|X|O|O|X|X|O|X|X,5,"bottom-center, center, bottom-right, top-center, middle-right",4,"middle-left, top-right, bottom-left, top-left"
3240,1,"X is in the center, the bottom-right, the top-center, the top-right, and the middle-right, O is in the middle-left, the bottom-center, the top-left, and the bottom-left",O|X|X|O|X|X|O|O|X,5,"center, bottom-right, top-center, top-right, middle-right",4,"middle-left, bottom-center, top-left, bottom-left"
3241,4,"X is placed in the bottom-left, the bottom-right, the middle-left, the top-center, and the middle-right, O is placed in the top-right, the top-left, the bottom-center, and the center",O|X|O|X|O|X|X|O|X,5,"bottom-left, bottom-right, middle-left, top-center, middle-right",4,"top-right, top-left, bottom-center, center"
3242,1,"X is in the top-left, the top-right, the top-center, the center, and the middle-left, O is in the bottom-left, the middle-right, the bottom-center, and the bottom-right",X|X|X|X|X|O|O|O|O,5,"top-left, top-right, top-center, center, middle-left",4,"bottom-left, middle-right, bottom-center, bottom-right"
3243,3,"X occupies the top-left, the bottom-center, the middle-left, the center, and the bottom-left, O occupies the top-right, the bottom-right, the middle-right, and the top-center",X|O|O|X|X|O|X|X|O,5,"top-left, bottom-center, middle-left, center, bottom-left",4,"top-right, bottom-right, middle-right, top-center"
3244,5,"X marks the top-right, the middle-left, the top-left, the center, and the middle-right, O marks the bottom-right, the top-center, the bottom-left, and the bottom-center",X|O|X|X|X|X|O|O|O,5,"top-right, middle-left, top-left, center, middle-right",4,"bottom-right, top-center, bottom-left, bottom-center"
3245,3,"X occupies the top-center, the center, the middle-right, and the bottom-center, O occupies the middle-left, the top-right, the bottom-left, and the bottom-right",_|X|O|O|X|X|O|X|O,4,"top-center, center, middle-right, bottom-center",4,"middle-left, top-right, bottom-left, bottom-right"
3246,1,"X is in the bottom-left, O is in the top-center",_|O|_|_|_|_|X|_|_,1,bottom-left,1,top-center
3247,3,"X occupies the top-left and middle-right, O occupies the bottom-left",X|_|_|_|_|X|O|_|_,2,"top-left, middle-right",1,bottom-left
3248,5,"X marks the bottom-center, the top-left, the center, the top-right, and the bottom-left, O marks the middle-right, the middle-left, the top-center, and the bottom-right",X|O|X|O|X|O|X|X|O,5,"bottom-center, top-left, center, top-right, bottom-left",4,"middle-right, middle-left, top-center, bottom-right"
3249,2,"X has played in the top-center, the bottom-right, the top-left, and the bottom-left, O has played in the middle-right, the bottom-center, and the center",X|X|_|_|O|O|X|O|X,4,"top-center, bottom-right, top-left, bottom-left",3,"middle-right, bottom-center, center"
3250,4,"X is placed in the top-left, the top-center, and the top-right, O is placed in the center and middle-left",X|X|X|O|O|_|_|_|_,3,"top-left, top-center, top-right",2,"center, middle-left"
3251,3,"X occupies the bottom-center, the middle-right, the center, and the top-right, O occupies the bottom-left, the top-left, the middle-left, and the bottom-right",O|_|X|O|X|X|O|X|O,4,"bottom-center, middle-right, center, top-right",4,"bottom-left, top-left, middle-left, bottom-right"
3252,4,"X is placed in the middle-right, the top-left, the top-right, the bottom-right, and the middle-left, O is placed in the bottom-center, the center, the top-center, and the bottom-left",X|O|X|X|O|X|O|O|X,5,"middle-right, top-left, top-right, bottom-right, middle-left",4,"bottom-center, center, top-center, bottom-left"
3253,1,"X is in the top-center and top-right, O is in the bottom-center",_|X|X|_|_|_|_|O|_,2,"top-center, top-right",1,bottom-center
3254,2,"X has played in the top-right, the middle-left, and the top-left, O has played in the top-center and center",X|O|X|X|O|_|_|_|_,3,"top-right, middle-left, top-left",2,"top-center, center"
3255,5,"X marks the top-right and bottom-right, O marks the center and bottom-left",_|_|X|_|O|_|O|_|X,2,"top-right, bottom-right",2,"center, bottom-left"
3256,4,"X is placed in the top-left, the top-right, and the top-center, O is placed in the center, the bottom-left, and the middle-right",X|X|X|_|O|O|O|_|_,3,"top-left, top-right, top-center",3,"center, bottom-left, middle-right"
3257,1,"X is in the top-right and bottom-right, O is in the bottom-center",_|_|X|_|_|_|_|O|X,2,"top-right, bottom-right",1,bottom-center
3258,1,"X is in the middle-right, the top-center, and the top-left, O is in the top-right and bottom-right",X|X|O|_|_|X|_|_|O,3,"middle-right, top-center, top-left",2,"top-right, bottom-right"
3259,3,"X occupies the bottom-left, the top-left, and the top-center, O occupies the bottom-right and center",X|X|_|_|O|_|X|_|O,3,"bottom-left, top-left, top-center",2,"bottom-right, center"
3260,2,"X has played in the middle-right, the top-center, the center, and the top-right, O has played in the bottom-left, the middle-left, and the bottom-center",_|X|X|O|X|X|O|O|_,4,"middle-right, top-center, center, top-right",3,"bottom-left, middle-left, bottom-center"
3261,2,"X has played in the bottom-right, the top-right, the bottom-left, the top-left, and the middle-left, O has played in the bottom-center, the center, the middle-right, and the top-center",X|O|X|X|O|O|X|O|X,5,"bottom-right, top-right, bottom-left, top-left, middle-left",4,"bottom-center, center, middle-right, top-center"
3262,4,"X is placed in the top-center, the bottom-center, the top-right, the middle-right, and the center, O is placed in the top-left, the middle-left, the bottom-right, and the bottom-left",O|X|X|O|X|X|O|X|O,5,"top-center, bottom-center, top-right, middle-right, center",4,"top-left, middle-left, bottom-right, bottom-left"
3263,4,"X is placed in the center, the middle-left, and the bottom-right, O is placed in the middle-right and bottom-center",_|_|_|X|X|O|_|O|X,3,"center, middle-left, bottom-right",2,"middle-right, bottom-center"
3264,2,"X has played in the top-left, the bottom-right, the middle-right, the bottom-left, and the top-right, O has played in the top-center, the middle-left, the bottom-center, and the center",X|O|X|O|O|X|X|O|X,5,"top-left, bottom-right, middle-right, bottom-left, top-right",4,"top-center, middle-left, bottom-center, center"
3265,2,"X has played in the top-right, the bottom-left, and the middle-left, O has played in the center, the middle-right, and the top-left",O|_|X|X|O|O|X|_|_,3,"top-right, bottom-left, middle-left",3,"center, middle-right, top-left"
3266,4,"X is placed in the bottom-right, the center, and the top-left, O is placed in the top-center, the middle-right, and the middle-left",X|O|_|O|X|O|_|_|X,3,"bottom-right, center, top-left",3,"top-center, middle-right, middle-left"
3267,2,"X has played in the bottom-center, the bottom-right, the middle-right, the center, and the top-left, O has played in the top-center, the middle-left, the bottom-left, and the top-right",X|O|O|O|X|X|O|X|X,5,"bottom-center, bottom-right, middle-right, center, top-left",4,"top-center, middle-left, bottom-left, top-right"
3268,1,"X is in the bottom-center, the bottom-right, the bottom-left, the middle-right, and the top-right, O is in the top-left, the center, the middle-left, and the top-center",O|O|X|O|O|X|X|X|X,5,"bottom-center, bottom-right, bottom-left, middle-right, top-right",4,"top-left, center, middle-left, top-center"
3269,3,"X occupies the bottom-left, the middle-right, the bottom-right, the center, and the middle-left, O occupies the top-right, the top-center, the bottom-center, and the top-left",O|O|O|X|X|X|X|O|X,5,"bottom-left, middle-right, bottom-right, center, middle-left",4,"top-right, top-center, bottom-center, top-left"
3270,2,"X has played in the middle-left, O has played in the bottom-right",_|_|_|X|_|_|_|_|O,1,middle-left,1,bottom-right
3271,2,"X has played in the bottom-center, the middle-right, the top-right, and the top-center, O has played in the top-left, the bottom-left, and the bottom-right",O|X|X|_|_|X|O|X|O,4,"bottom-center, middle-right, top-right, top-center",3,"top-left, bottom-left, bottom-right"
3272,4,"X is placed in the bottom-left, the center, the bottom-right, the top-left, and the middle-left, O is placed in the top-center, the bottom-center, the top-right, and the middle-right",X|O|O|X|X|O|X|O|X,5,"bottom-left, center, bottom-right, top-left, middle-left",4,"top-center, bottom-center, top-right, middle-right"
3273,5,"X marks the top-right, the top-center, and the middle-left, O marks the bottom-left and top-left",O|X|X|X|_|_|O|_|_,3,"top-right, top-center, middle-left",2,"bottom-left, top-left"
3274,3,"X occupies the bottom-right, the bottom-center, the top-right, and the middle-left, O occupies the middle-right, the bottom-left, and the center",_|_|X|X|O|O|O|X|X,4,"bottom-right, bottom-center, top-right, middle-left",3,"middle-right, bottom-left, center"
3275,3,"X occupies the bottom-right, the top-center, the top-left, and the center, O occupies the bottom-left, the middle-right, the bottom-center, and the middle-left",X|X|_|O|X|O|O|O|X,4,"bottom-right, top-center, top-left, center",4,"bottom-left, middle-right, bottom-center, middle-left"
3276,4,"X is placed in the center, the bottom-left, and the top-left, O is placed in the top-center, the top-right, and the bottom-right",X|O|O|_|X|_|X|_|O,3,"center, bottom-left, top-left",3,"top-center, top-right, bottom-right"
3277,4,"X is placed in the bottom-center, the bottom-left, and the middle-right, O is placed in the top-left and bottom-right",O|_|_|_|_|X|X|X|O,3,"bottom-center, bottom-left, middle-right",2,"top-left, bottom-right"
3278,4,"X is placed in the middle-left, O is placed in the top-center",_|O|_|X|_|_|_|_|_,1,middle-left,1,top-center
3279,3,"X occupies the top-left, the bottom-center, and the middle-right, O occupies the center, the top-right, and the bottom-right",X|_|O|_|O|X|_|X|O,3,"top-left, bottom-center, middle-right",3,"center, top-right, bottom-right"
3280,2,"X has played in the top-left, the top-right, the bottom-left, the center, and the middle-right, O has played in the top-center, the bottom-right, the middle-left, and the bottom-center",X|O|X|O|X|X|X|O|O,5,"top-left, top-right, bottom-left, center, middle-right",4,"top-center, bottom-right, middle-left, bottom-center"
3281,3,"X occupies the top-left, the bottom-right, the bottom-center, and the top-right, O occupies the middle-right, the center, the top-center, and the bottom-left",X|O|X|_|O|O|O|X|X,4,"top-left, bottom-right, bottom-center, top-right",4,"middle-right, center, top-center, bottom-left"
3282,3,"X occupies the middle-right, the middle-left, the bottom-left, the bottom-center, and the bottom-right, O occupies the top-left, the top-center, the top-right, and the center",O|O|O|X|O|X|X|X|X,5,"middle-right, middle-left, bottom-left, bottom-center, bottom-right",4,"top-left, top-center, top-right, center"
3283,3,"X occupies the middle-left, O occupies the bottom-left",_|_|_|X|_|_|O|_|_,1,middle-left,1,bottom-left
3284,2,"X has played in the bottom-left, the middle-left, the middle-right, the bottom-right, and the center, O has played in the top-right, the bottom-center, the top-center, and the top-left",O|O|O|X|X|X|X|O|X,5,"bottom-left, middle-left, middle-right, bottom-right, center",4,"top-right, bottom-center, top-center, top-left"
3285,3,"X occupies the center, the bottom-left, the top-right, the middle-right, and the middle-left, O occupies the top-center, the bottom-center, the bottom-right, and the top-left",O|O|X|X|X|X|X|O|O,5,"center, bottom-left, top-right, middle-right, middle-left",4,"top-center, bottom-center, bottom-right, top-left"
3286,2,"X has played in the bottom-right and bottom-center, O has played in the middle-right and bottom-left",_|_|_|_|_|O|O|X|X,2,"bottom-right, bottom-center",2,"middle-right, bottom-left"
3287,2,"X has played in the bottom-center, the middle-right, the top-center, the bottom-left, and the bottom-right, O has played in the center, the top-left, the top-right, and the middle-left",O|X|O|O|O|X|X|X|X,5,"bottom-center, middle-right, top-center, bottom-left, bottom-right",4,"center, top-left, top-right, middle-left"
3288,2,"X has played in the bottom-right, the bottom-left, the top-center, the bottom-center, and the top-right, O has played in the middle-left, the top-left, the center, and the middle-right",O|X|X|O|O|O|X|X|X,5,"bottom-right, bottom-left, top-center, bottom-center, top-right",4,"middle-left, top-left, center, middle-right"
3289,3,"X occupies the bottom-center, the middle-left, the top-center, and the bottom-left, O occupies the top-right, the middle-right, the center, and the top-left",O|X|O|X|O|O|X|X|_,4,"bottom-center, middle-left, top-center, bottom-left",4,"top-right, middle-right, center, top-left"
3290,4,"X is placed in the middle-right and bottom-center, O is placed in the bottom-right and top-center",_|O|_|_|_|X|_|X|O,2,"middle-right, bottom-center",2,"bottom-right, top-center"
3291,2,"X has played in the bottom-left, the center, the top-right, and the middle-left, O has played in the top-left, the top-center, the bottom-center, and the middle-right",O|O|X|X|X|O|X|O|_,4,"bottom-left, center, top-right, middle-left",4,"top-left, top-center, bottom-center, middle-right"
3292,1,"X is in the top-left, the middle-left, the bottom-center, and the center, O is in the bottom-left, the top-right, the top-center, and the bottom-right",X|O|O|X|X|_|O|X|O,4,"top-left, middle-left, bottom-center, center",4,"bottom-left, top-right, top-center, bottom-right"
3293,4,"X is placed in the bottom-right, the middle-left, the top-center, the bottom-center, and the top-right, O is placed in the top-left, the center, the middle-right, and the bottom-left",O|X|X|X|O|O|O|X|X,5,"bottom-right, middle-left, top-center, bottom-center, top-right",4,"top-left, center, middle-right, bottom-left"
3294,2,"X has played in the center, the bottom-left, and the bottom-center, O has played in the top-left and middle-left",O|_|_|O|X|_|X|X|_,3,"center, bottom-left, bottom-center",2,"top-left, middle-left"
3295,2,"X has played in the bottom-right and top-left, O has played in the middle-right and top-right",X|_|O|_|_|O|_|_|X,2,"bottom-right, top-left",2,"middle-right, top-right"
3296,1,"X is in the center, the middle-right, and the top-right, O is in the top-center, the bottom-left, and the bottom-center",_|O|X|_|X|X|O|O|_,3,"center, middle-right, top-right",3,"top-center, bottom-left, bottom-center"
3297,1,"X is in the bottom-left, the bottom-right, the top-right, the middle-right, and the middle-left, O is in the top-center, the top-left, the bottom-center, and the center",O|O|X|X|O|X|X|O|X,5,"bottom-left, bottom-right, top-right, middle-right, middle-left",4,"top-center, top-left, bottom-center, center"
3298,4,"X is placed in the top-left and bottom-center, O is placed in the center and bottom-left",X|_|_|_|O|_|O|X|_,2,"top-left, bottom-center",2,"center, bottom-left"
3299,2,"X has played in the top-right, the middle-right, and the bottom-left, O has played in the bottom-center and top-left",O|_|X|_|_|X|X|O|_,3,"top-right, middle-right, bottom-left",2,"bottom-center, top-left"
3300,1,"X is in the middle-right, the middle-left, the center, the top-left, and the bottom-right, O is in the bottom-left, the top-center, the top-right, and the bottom-center",X|O|O|X|X|X|O|O|X,5,"middle-right, middle-left, center, top-left, bottom-right",4,"bottom-left, top-center, top-right, bottom-center"
3301,4,"X is placed in the middle-right, the center, and the top-right, O is placed in the bottom-left and bottom-center",_|_|X|_|X|X|O|O|_,3,"middle-right, center, top-right",2,"bottom-left, bottom-center"
3302,1,"X is in the bottom-right, the middle-right, the bottom-left, and the top-right, O is in the middle-left, the top-left, the bottom-center, and the center",O|_|X|O|O|X|X|O|X,4,"bottom-right, middle-right, bottom-left, top-right",4,"middle-left, top-left, bottom-center, center"
3303,4,"X is placed in the top-center, the middle-right, the bottom-center, and the center, O is placed in the top-left, the bottom-right, and the middle-left",O|X|_|O|X|X|_|X|O,4,"top-center, middle-right, bottom-center, center",3,"top-left, bottom-right, middle-left"
3304,3,"X occupies the bottom-left and bottom-right, O occupies the middle-left",_|_|_|O|_|_|X|_|X,2,"bottom-left, bottom-right",1,middle-left
3305,1,"X is in the bottom-right, the bottom-center, and the bottom-left, O is in the top-center and middle-right",_|O|_|_|_|O|X|X|X,3,"bottom-right, bottom-center, bottom-left",2,"top-center, middle-right"
3306,5,"X marks the bottom-left and top-center, O marks the middle-left and center",_|X|_|O|O|_|X|_|_,2,"bottom-left, top-center",2,"middle-left, center"
3307,5,"X marks the bottom-right and top-center, O marks the bottom-left and bottom-center",_|X|_|_|_|_|O|O|X,2,"bottom-right, top-center",2,"bottom-left, bottom-center"
3308,4,"X is placed in the middle-left, the top-center, and the bottom-center, O is placed in the top-left and middle-right",O|X|_|X|_|O|_|X|_,3,"middle-left, top-center, bottom-center",2,"top-left, middle-right"
3309,4,"X is placed in the bottom-center, the top-left, the top-right, the bottom-right, and the middle-left, O is placed in the center, the bottom-left, the middle-right, and the top-center",X|O|X|X|O|O|O|X|X,5,"bottom-center, top-left, top-right, bottom-right, middle-left",4,"center, bottom-left, middle-right, top-center"
3310,3,"X occupies the top-right, the middle-right, and the bottom-left, O occupies the top-center and bottom-right",_|O|X|_|_|X|X|_|O,3,"top-right, middle-right, bottom-left",2,"top-center, bottom-right"
3311,3,"X occupies the top-right and middle-left, O occupies the center and middle-right",_|_|X|X|O|O|_|_|_,2,"top-right, middle-left",2,"center, middle-right"
3312,4,"X is placed in the top-center, the bottom-center, the bottom-right, the center, and the top-right, O is placed in the middle-left, the top-left, the bottom-left, and the middle-right",O|X|X|O|X|O|O|X|X,5,"top-center, bottom-center, bottom-right, center, top-right",4,"middle-left, top-left, bottom-left, middle-right"
3313,2,"X has played in the top-left and bottom-center, O has played in the bottom-right and middle-right",X|_|_|_|_|O|_|X|O,2,"top-left, bottom-center",2,"bottom-right, middle-right"
3314,1,"X is in the top-center and top-right, O is in the center and middle-left",_|X|X|O|O|_|_|_|_,2,"top-center, top-right",2,"center, middle-left"
3315,1,"X is in the middle-left and top-right, O is in the bottom-left",_|_|X|X|_|_|O|_|_,2,"middle-left, top-right",1,bottom-left
3316,5,"X marks the middle-right, the bottom-center, the bottom-left, the bottom-right, and the top-left, O marks the middle-left, the center, the top-center, and the top-right",X|O|O|O|O|X|X|X|X,5,"middle-right, bottom-center, bottom-left, bottom-right, top-left",4,"middle-left, center, top-center, top-right"
3317,3,"X occupies the center and middle-left, O occupies the bottom-right and top-right",_|_|O|X|X|_|_|_|O,2,"center, middle-left",2,"bottom-right, top-right"
3318,1,"X is in the middle-left, the top-left, and the bottom-right, O is in the center, the bottom-center, and the top-center",X|O|_|X|O|_|_|O|X,3,"middle-left, top-left, bottom-right",3,"center, bottom-center, top-center"
3319,5,"X marks the middle-left, the top-center, the bottom-center, and the bottom-left, O marks the center, the bottom-right, and the middle-right",_|X|_|X|O|O|X|X|O,4,"middle-left, top-center, bottom-center, bottom-left",3,"center, bottom-right, middle-right"
3320,1,"X is in the top-right and center, O is in the bottom-center and middle-left",_|_|X|O|X|_|_|O|_,2,"top-right, center",2,"bottom-center, middle-left"
3321,2,"X has played in the center, the top-center, the bottom-left, and the middle-right, O has played in the top-left, the bottom-right, and the top-right",O|X|O|_|X|X|X|_|O,4,"center, top-center, bottom-left, middle-right",3,"top-left, bottom-right, top-right"
3322,2,"X has played in the top-right, the bottom-center, and the middle-right, O has played in the middle-left and bottom-left",_|_|X|O|_|X|O|X|_,3,"top-right, bottom-center, middle-right",2,"middle-left, bottom-left"
3323,1,"X is in the top-right, the top-left, and the middle-right, O is in the bottom-right, the center, and the bottom-left",X|_|X|_|O|X|O|_|O,3,"top-right, top-left, middle-right",3,"bottom-right, center, bottom-left"
3324,1,"X is in the center and top-left, O is in the top-right",X|_|O|_|X|_|_|_|_,2,"center, top-left",1,top-right
3325,5,"X marks the bottom-center, the middle-right, the bottom-right, and the bottom-left, O marks the center, the top-right, the top-center, and the middle-left",_|O|O|O|O|X|X|X|X,4,"bottom-center, middle-right, bottom-right, bottom-left",4,"center, top-right, top-center, middle-left"
3326,1,"X is in the top-center, O is in the middle-left",_|X|_|O|_|_|_|_|_,1,top-center,1,middle-left
3327,4,"X is placed in the middle-left, the bottom-left, the bottom-right, and the middle-right, O is placed in the top-left, the top-right, the top-center, and the center",O|O|O|X|O|X|X|_|X,4,"middle-left, bottom-left, bottom-right, middle-right",4,"top-left, top-right, top-center, center"
3328,2,"X has played in the center, the bottom-left, and the top-center, O has played in the bottom-center, the bottom-right, and the middle-right",_|X|_|_|X|O|X|O|O,3,"center, bottom-left, top-center",3,"bottom-center, bottom-right, middle-right"
3329,2,"X has played in the bottom-center, the middle-left, the top-right, and the bottom-right, O has played in the top-center, the top-left, the middle-right, and the bottom-left",O|O|X|X|_|O|O|X|X,4,"bottom-center, middle-left, top-right, bottom-right",4,"top-center, top-left, middle-right, bottom-left"
3330,3,"X occupies the bottom-center, the top-left, the center, the middle-left, and the middle-right, O occupies the top-right, the bottom-right, the bottom-left, and the top-center",X|O|O|X|X|X|O|X|O,5,"bottom-center, top-left, center, middle-left, middle-right",4,"top-right, bottom-right, bottom-left, top-center"
3331,3,"X occupies the bottom-center, the top-left, and the middle-right, O occupies the middle-left and center",X|_|_|O|O|X|_|X|_,3,"bottom-center, top-left, middle-right",2,"middle-left, center"
3332,4,"X is placed in the middle-left, the top-center, and the center, O is placed in the bottom-right and bottom-left",_|X|_|X|X|_|O|_|O,3,"middle-left, top-center, center",2,"bottom-right, bottom-left"
3333,3,"X occupies the top-left, the middle-left, the center, the top-center, and the bottom-center, O occupies the top-right, the middle-right, the bottom-right, and the bottom-left",X|X|O|X|X|O|O|X|O,5,"top-left, middle-left, center, top-center, bottom-center",4,"top-right, middle-right, bottom-right, bottom-left"
3334,5,"X marks the bottom-right, the center, and the top-center, O marks the middle-right, the bottom-left, and the top-left",O|X|_|_|X|O|O|_|X,3,"bottom-right, center, top-center",3,"middle-right, bottom-left, top-left"
3335,4,"X is placed in the top-right, the top-center, the bottom-left, the center, and the middle-left, O is placed in the top-left, the bottom-right, the middle-right, and the bottom-center",O|X|X|X|X|O|X|O|O,5,"top-right, top-center, bottom-left, center, middle-left",4,"top-left, bottom-right, middle-right, bottom-center"
3336,5,"X marks the bottom-right, the middle-left, and the bottom-left, O marks the top-left, the bottom-center, and the center",O|_|_|X|O|_|X|O|X,3,"bottom-right, middle-left, bottom-left",3,"top-left, bottom-center, center"
3337,3,"X occupies the bottom-center, the top-right, the center, and the middle-left, O occupies the bottom-right, the top-left, and the top-center",O|O|X|X|X|_|_|X|O,4,"bottom-center, top-right, center, middle-left",3,"bottom-right, top-left, top-center"
3338,4,"X is placed in the top-right, the bottom-right, the bottom-left, the center, and the middle-left, O is placed in the bottom-center, the top-center, the top-left, and the middle-right",O|O|X|X|X|O|X|O|X,5,"top-right, bottom-right, bottom-left, center, middle-left",4,"bottom-center, top-center, top-left, middle-right"
3339,5,"X marks the top-center, the middle-right, and the middle-left, O marks the center and bottom-left",_|X|_|X|O|X|O|_|_,3,"top-center, middle-right, middle-left",2,"center, bottom-left"
3340,3,"X occupies the middle-left, the top-right, and the center, O occupies the bottom-center, the middle-right, and the bottom-right",_|_|X|X|X|O|_|O|O,3,"middle-left, top-right, center",3,"bottom-center, middle-right, bottom-right"
3341,1,"X is in the top-right and center, O is in the bottom-left",_|_|X|_|X|_|O|_|_,2,"top-right, center",1,bottom-left
3342,3,"X occupies the top-right, the bottom-right, the middle-left, the bottom-center, and the center, O occupies the bottom-left, the middle-right, the top-left, and the top-center",O|O|X|X|X|O|O|X|X,5,"top-right, bottom-right, middle-left, bottom-center, center",4,"bottom-left, middle-right, top-left, top-center"
3343,5,"X marks the bottom-left, the top-left, and the top-center, O marks the middle-right, the center, and the top-right",X|X|O|_|O|O|X|_|_,3,"bottom-left, top-left, top-center",3,"middle-right, center, top-right"
3344,4,"X is placed in the top-left, the bottom-right, the top-right, and the top-center, O is placed in the bottom-left, the middle-right, the center, and the bottom-center",X|X|X|_|O|O|O|O|X,4,"top-left, bottom-right, top-right, top-center",4,"bottom-left, middle-right, center, bottom-center"
3345,1,"X is in the center, the top-center, the top-left, the middle-right, and the bottom-center, O is in the top-right, the bottom-right, the middle-left, and the bottom-left",X|X|O|O|X|X|O|X|O,5,"center, top-center, top-left, middle-right, bottom-center",4,"top-right, bottom-right, middle-left, bottom-left"
3346,4,"X is placed in the top-left, the bottom-right, and the top-center, O is placed in the bottom-left, the middle-right, and the middle-left",X|X|_|O|_|O|O|_|X,3,"top-left, bottom-right, top-center",3,"bottom-left, middle-right, middle-left"
3347,2,"X has played in the middle-left, the top-right, the bottom-center, the middle-right, and the bottom-left, O has played in the bottom-right, the center, the top-left, and the top-center",O|O|X|X|O|X|X|X|O,5,"middle-left, top-right, bottom-center, middle-right, bottom-left",4,"bottom-right, center, top-left, top-center"
3348,4,"X is placed in the bottom-left and top-right, O is placed in the bottom-center and middle-right",_|_|X|_|_|O|X|O|_,2,"bottom-left, top-right",2,"bottom-center, middle-right"
3349,5,"X marks the top-left, the bottom-center, the middle-left, and the bottom-left, O marks the bottom-right, the top-right, the center, and the top-center",X|O|O|X|O|_|X|X|O,4,"top-left, bottom-center, middle-left, bottom-left",4,"bottom-right, top-right, center, top-center"
3350,5,"X marks the bottom-center and center, O marks the top-left and bottom-right",O|_|_|_|X|_|_|X|O,2,"bottom-center, center",2,"top-left, bottom-right"
3351,3,"X occupies the top-center, the middle-right, and the middle-left, O occupies the top-left and top-right",O|X|O|X|_|X|_|_|_,3,"top-center, middle-right, middle-left",2,"top-left, top-right"
3352,3,"X occupies the middle-right, the top-left, the middle-left, the top-center, and the center, O occupies the top-right, the bottom-right, the bottom-left, and the bottom-center",X|X|O|X|X|X|O|O|O,5,"middle-right, top-left, middle-left, top-center, center",4,"top-right, bottom-right, bottom-left, bottom-center"
3353,1,"X is in the middle-right, the top-left, the bottom-center, the bottom-left, and the top-center, O is in the top-right, the bottom-right, the center, and the middle-left",X|X|O|O|O|X|X|X|O,5,"middle-right, top-left, bottom-center, bottom-left, top-center",4,"top-right, bottom-right, center, middle-left"
3354,1,"X is in the bottom-center, the middle-left, and the top-left, O is in the bottom-left and bottom-right",X|_|_|X|_|_|O|X|O,3,"bottom-center, middle-left, top-left",2,"bottom-left, bottom-right"
3355,2,"X has played in the top-left and top-right, O has played in the center",X|_|X|_|O|_|_|_|_,2,"top-left, top-right",1,center
3356,2,"X has played in the bottom-center and top-right, O has played in the top-left",O|_|X|_|_|_|_|X|_,2,"bottom-center, top-right",1,top-left
3357,3,"X occupies the middle-right, the bottom-center, the bottom-left, the top-center, and the top-left, O occupies the center, the bottom-right, the middle-left, and the top-right",X|X|O|O|O|X|X|X|O,5,"middle-right, bottom-center, bottom-left, top-center, top-left",4,"center, bottom-right, middle-left, top-right"
3358,4,"X is placed in the middle-left and bottom-right, O is placed in the top-center",_|O|_|X|_|_|_|_|X,2,"middle-left, bottom-right",1,top-center
3359,5,"X marks the middle-right, the bottom-right, the bottom-center, the middle-left, and the top-right, O marks the bottom-left, the top-left, the top-center, and the center",O|O|X|X|O|X|O|X|X,5,"middle-right, bottom-right, bottom-center, middle-left, top-right",4,"bottom-left, top-left, top-center, center"
3360,3,"X occupies the top-center, the middle-left, the bottom-center, and the top-right, O occupies the top-left, the center, and the bottom-right",O|X|X|X|O|_|_|X|O,4,"top-center, middle-left, bottom-center, top-right",3,"top-left, center, bottom-right"
3361,2,"X has played in the bottom-left, the top-right, the top-center, and the bottom-center, O has played in the middle-left, the center, the bottom-right, and the middle-right",_|X|X|O|O|O|X|X|O,4,"bottom-left, top-right, top-center, bottom-center",4,"middle-left, center, bottom-right, middle-right"
3362,3,"X occupies the bottom-right and top-center, O occupies the center",_|X|_|_|O|_|_|_|X,2,"bottom-right, top-center",1,center
3363,3,"X occupies the bottom-left, the center, and the middle-right, O occupies the bottom-center, the middle-left, and the bottom-right",_|_|_|O|X|X|X|O|O,3,"bottom-left, center, middle-right",3,"bottom-center, middle-left, bottom-right"
3364,2,"X has played in the top-right, the center, the middle-left, and the bottom-left, O has played in the top-left, the bottom-center, the middle-right, and the top-center",O|O|X|X|X|O|X|O|_,4,"top-right, center, middle-left, bottom-left",4,"top-left, bottom-center, middle-right, top-center"
3365,3,"X occupies the bottom-center and middle-right, O occupies the center",_|_|_|_|O|X|_|X|_,2,"bottom-center, middle-right",1,center
3366,5,"X marks the bottom-center and middle-right, O marks the top-left",O|_|_|_|_|X|_|X|_,2,"bottom-center, middle-right",1,top-left
3367,3,"X occupies the bottom-left, the top-center, the middle-left, the bottom-center, and the middle-right, O occupies the top-right, the bottom-right, the center, and the top-left",O|X|O|X|O|X|X|X|O,5,"bottom-left, top-center, middle-left, bottom-center, middle-right",4,"top-right, bottom-right, center, top-left"
3368,3,"X occupies the bottom-right and top-center, O occupies the bottom-left",_|X|_|_|_|_|O|_|X,2,"bottom-right, top-center",1,bottom-left
3369,2,"X has played in the center, the bottom-left, the bottom-right, and the top-center, O has played in the bottom-center, the middle-left, and the top-right",_|X|O|O|X|_|X|O|X,4,"center, bottom-left, bottom-right, top-center",3,"bottom-center, middle-left, top-right"
3370,1,"X is in the middle-left, the top-center, the bottom-right, the center, and the top-left, O is in the bottom-center, the bottom-left, the top-right, and the middle-right",X|X|O|X|X|O|O|O|X,5,"middle-left, top-center, bottom-right, center, top-left",4,"bottom-center, bottom-left, top-right, middle-right"
3371,4,"X is placed in the bottom-center, the bottom-right, and the middle-right, O is placed in the top-left, the bottom-left, and the center",O|_|_|_|O|X|O|X|X,3,"bottom-center, bottom-right, middle-right",3,"top-left, bottom-left, center"
3372,2,"X has played in the bottom-right and top-left, O has played in the middle-right and top-center",X|O|_|_|_|O|_|_|X,2,"bottom-right, top-left",2,"middle-right, top-center"
3373,2,"X has played in the top-right, the top-center, the bottom-left, and the top-left, O has played in the bottom-right, the middle-left, the middle-right, and the bottom-center",X|X|X|O|_|O|X|O|O,4,"top-right, top-center, bottom-left, top-left",4,"bottom-right, middle-left, middle-right, bottom-center"
3374,4,"X is placed in the bottom-left, the center, and the top-left, O is placed in the bottom-center and top-center",X|O|_|_|X|_|X|O|_,3,"bottom-left, center, top-left",2,"bottom-center, top-center"
3375,2,"X has played in the middle-right, the bottom-right, the top-center, and the top-right, O has played in the bottom-center, the bottom-left, and the center",_|X|X|_|O|X|O|O|X,4,"middle-right, bottom-right, top-center, top-right",3,"bottom-center, bottom-left, center"
3376,2,"X has played in the center, the middle-left, and the middle-right, O has played in the bottom-left and top-left",O|_|_|X|X|X|O|_|_,3,"center, middle-left, middle-right",2,"bottom-left, top-left"
3377,2,"X has played in the middle-left, the bottom-center, and the center, O has played in the bottom-right, the bottom-left, and the middle-right",_|_|_|X|X|O|O|X|O,3,"middle-left, bottom-center, center",3,"bottom-right, bottom-left, middle-right"
3378,1,"X is in the top-left, the top-right, the middle-right, the bottom-left, and the bottom-right, O is in the bottom-center, the middle-left, the top-center, and the center",X|O|X|O|O|X|X|O|X,5,"top-left, top-right, middle-right, bottom-left, bottom-right",4,"bottom-center, middle-left, top-center, center"
3379,1,"X is in the top-left, the top-center, the bottom-right, and the bottom-center, O is in the bottom-left, the center, the middle-right, and the middle-left",X|X|_|O|O|O|O|X|X,4,"top-left, top-center, bottom-right, bottom-center",4,"bottom-left, center, middle-right, middle-left"
3380,4,"X is placed in the bottom-right, the bottom-left, and the top-center, O is placed in the center and middle-right",_|X|_|_|O|O|X|_|X,3,"bottom-right, bottom-left, top-center",2,"center, middle-right"
3381,5,"X marks the middle-left, the center, the middle-right, the bottom-center, and the top-right, O marks the top-left, the bottom-left, the bottom-right, and the top-center",O|O|X|X|X|X|O|X|O,5,"middle-left, center, middle-right, bottom-center, top-right",4,"top-left, bottom-left, bottom-right, top-center"
3382,3,"X occupies the bottom-center, the bottom-right, and the middle-right, O occupies the bottom-left and middle-left",_|_|_|O|_|X|O|X|X,3,"bottom-center, bottom-right, middle-right",2,"bottom-left, middle-left"
3383,2,"X has played in the bottom-left and bottom-center, O has played in the middle-left",_|_|_|O|_|_|X|X|_,2,"bottom-left, bottom-center",1,middle-left
3384,1,"X is in the middle-right, the top-right, the bottom-left, and the center, O is in the top-center, the middle-left, the bottom-right, and the bottom-center",_|O|X|O|X|X|X|O|O,4,"middle-right, top-right, bottom-left, center",4,"top-center, middle-left, bottom-right, bottom-center"
3385,3,"X occupies the top-left, O occupies the middle-right",X|_|_|_|_|O|_|_|_,1,top-left,1,middle-right
3386,5,"X marks the bottom-right and bottom-center, O marks the top-center",_|O|_|_|_|_|_|X|X,2,"bottom-right, bottom-center",1,top-center
3387,3,"X occupies the middle-right, the bottom-center, the center, and the top-left, O occupies the top-center, the top-right, and the bottom-right",X|O|O|_|X|X|_|X|O,4,"middle-right, bottom-center, center, top-left",3,"top-center, top-right, bottom-right"
3388,4,"X is placed in the bottom-left, the center, and the bottom-center, O is placed in the top-left, the bottom-right, and the top-right",O|_|O|_|X|_|X|X|O,3,"bottom-left, center, bottom-center",3,"top-left, bottom-right, top-right"
3389,5,"X marks the top-right, the top-left, the bottom-center, the bottom-left, and the bottom-right, O marks the middle-right, the middle-left, the center, and the top-center",X|O|X|O|O|O|X|X|X,5,"top-right, top-left, bottom-center, bottom-left, bottom-right",4,"middle-right, middle-left, center, top-center"
3390,4,"X is placed in the bottom-left, the top-right, and the middle-right, O is placed in the bottom-center and middle-left",_|_|X|O|_|X|X|O|_,3,"bottom-left, top-right, middle-right",2,"bottom-center, middle-left"
3391,2,"X has played in the bottom-right, the bottom-left, the top-right, the top-center, and the middle-right, O has played in the middle-left, the center, the bottom-center, and the top-left",O|X|X|O|O|X|X|O|X,5,"bottom-right, bottom-left, top-right, top-center, middle-right",4,"middle-left, center, bottom-center, top-left"
3392,3,"X occupies the top-right and bottom-center, O occupies the middle-left",_|_|X|O|_|_|_|X|_,2,"top-right, bottom-center",1,middle-left
3393,5,"X marks the center, the middle-left, the bottom-center, and the top-left, O marks the bottom-left, the bottom-right, and the middle-right",X|_|_|X|X|O|O|X|O,4,"center, middle-left, bottom-center, top-left",3,"bottom-left, bottom-right, middle-right"
3394,1,"X is in the middle-right, the top-right, the middle-left, and the bottom-center, O is in the top-left, the top-center, and the bottom-right",O|O|X|X|_|X|_|X|O,4,"middle-right, top-right, middle-left, bottom-center",3,"top-left, top-center, bottom-right"
3395,5,"X marks the bottom-right, the middle-left, the middle-right, the center, and the bottom-left, O marks the top-right, the bottom-center, the top-left, and the top-center",O|O|O|X|X|X|X|O|X,5,"bottom-right, middle-left, middle-right, center, bottom-left",4,"top-right, bottom-center, top-left, top-center"
3396,5,"X marks the top-left, the bottom-center, and the middle-left, O marks the top-right, the top-center, and the bottom-right",X|O|O|X|_|_|_|X|O,3,"top-left, bottom-center, middle-left",3,"top-right, top-center, bottom-right"
3397,4,"X is placed in the bottom-left, the middle-right, the top-right, and the top-left, O is placed in the middle-left, the top-center, and the bottom-center",X|O|X|O|_|X|X|O|_,4,"bottom-left, middle-right, top-right, top-left",3,"middle-left, top-center, bottom-center"
3398,2,"X has played in the middle-left and top-left, O has played in the bottom-left and middle-right",X|_|_|X|_|O|O|_|_,2,"middle-left, top-left",2,"bottom-left, middle-right"
3399,2,"X has played in the bottom-center, the bottom-right, the bottom-left, and the middle-right, O has played in the center, the top-left, the top-center, and the middle-left",O|O|_|O|O|X|X|X|X,4,"bottom-center, bottom-right, bottom-left, middle-right",4,"center, top-left, top-center, middle-left"
3400,1,"X is in the bottom-left, the bottom-center, and the top-center, O is in the bottom-right and top-right",_|X|O|_|_|_|X|X|O,3,"bottom-left, bottom-center, top-center",2,"bottom-right, top-right"
3401,2,"X has played in the top-center, the middle-left, and the bottom-left, O has played in the top-left, the top-right, and the middle-right",O|X|O|X|_|O|X|_|_,3,"top-center, middle-left, bottom-left",3,"top-left, top-right, middle-right"
3402,1,"X is in the bottom-center, the bottom-right, the top-center, and the top-right, O is in the middle-right, the bottom-left, and the middle-left",_|X|X|O|_|O|O|X|X,4,"bottom-center, bottom-right, top-center, top-right",3,"middle-right, bottom-left, middle-left"
3403,4,"X is placed in the bottom-left, the top-right, the bottom-right, the middle-right, and the top-left, O is placed in the top-center, the bottom-center, the center, and the middle-left",X|O|X|O|O|X|X|O|X,5,"bottom-left, top-right, bottom-right, middle-right, top-left",4,"top-center, bottom-center, center, middle-left"
3404,5,"X marks the bottom-left, the top-center, the bottom-right, and the middle-left, O marks the bottom-center, the top-right, and the middle-right",_|X|O|X|_|O|X|O|X,4,"bottom-left, top-center, bottom-right, middle-left",3,"bottom-center, top-right, middle-right"
3405,5,"X marks the bottom-center, the bottom-right, the bottom-left, and the middle-right, O marks the top-center, the top-right, the middle-left, and the center",_|O|O|O|O|X|X|X|X,4,"bottom-center, bottom-right, bottom-left, middle-right",4,"top-center, top-right, middle-left, center"
3406,4,"X is placed in the top-left, the middle-right, the center, the middle-left, and the bottom-left, O is placed in the top-right, the top-center, the bottom-center, and the bottom-right",X|O|O|X|X|X|X|O|O,5,"top-left, middle-right, center, middle-left, bottom-left",4,"top-right, top-center, bottom-center, bottom-right"
3407,1,"X is in the middle-right, the top-right, and the top-left, O is in the bottom-center and bottom-left",X|_|X|_|_|X|O|O|_,3,"middle-right, top-right, top-left",2,"bottom-center, bottom-left"
3408,5,"X marks the bottom-right, the top-right, the center, and the middle-left, O marks the top-left, the middle-right, and the bottom-left",O|_|X|X|X|O|O|_|X,4,"bottom-right, top-right, center, middle-left",3,"top-left, middle-right, bottom-left"
3409,4,"X is placed in the middle-right, the top-left, and the top-center, O is placed in the bottom-left, the bottom-center, and the center",X|X|_|_|O|X|O|O|_,3,"middle-right, top-left, top-center",3,"bottom-left, bottom-center, center"
3410,4,"X is placed in the middle-left, the top-center, the bottom-right, and the top-left, O is placed in the bottom-center, the middle-right, and the center",X|X|_|X|O|O|_|O|X,4,"middle-left, top-center, bottom-right, top-left",3,"bottom-center, middle-right, center"
3411,5,"X marks the center, the bottom-center, the middle-left, and the bottom-right, O marks the top-center, the bottom-left, the top-right, and the top-left",O|O|O|X|X|_|O|X|X,4,"center, bottom-center, middle-left, bottom-right",4,"top-center, bottom-left, top-right, top-left"
3412,1,"X is in the top-center, the bottom-right, the top-right, the middle-right, and the bottom-center, O is in the center, the bottom-left, the top-left, and the middle-left",O|X|X|O|O|X|O|X|X,5,"top-center, bottom-right, top-right, middle-right, bottom-center",4,"center, bottom-left, top-left, middle-left"
3413,4,"X is placed in the top-right, the middle-right, and the top-center, O is placed in the center, the bottom-right, and the bottom-left",_|X|X|_|O|X|O|_|O,3,"top-right, middle-right, top-center",3,"center, bottom-right, bottom-left"
3414,5,"X marks the bottom-left, the middle-left, the top-center, and the center, O marks the top-left, the bottom-center, and the top-right",O|X|O|X|X|_|X|O|_,4,"bottom-left, middle-left, top-center, center",3,"top-left, bottom-center, top-right"
3415,4,"X is placed in the bottom-center, the top-right, the middle-right, and the top-left, O is placed in the center, the bottom-left, the bottom-right, and the top-center",X|O|X|_|O|X|O|X|O,4,"bottom-center, top-right, middle-right, top-left",4,"center, bottom-left, bottom-right, top-center"
3416,3,"X occupies the bottom-center, the bottom-right, and the center, O occupies the bottom-left and top-center",_|O|_|_|X|_|O|X|X,3,"bottom-center, bottom-right, center",2,"bottom-left, top-center"
3417,2,"X has played in the top-right, the middle-right, and the bottom-right, O has played in the center, the top-left, and the middle-left",O|_|X|O|O|X|_|_|X,3,"top-right, middle-right, bottom-right",3,"center, top-left, middle-left"
3418,2,"X has played in the middle-right and bottom-center, O has played in the bottom-left",_|_|_|_|_|X|O|X|_,2,"middle-right, bottom-center",1,bottom-left
3419,4,"X is placed in the bottom-right, the top-right, the center, and the bottom-left, O is placed in the top-center, the top-left, and the middle-right",O|O|X|_|X|O|X|_|X,4,"bottom-right, top-right, center, bottom-left",3,"top-center, top-left, middle-right"
