sentence_id,sentence,obj1_shape,obj1_colour,obj1_size,relation,obj2_shape,obj2_colour,obj2_size,template_id
1,a large square is above a small triangle,square,red,large,above,triangle,red,small,5
2,there is a small pink hexagon inside a large grey rectangle,hexagon,pink,small,inside,rectangle,grey,large,2
3,a medium red rectangle is below a medium brown square,rectangle,red,medium,below,square,brown,medium,1
4,an orange triangle is above an orange diamond,triangle,orange,small,above,diamond,orange,large,4
5,a small orange hexagon is to the right of a small brown pentagon,hexagon,orange,small,to the right of,pentagon,brown,small,1
6,a large diamond is to the left of a large oval,diamond,blue,large,to the left of,oval,purple,large,5
7,a small brown square is positioned inside a medium orange pentagon,square,brown,small,inside,pentagon,orange,medium,6
8,there is a small blue circle to the left of a large red circle,circle,blue,small,to the left of,circle,red,large,2
9,one large blue oval is next to one large purple diamond,oval,blue,large,next to,diamond,purple,large,3
10,a small green rectangle is next to a small blue diamond,rectangle,green,small,next to,diamond,blue,small,1
11,there is a small orange circle above a small brown hexagon,circle,orange,small,above,hexagon,brown,small,2
12,a small yellow oval is to the right of a small orange pentagon,oval,yellow,small,to the right of,pentagon,orange,small,1
13,a medium pink rectangle is to the right of a large yellow triangle,rectangle,pink,medium,to the right of,triangle,yellow,large,1
14,a small hexagon is to the right of a large oval,hexagon,blue,small,to the right of,oval,yellow,large,5
15,a medium green rectangle is positioned next to a medium yellow triangle,rectangle,green,medium,next to,triangle,yellow,medium,6
16,a small rectangle is above a large triangle,rectangle,blue,small,above,triangle,blue,large,5
17,a red diamond is above a red hexagon,diamond,red,small,above,hexagon,red,small,4
18,a medium pentagon is above a medium diamond,pentagon,grey,medium,above,diamond,grey,medium,5
19,a medium rectangle is to the left of a medium rectangle,rectangle,grey,medium,to the left of,rectangle,red,medium,5
20,one medium brown hexagon is to the right of one large grey oval,hexagon,brown,medium,to the right of,oval,grey,large,3
21,a large rectangle is next to a large square,rectangle,brown,large,next to,square,grey,large,5
22,a medium brown oval is inside a large red circle,oval,brown,medium,inside,circle,red,large,1
23,a large triangle is to the right of a small circle,triangle,grey,large,to the right of,circle,yellow,small,5
24,there is a medium grey square inside a large red diamond,square,grey,medium,inside,diamond,red,large,2
25,a medium pink rectangle is positioned below a large brown hexagon,rectangle,pink,medium,below,hexagon,brown,large,6
26,a medium hexagon is to the left of a large diamond,hexagon,brown,medium,to the left of,diamond,yellow,large,5
27,a small pink oval is below a medium pink oval,oval,pink,small,below,oval,pink,medium,1
28,a yellow oval is to the right of an orange rectangle,oval,yellow,small,to the right of,rectangle,orange,large,4
29,a yellow square is inside a blue circle,square,yellow,small,inside,circle,blue,medium,4
30,a purple rectangle is to the left of a yellow triangle,rectangle,purple,medium,to the left of,triangle,yellow,large,4
31,a small green rectangle is below a medium grey triangle,rectangle,green,small,below,triangle,grey,medium,1
32,there is a small blue rectangle to the right of a large yellow pentagon,rectangle,blue,small,to the right of,pentagon,yellow,large,2
33,there is a medium yellow pentagon inside a large green pentagon,pentagon,yellow,medium,inside,pentagon,green,large,2
34,a large brown circle is positioned above a small grey oval,circle,brown,large,above,oval,grey,small,6
35,a large purple square is next to a small blue square,square,purple,large,next to,square,blue,small,1
36,one medium grey rectangle is inside one large grey rectangle,rectangle,grey,medium,inside,rectangle,grey,large,3
37,one small orange oval is inside one large pink diamond,oval,orange,small,inside,diamond,pink,large,3
38,a medium diamond is next to a large rectangle,diamond,yellow,medium,next to,rectangle,grey,large,5
39,a large orange diamond is next to a large green pentagon,diamond,orange,large,next to,pentagon,green,large,1
40,a medium square is to the left of a small circle,square,red,medium,to the left of,circle,brown,small,5
41,there is a large green pentagon above a medium grey pentagon,pentagon,green,large,above,pentagon,grey,medium,2
42,a medium hexagon is next to a medium square,hexagon,red,medium,next to,square,blue,medium,5
43,a small green diamond is positioned next to a large purple square,diamond,green,small,next to,square,purple,large,6
44,a medium diamond is next to a small rectangle,diamond,brown,medium,next to,rectangle,orange,small,5
45,a grey rectangle is inside a red pentagon,rectangle,grey,medium,inside,pentagon,red,large,4
46,one small blue circle is above one large red oval,circle,blue,small,above,oval,red,large,3
47,an orange square is inside a blue diamond,square,orange,medium,inside,diamond,blue,large,4
48,there is a large red square next to a small grey oval,square,red,large,next to,oval,grey,small,2
49,a small orange oval is positioned next to a large brown square,oval,orange,small,next to,square,brown,large,6
50,one large orange circle is to the right of one small green oval,circle,orange,large,to the right of,oval,green,small,3
51,there is a small brown diamond next to a medium pink oval,diamond,brown,small,next to,oval,pink,medium,2
52,there is a medium purple oval below a medium grey oval,oval,purple,medium,below,oval,grey,medium,2
53,a purple pentagon is to the left of a blue rectangle,pentagon,purple,medium,to the left of,rectangle,blue,medium,4
54,a pink rectangle is above an orange hexagon,rectangle,pink,small,above,hexagon,orange,medium,4
55,there is a small red rectangle below a small grey pentagon,rectangle,red,small,below,pentagon,grey,small,2
56,a grey oval is inside a red pentagon,oval,grey,medium,inside,pentagon,red,large,4
57,there is a large yellow circle above a large red diamond,circle,yellow,large,above,diamond,red,large,2
58,a green oval is inside a brown square,oval,green,small,inside,square,brown,large,4
59,a small pink circle is next to a medium grey pentagon,circle,pink,small,next to,pentagon,grey,medium,1
60,a large yellow pentagon is to the left of a small yellow rectangle,pentagon,yellow,large,to the left of,rectangle,yellow,small,1
61,one large purple square is to the left of one medium grey triangle,square,purple,large,to the left of,triangle,grey,medium,3
62,a large pink square is below a large pink pentagon,square,pink,large,below,pentagon,pink,large,1
63,an orange oval is next to a green circle,oval,orange,small,next to,circle,green,large,4
64,a brown square is to the left of a purple circle,square,brown,medium,to the left of,circle,purple,large,4
65,there is a large brown oval above a small red pentagon,oval,brown,large,above,pentagon,red,small,2
66,a medium rectangle is below a small hexagon,rectangle,orange,medium,below,hexagon,orange,small,5
67,a medium red rectangle is above a large orange hexagon,rectangle,red,medium,above,hexagon,orange,large,1
68,a small grey oval is positioned above a small blue hexagon,oval,grey,small,above,hexagon,blue,small,6
69,a large pink circle is below a small brown pentagon,circle,pink,large,below,pentagon,brown,small,1
70,a large red hexagon is positioned to the left of a small orange square,hexagon,red,large,to the left of,square,orange,small,6
71,a yellow hexagon is to the right of a pink pentagon,hexagon,yellow,medium,to the right of,pentagon,pink,medium,4
72,a medium orange pentagon is positioned to the right of a medium pink square,pentagon,orange,medium,to the right of,square,pink,medium,6
73,one large red rectangle is to the right of one large purple circle,rectangle,red,large,to the right of,circle,purple,large,3
74,a small orange diamond is positioned below a large pink pentagon,diamond,orange,small,below,pentagon,pink,large,6
75,one medium blue oval is inside one large red diamond,oval,blue,medium,inside,diamond,red,large,3
76,a small pentagon is next to a small pentagon,pentagon,purple,small,next to,pentagon,brown,small,5
77,a large rectangle is above a medium circle,rectangle,red,large,above,circle,purple,medium,5
78,a medium orange triangle is to the right of a medium blue circle,triangle,orange,medium,to the right of,circle,blue,medium,1
79,a green square is next to a grey triangle,square,green,small,next to,triangle,grey,medium,4
80,a medium pink square is positioned below a medium grey oval,square,pink,medium,below,oval,grey,medium,6
81,a large pink circle is positioned to the right of a medium green hexagon,circle,pink,large,to the right of,hexagon,green,medium,6
82,a small hexagon is next to a medium hexagon,hexagon,pink,small,next to,hexagon,pink,medium,5
83,a brown square is inside a grey rectangle,square,brown,medium,inside,rectangle,grey,large,4
84,one small purple hexagon is to the left of one large purple square,hexagon,purple,small,to the left of,square,purple,large,3
85,a small green rectangle is inside a medium blue circle,rectangle,green,small,inside,circle,blue,medium,1
86,there is a large grey triangle below a large green circle,triangle,grey,large,below,circle,green,large,2
87,a medium pink diamond is inside a large blue pentagon,diamond,pink,medium,inside,pentagon,blue,large,1
88,a large orange rectangle is to the left of a large pink pentagon,rectangle,orange,large,to the left of,pentagon,pink,large,1
89,one small blue hexagon is to the left of one small red hexagon,hexagon,blue,small,to the left of,hexagon,red,small,3
90,a large hexagon is next to a medium rectangle,hexagon,yellow,large,next to,rectangle,yellow,medium,5
91,a small rectangle is next to a medium circle,rectangle,pink,small,next to,circle,purple,medium,5
92,one medium grey square is to the left of one small green rectangle,square,grey,medium,to the left of,rectangle,green,small,3
93,a small pink pentagon is positioned next to a medium pink hexagon,pentagon,pink,small,next to,hexagon,pink,medium,6
94,there is a medium orange oval inside a large blue triangle,oval,orange,medium,inside,triangle,blue,large,2
95,there is a large pink square to the left of a medium grey pentagon,square,pink,large,to the left of,pentagon,grey,medium,2
96,a medium orange square is below a small purple oval,square,orange,medium,below,oval,purple,small,1
97,there is a medium grey hexagon inside a large pink pentagon,hexagon,grey,medium,inside,pentagon,pink,large,2
98,there is a medium grey circle inside a large blue square,circle,grey,medium,inside,square,blue,large,2
99,a medium purple hexagon is positioned next to a small orange rectangle,hexagon,purple,medium,next to,rectangle,orange,small,6
100,a medium pentagon is to the right of a medium oval,pentagon,grey,medium,to the right of,oval,pink,medium,5
101,a small circle is below a small diamond,circle,green,small,below,diamond,blue,small,5
102,a medium yellow diamond is positioned to the left of a medium green circle,diamond,yellow,medium,to the left of,circle,green,medium,6
103,a large purple rectangle is positioned above a medium yellow pentagon,rectangle,purple,large,above,pentagon,yellow,medium,6
104,a small brown diamond is below a large red circle,diamond,brown,small,below,circle,red,large,1
105,there is a medium red oval to the right of a large purple hexagon,oval,red,medium,to the right of,hexagon,purple,large,2
106,a small green diamond is positioned above a large green oval,diamond,green,small,above,oval,green,large,6
107,one medium purple diamond is below one large blue hexagon,diamond,purple,medium,below,hexagon,blue,large,3
108,there is a small purple hexagon below a large brown hexagon,hexagon,purple,small,below,hexagon,brown,large,2
109,a brown hexagon is to the left of a purple rectangle,hexagon,brown,medium,to the left of,rectangle,purple,small,4
110,a large brown square is above a small blue triangle,square,brown,large,above,triangle,blue,small,1
111,a medium hexagon is inside a large hexagon,hexagon,grey,medium,inside,hexagon,pink,large,5
112,a small square is above a medium diamond,square,grey,small,above,diamond,green,medium,5
113,a medium yellow rectangle is to the left of a medium green hexagon,rectangle,yellow,medium,to the left of,hexagon,green,medium,1
114,a small orange oval is inside a medium yellow triangle,oval,orange,small,inside,triangle,yellow,medium,1
115,a medium pink pentagon is to the left of a large brown square,pentagon,pink,medium,to the left of,square,brown,large,1
116,a medium grey pentagon is inside a large blue rectangle,pentagon,grey,medium,inside,rectangle,blue,large,1
117,one large grey oval is to the left of one large blue diamond,oval,grey,large,to the left of,diamond,blue,large,3
118,a medium yellow diamond is inside a large red pentagon,diamond,yellow,medium,inside,pentagon,red,large,1
119,a medium pentagon is to the left of a large oval,pentagon,orange,medium,to the left of,oval,grey,large,5
120,a small yellow circle is positioned next to a large green rectangle,circle,yellow,small,next to,rectangle,green,large,6
121,a red triangle is below an orange triangle,triangle,red,small,below,triangle,orange,small,4
122,one small orange square is to the right of one medium purple circle,square,orange,small,to the right of,circle,purple,medium,3
123,a medium circle is to the right of a small square,circle,pink,medium,to the right of,square,green,small,5
124,a medium green triangle is positioned above a large grey diamond,triangle,green,medium,above,diamond,grey,large,6
125,one small yellow oval is to the right of one large purple rectangle,oval,yellow,small,to the right of,rectangle,purple,large,3
126,there is a large purple square to the left of a small orange square,square,purple,large,to the left of,square,orange,small,2
127,one large green triangle is below one medium brown oval,triangle,green,large,below,oval,brown,medium,3
128,a large pentagon is to the left of a medium diamond,pentagon,brown,large,to the left of,diamond,grey,medium,5
129,a large green pentagon is positioned above a medium purple square,pentagon,green,large,above,square,purple,medium,6
130,a red pentagon is above a pink square,pentagon,red,small,above,square,pink,small,4
131,there is a medium yellow rectangle below a small brown pentagon,rectangle,yellow,medium,below,pentagon,brown,small,2
132,one small blue hexagon is next to one large yellow rectangle,hexagon,blue,small,next to,rectangle,yellow,large,3
133,a large blue circle is to the left of a large orange pentagon,circle,blue,large,to the left of,pentagon,orange,large,1
134,there is a medium green triangle inside a large brown circle,triangle,green,medium,inside,circle,brown,large,2
135,there is a large pink rectangle to the left of a large pink circle,rectangle,pink,large,to the left of,circle,pink,large,2
136,a large green triangle is above a medium yellow hexagon,triangle,green,large,above,hexagon,yellow,medium,1
137,a large hexagon is to the left of a large circle,hexagon,yellow,large,to the left of,circle,brown,large,5
138,there is a medium yellow rectangle next to a medium blue circle,rectangle,yellow,medium,next to,circle,blue,medium,2
139,one medium grey square is inside one large blue circle,square,grey,medium,inside,circle,blue,large,3
140,a small purple triangle is positioned to the right of a large orange triangle,triangle,purple,small,to the right of,triangle,orange,large,6
141,a medium oval is above a medium oval,oval,brown,medium,above,oval,brown,medium,5
142,a yellow diamond is inside a purple square,diamond,yellow,small,inside,square,purple,large,4
143,a large red hexagon is positioned to the right of a small yellow square,hexagon,red,large,to the right of,square,yellow,small,6
144,a large rectangle is next to a small oval,rectangle,blue,large,next to,oval,red,small,5
145,a small square is to the left of a large pentagon,square,red,small,to the left of,pentagon,pink,large,5
146,one medium red oval is to the right of one large green diamond,oval,red,medium,to the right of,diamond,green,large,3
147,one small grey triangle is above one medium red hexagon,triangle,grey,small,above,hexagon,red,medium,3
148,one small blue pentagon is above one large green hexagon,pentagon,blue,small,above,hexagon,green,large,3
149,a large brown triangle is positioned to the left of a small green circle,triangle,brown,large,to the left of,circle,green,small,6
150,there is a large brown rectangle to the right of a large grey triangle,rectangle,brown,large,to the right of,triangle,grey,large,2
151,one medium brown square is to the right of one small purple oval,square,brown,medium,to the right of,oval,purple,small,3
152,a grey pentagon is inside a purple oval,pentagon,grey,medium,inside,oval,purple,large,4
153,there is a small red circle inside a medium red diamond,circle,red,small,inside,diamond,red,medium,2
154,one medium red pentagon is inside one large yellow pentagon,pentagon,red,medium,inside,pentagon,yellow,large,3
155,a small purple diamond is positioned inside a large purple oval,diamond,purple,small,inside,oval,purple,large,6
156,a small purple circle is above a small yellow hexagon,circle,purple,small,above,hexagon,yellow,small,1
157,a medium red oval is positioned below a large brown triangle,oval,red,medium,below,triangle,brown,large,6
158,one medium purple square is below one small yellow circle,square,purple,medium,below,circle,yellow,small,3
159,a medium yellow square is inside a large green diamond,square,yellow,medium,inside,diamond,green,large,1
160,a pink hexagon is above a purple circle,hexagon,pink,medium,above,circle,purple,large,4
161,a small blue oval is below a small green diamond,oval,blue,small,below,diamond,green,small,1
162,a large green pentagon is to the right of a small blue triangle,pentagon,green,large,to the right of,triangle,blue,small,1
163,one medium purple triangle is next to one medium red pentagon,triangle,purple,medium,next to,pentagon,red,medium,3
164,a small rectangle is to the left of a large oval,rectangle,brown,small,to the left of,oval,red,large,5
165,a large pentagon is to the left of a medium oval,pentagon,orange,large,to the left of,oval,purple,medium,5
166,a large red rectangle is above a medium pink diamond,rectangle,red,large,above,diamond,pink,medium,1
167,a small pink pentagon is to the right of a medium brown oval,pentagon,pink,small,to the right of,oval,brown,medium,1
168,there is a small yellow rectangle below a medium green rectangle,rectangle,yellow,small,below,rectangle,green,medium,2
169,an orange square is inside a yellow circle,square,orange,small,inside,circle,yellow,medium,4
170,a medium brown hexagon is above a medium grey circle,hexagon,brown,medium,above,circle,grey,medium,1
171,a small blue rectangle is positioned above a medium red hexagon,rectangle,blue,small,above,hexagon,red,medium,6
172,a medium rectangle is below a large rectangle,rectangle,orange,medium,below,rectangle,orange,large,5
173,there is a large grey square to the right of a small grey diamond,square,grey,large,to the right of,diamond,grey,small,2
174,one medium pink hexagon is next to one small blue diamond,hexagon,pink,medium,next to,diamond,blue,small,3
175,a yellow oval is below a brown rectangle,oval,yellow,large,below,rectangle,brown,medium,4
176,a medium purple pentagon is inside a large red rectangle,pentagon,purple,medium,inside,rectangle,red,large,1
177,a medium rectangle is below a medium rectangle,rectangle,purple,medium,below,rectangle,pink,medium,5
178,a small pink rectangle is below a medium blue square,rectangle,pink,small,below,square,blue,medium,1
179,a small brown triangle is to the right of a large red circle,triangle,brown,small,to the right of,circle,red,large,1
180,a small triangle is inside a large pentagon,triangle,brown,small,inside,pentagon,grey,large,5
181,one medium pink diamond is inside one large blue circle,diamond,pink,medium,inside,circle,blue,large,3
182,a medium orange rectangle is to the left of a small grey oval,rectangle,orange,medium,to the left of,oval,grey,small,1
183,a small brown rectangle is inside a large grey rectangle,rectangle,brown,small,inside,rectangle,grey,large,1
184,a small brown rectangle is below a medium red diamond,rectangle,brown,small,below,diamond,red,medium,1
185,a small yellow diamond is positioned to the left of a small blue pentagon,diamond,yellow,small,to the left of,pentagon,blue,small,6
186,a brown diamond is to the left of a yellow hexagon,diamond,brown,medium,to the left of,hexagon,yellow,small,4
187,a medium yellow pentagon is to the right of a medium yellow square,pentagon,yellow,medium,to the right of,square,yellow,medium,1
188,a large brown triangle is to the right of a large brown oval,triangle,brown,large,to the right of,oval,brown,large,1
189,one small grey triangle is to the left of one small purple hexagon,triangle,grey,small,to the left of,hexagon,purple,small,3
190,a medium blue square is positioned inside a large pink circle,square,blue,medium,inside,circle,pink,large,6
191,a large blue triangle is positioned above a small pink square,triangle,blue,large,above,square,pink,small,6
192,a medium rectangle is next to a large circle,rectangle,pink,medium,next to,circle,orange,large,5
193,a large triangle is next to a small square,triangle,brown,large,next to,square,purple,small,5
194,a medium orange diamond is inside a large orange circle,diamond,orange,medium,inside,circle,orange,large,1
195,one small red triangle is next to one medium pink rectangle,triangle,red,small,next to,rectangle,pink,medium,3
196,a medium grey circle is positioned next to a medium grey rectangle,circle,grey,medium,next to,rectangle,grey,medium,6
197,a small orange hexagon is next to a large brown circle,hexagon,orange,small,next to,circle,brown,large,1
198,a medium green triangle is positioned inside a large red square,triangle,green,medium,inside,square,red,large,6
199,a medium pentagon is to the right of a small oval,pentagon,pink,medium,to the right of,oval,grey,small,5
200,a medium square is to the right of a small square,square,pink,medium,to the right of,square,orange,small,5
201,a medium green hexagon is positioned next to a large blue triangle,hexagon,green,medium,next to,triangle,blue,large,6
202,a grey oval is below a yellow hexagon,oval,grey,small,below,hexagon,yellow,large,4
203,a small circle is inside a medium diamond,circle,yellow,small,inside,diamond,purple,medium,5
204,a medium circle is to the left of a medium rectangle,circle,purple,medium,to the left of,rectangle,blue,medium,5
205,a small yellow diamond is positioned next to a small green circle,diamond,yellow,small,next to,circle,green,small,6
206,there is a small pink circle below a small orange rectangle,circle,pink,small,below,rectangle,orange,small,2
207,one large purple square is above one medium brown diamond,square,purple,large,above,diamond,brown,medium,3
208,a large brown circle is next to a large green circle,circle,brown,large,next to,circle,green,large,1
209,one medium pink square is to the left of one large brown pentagon,square,pink,medium,to the left of,pentagon,brown,large,3
210,a red diamond is next to a brown oval,diamond,red,small,next to,oval,brown,small,4
211,a large grey square is positioned to the left of a small yellow triangle,square,grey,large,to the left of,triangle,yellow,small,6
212,one small blue triangle is next to one large red circle,triangle,blue,small,next to,circle,red,large,3
213,there is a medium brown oval to the left of a small grey diamond,oval,brown,medium,to the left of,diamond,grey,small,2
214,a pink oval is inside an orange triangle,oval,pink,medium,inside,triangle,orange,large,4
215,one large orange diamond is above one medium yellow oval,diamond,orange,large,above,oval,yellow,medium,3
216,a medium brown triangle is inside a large grey diamond,triangle,brown,medium,inside,diamond,grey,large,1
217,a medium orange rectangle is to the left of a medium pink oval,rectangle,orange,medium,to the left of,oval,pink,medium,1
218,a pink circle is next to a green pentagon,circle,pink,small,next to,pentagon,green,medium,4
219,one medium pink triangle is to the left of one medium brown pentagon,triangle,pink,medium,to the left of,pentagon,brown,medium,3
220,a large yellow square is to the right of a medium red triangle,square,yellow,large,to the right of,triangle,red,medium,1
221,a blue triangle is to the left of a blue pentagon,triangle,blue,large,to the left of,pentagon,blue,small,4
222,a grey triangle is inside a blue triangle,triangle,grey,small,inside,triangle,blue,medium,4
223,a small brown oval is above a small grey diamond,oval,brown,small,above,diamond,grey,small,1
224,a medium brown square is positioned to the left of a large green triangle,square,brown,medium,to the left of,triangle,green,large,6
225,a large brown triangle is positioned next to a small red square,triangle,brown,large,next to,square,red,small,6
226,one medium grey square is above one large yellow circle,square,grey,medium,above,circle,yellow,large,3
227,a large red hexagon is positioned to the left of a small orange circle,hexagon,red,large,to the left of,circle,orange,small,6
228,a green diamond is below a brown pentagon,diamond,green,small,below,pentagon,brown,large,4
229,a large grey triangle is above a large purple rectangle,triangle,grey,large,above,rectangle,purple,large,1
230,an orange pentagon is to the right of a yellow diamond,pentagon,orange,small,to the right of,diamond,yellow,small,4
231,a brown hexagon is next to a red rectangle,hexagon,brown,medium,next to,rectangle,red,small,4
232,one medium yellow pentagon is above one medium grey pentagon,pentagon,yellow,medium,above,pentagon,grey,medium,3
233,a small grey oval is positioned next to a large green circle,oval,grey,small,next to,circle,green,large,6
234,there is a medium red square next to a small pink circle,square,red,medium,next to,circle,pink,small,2
235,a medium square is above a large circle,square,orange,medium,above,circle,blue,large,5
236,a small hexagon is to the left of a medium pentagon,hexagon,yellow,small,to the left of,pentagon,blue,medium,5
237,a large green circle is positioned to the right of a medium purple circle,circle,green,large,to the right of,circle,purple,medium,6
238,there is a large brown pentagon above a large pink circle,pentagon,brown,large,above,circle,pink,large,2
239,a red square is to the right of a purple oval,square,red,small,to the right of,oval,purple,small,4
240,a brown rectangle is next to a grey diamond,rectangle,brown,medium,next to,diamond,grey,medium,4
241,a medium pentagon is next to a large diamond,pentagon,blue,medium,next to,diamond,purple,large,5
242,a medium triangle is to the left of a small rectangle,triangle,green,medium,to the left of,rectangle,grey,small,5
243,a pink pentagon is to the left of a yellow triangle,pentagon,pink,small,to the left of,triangle,yellow,large,4
244,a large blue pentagon is positioned below a small pink oval,pentagon,blue,large,below,oval,pink,small,6
245,there is a large brown square above a small orange rectangle,square,brown,large,above,rectangle,orange,small,2
246,one medium red pentagon is next to one small purple hexagon,pentagon,red,medium,next to,hexagon,purple,small,3
247,an orange pentagon is above a red hexagon,pentagon,orange,large,above,hexagon,red,small,4
248,one medium purple pentagon is above one small grey circle,pentagon,purple,medium,above,circle,grey,small,3
249,one small yellow hexagon is next to one small blue oval,hexagon,yellow,small,next to,oval,blue,small,3
250,a medium red hexagon is positioned to the right of a large red oval,hexagon,red,medium,to the right of,oval,red,large,6
251,there is a large pink square below a small orange hexagon,square,pink,large,below,hexagon,orange,small,2
252,a large brown pentagon is positioned above a medium brown oval,pentagon,brown,large,above,oval,brown,medium,6
253,a purple circle is inside a pink circle,circle,purple,small,inside,circle,pink,large,4
254,a large grey triangle is below a medium yellow oval,triangle,grey,large,below,oval,yellow,medium,1
255,one medium pink square is inside one large grey triangle,square,pink,medium,inside,triangle,grey,large,3
256,one small blue triangle is to the right of one small orange oval,triangle,blue,small,to the right of,oval,orange,small,3
257,there is a medium yellow hexagon inside a large yellow square,hexagon,yellow,medium,inside,square,yellow,large,2
258,there is a large pink triangle above a large yellow pentagon,triangle,pink,large,above,pentagon,yellow,large,2
259,there is a large red circle below a medium purple diamond,circle,red,large,below,diamond,purple,medium,2
260,a small red triangle is to the left of a large brown hexagon,triangle,red,small,to the left of,hexagon,brown,large,1
261,a large rectangle is above a small square,rectangle,purple,large,above,square,yellow,small,5
262,a small circle is inside a medium triangle,circle,green,small,inside,triangle,blue,medium,5
263,a grey rectangle is below an orange hexagon,rectangle,grey,large,below,hexagon,orange,small,4
264,a small grey triangle is positioned below a large green triangle,triangle,grey,small,below,triangle,green,large,6
265,a medium orange hexagon is below a large brown triangle,hexagon,orange,medium,below,triangle,brown,large,1
266,a grey hexagon is next to a grey circle,hexagon,grey,large,next to,circle,grey,medium,4
267,a small blue diamond is inside a medium grey hexagon,diamond,blue,small,inside,hexagon,grey,medium,1
268,one large purple square is below one medium purple square,square,purple,large,below,square,purple,medium,3
269,a small circle is to the right of a medium triangle,circle,orange,small,to the right of,triangle,brown,medium,5
270,a blue square is above an orange circle,square,blue,small,above,circle,orange,small,4
271,there is a small orange diamond to the right of a large orange oval,diamond,orange,small,to the right of,oval,orange,large,2
272,a medium oval is to the right of a small triangle,oval,red,medium,to the right of,triangle,red,small,5
273,one medium red rectangle is above one large grey rectangle,rectangle,red,medium,above,rectangle,grey,large,3
274,one large blue rectangle is to the left of one large grey rectangle,rectangle,blue,large,to the left of,rectangle,grey,large,3
275,a purple diamond is next to a yellow pentagon,diamond,purple,medium,next to,pentagon,yellow,medium,4
276,there is a small green pentagon next to a medium green diamond,pentagon,green,small,next to,diamond,green,medium,2
277,a medium pentagon is below a medium oval,pentagon,brown,medium,below,oval,brown,medium,5
278,a large pink hexagon is below a large purple pentagon,hexagon,pink,large,below,pentagon,purple,large,1
279,a medium brown triangle is above a medium yellow hexagon,triangle,brown,medium,above,hexagon,yellow,medium,1
280,a small triangle is to the right of a large triangle,triangle,red,small,to the right of,triangle,purple,large,5
281,a medium diamond is next to a small triangle,diamond,purple,medium,next to,triangle,green,small,5
282,one small blue circle is inside one medium yellow square,circle,blue,small,inside,square,yellow,medium,3
283,a medium yellow rectangle is positioned above a large yellow circle,rectangle,yellow,medium,above,circle,yellow,large,6
284,an orange hexagon is below a red diamond,hexagon,orange,small,below,diamond,red,medium,4
285,one large purple circle is above one small yellow diamond,circle,purple,large,above,diamond,yellow,small,3
286,one large green hexagon is next to one small purple square,hexagon,green,large,next to,square,purple,small,3
287,one large blue oval is below one small orange hexagon,oval,blue,large,below,hexagon,orange,small,3
288,there is a medium orange triangle to the right of a medium orange rectangle,triangle,orange,medium,to the right of,rectangle,orange,medium,2
289,a small pink triangle is positioned to the left of a medium orange hexagon,triangle,pink,small,to the left of,hexagon,orange,medium,6
290,a large yellow oval is to the left of a small grey hexagon,oval,yellow,large,to the left of,hexagon,grey,small,1
291,a large oval is above a medium pentagon,oval,purple,large,above,pentagon,brown,medium,5
292,one large brown oval is to the left of one small yellow circle,oval,brown,large,to the left of,circle,yellow,small,3
293,there is a large blue circle below a large grey hexagon,circle,blue,large,below,hexagon,grey,large,2
294,a small blue pentagon is to the right of a small red triangle,pentagon,blue,small,to the right of,triangle,red,small,1
295,a large green triangle is to the right of a large green oval,triangle,green,large,to the right of,oval,green,large,1
296,a medium yellow rectangle is positioned below a medium blue diamond,rectangle,yellow,medium,below,diamond,blue,medium,6
297,an orange square is below a brown circle,square,orange,large,below,circle,brown,medium,4
298,a small grey square is next to a large purple diamond,square,grey,small,next to,diamond,purple,large,1
299,a large orange square is positioned to the right of a large brown hexagon,square,orange,large,to the right of,hexagon,brown,large,6
300,a large blue triangle is below a large brown pentagon,triangle,blue,large,below,pentagon,brown,large,1
301,a small purple circle is positioned above a small yellow triangle,circle,purple,small,above,triangle,yellow,small,6
302,there is a large orange rectangle above a small orange square,rectangle,orange,large,above,square,orange,small,2
303,a small yellow hexagon is to the right of a small blue diamond,hexagon,yellow,small,to the right of,diamond,blue,small,1
304,one small brown hexagon is next to one small brown diamond,hexagon,brown,small,next to,diamond,brown,small,3
305,a small square is to the right of a small hexagon,square,blue,small,to the right of,hexagon,grey,small,5
306,a small hexagon is inside a medium diamond,hexagon,purple,small,inside,diamond,brown,medium,5
307,a small grey rectangle is above a medium yellow rectangle,rectangle,grey,small,above,rectangle,yellow,medium,1
308,there is a small blue rectangle inside a medium purple rectangle,rectangle,blue,small,inside,rectangle,purple,medium,2
309,a small green triangle is below a medium yellow diamond,triangle,green,small,below,diamond,yellow,medium,1
310,one small blue diamond is to the left of one large brown diamond,diamond,blue,small,to the left of,diamond,brown,large,3
311,a large yellow triangle is positioned above a small purple hexagon,triangle,yellow,large,above,hexagon,purple,small,6
312,a brown diamond is inside an orange circle,diamond,brown,medium,inside,circle,orange,large,4
313,a medium square is next to a medium circle,square,orange,medium,next to,circle,green,medium,5
314,a large diamond is to the left of a medium oval,diamond,pink,large,to the left of,oval,blue,medium,5
315,one medium grey square is above one small grey circle,square,grey,medium,above,circle,grey,small,3
316,a medium yellow pentagon is positioned inside a large grey triangle,pentagon,yellow,medium,inside,triangle,grey,large,6
317,one large green square is next to one medium pink circle,square,green,large,next to,circle,pink,medium,3
318,one large brown square is to the right of one large grey rectangle,square,brown,large,to the right of,rectangle,grey,large,3
319,a small purple pentagon is inside a medium pink square,pentagon,purple,small,inside,square,pink,medium,1
320,there is a small purple rectangle to the left of a medium blue circle,rectangle,purple,small,to the left of,circle,blue,medium,2
321,there is a medium green rectangle above a medium green rectangle,rectangle,green,medium,above,rectangle,green,medium,2
322,a large pink hexagon is positioned to the left of a small grey rectangle,hexagon,pink,large,to the left of,rectangle,grey,small,6
323,one small yellow triangle is above one medium purple pentagon,triangle,yellow,small,above,pentagon,purple,medium,3
324,one medium brown pentagon is next to one medium yellow diamond,pentagon,brown,medium,next to,diamond,yellow,medium,3
325,a medium grey rectangle is to the right of a medium grey diamond,rectangle,grey,medium,to the right of,diamond,grey,medium,1
326,a medium yellow hexagon is inside a large green square,hexagon,yellow,medium,inside,square,green,large,1
327,a small rectangle is inside a large triangle,rectangle,pink,small,inside,triangle,blue,large,5
328,a large pentagon is above a medium triangle,pentagon,pink,large,above,triangle,pink,medium,5
329,there is a medium orange circle next to a medium brown hexagon,circle,orange,medium,next to,hexagon,brown,medium,2
330,a pink circle is to the right of a blue rectangle,circle,pink,small,to the right of,rectangle,blue,large,4
331,a medium purple pentagon is above a medium red rectangle,pentagon,purple,medium,above,rectangle,red,medium,1
332,a medium grey hexagon is above a small green rectangle,hexagon,grey,medium,above,rectangle,green,small,1
333,a medium circle is below a medium hexagon,circle,green,medium,below,hexagon,blue,medium,5
334,a small orange circle is positioned above a small grey triangle,circle,orange,small,above,triangle,grey,small,6
335,a yellow diamond is to the left of a purple diamond,diamond,yellow,large,to the left of,diamond,purple,large,4
336,a blue square is next to a green circle,square,blue,large,next to,circle,green,small,4
337,one medium orange circle is next to one medium orange hexagon,circle,orange,medium,next to,hexagon,orange,medium,3
338,a medium orange circle is positioned next to a medium brown rectangle,circle,orange,medium,next to,rectangle,brown,medium,6
339,there is a medium brown diamond next to a medium yellow oval,diamond,brown,medium,next to,oval,yellow,medium,2
340,a small green triangle is to the left of a large grey rectangle,triangle,green,small,to the left of,rectangle,grey,large,1
341,there is a large yellow circle to the right of a small orange triangle,circle,yellow,large,to the right of,triangle,orange,small,2
342,a pink diamond is to the left of a red oval,diamond,pink,small,to the left of,oval,red,small,4
343,a large rectangle is below a large triangle,rectangle,pink,large,below,triangle,purple,large,5
344,one large pink rectangle is below one medium purple oval,rectangle,pink,large,below,oval,purple,medium,3
345,there is a small orange triangle to the right of a large red triangle,triangle,orange,small,to the right of,triangle,red,large,2
346,a medium green triangle is inside a large yellow circle,triangle,green,medium,inside,circle,yellow,large,1
347,a large brown circle is positioned to the left of a medium purple hexagon,circle,brown,large,to the left of,hexagon,purple,medium,6
348,a small pentagon is to the right of a large rectangle,pentagon,orange,small,to the right of,rectangle,blue,large,5
349,a small purple pentagon is to the right of a large pink square,pentagon,purple,small,to the right of,square,pink,large,1
350,a brown triangle is to the left of a blue square,triangle,brown,large,to the left of,square,blue,small,4
351,a medium brown triangle is positioned above a medium green pentagon,triangle,brown,medium,above,pentagon,green,medium,6
352,a small brown rectangle is positioned above a small pink pentagon,rectangle,brown,small,above,pentagon,pink,small,6
353,there is a small pink rectangle to the right of a medium pink diamond,rectangle,pink,small,to the right of,diamond,pink,medium,2
354,a small hexagon is next to a small oval,hexagon,purple,small,next to,oval,green,small,5
355,a medium blue circle is positioned to the right of a medium grey triangle,circle,blue,medium,to the right of,triangle,grey,medium,6
356,an orange triangle is to the left of a green circle,triangle,orange,medium,to the left of,circle,green,medium,4
357,a large hexagon is to the left of a large diamond,hexagon,green,large,to the left of,diamond,pink,large,5
358,a medium brown hexagon is below a large pink triangle,hexagon,brown,medium,below,triangle,pink,large,1
359,a purple pentagon is below a grey hexagon,pentagon,purple,medium,below,hexagon,grey,small,4
360,a medium triangle is above a large pentagon,triangle,grey,medium,above,pentagon,yellow,large,5
361,a brown rectangle is to the left of a blue square,rectangle,brown,small,to the left of,square,blue,large,4
362,a medium oval is to the left of a small triangle,oval,yellow,medium,to the left of,triangle,orange,small,5
363,a medium grey triangle is positioned next to a small grey pentagon,triangle,grey,medium,next to,pentagon,grey,small,6
364,one small grey circle is inside one medium purple circle,circle,grey,small,inside,circle,purple,medium,3
365,there is a small grey pentagon below a small pink oval,pentagon,grey,small,below,oval,pink,small,2
366,a purple diamond is below a red square,diamond,purple,large,below,square,red,medium,4
367,a blue square is to the right of a green square,square,blue,small,to the right of,square,green,medium,4
368,there is a medium pink pentagon inside a large pink hexagon,pentagon,pink,medium,inside,hexagon,pink,large,2
369,a grey hexagon is inside a purple circle,hexagon,grey,small,inside,circle,purple,large,4
370,there is a small grey square next to a large red hexagon,square,grey,small,next to,hexagon,red,large,2
371,a small grey oval is positioned inside a large orange diamond,oval,grey,small,inside,diamond,orange,large,6
372,a medium pink hexagon is positioned below a medium red circle,hexagon,pink,medium,below,circle,red,medium,6
373,a red diamond is above a red diamond,diamond,red,small,above,diamond,red,small,4
374,a medium yellow oval is to the right of a large yellow hexagon,oval,yellow,medium,to the right of,hexagon,yellow,large,1
375,a small grey square is to the right of a medium brown diamond,square,grey,small,to the right of,diamond,brown,medium,1
376,there is a small green diamond inside a medium yellow triangle,diamond,green,small,inside,triangle,yellow,medium,2
377,one medium blue circle is to the right of one small red circle,circle,blue,medium,to the right of,circle,red,small,3
378,there is a large yellow diamond below a large brown square,diamond,yellow,large,below,square,brown,large,2
379,a medium brown hexagon is to the right of a large pink pentagon,hexagon,brown,medium,to the right of,pentagon,pink,large,1
380,a small pentagon is below a small pentagon,pentagon,blue,small,below,pentagon,orange,small,5
381,a purple rectangle is to the left of a brown triangle,rectangle,purple,large,to the left of,triangle,brown,medium,4
382,a medium green triangle is next to a medium purple circle,triangle,green,medium,next to,circle,purple,medium,1
383,a medium circle is above a medium hexagon,circle,green,medium,above,hexagon,brown,medium,5
384,a blue hexagon is to the right of a blue oval,hexagon,blue,small,to the right of,oval,blue,small,4
385,there is a medium brown diamond inside a large pink diamond,diamond,brown,medium,inside,diamond,pink,large,2
386,a small hexagon is to the left of a large square,hexagon,blue,small,to the left of,square,blue,large,5
387,there is a small red pentagon to the left of a medium purple hexagon,pentagon,red,small,to the left of,hexagon,purple,medium,2
388,a medium circle is below a large oval,circle,blue,medium,below,oval,green,large,5
389,a medium triangle is next to a small square,triangle,red,medium,next to,square,yellow,small,5
390,a large orange triangle is next to a small green square,triangle,orange,large,next to,square,green,small,1
391,a small red square is inside a medium purple square,square,red,small,inside,square,purple,medium,1
392,a small brown oval is next to a large blue pentagon,oval,brown,small,next to,pentagon,blue,large,1
393,one large grey oval is below one large yellow pentagon,oval,grey,large,below,pentagon,yellow,large,3
394,a yellow circle is below a green triangle,circle,yellow,medium,below,triangle,green,medium,4
395,there is a small green pentagon to the right of a small green circle,pentagon,green,small,to the right of,circle,green,small,2
396,there is a large green hexagon above a medium yellow rectangle,hexagon,green,large,above,rectangle,yellow,medium,2
397,there is a medium brown square to the right of a small green triangle,square,brown,medium,to the right of,triangle,green,small,2
398,a small red square is positioned below a small purple hexagon,square,red,small,below,hexagon,purple,small,6
399,there is a medium red circle inside a large green circle,circle,red,medium,inside,circle,green,large,2
400,one medium blue oval is to the right of one large blue triangle,oval,blue,medium,to the right of,triangle,blue,large,3
401,a small orange oval is positioned below a medium grey square,oval,orange,small,below,square,grey,medium,6
402,one small grey circle is to the right of one small green diamond,circle,grey,small,to the right of,diamond,green,small,3
403,a blue triangle is to the right of a blue diamond,triangle,blue,small,to the right of,diamond,blue,medium,4
404,a purple hexagon is to the right of a blue circle,hexagon,purple,large,to the right of,circle,blue,large,4
405,a pink oval is to the right of a brown square,oval,pink,small,to the right of,square,brown,medium,4
406,a medium grey oval is next to a small grey rectangle,oval,grey,medium,next to,rectangle,grey,small,1
407,a small oval is above a small diamond,oval,pink,small,above,diamond,green,small,5
408,a large red hexagon is positioned to the right of a small pink hexagon,hexagon,red,large,to the right of,hexagon,pink,small,6
409,a medium green circle is next to a large grey square,circle,green,medium,next to,square,grey,large,1
410,there is a small orange hexagon below a large green pentagon,hexagon,orange,small,below,pentagon,green,large,2
411,a blue rectangle is above a green oval,rectangle,blue,medium,above,oval,green,small,4
412,a large purple rectangle is next to a small grey rectangle,rectangle,purple,large,next to,rectangle,grey,small,1
413,a medium blue square is positioned below a small blue rectangle,square,blue,medium,below,rectangle,blue,small,6
414,a medium grey diamond is to the left of a large orange rectangle,diamond,grey,medium,to the left of,rectangle,orange,large,1
415,a small circle is above a small pentagon,circle,grey,small,above,pentagon,blue,small,5
416,a small orange diamond is above a small red triangle,diamond,orange,small,above,triangle,red,small,1
417,a large circle is next to a medium rectangle,circle,purple,large,next to,rectangle,yellow,medium,5
418,a pink oval is below a blue rectangle,oval,pink,small,below,rectangle,blue,large,4
419,a small grey rectangle is to the right of a large orange hexagon,rectangle,grey,small,to the right of,hexagon,orange,large,1
420,a purple diamond is inside a grey diamond,diamond,purple,small,inside,diamond,grey,large,4
421,a blue hexagon is to the right of a purple hexagon,hexagon,blue,medium,to the right of,hexagon,purple,medium,4
422,there is a large grey square above a small purple diamond,square,grey,large,above,diamond,purple,small,2
423,one small green rectangle is above one medium pink square,rectangle,green,small,above,square,pink,medium,3
424,there is a medium orange rectangle inside a large orange square,rectangle,orange,medium,inside,square,orange,large,2
425,one medium pink circle is to the left of one small green rectangle,circle,pink,medium,to the left of,rectangle,green,small,3
426,one medium purple square is inside one large brown square,square,purple,medium,inside,square,brown,large,3
427,a brown triangle is above a green square,triangle,brown,large,above,square,green,large,4
428,a large grey diamond is above a large pink circle,diamond,grey,large,above,circle,pink,large,1
429,a grey pentagon is to the right of a grey circle,pentagon,grey,medium,to the right of,circle,grey,small,4
430,a small oval is below a small rectangle,oval,yellow,small,below,rectangle,yellow,small,5
431,there is a medium blue circle next to a large red diamond,circle,blue,medium,next to,diamond,red,large,2
432,a small purple circle is positioned below a small yellow triangle,circle,purple,small,below,triangle,yellow,small,6
433,a small pink circle is positioned above a large yellow diamond,circle,pink,small,above,diamond,yellow,large,6
434,a small grey oval is positioned to the right of a medium purple diamond,oval,grey,small,to the right of,diamond,purple,medium,6
435,a small oval is to the right of a large pentagon,oval,blue,small,to the right of,pentagon,purple,large,5
436,one medium purple square is to the left of one large red diamond,square,purple,medium,to the left of,diamond,red,large,3
437,a small green circle is positioned inside a large grey pentagon,circle,green,small,inside,pentagon,grey,large,6
438,there is a medium red pentagon next to a large green rectangle,pentagon,red,medium,next to,rectangle,green,large,2
439,a small pentagon is below a medium oval,pentagon,purple,small,below,oval,purple,medium,5
440,a grey pentagon is below a yellow diamond,pentagon,grey,small,below,diamond,yellow,large,4
441,one medium yellow pentagon is inside one large brown pentagon,pentagon,yellow,medium,inside,pentagon,brown,large,3
442,there is a large pink circle below a small blue diamond,circle,pink,large,below,diamond,blue,small,2
443,a medium grey diamond is positioned to the left of a small orange square,diamond,grey,medium,to the left of,square,orange,small,6
444,a large brown circle is positioned to the left of a small brown square,circle,brown,large,to the left of,square,brown,small,6
445,a pink diamond is to the left of an orange oval,diamond,pink,large,to the left of,oval,orange,medium,4
446,a small grey rectangle is positioned next to a medium purple triangle,rectangle,grey,small,next to,triangle,purple,medium,6
447,there is a medium orange circle inside a large red triangle,circle,orange,medium,inside,triangle,red,large,2
448,a yellow oval is next to a brown diamond,oval,yellow,small,next to,diamond,brown,small,4
449,a large orange hexagon is positioned to the right of a medium orange triangle,hexagon,orange,large,to the right of,triangle,orange,medium,6
450,a large pink square is to the right of a small purple oval,square,pink,large,to the right of,oval,purple,small,1
451,one small pink hexagon is below one medium blue pentagon,hexagon,pink,small,below,pentagon,blue,medium,3
452,one large yellow square is to the right of one medium red hexagon,square,yellow,large,to the right of,hexagon,red,medium,3
453,a medium hexagon is inside a large pentagon,hexagon,brown,medium,inside,pentagon,red,large,5
454,a small pentagon is inside a large square,pentagon,green,small,inside,square,pink,large,5
455,a small grey circle is above a medium orange triangle,circle,grey,small,above,triangle,orange,medium,1
456,a large red triangle is above a small green hexagon,triangle,red,large,above,hexagon,green,small,1
457,there is a large yellow oval above a large red hexagon,oval,yellow,large,above,hexagon,red,large,2
458,a small green square is positioned inside a medium grey rectangle,square,green,small,inside,rectangle,grey,medium,6
459,a pink pentagon is above a brown pentagon,pentagon,pink,medium,above,pentagon,brown,small,4
460,a large rectangle is next to a medium rectangle,rectangle,yellow,large,next to,rectangle,red,medium,5
461,a grey pentagon is inside a brown square,pentagon,grey,small,inside,square,brown,medium,4
462,a medium pink diamond is positioned above a medium grey triangle,diamond,pink,medium,above,triangle,grey,medium,6
463,a medium purple hexagon is positioned next to a medium purple pentagon,hexagon,purple,medium,next to,pentagon,purple,medium,6
464,there is a small grey circle next to a small grey square,circle,grey,small,next to,square,grey,small,2
465,a medium pink hexagon is positioned to the right of a medium yellow hexagon,hexagon,pink,medium,to the right of,hexagon,yellow,medium,6
466,a medium pink triangle is positioned inside a large brown pentagon,triangle,pink,medium,inside,pentagon,brown,large,6
467,there is a small blue triangle above a large blue square,triangle,blue,small,above,square,blue,large,2
468,there is a medium brown square to the right of a medium pink circle,square,brown,medium,to the right of,circle,pink,medium,2
469,there is a large blue circle to the right of a large grey hexagon,circle,blue,large,to the right of,hexagon,grey,large,2
470,a large yellow hexagon is positioned to the left of a small orange rectangle,hexagon,yellow,large,to the left of,rectangle,orange,small,6
471,there is a small purple hexagon to the left of a small green diamond,hexagon,purple,small,to the left of,diamond,green,small,2
472,a small blue pentagon is inside a large purple hexagon,pentagon,blue,small,inside,hexagon,purple,large,1
473,a blue hexagon is above a red rectangle,hexagon,blue,medium,above,rectangle,red,small,4
474,one small yellow triangle is below one large green rectangle,triangle,yellow,small,below,rectangle,green,large,3
475,there is a medium grey hexagon to the left of a large yellow circle,hexagon,grey,medium,to the left of,circle,yellow,large,2
476,one large grey oval is next to one small orange pentagon,oval,grey,large,next to,pentagon,orange,small,3
477,there is a medium orange circle next to a medium blue pentagon,circle,orange,medium,next to,pentagon,blue,medium,2
478,a red square is below a brown square,square,red,medium,below,square,brown,small,4
479,a yellow triangle is next to a green square,triangle,yellow,small,next to,square,green,large,4
480,one small brown oval is above one large red triangle,oval,brown,small,above,triangle,red,large,3
481,a medium yellow pentagon is positioned inside a large grey pentagon,pentagon,yellow,medium,inside,pentagon,grey,large,6
482,a large green oval is positioned above a small purple triangle,oval,green,large,above,triangle,purple,small,6
483,a medium circle is above a medium oval,circle,brown,medium,above,oval,green,medium,5
484,a medium brown circle is positioned to the right of a large green rectangle,circle,brown,medium,to the right of,rectangle,green,large,6
485,there is a medium yellow hexagon next to a small blue circle,hexagon,yellow,medium,next to,circle,blue,small,2
486,a small grey circle is below a large orange square,circle,grey,small,below,square,orange,large,1
487,a medium yellow hexagon is inside a large purple square,hexagon,yellow,medium,inside,square,purple,large,1
488,a brown rectangle is next to a green hexagon,rectangle,brown,medium,next to,hexagon,green,medium,4
489,one small yellow pentagon is below one large brown oval,pentagon,yellow,small,below,oval,brown,large,3
490,a green circle is to the left of a red oval,circle,green,small,to the left of,oval,red,medium,4
491,a red triangle is to the right of a purple pentagon,triangle,red,large,to the right of,pentagon,purple,small,4
492,one medium brown square is inside one large blue circle,square,brown,medium,inside,circle,blue,large,3
493,a large red oval is to the right of a large pink hexagon,oval,red,large,to the right of,hexagon,pink,large,1
494,one medium pink oval is to the left of one small yellow diamond,oval,pink,medium,to the left of,diamond,yellow,small,3
495,one small blue diamond is above one medium pink diamond,diamond,blue,small,above,diamond,pink,medium,3
496,a blue circle is to the left of a blue pentagon,circle,blue,large,to the left of,pentagon,blue,medium,4
497,a small orange circle is inside a medium red diamond,circle,orange,small,inside,diamond,red,medium,1
498,one small yellow circle is to the left of one medium purple diamond,circle,yellow,small,to the left of,diamond,purple,medium,3
499,a large brown hexagon is positioned to the left of a large red circle,hexagon,brown,large,to the left of,circle,red,large,6
500,a yellow square is to the right of a grey oval,square,yellow,medium,to the right of,oval,grey,medium,4
501,there is a small purple hexagon inside a medium orange diamond,hexagon,purple,small,inside,diamond,orange,medium,2
502,a large pink diamond is above a medium red pentagon,diamond,pink,large,above,pentagon,red,medium,1
503,there is a medium brown square inside a large yellow triangle,square,brown,medium,inside,triangle,yellow,large,2
504,a small pentagon is below a small oval,pentagon,grey,small,below,oval,green,small,5
505,one large yellow hexagon is above one medium red oval,hexagon,yellow,large,above,oval,red,medium,3
506,a large purple triangle is next to a medium purple pentagon,triangle,purple,large,next to,pentagon,purple,medium,1
507,one large pink circle is below one small red hexagon,circle,pink,large,below,hexagon,red,small,3
508,a large oval is to the right of a medium hexagon,oval,grey,large,to the right of,hexagon,green,medium,5
509,there is a medium purple circle to the left of a large orange oval,circle,purple,medium,to the left of,oval,orange,large,2
510,a large circle is next to a large pentagon,circle,pink,large,next to,pentagon,purple,large,5
511,there is a small green square below a medium pink pentagon,square,green,small,below,pentagon,pink,medium,2
512,a small blue rectangle is positioned next to a medium brown rectangle,rectangle,blue,small,next to,rectangle,brown,medium,6
513,a small brown square is above a small purple circle,square,brown,small,above,circle,purple,small,1
514,there is a medium yellow circle next to a medium grey rectangle,circle,yellow,medium,next to,rectangle,grey,medium,2
515,a small grey circle is positioned next to a medium red pentagon,circle,grey,small,next to,pentagon,red,medium,6
516,a large hexagon is next to a medium oval,hexagon,pink,large,next to,oval,pink,medium,5
517,a small pink rectangle is to the right of a large pink pentagon,rectangle,pink,small,to the right of,pentagon,pink,large,1
518,a medium yellow square is positioned to the right of a small brown oval,square,yellow,medium,to the right of,oval,brown,small,6
519,there is a small grey circle next to a large yellow diamond,circle,grey,small,next to,diamond,yellow,large,2
520,a medium green diamond is positioned to the right of a large blue pentagon,diamond,green,medium,to the right of,pentagon,blue,large,6
521,one large blue oval is above one large yellow pentagon,oval,blue,large,above,pentagon,yellow,large,3
522,there is a medium purple triangle next to a large pink pentagon,triangle,purple,medium,next to,pentagon,pink,large,2
523,a small hexagon is next to a medium square,hexagon,purple,small,next to,square,green,medium,5
524,a medium brown triangle is positioned below a medium red hexagon,triangle,brown,medium,below,hexagon,red,medium,6
525,one medium purple triangle is to the right of one large orange triangle,triangle,purple,medium,to the right of,triangle,orange,large,3
526,a large blue hexagon is to the left of a large orange diamond,hexagon,blue,large,to the left of,diamond,orange,large,1
527,a large pink hexagon is next to a small purple hexagon,hexagon,pink,large,next to,hexagon,purple,small,1
528,a small orange rectangle is positioned inside a medium brown circle,rectangle,orange,small,inside,circle,brown,medium,6
529,a yellow diamond is next to a pink hexagon,diamond,yellow,large,next to,hexagon,pink,small,4
530,a brown diamond is inside a pink diamond,diamond,brown,small,inside,diamond,pink,large,4
531,one small brown hexagon is inside one large orange hexagon,hexagon,brown,small,inside,hexagon,orange,large,3
532,a small triangle is inside a medium hexagon,triangle,red,small,inside,hexagon,grey,medium,5
533,there is a small yellow triangle inside a large blue pentagon,triangle,yellow,small,inside,pentagon,blue,large,2
534,one large brown rectangle is next to one small red diamond,rectangle,brown,large,next to,diamond,red,small,3
535,a large green triangle is positioned next to a large brown hexagon,triangle,green,large,next to,hexagon,brown,large,6
536,a large hexagon is to the left of a large rectangle,hexagon,orange,large,to the left of,rectangle,yellow,large,5
537,a medium pink pentagon is below a small yellow diamond,pentagon,pink,medium,below,diamond,yellow,small,1
538,one small grey rectangle is to the left of one small red rectangle,rectangle,grey,small,to the left of,rectangle,red,small,3
539,a large rectangle is next to a medium triangle,rectangle,pink,large,next to,triangle,orange,medium,5
540,one small yellow hexagon is to the left of one small blue oval,hexagon,yellow,small,to the left of,oval,blue,small,3
541,one small orange oval is inside one medium pink circle,oval,orange,small,inside,circle,pink,medium,3
542,there is a small red hexagon inside a large orange diamond,hexagon,red,small,inside,diamond,orange,large,2
543,a medium yellow rectangle is positioned next to a medium blue rectangle,rectangle,yellow,medium,next to,rectangle,blue,medium,6
544,there is a small blue diamond to the left of a medium yellow rectangle,diamond,blue,small,to the left of,rectangle,yellow,medium,2
545,a small orange diamond is positioned next to a small blue oval,diamond,orange,small,next to,oval,blue,small,6
546,a large blue hexagon is below a medium pink oval,hexagon,blue,large,below,oval,pink,medium,1
547,a medium pentagon is to the right of a large oval,pentagon,green,medium,to the right of,oval,purple,large,5
548,a medium purple hexagon is to the right of a large grey oval,hexagon,purple,medium,to the right of,oval,grey,large,1
549,a grey triangle is below a yellow oval,triangle,grey,small,below,oval,yellow,small,4
550,a small hexagon is below a large square,hexagon,yellow,small,below,square,pink,large,5
551,there is a large pink pentagon to the left of a small red rectangle,pentagon,pink,large,to the left of,rectangle,red,small,2
552,a medium green triangle is next to a large grey rectangle,triangle,green,medium,next to,rectangle,grey,large,1
553,there is a small brown pentagon below a large red hexagon,pentagon,brown,small,below,hexagon,red,large,2
554,a yellow oval is above a brown oval,oval,yellow,large,above,oval,brown,small,4
555,one small purple circle is below one small purple square,circle,purple,small,below,square,purple,small,3
556,there is a small brown pentagon to the left of a large yellow hexagon,pentagon,brown,small,to the left of,hexagon,yellow,large,2
557,there is a small grey triangle to the left of a small purple oval,triangle,grey,small,to the left of,oval,purple,small,2
558,a large orange pentagon is positioned to the left of a small purple diamond,pentagon,orange,large,to the left of,diamond,purple,small,6
559,a large red diamond is positioned to the right of a small pink pentagon,diamond,red,large,to the right of,pentagon,pink,small,6
560,there is a large green diamond next to a large purple rectangle,diamond,green,large,next to,rectangle,purple,large,2
561,one medium red rectangle is to the right of one large purple hexagon,rectangle,red,medium,to the right of,hexagon,purple,large,3
562,a small triangle is to the left of a small oval,triangle,grey,small,to the left of,oval,purple,small,5
563,a medium purple diamond is inside a large green hexagon,diamond,purple,medium,inside,hexagon,green,large,1
564,a green oval is inside a yellow hexagon,oval,green,medium,inside,hexagon,yellow,large,4
565,a small square is inside a medium diamond,square,grey,small,inside,diamond,purple,medium,5
566,a medium purple diamond is below a small green triangle,diamond,purple,medium,below,triangle,green,small,1
567,a small rectangle is to the left of a medium oval,rectangle,brown,small,to the left of,oval,grey,medium,5
568,a large green diamond is next to a small red oval,diamond,green,large,next to,oval,red,small,1
569,there is a small brown triangle next to a medium red diamond,triangle,brown,small,next to,diamond,red,medium,2
570,a small diamond is to the left of a medium square,diamond,brown,small,to the left of,square,orange,medium,5
571,one medium red circle is above one small brown oval,circle,red,medium,above,oval,brown,small,3
572,one large blue circle is to the left of one large orange circle,circle,blue,large,to the left of,circle,orange,large,3
573,a small brown circle is inside a large grey diamond,circle,brown,small,inside,diamond,grey,large,1
574,one large orange triangle is above one large brown oval,triangle,orange,large,above,oval,brown,large,3
575,a medium oval is inside a large circle,oval,green,medium,inside,circle,red,large,5
576,a large yellow rectangle is to the left of a medium purple triangle,rectangle,yellow,large,to the left of,triangle,purple,medium,1
577,a medium oval is inside a large diamond,oval,grey,medium,inside,diamond,blue,large,5
578,a medium rectangle is to the right of a medium oval,rectangle,grey,medium,to the right of,oval,pink,medium,5
579,a small hexagon is inside a large diamond,hexagon,purple,small,inside,diamond,blue,large,5
580,a large orange rectangle is positioned next to a medium purple diamond,rectangle,orange,large,next to,diamond,purple,medium,6
581,a red hexagon is to the left of a pink pentagon,hexagon,red,large,to the left of,pentagon,pink,large,4
582,one medium red square is above one small purple hexagon,square,red,medium,above,hexagon,purple,small,3
583,there is a medium yellow diamond to the left of a medium blue pentagon,diamond,yellow,medium,to the left of,pentagon,blue,medium,2
584,a small grey hexagon is below a large purple square,hexagon,grey,small,below,square,purple,large,1
585,a medium brown triangle is below a small brown rectangle,triangle,brown,medium,below,rectangle,brown,small,1
586,there is a medium orange diamond below a medium grey triangle,diamond,orange,medium,below,triangle,grey,medium,2
587,one small red rectangle is to the left of one small brown hexagon,rectangle,red,small,to the left of,hexagon,brown,small,3
588,a large circle is above a small pentagon,circle,purple,large,above,pentagon,blue,small,5
589,one small pink pentagon is to the right of one large grey square,pentagon,pink,small,to the right of,square,grey,large,3
590,there is a medium grey triangle above a large grey diamond,triangle,grey,medium,above,diamond,grey,large,2
591,a blue diamond is next to a green oval,diamond,blue,large,next to,oval,green,medium,4
592,a medium pink square is positioned below a small brown triangle,square,pink,medium,below,triangle,brown,small,6
593,a large brown oval is to the left of a large yellow rectangle,oval,brown,large,to the left of,rectangle,yellow,large,1
594,a large red triangle is to the right of a small pink square,triangle,red,large,to the right of,square,pink,small,1
595,a medium grey pentagon is below a large brown hexagon,pentagon,grey,medium,below,hexagon,brown,large,1
596,a large rectangle is below a large diamond,rectangle,orange,large,below,diamond,blue,large,5
597,a large red oval is to the left of a small orange triangle,oval,red,large,to the left of,triangle,orange,small,1
598,there is a large purple hexagon below a large red square,hexagon,purple,large,below,square,red,large,2
599,a small purple diamond is positioned below a small brown rectangle,diamond,purple,small,below,rectangle,brown,small,6
600,one large brown square is to the right of one small orange circle,square,brown,large,to the right of,circle,orange,small,3
601,a yellow square is above a yellow diamond,square,yellow,large,above,diamond,yellow,small,4
602,one large brown rectangle is to the left of one large blue rectangle,rectangle,brown,large,to the left of,rectangle,blue,large,3
603,one large pink circle is next to one small orange diamond,circle,pink,large,next to,diamond,orange,small,3
604,an orange square is to the left of an orange oval,square,orange,medium,to the left of,oval,orange,medium,4
605,a small yellow rectangle is below a small yellow triangle,rectangle,yellow,small,below,triangle,yellow,small,1
606,one medium green diamond is above one medium grey circle,diamond,green,medium,above,circle,grey,medium,3
607,an orange oval is above an orange square,oval,orange,small,above,square,orange,medium,4
608,there is a small blue rectangle above a small green diamond,rectangle,blue,small,above,diamond,green,small,2
609,one small yellow hexagon is inside one large brown pentagon,hexagon,yellow,small,inside,pentagon,brown,large,3
610,a medium orange oval is positioned next to a small purple triangle,oval,orange,medium,next to,triangle,purple,small,6
611,a medium brown circle is above a large grey pentagon,circle,brown,medium,above,pentagon,grey,large,1
612,one medium yellow diamond is above one medium orange rectangle,diamond,yellow,medium,above,rectangle,orange,medium,3
613,one small green circle is inside one medium brown pentagon,circle,green,small,inside,pentagon,brown,medium,3
614,a large pink rectangle is below a medium pink triangle,rectangle,pink,large,below,triangle,pink,medium,1
615,a small yellow diamond is positioned to the right of a large grey diamond,diamond,yellow,small,to the right of,diamond,grey,large,6
616,a medium triangle is below a small triangle,triangle,yellow,medium,below,triangle,grey,small,5
617,a large red triangle is positioned to the right of a small purple circle,triangle,red,large,to the right of,circle,purple,small,6
618,a small hexagon is above a large diamond,hexagon,brown,small,above,diamond,green,large,5
619,a large blue triangle is to the left of a large orange rectangle,triangle,blue,large,to the left of,rectangle,orange,large,1
620,one medium brown circle is next to one small grey pentagon,circle,brown,medium,next to,pentagon,grey,small,3
621,one medium green diamond is inside one large brown diamond,diamond,green,medium,inside,diamond,brown,large,3
622,a purple rectangle is above an orange hexagon,rectangle,purple,medium,above,hexagon,orange,large,4
623,a brown pentagon is to the left of a brown pentagon,pentagon,brown,small,to the left of,pentagon,brown,small,4
624,a pink rectangle is to the right of an orange pentagon,rectangle,pink,small,to the right of,pentagon,orange,medium,4
625,one medium green oval is inside one large purple triangle,oval,green,medium,inside,triangle,purple,large,3
626,one medium purple diamond is to the left of one large yellow oval,diamond,purple,medium,to the left of,oval,yellow,large,3
627,there is a medium brown pentagon inside a large grey triangle,pentagon,brown,medium,inside,triangle,grey,large,2
628,there is a medium yellow circle next to a medium blue oval,circle,yellow,medium,next to,oval,blue,medium,2
629,a medium oval is next to a large diamond,oval,yellow,medium,next to,diamond,orange,large,5
630,one medium purple triangle is to the left of one medium brown circle,triangle,purple,medium,to the left of,circle,brown,medium,3
631,a yellow oval is next to a pink hexagon,oval,yellow,medium,next to,hexagon,pink,large,4
632,a green square is to the left of a pink hexagon,square,green,large,to the left of,hexagon,pink,large,4
633,there is a medium brown square to the right of a medium orange rectangle,square,brown,medium,to the right of,rectangle,orange,medium,2
634,one small green rectangle is inside one medium blue square,rectangle,green,small,inside,square,blue,medium,3
635,a large pentagon is next to a medium diamond,pentagon,red,large,next to,diamond,brown,medium,5
636,a medium red pentagon is inside a large yellow circle,pentagon,red,medium,inside,circle,yellow,large,1
637,one medium blue rectangle is above one small green hexagon,rectangle,blue,medium,above,hexagon,green,small,3
638,a brown oval is to the left of an orange square,oval,brown,medium,to the left of,square,orange,large,4
639,there is a medium yellow triangle to the left of a large blue pentagon,triangle,yellow,medium,to the left of,pentagon,blue,large,2
640,a green pentagon is to the left of a brown pentagon,pentagon,green,medium,to the left of,pentagon,brown,large,4
641,a small hexagon is to the right of a large rectangle,hexagon,purple,small,to the right of,rectangle,brown,large,5
642,a large blue circle is to the left of a large purple pentagon,circle,blue,large,to the left of,pentagon,purple,large,1
643,there is a medium blue rectangle next to a small blue oval,rectangle,blue,medium,next to,oval,blue,small,2
644,an orange diamond is below a red triangle,diamond,orange,small,below,triangle,red,small,4
645,a small grey hexagon is above a small yellow circle,hexagon,grey,small,above,circle,yellow,small,1
646,one large blue square is to the left of one medium purple square,square,blue,large,to the left of,square,purple,medium,3
647,a small pink rectangle is to the left of a small purple rectangle,rectangle,pink,small,to the left of,rectangle,purple,small,1
648,a small purple triangle is below a large blue square,triangle,purple,small,below,square,blue,large,1
649,a small grey rectangle is next to a small red square,rectangle,grey,small,next to,square,red,small,1
650,a large yellow rectangle is next to a small yellow hexagon,rectangle,yellow,large,next to,hexagon,yellow,small,1
651,a small purple circle is above a small orange pentagon,circle,purple,small,above,pentagon,orange,small,1
652,there is a large green rectangle below a medium yellow pentagon,rectangle,green,large,below,pentagon,yellow,medium,2
653,a medium pink hexagon is next to a small red rectangle,hexagon,pink,medium,next to,rectangle,red,small,1
654,an orange diamond is above a yellow triangle,diamond,orange,large,above,triangle,yellow,large,4
655,a small yellow pentagon is positioned above a large pink square,pentagon,yellow,small,above,square,pink,large,6
656,a brown square is inside a green circle,square,brown,medium,inside,circle,green,large,4
657,one medium brown circle is next to one large red rectangle,circle,brown,medium,next to,rectangle,red,large,3
658,a purple pentagon is to the left of an orange diamond,pentagon,purple,medium,to the left of,diamond,orange,small,4
659,a large brown triangle is above a large grey triangle,triangle,brown,large,above,triangle,grey,large,1
660,one medium green pentagon is above one large grey oval,pentagon,green,medium,above,oval,grey,large,3
661,one small purple diamond is to the left of one large green diamond,diamond,purple,small,to the left of,diamond,green,large,3
662,a large yellow triangle is to the right of a small pink circle,triangle,yellow,large,to the right of,circle,pink,small,1
663,a medium green hexagon is positioned below a medium grey oval,hexagon,green,medium,below,oval,grey,medium,6
664,a medium blue diamond is next to a large brown circle,diamond,blue,medium,next to,circle,brown,large,1
665,a large green rectangle is to the left of a large yellow diamond,rectangle,green,large,to the left of,diamond,yellow,large,1
666,a small yellow rectangle is positioned above a small pink circle,rectangle,yellow,small,above,circle,pink,small,6
667,there is a small yellow pentagon next to a medium pink diamond,pentagon,yellow,small,next to,diamond,pink,medium,2
668,one small pink pentagon is above one small red pentagon,pentagon,pink,small,above,pentagon,red,small,3
669,one small blue triangle is inside one medium green pentagon,triangle,blue,small,inside,pentagon,green,medium,3
670,a small oval is below a large rectangle,oval,pink,small,below,rectangle,purple,large,5
671,a medium brown triangle is above a medium purple hexagon,triangle,brown,medium,above,hexagon,purple,medium,1
672,a large orange pentagon is positioned below a medium red diamond,pentagon,orange,large,below,diamond,red,medium,6
673,a grey triangle is to the left of an orange square,triangle,grey,medium,to the left of,square,orange,large,4
674,one small pink triangle is to the left of one large green oval,triangle,pink,small,to the left of,oval,green,large,3
675,one medium brown oval is to the left of one large blue pentagon,oval,brown,medium,to the left of,pentagon,blue,large,3
676,a small pink diamond is above a large brown triangle,diamond,pink,small,above,triangle,brown,large,1
677,a small green pentagon is next to a medium grey hexagon,pentagon,green,small,next to,hexagon,grey,medium,1
678,a large circle is next to a medium triangle,circle,yellow,large,next to,triangle,green,medium,5
679,there is a medium red circle inside a large grey triangle,circle,red,medium,inside,triangle,grey,large,2
680,a small blue hexagon is positioned to the left of a medium pink oval,hexagon,blue,small,to the left of,oval,pink,medium,6
681,a medium diamond is to the left of a medium square,diamond,green,medium,to the left of,square,purple,medium,5
682,a medium yellow diamond is to the right of a medium red oval,diamond,yellow,medium,to the right of,oval,red,medium,1
683,a small square is next to a small pentagon,square,brown,small,next to,pentagon,green,small,5
684,a green square is to the left of a red triangle,square,green,large,to the left of,triangle,red,small,4
685,a medium hexagon is above a medium hexagon,hexagon,blue,medium,above,hexagon,purple,medium,5
686,a medium orange rectangle is positioned below a medium yellow triangle,rectangle,orange,medium,below,triangle,yellow,medium,6
687,a medium pentagon is next to a medium square,pentagon,purple,medium,next to,square,red,medium,5
688,a small pink circle is inside a medium grey diamond,circle,pink,small,inside,diamond,grey,medium,1
689,a large pentagon is to the left of a small triangle,pentagon,blue,large,to the left of,triangle,red,small,5
690,a large yellow oval is positioned below a medium orange circle,oval,yellow,large,below,circle,orange,medium,6
691,a large rectangle is to the left of a medium pentagon,rectangle,green,large,to the left of,pentagon,purple,medium,5
692,a large diamond is next to a small rectangle,diamond,red,large,next to,rectangle,brown,small,5
693,a small triangle is to the right of a small diamond,triangle,purple,small,to the right of,diamond,grey,small,5
694,a small red pentagon is positioned next to a large blue rectangle,pentagon,red,small,next to,rectangle,blue,large,6
695,there is a small pink rectangle below a large orange rectangle,rectangle,pink,small,below,rectangle,orange,large,2
696,a large pink rectangle is above a large red square,rectangle,pink,large,above,square,red,large,1
697,an orange hexagon is next to a purple hexagon,hexagon,orange,small,next to,hexagon,purple,small,4
698,there is a medium yellow hexagon to the right of a small brown diamond,hexagon,yellow,medium,to the right of,diamond,brown,small,2
699,a large blue oval is above a small red circle,oval,blue,large,above,circle,red,small,1
700,there is a large grey circle to the right of a large yellow rectangle,circle,grey,large,to the right of,rectangle,yellow,large,2
701,there is a small yellow diamond inside a large brown oval,diamond,yellow,small,inside,oval,brown,large,2
702,a small yellow triangle is positioned above a small purple circle,triangle,yellow,small,above,circle,purple,small,6
703,a large rectangle is below a medium triangle,rectangle,green,large,below,triangle,yellow,medium,5
704,a large orange triangle is below a medium grey square,triangle,orange,large,below,square,grey,medium,1
705,a red oval is to the right of a yellow hexagon,oval,red,large,to the right of,hexagon,yellow,medium,4
706,a medium orange square is positioned above a medium grey diamond,square,orange,medium,above,diamond,grey,medium,6
707,an orange pentagon is inside a blue circle,pentagon,orange,medium,inside,circle,blue,large,4
708,a medium orange square is positioned inside a large blue circle,square,orange,medium,inside,circle,blue,large,6
709,a small grey hexagon is next to a large blue hexagon,hexagon,grey,small,next to,hexagon,blue,large,1
710,a purple circle is below a grey pentagon,circle,purple,small,below,pentagon,grey,medium,4
711,a small purple square is positioned above a large grey rectangle,square,purple,small,above,rectangle,grey,large,6
712,a pink square is to the right of a green diamond,square,pink,large,to the right of,diamond,green,medium,4
713,a medium grey oval is next to a large red diamond,oval,grey,medium,next to,diamond,red,large,1
714,a large green oval is above a small pink pentagon,oval,green,large,above,pentagon,pink,small,1
715,a small hexagon is next to a small diamond,hexagon,yellow,small,next to,diamond,brown,small,5
716,one medium red hexagon is below one small orange diamond,hexagon,red,medium,below,diamond,orange,small,3
717,a purple pentagon is to the left of a red triangle,pentagon,purple,medium,to the left of,triangle,red,small,4
718,a small purple pentagon is positioned next to a medium green diamond,pentagon,purple,small,next to,diamond,green,medium,6
719,one small blue circle is below one medium brown circle,circle,blue,small,below,circle,brown,medium,3
720,there is a large purple circle below a large yellow hexagon,circle,purple,large,below,hexagon,yellow,large,2
721,there is a large green diamond below a large blue circle,diamond,green,large,below,circle,blue,large,2
722,a pink triangle is below a blue pentagon,triangle,pink,small,below,pentagon,blue,large,4
723,there is a large purple oval to the left of a medium purple pentagon,oval,purple,large,to the left of,pentagon,purple,medium,2
724,a medium pentagon is above a large pentagon,pentagon,green,medium,above,pentagon,grey,large,5
725,a large oval is below a medium diamond,oval,brown,large,below,diamond,orange,medium,5
726,there is a small red hexagon to the left of a large orange pentagon,hexagon,red,small,to the left of,pentagon,orange,large,2
727,a medium diamond is below a large hexagon,diamond,yellow,medium,below,hexagon,orange,large,5
728,a large yellow pentagon is positioned to the left of a small yellow pentagon,pentagon,yellow,large,to the left of,pentagon,yellow,small,6
729,a blue pentagon is to the left of a blue hexagon,pentagon,blue,small,to the left of,hexagon,blue,large,4
730,a small orange circle is positioned inside a medium yellow pentagon,circle,orange,small,inside,pentagon,yellow,medium,6
731,one medium yellow rectangle is below one small pink oval,rectangle,yellow,medium,below,oval,pink,small,3
732,there is a medium red square above a large red pentagon,square,red,medium,above,pentagon,red,large,2
733,there is a large pink circle below a large purple hexagon,circle,pink,large,below,hexagon,purple,large,2
734,a large green diamond is positioned above a large grey rectangle,diamond,green,large,above,rectangle,grey,large,6
735,there is a large blue rectangle next to a medium red diamond,rectangle,blue,large,next to,diamond,red,medium,2
736,one large pink circle is next to one small orange square,circle,pink,large,next to,square,orange,small,3
737,one small grey triangle is to the left of one small green rectangle,triangle,grey,small,to the left of,rectangle,green,small,3
738,there is a medium yellow rectangle below a medium grey square,rectangle,yellow,medium,below,square,grey,medium,2
739,a large rectangle is to the right of a large square,rectangle,purple,large,to the right of,square,yellow,large,5
740,a pink pentagon is to the left of a purple circle,pentagon,pink,small,to the left of,circle,purple,small,4
741,a medium brown circle is positioned below a large blue square,circle,brown,medium,below,square,blue,large,6
742,a large grey rectangle is next to a medium orange rectangle,rectangle,grey,large,next to,rectangle,orange,medium,1
743,there is a small brown oval inside a large green triangle,oval,brown,small,inside,triangle,green,large,2
744,there is a small yellow square above a small purple pentagon,square,yellow,small,above,pentagon,purple,small,2
745,there is a large yellow triangle to the right of a large blue oval,triangle,yellow,large,to the right of,oval,blue,large,2
746,a small brown oval is inside a large blue pentagon,oval,brown,small,inside,pentagon,blue,large,1
747,there is a large orange oval above a medium brown diamond,oval,orange,large,above,diamond,brown,medium,2
748,a medium red square is inside a large red pentagon,square,red,medium,inside,pentagon,red,large,1
749,a large circle is to the left of a small diamond,circle,grey,large,to the left of,diamond,brown,small,5
750,there is a large red square below a medium orange rectangle,square,red,large,below,rectangle,orange,medium,2
751,a medium hexagon is inside a large circle,hexagon,orange,medium,inside,circle,orange,large,5
752,a medium orange square is above a large brown circle,square,orange,medium,above,circle,brown,large,1
753,one medium blue oval is to the left of one small pink oval,oval,blue,medium,to the left of,oval,pink,small,3
754,a small green rectangle is above a medium grey square,rectangle,green,small,above,square,grey,medium,1
755,a small circle is next to a small diamond,circle,purple,small,next to,diamond,yellow,small,5
756,a medium grey hexagon is positioned below a medium pink square,hexagon,grey,medium,below,square,pink,medium,6
757,an orange rectangle is to the left of a green diamond,rectangle,orange,medium,to the left of,diamond,green,medium,4
758,there is a small red hexagon to the left of a large grey hexagon,hexagon,red,small,to the left of,hexagon,grey,large,2
759,one large brown pentagon is to the left of one large green square,pentagon,brown,large,to the left of,square,green,large,3
760,there is a small red pentagon next to a medium orange rectangle,pentagon,red,small,next to,rectangle,orange,medium,2
761,a small pentagon is inside a medium hexagon,pentagon,orange,small,inside,hexagon,yellow,medium,5
762,a medium pink circle is inside a large red oval,circle,pink,medium,inside,oval,red,large,1
763,a medium square is above a medium circle,square,blue,medium,above,circle,brown,medium,5
764,a grey circle is below a blue oval,circle,grey,small,below,oval,blue,large,4
765,a large grey square is above a small orange rectangle,square,grey,large,above,rectangle,orange,small,1
766,a large yellow hexagon is positioned to the right of a large red square,hexagon,yellow,large,to the right of,square,red,large,6
767,one small red triangle is to the right of one medium pink circle,triangle,red,small,to the right of,circle,pink,medium,3
768,one large green diamond is above one large red triangle,diamond,green,large,above,triangle,red,large,3
769,a large blue hexagon is positioned next to a medium pink diamond,hexagon,blue,large,next to,diamond,pink,medium,6
770,there is a large green triangle above a small orange circle,triangle,green,large,above,circle,orange,small,2
771,a large orange oval is positioned to the left of a large grey pentagon,oval,orange,large,to the left of,pentagon,grey,large,6
772,a purple rectangle is inside a blue circle,rectangle,purple,small,inside,circle,blue,large,4
773,a small hexagon is inside a large oval,hexagon,grey,small,inside,oval,orange,large,5
774,a small rectangle is inside a medium rectangle,rectangle,purple,small,inside,rectangle,brown,medium,5
775,a blue oval is next to a red triangle,oval,blue,small,next to,triangle,red,small,4
776,a large purple hexagon is positioned to the left of a large brown square,hexagon,purple,large,to the left of,square,brown,large,6
777,a medium oval is next to a small square,oval,purple,medium,next to,square,pink,small,5
778,there is a medium red oval next to a large pink pentagon,oval,red,medium,next to,pentagon,pink,large,2
779,one large orange diamond is below one large green triangle,diamond,orange,large,below,triangle,green,large,3
780,there is a large brown triangle next to a small green rectangle,triangle,brown,large,next to,rectangle,green,small,2
781,a yellow triangle is below a blue rectangle,triangle,yellow,large,below,rectangle,blue,small,4
782,a small brown diamond is to the right of a large yellow pentagon,diamond,brown,small,to the right of,pentagon,yellow,large,1
783,a small pink pentagon is positioned to the right of a small orange square,pentagon,pink,small,to the right of,square,orange,small,6
784,a small circle is next to a large circle,circle,grey,small,next to,circle,green,large,5
785,a small orange pentagon is positioned above a small grey pentagon,pentagon,orange,small,above,pentagon,grey,small,6
786,there is a small grey square to the left of a small brown pentagon,square,grey,small,to the left of,pentagon,brown,small,2
787,a green square is next to a pink square,square,green,large,next to,square,pink,small,4
788,a medium rectangle is above a medium triangle,rectangle,grey,medium,above,triangle,grey,medium,5
789,one medium blue pentagon is to the right of one large yellow oval,pentagon,blue,medium,to the right of,oval,yellow,large,3
790,a medium red oval is positioned to the right of a small yellow square,oval,red,medium,to the right of,square,yellow,small,6
791,a grey hexagon is above a grey triangle,hexagon,grey,medium,above,triangle,grey,small,4
792,a large hexagon is next to a large rectangle,hexagon,brown,large,next to,rectangle,pink,large,5
793,a medium grey oval is positioned next to a medium red pentagon,oval,grey,medium,next to,pentagon,red,medium,6
794,a small green oval is below a medium green circle,oval,green,small,below,circle,green,medium,1
795,a blue square is above an orange oval,square,blue,large,above,oval,orange,large,4
796,one small brown diamond is inside one medium pink circle,diamond,brown,small,inside,circle,pink,medium,3
797,a medium orange pentagon is positioned above a large blue diamond,pentagon,orange,medium,above,diamond,blue,large,6
798,a large pentagon is next to a small triangle,pentagon,red,large,next to,triangle,red,small,5
799,a green triangle is to the left of an orange diamond,triangle,green,medium,to the left of,diamond,orange,medium,4
800,a small purple square is above a large purple oval,square,purple,small,above,oval,purple,large,1
801,a small orange diamond is inside a large orange hexagon,diamond,orange,small,inside,hexagon,orange,large,1
802,a yellow circle is to the right of a green pentagon,circle,yellow,small,to the right of,pentagon,green,medium,4
803,a large orange rectangle is next to a medium pink oval,rectangle,orange,large,next to,oval,pink,medium,1
804,one large red diamond is to the right of one medium pink hexagon,diamond,red,large,to the right of,hexagon,pink,medium,3
805,a pink triangle is to the left of an orange diamond,triangle,pink,small,to the left of,diamond,orange,medium,4
806,one small green diamond is next to one small pink triangle,diamond,green,small,next to,triangle,pink,small,3
807,a small blue diamond is next to a small yellow square,diamond,blue,small,next to,square,yellow,small,1
808,there is a medium blue diamond above a large blue diamond,diamond,blue,medium,above,diamond,blue,large,2
809,a medium grey pentagon is positioned to the left of a small brown rectangle,pentagon,grey,medium,to the left of,rectangle,brown,small,6
810,a large oval is next to a large square,oval,red,large,next to,square,purple,large,5
811,a green square is above a purple rectangle,square,green,medium,above,rectangle,purple,large,4
812,one large blue hexagon is to the left of one medium red diamond,hexagon,blue,large,to the left of,diamond,red,medium,3
813,there is a medium purple circle to the right of a large red diamond,circle,purple,medium,to the right of,diamond,red,large,2
814,a medium pentagon is below a large hexagon,pentagon,brown,medium,below,hexagon,pink,large,5
815,there is a medium grey oval next to a medium red rectangle,oval,grey,medium,next to,rectangle,red,medium,2
816,a yellow rectangle is to the left of a purple diamond,rectangle,yellow,large,to the left of,diamond,purple,medium,4
817,one medium blue circle is to the right of one small red pentagon,circle,blue,medium,to the right of,pentagon,red,small,3
818,a medium grey triangle is positioned to the right of a small grey circle,triangle,grey,medium,to the right of,circle,grey,small,6
819,a purple rectangle is above a brown diamond,rectangle,purple,small,above,diamond,brown,large,4
820,a small orange diamond is above a large blue square,diamond,orange,small,above,square,blue,large,1
821,there is a large brown circle to the left of a large pink diamond,circle,brown,large,to the left of,diamond,pink,large,2
822,one medium red circle is to the left of one small yellow oval,circle,red,medium,to the left of,oval,yellow,small,3
823,a medium purple hexagon is to the left of a small green diamond,hexagon,purple,medium,to the left of,diamond,green,small,1
824,a large rectangle is to the right of a large oval,rectangle,purple,large,to the right of,oval,pink,large,5
825,there is a large pink diamond next to a large brown rectangle,diamond,pink,large,next to,rectangle,brown,large,2
826,a brown diamond is to the right of a green square,diamond,brown,large,to the right of,square,green,small,4
827,a small oval is to the right of a medium rectangle,oval,orange,small,to the right of,rectangle,pink,medium,5
828,a small circle is below a small triangle,circle,green,small,below,triangle,brown,small,5
829,one large yellow oval is below one large green diamond,oval,yellow,large,below,diamond,green,large,3
830,one large grey diamond is next to one small blue circle,diamond,grey,large,next to,circle,blue,small,3
831,one small yellow square is to the left of one large orange circle,square,yellow,small,to the left of,circle,orange,large,3
832,a small orange circle is inside a medium green square,circle,orange,small,inside,square,green,medium,1
833,a medium diamond is to the right of a medium pentagon,diamond,grey,medium,to the right of,pentagon,purple,medium,5
834,a red pentagon is to the right of a green circle,pentagon,red,large,to the right of,circle,green,large,4
835,one large yellow triangle is above one medium green pentagon,triangle,yellow,large,above,pentagon,green,medium,3
836,one small purple rectangle is next to one small brown circle,rectangle,purple,small,next to,circle,brown,small,3
837,one small blue hexagon is below one small blue circle,hexagon,blue,small,below,circle,blue,small,3
838,one small pink hexagon is next to one medium grey pentagon,hexagon,pink,small,next to,pentagon,grey,medium,3
839,one large orange pentagon is below one small red pentagon,pentagon,orange,large,below,pentagon,red,small,3
840,one large red pentagon is next to one large red pentagon,pentagon,red,large,next to,pentagon,red,large,3
841,a medium diamond is below a medium hexagon,diamond,brown,medium,below,hexagon,yellow,medium,5
842,one medium orange hexagon is to the right of one medium red circle,hexagon,orange,medium,to the right of,circle,red,medium,3
843,there is a large pink diamond next to a small green diamond,diamond,pink,large,next to,diamond,green,small,2
844,a medium pentagon is inside a large oval,pentagon,blue,medium,inside,oval,pink,large,5
845,a large hexagon is above a medium circle,hexagon,blue,large,above,circle,green,medium,5
846,a large pink pentagon is positioned above a large orange hexagon,pentagon,pink,large,above,hexagon,orange,large,6
847,a small square is above a medium square,square,grey,small,above,square,yellow,medium,5
848,there is a medium red pentagon above a medium grey rectangle,pentagon,red,medium,above,rectangle,grey,medium,2
849,a large purple hexagon is next to a small purple square,hexagon,purple,large,next to,square,purple,small,1
850,one small brown triangle is to the left of one medium yellow oval,triangle,brown,small,to the left of,oval,yellow,medium,3
851,a red pentagon is to the left of a pink oval,pentagon,red,small,to the left of,oval,pink,medium,4
852,a medium pink diamond is to the right of a small brown oval,diamond,pink,medium,to the right of,oval,brown,small,1
853,a small brown square is inside a medium brown triangle,square,brown,small,inside,triangle,brown,medium,1
854,one small yellow square is to the right of one medium blue triangle,square,yellow,small,to the right of,triangle,blue,medium,3
855,a yellow square is inside a yellow diamond,square,yellow,medium,inside,diamond,yellow,large,4
856,one large orange oval is to the right of one small pink oval,oval,orange,large,to the right of,oval,pink,small,3
857,a medium green diamond is positioned below a medium yellow hexagon,diamond,green,medium,below,hexagon,yellow,medium,6
858,a large diamond is to the right of a medium circle,diamond,red,large,to the right of,circle,yellow,medium,5
859,a yellow square is to the right of a red diamond,square,yellow,small,to the right of,diamond,red,small,4
860,a large diamond is next to a small circle,diamond,purple,large,next to,circle,green,small,5
861,an orange square is to the right of a blue pentagon,square,orange,small,to the right of,pentagon,blue,small,4
862,a medium blue square is positioned above a medium red oval,square,blue,medium,above,oval,red,medium,6
863,an orange triangle is to the left of a blue square,triangle,orange,large,to the left of,square,blue,large,4
864,a medium red oval is inside a large purple rectangle,oval,red,medium,inside,rectangle,purple,large,1
865,one medium yellow pentagon is inside one large green oval,pentagon,yellow,medium,inside,oval,green,large,3
866,a small grey triangle is above a large green diamond,triangle,grey,small,above,diamond,green,large,1
867,a large purple circle is to the left of a medium red pentagon,circle,purple,large,to the left of,pentagon,red,medium,1
868,a medium green circle is positioned next to a medium blue square,circle,green,medium,next to,square,blue,medium,6
869,a small green hexagon is positioned to the left of a large brown hexagon,hexagon,green,small,to the left of,hexagon,brown,large,6
870,a medium pink hexagon is positioned inside a large purple rectangle,hexagon,pink,medium,inside,rectangle,purple,large,6
871,one small orange diamond is to the right of one large green square,diamond,orange,small,to the right of,square,green,large,3
872,a medium diamond is below a large diamond,diamond,green,medium,below,diamond,brown,large,5
873,a small oval is above a small pentagon,oval,orange,small,above,pentagon,red,small,5
874,a small yellow circle is positioned below a large pink diamond,circle,yellow,small,below,diamond,pink,large,6
875,a yellow rectangle is to the right of a pink circle,rectangle,yellow,medium,to the right of,circle,pink,medium,4
876,an orange oval is to the right of a purple oval,oval,orange,medium,to the right of,oval,purple,medium,4
877,a medium yellow oval is positioned to the left of a large brown oval,oval,yellow,medium,to the left of,oval,brown,large,6
878,there is a small yellow pentagon below a medium yellow pentagon,pentagon,yellow,small,below,pentagon,yellow,medium,2
879,one small grey square is to the right of one large pink oval,square,grey,small,to the right of,oval,pink,large,3
880,one small orange diamond is to the left of one medium orange pentagon,diamond,orange,small,to the left of,pentagon,orange,medium,3
881,an orange circle is below a blue circle,circle,orange,small,below,circle,blue,small,4
882,a large grey diamond is positioned to the left of a medium brown square,diamond,grey,large,to the left of,square,brown,medium,6
883,there is a medium purple circle to the right of a medium purple oval,circle,purple,medium,to the right of,oval,purple,medium,2
884,a yellow square is to the right of a brown diamond,square,yellow,large,to the right of,diamond,brown,medium,4
885,a medium grey pentagon is positioned above a large blue diamond,pentagon,grey,medium,above,diamond,blue,large,6
886,a large green hexagon is positioned to the right of a small blue circle,hexagon,green,large,to the right of,circle,blue,small,6
887,a medium brown hexagon is to the right of a small orange triangle,hexagon,brown,medium,to the right of,triangle,orange,small,1
888,a large purple circle is positioned above a medium red pentagon,circle,purple,large,above,pentagon,red,medium,6
889,a large hexagon is to the left of a medium hexagon,hexagon,grey,large,to the left of,hexagon,green,medium,5
890,one large blue oval is above one large grey oval,oval,blue,large,above,oval,grey,large,3
891,a yellow hexagon is above a purple hexagon,hexagon,yellow,small,above,hexagon,purple,medium,4
892,a yellow circle is above a green hexagon,circle,yellow,medium,above,hexagon,green,medium,4
893,one small red rectangle is inside one medium yellow square,rectangle,red,small,inside,square,yellow,medium,3
894,one large pink circle is next to one large blue diamond,circle,pink,large,next to,diamond,blue,large,3
895,a small rectangle is next to a small hexagon,rectangle,red,small,next to,hexagon,pink,small,5
896,a purple triangle is next to a pink hexagon,triangle,purple,small,next to,hexagon,pink,small,4
897,there is a large pink square next to a small pink triangle,square,pink,large,next to,triangle,pink,small,2
898,an orange oval is below a purple diamond,oval,orange,large,below,diamond,purple,small,4
899,a small hexagon is to the right of a large circle,hexagon,blue,small,to the right of,circle,grey,large,5
900,a small blue hexagon is below a small brown pentagon,hexagon,blue,small,below,pentagon,brown,small,1
901,one medium red hexagon is above one small yellow square,hexagon,red,medium,above,square,yellow,small,3
902,a medium hexagon is to the left of a medium square,hexagon,purple,medium,to the left of,square,blue,medium,5
903,there is a small grey pentagon above a small brown circle,pentagon,grey,small,above,circle,brown,small,2
904,a medium yellow hexagon is above a large yellow diamond,hexagon,yellow,medium,above,diamond,yellow,large,1
905,one medium orange circle is next to one medium green circle,circle,orange,medium,next to,circle,green,medium,3
906,a medium oval is to the right of a medium rectangle,oval,green,medium,to the right of,rectangle,blue,medium,5
907,a purple square is next to a brown oval,square,purple,medium,next to,oval,brown,large,4
908,a medium pink pentagon is inside a large red diamond,pentagon,pink,medium,inside,diamond,red,large,1
909,there is a large grey pentagon next to a small pink rectangle,pentagon,grey,large,next to,rectangle,pink,small,2
910,a blue rectangle is below a blue rectangle,rectangle,blue,large,below,rectangle,blue,medium,4
911,a medium pink hexagon is positioned inside a large orange triangle,hexagon,pink,medium,inside,triangle,orange,large,6
912,a pink oval is inside a blue rectangle,oval,pink,small,inside,rectangle,blue,large,4
913,an orange circle is next to a purple triangle,circle,orange,small,next to,triangle,purple,large,4
914,one large yellow diamond is above one medium green oval,diamond,yellow,large,above,oval,green,medium,3
915,a small green diamond is inside a medium grey diamond,diamond,green,small,inside,diamond,grey,medium,1
916,one large yellow diamond is below one large yellow diamond,diamond,yellow,large,below,diamond,yellow,large,3
917,a medium yellow diamond is below a small blue square,diamond,yellow,medium,below,square,blue,small,1
918,a large grey hexagon is below a large red rectangle,hexagon,grey,large,below,rectangle,red,large,1
919,a large brown diamond is positioned to the left of a medium purple rectangle,diamond,brown,large,to the left of,rectangle,purple,medium,6
920,one medium brown triangle is below one medium red square,triangle,brown,medium,below,square,red,medium,3
921,there is a large brown rectangle above a medium red triangle,rectangle,brown,large,above,triangle,red,medium,2
922,one medium brown pentagon is to the right of one small pink rectangle,pentagon,brown,medium,to the right of,rectangle,pink,small,3
923,a medium purple diamond is positioned inside a large pink square,diamond,purple,medium,inside,square,pink,large,6
924,a small pink square is positioned next to a small brown rectangle,square,pink,small,next to,rectangle,brown,small,6
925,a medium red square is positioned to the right of a medium grey oval,square,red,medium,to the right of,oval,grey,medium,6
926,one large purple triangle is below one small orange diamond,triangle,purple,large,below,diamond,orange,small,3
927,a large red pentagon is positioned next to a medium orange hexagon,pentagon,red,large,next to,hexagon,orange,medium,6
928,a small circle is next to a medium square,circle,red,small,next to,square,orange,medium,5
929,a medium grey rectangle is positioned next to a small yellow oval,rectangle,grey,medium,next to,oval,yellow,small,6
930,one small grey pentagon is above one small pink rectangle,pentagon,grey,small,above,rectangle,pink,small,3
931,a medium purple square is above a medium blue triangle,square,purple,medium,above,triangle,blue,medium,1
932,a brown pentagon is to the left of a brown oval,pentagon,brown,large,to the left of,oval,brown,large,4
933,a medium grey diamond is positioned above a large orange oval,diamond,grey,medium,above,oval,orange,large,6
934,a red triangle is inside a yellow hexagon,triangle,red,small,inside,hexagon,yellow,medium,4
935,there is a medium yellow square inside a large green oval,square,yellow,medium,inside,oval,green,large,2
936,a small circle is inside a large hexagon,circle,pink,small,inside,hexagon,orange,large,5
937,one large red circle is to the right of one medium pink circle,circle,red,large,to the right of,circle,pink,medium,3
938,one medium yellow hexagon is inside one large brown rectangle,hexagon,yellow,medium,inside,rectangle,brown,large,3
939,a small square is below a large pentagon,square,grey,small,below,pentagon,yellow,large,5
940,a medium grey rectangle is to the left of a small yellow triangle,rectangle,grey,medium,to the left of,triangle,yellow,small,1
941,a large grey triangle is below a small grey triangle,triangle,grey,large,below,triangle,grey,small,1
942,one small purple hexagon is inside one large pink diamond,hexagon,purple,small,inside,diamond,pink,large,3
943,a medium yellow hexagon is positioned to the right of a medium grey square,hexagon,yellow,medium,to the right of,square,grey,medium,6
944,a small rectangle is to the left of a medium circle,rectangle,purple,small,to the left of,circle,blue,medium,5
945,one large pink triangle is next to one medium purple rectangle,triangle,pink,large,next to,rectangle,purple,medium,3
946,a small grey diamond is positioned to the left of a large yellow circle,diamond,grey,small,to the left of,circle,yellow,large,6
947,a small green square is inside a large orange pentagon,square,green,small,inside,pentagon,orange,large,1
948,there is a medium blue circle inside a large orange rectangle,circle,blue,medium,inside,rectangle,orange,large,2
949,a medium blue square is below a small yellow diamond,square,blue,medium,below,diamond,yellow,small,1
950,a purple rectangle is below a yellow circle,rectangle,purple,small,below,circle,yellow,small,4
951,a small grey circle is positioned to the right of a small red square,circle,grey,small,to the right of,square,red,small,6
952,a large blue square is positioned below a medium red triangle,square,blue,large,below,triangle,red,medium,6
953,a brown square is to the right of a grey diamond,square,brown,large,to the right of,diamond,grey,large,4
954,a small yellow hexagon is above a small yellow circle,hexagon,yellow,small,above,circle,yellow,small,1
955,a green triangle is below a purple diamond,triangle,green,small,below,diamond,purple,small,4
956,one medium purple hexagon is next to one large orange square,hexagon,purple,medium,next to,square,orange,large,3
957,a small green hexagon is positioned next to a large green rectangle,hexagon,green,small,next to,rectangle,green,large,6
958,a small green triangle is inside a large yellow circle,triangle,green,small,inside,circle,yellow,large,1
959,a pink rectangle is above a yellow diamond,rectangle,pink,large,above,diamond,yellow,medium,4
960,one medium green pentagon is inside one large grey triangle,pentagon,green,medium,inside,triangle,grey,large,3
961,one large green oval is to the left of one large green rectangle,oval,green,large,to the left of,rectangle,green,large,3
962,there is a medium purple pentagon above a medium green triangle,pentagon,purple,medium,above,triangle,green,medium,2
963,a small circle is inside a medium rectangle,circle,brown,small,inside,rectangle,yellow,medium,5
964,a medium rectangle is below a small triangle,rectangle,purple,medium,below,triangle,purple,small,5
965,there is a large orange oval below a small red hexagon,oval,orange,large,below,hexagon,red,small,2
966,there is a small purple hexagon above a medium brown diamond,hexagon,purple,small,above,diamond,brown,medium,2
967,one medium purple circle is inside one large red triangle,circle,purple,medium,inside,triangle,red,large,3
968,there is a small purple square inside a large pink pentagon,square,purple,small,inside,pentagon,pink,large,2
969,a small brown rectangle is inside a large blue square,rectangle,brown,small,inside,square,blue,large,1
970,there is a large green circle below a large purple circle,circle,green,large,below,circle,purple,large,2
971,one medium pink square is to the right of one large yellow pentagon,square,pink,medium,to the right of,pentagon,yellow,large,3
972,a medium pink oval is positioned below a large brown circle,oval,pink,medium,below,circle,brown,large,6
973,a medium diamond is inside a large pentagon,diamond,grey,medium,inside,pentagon,green,large,5
974,a red diamond is next to a blue pentagon,diamond,red,large,next to,pentagon,blue,large,4
975,a large red circle is positioned to the left of a large red diamond,circle,red,large,to the left of,diamond,red,large,6
976,there is a large orange oval next to a large grey triangle,oval,orange,large,next to,triangle,grey,large,2
977,a small pentagon is to the left of a large pentagon,pentagon,red,small,to the left of,pentagon,green,large,5
978,a green square is next to a pink pentagon,square,green,small,next to,pentagon,pink,small,4
979,a small pentagon is inside a medium pentagon,pentagon,grey,small,inside,pentagon,brown,medium,5
980,there is a medium yellow rectangle to the left of a small pink rectangle,rectangle,yellow,medium,to the left of,rectangle,pink,small,2
981,a small grey diamond is above a small grey square,diamond,grey,small,above,square,grey,small,1
982,a medium rectangle is to the left of a small rectangle,rectangle,purple,medium,to the left of,rectangle,grey,small,5
983,one small green oval is to the right of one large brown square,oval,green,small,to the right of,square,brown,large,3
984,a medium red circle is positioned to the right of a medium green rectangle,circle,red,medium,to the right of,rectangle,green,medium,6
985,an orange oval is below a grey rectangle,oval,orange,large,below,rectangle,grey,medium,4
986,there is a medium orange square above a medium yellow square,square,orange,medium,above,square,yellow,medium,2
987,a medium rectangle is next to a medium rectangle,rectangle,grey,medium,next to,rectangle,blue,medium,5
988,a large purple oval is positioned above a large brown triangle,oval,purple,large,above,triangle,brown,large,6
989,a medium yellow diamond is above a small red circle,diamond,yellow,medium,above,circle,red,small,1
990,one medium pink oval is above one medium orange oval,oval,pink,medium,above,oval,orange,medium,3
991,one small purple triangle is below one large orange pentagon,triangle,purple,small,below,pentagon,orange,large,3
992,a large square is above a medium oval,square,brown,large,above,oval,yellow,medium,5
993,a large orange oval is positioned above a large pink pentagon,oval,orange,large,above,pentagon,pink,large,6
994,one medium green circle is inside one large purple pentagon,circle,green,medium,inside,pentagon,purple,large,3
995,a medium red circle is above a large purple circle,circle,red,medium,above,circle,purple,large,1
996,a medium red triangle is positioned inside a large green rectangle,triangle,red,medium,inside,rectangle,green,large,6
997,a medium brown circle is positioned above a small pink triangle,circle,brown,medium,above,triangle,pink,small,6
998,a grey triangle is above a yellow oval,triangle,grey,small,above,oval,yellow,large,4
999,one small orange square is to the right of one medium orange circle,square,orange,small,to the right of,circle,orange,medium,3
1000,an orange square is to the right of a grey diamond,square,orange,medium,to the right of,diamond,grey,large,4
1001,one large brown triangle is to the right of one small purple hexagon,triangle,brown,large,to the right of,hexagon,purple,small,3
1002,a medium green pentagon is above a large yellow pentagon,pentagon,green,medium,above,pentagon,yellow,large,1
1003,one small red square is next to one large grey pentagon,square,red,small,next to,pentagon,grey,large,3
1004,a medium diamond is inside a large square,diamond,orange,medium,inside,square,purple,large,5
1005,a medium pentagon is below a small oval,pentagon,green,medium,below,oval,brown,small,5
1006,a small brown circle is positioned inside a medium purple oval,circle,brown,small,inside,oval,purple,medium,6
1007,a green pentagon is to the left of an orange circle,pentagon,green,small,to the left of,circle,orange,medium,4
1008,there is a small green oval to the left of a medium yellow rectangle,oval,green,small,to the left of,rectangle,yellow,medium,2
1009,a small brown circle is to the left of a large yellow pentagon,circle,brown,small,to the left of,pentagon,yellow,large,1
1010,one large purple pentagon is above one large pink oval,pentagon,purple,large,above,oval,pink,large,3
1011,a large pink circle is positioned to the right of a medium grey diamond,circle,pink,large,to the right of,diamond,grey,medium,6
1012,a small hexagon is to the right of a large hexagon,hexagon,grey,small,to the right of,hexagon,brown,large,5
1013,there is a medium blue hexagon to the right of a medium brown circle,hexagon,blue,medium,to the right of,circle,brown,medium,2
1014,a medium green hexagon is positioned below a medium brown oval,hexagon,green,medium,below,oval,brown,medium,6
1015,a large red square is positioned to the left of a medium grey oval,square,red,large,to the left of,oval,grey,medium,6
1016,a red oval is above a yellow oval,oval,red,medium,above,oval,yellow,medium,4
1017,there is a medium grey square next to a medium brown rectangle,square,grey,medium,next to,rectangle,brown,medium,2
1018,there is a large green triangle above a large grey circle,triangle,green,large,above,circle,grey,large,2
1019,a medium blue hexagon is to the right of a medium brown pentagon,hexagon,blue,medium,to the right of,pentagon,brown,medium,1
1020,there is a medium brown triangle next to a medium pink hexagon,triangle,brown,medium,next to,hexagon,pink,medium,2
1021,a purple triangle is below a blue diamond,triangle,purple,small,below,diamond,blue,large,4
1022,a red pentagon is below a brown pentagon,pentagon,red,large,below,pentagon,brown,small,4
1023,a medium square is to the left of a small pentagon,square,brown,medium,to the left of,pentagon,blue,small,5
1024,a green rectangle is below a grey pentagon,rectangle,green,small,below,pentagon,grey,small,4
1025,there is a medium red rectangle inside a large yellow pentagon,rectangle,red,medium,inside,pentagon,yellow,large,2
1026,a medium rectangle is next to a small diamond,rectangle,purple,medium,next to,diamond,green,small,5
1027,a small orange circle is below a large purple oval,circle,orange,small,below,oval,purple,large,1
1028,there is a large red rectangle to the left of a medium brown oval,rectangle,red,large,to the left of,oval,brown,medium,2
1029,a large pentagon is to the right of a large oval,pentagon,grey,large,to the right of,oval,yellow,large,5
1030,a medium pink rectangle is positioned above a large blue pentagon,rectangle,pink,medium,above,pentagon,blue,large,6
1031,an orange oval is next to a brown hexagon,oval,orange,medium,next to,hexagon,brown,large,4
1032,a large rectangle is above a small triangle,rectangle,blue,large,above,triangle,yellow,small,5
1033,one small red square is to the left of one medium green triangle,square,red,small,to the left of,triangle,green,medium,3
1034,one small pink oval is inside one medium green triangle,oval,pink,small,inside,triangle,green,medium,3
1035,a red triangle is to the right of an orange triangle,triangle,red,medium,to the right of,triangle,orange,small,4
1036,there is a medium brown hexagon above a large purple diamond,hexagon,brown,medium,above,diamond,purple,large,2
1037,a red square is inside a purple oval,square,red,medium,inside,oval,purple,large,4
1038,a pink oval is to the left of a red circle,oval,pink,medium,to the left of,circle,red,large,4
1039,an orange square is next to a grey triangle,square,orange,small,next to,triangle,grey,large,4
1040,a small oval is to the left of a medium rectangle,oval,red,small,to the left of,rectangle,blue,medium,5
1041,one medium pink diamond is inside one large blue triangle,diamond,pink,medium,inside,triangle,blue,large,3
1042,one medium green rectangle is above one medium brown rectangle,rectangle,green,medium,above,rectangle,brown,medium,3
1043,a small brown hexagon is positioned to the left of a medium red pentagon,hexagon,brown,small,to the left of,pentagon,red,medium,6
1044,a green rectangle is to the right of a red rectangle,rectangle,green,medium,to the right of,rectangle,red,large,4
1045,a brown circle is inside an orange diamond,circle,brown,medium,inside,diamond,orange,large,4
1046,there is a small purple square above a large orange triangle,square,purple,small,above,triangle,orange,large,2
1047,a medium pink triangle is positioned below a large orange pentagon,triangle,pink,medium,below,pentagon,orange,large,6
1048,a medium square is inside a large pentagon,square,brown,medium,inside,pentagon,purple,large,5
1049,a blue oval is inside a yellow rectangle,oval,blue,medium,inside,rectangle,yellow,large,4
1050,a green rectangle is inside a brown square,rectangle,green,small,inside,square,brown,large,4
1051,a pink oval is to the right of a purple triangle,oval,pink,large,to the right of,triangle,purple,large,4
1052,a large brown pentagon is positioned to the right of a medium orange oval,pentagon,brown,large,to the right of,oval,orange,medium,6
1053,a large diamond is next to a large oval,diamond,pink,large,next to,oval,purple,large,5
1054,a medium brown triangle is positioned to the right of a large pink hexagon,triangle,brown,medium,to the right of,hexagon,pink,large,6
1055,a medium brown oval is to the right of a medium green circle,oval,brown,medium,to the right of,circle,green,medium,1
1056,there is a small purple square above a medium blue rectangle,square,purple,small,above,rectangle,blue,medium,2
1057,a small circle is below a large triangle,circle,purple,small,below,triangle,brown,large,5
1058,a medium blue square is inside a large purple pentagon,square,blue,medium,inside,pentagon,purple,large,1
1059,a purple pentagon is to the left of a purple pentagon,pentagon,purple,small,to the left of,pentagon,purple,medium,4
1060,a small blue rectangle is to the right of a medium orange square,rectangle,blue,small,to the right of,square,orange,medium,1
1061,one small red pentagon is above one medium orange hexagon,pentagon,red,small,above,hexagon,orange,medium,3
1062,a red circle is inside a red hexagon,circle,red,small,inside,hexagon,red,medium,4
1063,a large circle is to the left of a small hexagon,circle,green,large,to the left of,hexagon,orange,small,5
1064,a medium hexagon is next to a small oval,hexagon,blue,medium,next to,oval,brown,small,5
1065,a purple rectangle is to the right of a green pentagon,rectangle,purple,medium,to the right of,pentagon,green,small,4
1066,a medium hexagon is next to a medium oval,hexagon,purple,medium,next to,oval,grey,medium,5
1067,a small brown square is positioned to the left of a large blue rectangle,square,brown,small,to the left of,rectangle,blue,large,6
1068,there is a small grey triangle to the right of a medium orange circle,triangle,grey,small,to the right of,circle,orange,medium,2
1069,a large blue oval is positioned below a large grey circle,oval,blue,large,below,circle,grey,large,6
1070,there is a large grey hexagon below a small grey diamond,hexagon,grey,large,below,diamond,grey,small,2
1071,a medium pink diamond is above a small grey square,diamond,pink,medium,above,square,grey,small,1
1072,a small brown triangle is positioned below a medium grey oval,triangle,brown,small,below,oval,grey,medium,6
1073,a small orange square is positioned to the left of a large orange hexagon,square,orange,small,to the left of,hexagon,orange,large,6
1074,there is a medium grey pentagon inside a large green triangle,pentagon,grey,medium,inside,triangle,green,large,2
1075,there is a large grey circle next to a large pink rectangle,circle,grey,large,next to,rectangle,pink,large,2
1076,a medium orange pentagon is below a large blue circle,pentagon,orange,medium,below,circle,blue,large,1
1077,one medium red square is below one small brown triangle,square,red,medium,below,triangle,brown,small,3
1078,a small yellow triangle is above a medium grey diamond,triangle,yellow,small,above,diamond,grey,medium,1
1079,a medium square is next to a large triangle,square,yellow,medium,next to,triangle,orange,large,5
1080,there is a large blue circle to the right of a small yellow triangle,circle,blue,large,to the right of,triangle,yellow,small,2
1081,a large brown circle is below a large orange oval,circle,brown,large,below,oval,orange,large,1
1082,a small pentagon is inside a large diamond,pentagon,brown,small,inside,diamond,yellow,large,5
1083,a small pink square is positioned inside a large red triangle,square,pink,small,inside,triangle,red,large,6
1084,a medium pink rectangle is positioned to the right of a large brown rectangle,rectangle,pink,medium,to the right of,rectangle,brown,large,6
1085,there is a medium yellow square inside a large grey circle,square,yellow,medium,inside,circle,grey,large,2
1086,a small brown hexagon is positioned below a large grey diamond,hexagon,brown,small,below,diamond,grey,large,6
1087,there is a medium yellow diamond below a large yellow rectangle,diamond,yellow,medium,below,rectangle,yellow,large,2
1088,a medium hexagon is above a small diamond,hexagon,purple,medium,above,diamond,grey,small,5
1089,there is a large red triangle below a large blue oval,triangle,red,large,below,oval,blue,large,2
1090,a small red oval is above a large purple diamond,oval,red,small,above,diamond,purple,large,1
1091,a large orange oval is positioned to the right of a large orange diamond,oval,orange,large,to the right of,diamond,orange,large,6
1092,a small green triangle is positioned above a large red square,triangle,green,small,above,square,red,large,6
1093,a medium yellow hexagon is positioned inside a large yellow pentagon,hexagon,yellow,medium,inside,pentagon,yellow,large,6
1094,there is a small brown hexagon next to a medium purple square,hexagon,brown,small,next to,square,purple,medium,2
1095,a large green oval is positioned below a medium grey rectangle,oval,green,large,below,rectangle,grey,medium,6
1096,one large pink diamond is below one medium grey hexagon,diamond,pink,large,below,hexagon,grey,medium,3
1097,a large pink hexagon is positioned to the right of a medium brown square,hexagon,pink,large,to the right of,square,brown,medium,6
1098,a purple triangle is below a pink pentagon,triangle,purple,small,below,pentagon,pink,small,4
1099,a purple oval is to the left of a pink triangle,oval,purple,large,to the left of,triangle,pink,large,4
1100,a large green oval is to the left of a large brown rectangle,oval,green,large,to the left of,rectangle,brown,large,1
1101,a brown diamond is to the left of a green triangle,diamond,brown,small,to the left of,triangle,green,medium,4
1102,a small circle is next to a medium triangle,circle,green,small,next to,triangle,brown,medium,5
1103,a blue hexagon is next to an orange hexagon,hexagon,blue,large,next to,hexagon,orange,large,4
1104,a large purple hexagon is above a large pink square,hexagon,purple,large,above,square,pink,large,1
1105,a small green triangle is inside a large red hexagon,triangle,green,small,inside,hexagon,red,large,1
1106,a medium purple diamond is next to a medium yellow diamond,diamond,purple,medium,next to,diamond,yellow,medium,1
1107,a large circle is above a large pentagon,circle,yellow,large,above,pentagon,green,large,5
1108,one small brown pentagon is to the left of one small brown square,pentagon,brown,small,to the left of,square,brown,small,3
1109,a large yellow pentagon is to the left of a medium blue rectangle,pentagon,yellow,large,to the left of,rectangle,blue,medium,1
1110,there is a large purple rectangle next to a medium pink rectangle,rectangle,purple,large,next to,rectangle,pink,medium,2
1111,a small pentagon is to the right of a medium oval,pentagon,grey,small,to the right of,oval,yellow,medium,5
1112,a small orange triangle is positioned above a small yellow oval,triangle,orange,small,above,oval,yellow,small,6
1113,a small grey oval is positioned above a medium red square,oval,grey,small,above,square,red,medium,6
1114,a small green oval is to the right of a medium grey rectangle,oval,green,small,to the right of,rectangle,grey,medium,1
1115,one medium green pentagon is to the left of one large pink square,pentagon,green,medium,to the left of,square,pink,large,3
1116,there is a small red oval to the left of a medium grey diamond,oval,red,small,to the left of,diamond,grey,medium,2
1117,a medium square is inside a large triangle,square,green,medium,inside,triangle,yellow,large,5
1118,a medium brown triangle is positioned to the right of a large yellow rectangle,triangle,brown,medium,to the right of,rectangle,yellow,large,6
1119,one large pink diamond is above one medium blue oval,diamond,pink,large,above,oval,blue,medium,3
1120,a medium green triangle is positioned to the left of a medium grey circle,triangle,green,medium,to the left of,circle,grey,medium,6
1121,one medium green oval is to the right of one small grey square,oval,green,medium,to the right of,square,grey,small,3
1122,a large triangle is next to a large rectangle,triangle,pink,large,next to,rectangle,brown,large,5
1123,a small square is to the right of a large triangle,square,pink,small,to the right of,triangle,blue,large,5
1124,a medium square is inside a large oval,square,pink,medium,inside,oval,brown,large,5
1125,a medium square is below a large circle,square,orange,medium,below,circle,pink,large,5
1126,an orange pentagon is to the right of a grey diamond,pentagon,orange,small,to the right of,diamond,grey,small,4
1127,a purple rectangle is below a red circle,rectangle,purple,large,below,circle,red,medium,4
1128,one small pink triangle is inside one medium brown hexagon,triangle,pink,small,inside,hexagon,brown,medium,3
1129,a small pink pentagon is positioned to the left of a medium pink square,pentagon,pink,small,to the left of,square,pink,medium,6
1130,there is a medium green hexagon inside a large green triangle,hexagon,green,medium,inside,triangle,green,large,2
1131,a medium brown oval is positioned inside a large blue oval,oval,brown,medium,inside,oval,blue,large,6
1132,there is a small orange diamond to the right of a large blue square,diamond,orange,small,to the right of,square,blue,large,2
1133,there is a small red oval next to a large red triangle,oval,red,small,next to,triangle,red,large,2
1134,a medium yellow diamond is above a medium blue circle,diamond,yellow,medium,above,circle,blue,medium,1
1135,a small pink hexagon is to the right of a medium brown circle,hexagon,pink,small,to the right of,circle,brown,medium,1
1136,one small pink diamond is to the left of one small yellow circle,diamond,pink,small,to the left of,circle,yellow,small,3
1137,a large red diamond is positioned to the right of a large grey diamond,diamond,red,large,to the right of,diamond,grey,large,6
1138,a medium square is inside a large circle,square,purple,medium,inside,circle,pink,large,5
1139,there is a medium green hexagon to the right of a large brown triangle,hexagon,green,medium,to the right of,triangle,brown,large,2
1140,a medium grey square is next to a medium grey pentagon,square,grey,medium,next to,pentagon,grey,medium,1
1141,a green pentagon is below a grey rectangle,pentagon,green,small,below,rectangle,grey,small,4
1142,a large brown triangle is to the left of a medium grey triangle,triangle,brown,large,to the left of,triangle,grey,medium,1
1143,there is a small orange oval above a medium green hexagon,oval,orange,small,above,hexagon,green,medium,2
1144,a blue oval is to the left of a pink hexagon,oval,blue,small,to the left of,hexagon,pink,medium,4
1145,a grey triangle is to the left of a pink triangle,triangle,grey,small,to the left of,triangle,pink,medium,4
1146,a small diamond is inside a medium pentagon,diamond,green,small,inside,pentagon,green,medium,5
1147,there is a medium red oval above a large red pentagon,oval,red,medium,above,pentagon,red,large,2
1148,a medium purple hexagon is positioned to the left of a medium red hexagon,hexagon,purple,medium,to the left of,hexagon,red,medium,6
1149,a large circle is below a large triangle,circle,blue,large,below,triangle,blue,large,5
1150,a green triangle is to the right of a yellow triangle,triangle,green,large,to the right of,triangle,yellow,medium,4
1151,a small purple square is to the left of a large pink pentagon,square,purple,small,to the left of,pentagon,pink,large,1
1152,there is a small orange hexagon above a small blue square,hexagon,orange,small,above,square,blue,small,2
1153,one medium grey triangle is below one large green square,triangle,grey,medium,below,square,green,large,3
1154,a small blue rectangle is below a medium blue pentagon,rectangle,blue,small,below,pentagon,blue,medium,1
1155,there is a small orange circle next to a small brown circle,circle,orange,small,next to,circle,brown,small,2
1156,a medium diamond is inside a large triangle,diamond,brown,medium,inside,triangle,blue,large,5
1157,a medium pentagon is to the right of a large rectangle,pentagon,red,medium,to the right of,rectangle,pink,large,5
1158,a medium purple rectangle is to the left of a medium yellow rectangle,rectangle,purple,medium,to the left of,rectangle,yellow,medium,1
1159,a medium green pentagon is positioned above a large orange pentagon,pentagon,green,medium,above,pentagon,orange,large,6
1160,a green pentagon is above a green rectangle,pentagon,green,large,above,rectangle,green,large,4
1161,a brown hexagon is next to a yellow hexagon,hexagon,brown,medium,next to,hexagon,yellow,small,4
1162,one large purple rectangle is to the left of one large orange rectangle,rectangle,purple,large,to the left of,rectangle,orange,large,3
1163,a large purple pentagon is to the left of a small yellow hexagon,pentagon,purple,large,to the left of,hexagon,yellow,small,1
1164,one small yellow pentagon is below one medium grey oval,pentagon,yellow,small,below,oval,grey,medium,3
1165,a medium green hexagon is positioned below a large brown rectangle,hexagon,green,medium,below,rectangle,brown,large,6
1166,one large green pentagon is next to one large red triangle,pentagon,green,large,next to,triangle,red,large,3
1167,a medium orange triangle is positioned inside a large brown diamond,triangle,orange,medium,inside,diamond,brown,large,6
1168,a yellow square is to the left of a grey diamond,square,yellow,small,to the left of,diamond,grey,small,4
1169,one small red diamond is to the right of one small pink rectangle,diamond,red,small,to the right of,rectangle,pink,small,3
1170,a large brown rectangle is next to a medium pink rectangle,rectangle,brown,large,next to,rectangle,pink,medium,1
1171,there is a large yellow rectangle to the right of a large red rectangle,rectangle,yellow,large,to the right of,rectangle,red,large,2
1172,a small blue oval is positioned inside a large pink rectangle,oval,blue,small,inside,rectangle,pink,large,6
1173,a small orange square is to the left of a medium grey pentagon,square,orange,small,to the left of,pentagon,grey,medium,1
1174,one medium blue rectangle is below one small yellow rectangle,rectangle,blue,medium,below,rectangle,yellow,small,3
1175,there is a medium pink circle above a small brown circle,circle,pink,medium,above,circle,brown,small,2
1176,a grey rectangle is below a red oval,rectangle,grey,medium,below,oval,red,small,4
1177,a small pentagon is inside a medium square,pentagon,pink,small,inside,square,pink,medium,5
1178,a medium brown oval is positioned inside a large orange triangle,oval,brown,medium,inside,triangle,orange,large,6
1179,a red hexagon is next to a pink diamond,hexagon,red,medium,next to,diamond,pink,large,4
1180,a medium yellow square is positioned to the right of a small green oval,square,yellow,medium,to the right of,oval,green,small,6
1181,a brown square is inside a yellow circle,square,brown,small,inside,circle,yellow,large,4
1182,one small orange circle is inside one medium green triangle,circle,orange,small,inside,triangle,green,medium,3
1183,a purple hexagon is inside a brown diamond,hexagon,purple,small,inside,diamond,brown,medium,4
1184,a small red oval is inside a large yellow hexagon,oval,red,small,inside,hexagon,yellow,large,1
1185,a large circle is to the right of a large pentagon,circle,brown,large,to the right of,pentagon,red,large,5
1186,an orange circle is to the right of a green square,circle,orange,small,to the right of,square,green,small,4
1187,a medium yellow triangle is positioned inside a large red diamond,triangle,yellow,medium,inside,diamond,red,large,6
1188,one small brown oval is to the left of one medium red triangle,oval,brown,small,to the left of,triangle,red,medium,3
1189,an orange square is above a pink triangle,square,orange,large,above,triangle,pink,medium,4
1190,a pink pentagon is below a pink diamond,pentagon,pink,small,below,diamond,pink,large,4
1191,a medium rectangle is to the right of a small square,rectangle,purple,medium,to the right of,square,purple,small,5
1192,there is a large orange rectangle below a medium red triangle,rectangle,orange,large,below,triangle,red,medium,2
1193,a large blue rectangle is next to a small grey pentagon,rectangle,blue,large,next to,pentagon,grey,small,1
1194,a medium red triangle is below a small brown circle,triangle,red,medium,below,circle,brown,small,1
1195,a medium blue triangle is below a large orange hexagon,triangle,blue,medium,below,hexagon,orange,large,1
1196,an orange pentagon is above a purple triangle,pentagon,orange,medium,above,triangle,purple,medium,4
1197,a large purple square is positioned above a small blue triangle,square,purple,large,above,triangle,blue,small,6
1198,a small grey hexagon is inside a large purple circle,hexagon,grey,small,inside,circle,purple,large,1
1199,one medium red oval is above one large green circle,oval,red,medium,above,circle,green,large,3
1200,a small oval is to the left of a large pentagon,oval,orange,small,to the left of,pentagon,red,large,5
1201,there is a small brown pentagon below a large purple triangle,pentagon,brown,small,below,triangle,purple,large,2
1202,a small triangle is to the right of a large square,triangle,purple,small,to the right of,square,brown,large,5
1203,a large pink oval is positioned above a small blue hexagon,oval,pink,large,above,hexagon,blue,small,6
1204,a red square is inside a pink pentagon,square,red,medium,inside,pentagon,pink,large,4
1205,a large blue oval is below a medium red diamond,oval,blue,large,below,diamond,red,medium,1
1206,a large grey hexagon is above a small yellow square,hexagon,grey,large,above,square,yellow,small,1
1207,a yellow triangle is below a blue diamond,triangle,yellow,large,below,diamond,blue,large,4
1208,a blue triangle is below a grey triangle,triangle,blue,medium,below,triangle,grey,large,4
1209,a medium hexagon is inside a large diamond,hexagon,pink,medium,inside,diamond,yellow,large,5
1210,a small triangle is to the right of a medium diamond,triangle,purple,small,to the right of,diamond,blue,medium,5
1211,there is a small blue hexagon to the right of a small blue circle,hexagon,blue,small,to the right of,circle,blue,small,2
1212,one small grey circle is to the right of one small yellow diamond,circle,grey,small,to the right of,diamond,yellow,small,3
1213,a medium diamond is above a small triangle,diamond,brown,medium,above,triangle,orange,small,5
1214,a large brown hexagon is positioned to the right of a large red pentagon,hexagon,brown,large,to the right of,pentagon,red,large,6
1215,a small triangle is below a medium rectangle,triangle,red,small,below,rectangle,blue,medium,5
1216,a small purple oval is positioned above a medium blue hexagon,oval,purple,small,above,hexagon,blue,medium,6
1217,one medium red oval is below one medium orange rectangle,oval,red,medium,below,rectangle,orange,medium,3
1218,a brown hexagon is to the left of a brown hexagon,hexagon,brown,medium,to the left of,hexagon,brown,medium,4
1219,there is a medium grey oval above a small purple triangle,oval,grey,medium,above,triangle,purple,small,2
1220,a yellow circle is above a purple rectangle,circle,yellow,large,above,rectangle,purple,medium,4
1221,a medium yellow rectangle is inside a large green rectangle,rectangle,yellow,medium,inside,rectangle,green,large,1
1222,a yellow hexagon is next to an orange oval,hexagon,yellow,medium,next to,oval,orange,small,4
1223,a green rectangle is above a yellow triangle,rectangle,green,medium,above,triangle,yellow,small,4
1224,a yellow pentagon is to the right of a brown rectangle,pentagon,yellow,medium,to the right of,rectangle,brown,medium,4
1225,a medium green square is below a small orange oval,square,green,medium,below,oval,orange,small,1
1226,a yellow triangle is to the right of an orange hexagon,triangle,yellow,medium,to the right of,hexagon,orange,small,4
1227,there is a medium grey pentagon to the right of a medium red hexagon,pentagon,grey,medium,to the right of,hexagon,red,medium,2
1228,a medium square is to the right of a small oval,square,pink,medium,to the right of,oval,grey,small,5
1229,a small triangle is to the right of a medium circle,triangle,pink,small,to the right of,circle,green,medium,5
1230,a yellow square is inside a purple oval,square,yellow,small,inside,oval,purple,large,4
1231,a medium circle is inside a large rectangle,circle,pink,medium,inside,rectangle,green,large,5
1232,there is a large pink hexagon below a small orange triangle,hexagon,pink,large,below,triangle,orange,small,2
1233,a green pentagon is to the left of a brown diamond,pentagon,green,large,to the left of,diamond,brown,large,4
1234,there is a small pink square next to a large pink pentagon,square,pink,small,next to,pentagon,pink,large,2
1235,a small diamond is inside a medium triangle,diamond,green,small,inside,triangle,red,medium,5
1236,a small pink hexagon is inside a large blue rectangle,hexagon,pink,small,inside,rectangle,blue,large,1
1237,a medium purple diamond is to the left of a large red hexagon,diamond,purple,medium,to the left of,hexagon,red,large,1
1238,there is a medium yellow pentagon inside a large pink circle,pentagon,yellow,medium,inside,circle,pink,large,2
1239,a large oval is to the right of a large rectangle,oval,green,large,to the right of,rectangle,green,large,5
1240,a medium yellow rectangle is positioned above a medium blue hexagon,rectangle,yellow,medium,above,hexagon,blue,medium,6
1241,there is a large blue oval above a medium pink oval,oval,blue,large,above,oval,pink,medium,2
1242,a small oval is next to a large square,oval,green,small,next to,square,grey,large,5
1243,a small green hexagon is below a small grey hexagon,hexagon,green,small,below,hexagon,grey,small,1
1244,a small circle is to the left of a small oval,circle,orange,small,to the left of,oval,brown,small,5
1245,a brown pentagon is next to a yellow square,pentagon,brown,medium,next to,square,yellow,small,4
1246,a medium red square is positioned to the right of a medium brown hexagon,square,red,medium,to the right of,hexagon,brown,medium,6
1247,a small diamond is to the right of a large square,diamond,grey,small,to the right of,square,purple,large,5
1248,a large blue hexagon is above a small red pentagon,hexagon,blue,large,above,pentagon,red,small,1
1249,there is a small yellow rectangle to the right of a medium grey diamond,rectangle,yellow,small,to the right of,diamond,grey,medium,2
1250,a brown rectangle is below a pink oval,rectangle,brown,large,below,oval,pink,medium,4
1251,a small green pentagon is positioned above a small brown oval,pentagon,green,small,above,oval,brown,small,6
1252,a medium red pentagon is below a small purple oval,pentagon,red,medium,below,oval,purple,small,1
1253,one medium brown hexagon is inside one large brown rectangle,hexagon,brown,medium,inside,rectangle,brown,large,3
1254,a small red hexagon is inside a medium blue oval,hexagon,red,small,inside,oval,blue,medium,1
1255,there is a medium yellow rectangle to the left of a medium blue square,rectangle,yellow,medium,to the left of,square,blue,medium,2
1256,a blue circle is inside a pink oval,circle,blue,medium,inside,oval,pink,large,4
1257,a large green diamond is positioned next to a large red square,diamond,green,large,next to,square,red,large,6
1258,a large yellow hexagon is positioned to the right of a medium orange triangle,hexagon,yellow,large,to the right of,triangle,orange,medium,6
1259,a purple circle is below a blue triangle,circle,purple,small,below,triangle,blue,medium,4
1260,a large rectangle is to the left of a medium hexagon,rectangle,blue,large,to the left of,hexagon,purple,medium,5
1261,a medium yellow hexagon is inside a large orange diamond,hexagon,yellow,medium,inside,diamond,orange,large,1
1262,there is a small purple hexagon inside a large green pentagon,hexagon,purple,small,inside,pentagon,green,large,2
1263,a small grey oval is next to a large purple rectangle,oval,grey,small,next to,rectangle,purple,large,1
1264,a large yellow hexagon is to the right of a small purple triangle,hexagon,yellow,large,to the right of,triangle,purple,small,1
1265,a purple rectangle is inside a grey square,rectangle,purple,small,inside,square,grey,medium,4
1266,there is a medium green pentagon above a small red rectangle,pentagon,green,medium,above,rectangle,red,small,2
1267,a medium yellow oval is positioned below a small green oval,oval,yellow,medium,below,oval,green,small,6
1268,one medium pink triangle is to the left of one small brown oval,triangle,pink,medium,to the left of,oval,brown,small,3
1269,a pink hexagon is below a pink circle,hexagon,pink,large,below,circle,pink,large,4
1270,a large brown triangle is positioned to the left of a medium pink triangle,triangle,brown,large,to the left of,triangle,pink,medium,6
1271,one large green oval is below one small purple circle,oval,green,large,below,circle,purple,small,3
1272,a medium blue square is positioned below a medium green diamond,square,blue,medium,below,diamond,green,medium,6
1273,a yellow oval is to the right of a blue pentagon,oval,yellow,large,to the right of,pentagon,blue,medium,4
1274,there is a medium brown hexagon below a medium orange square,hexagon,brown,medium,below,square,orange,medium,2
1275,a large green oval is above a small yellow oval,oval,green,large,above,oval,yellow,small,1
1276,a blue oval is above an orange diamond,oval,blue,small,above,diamond,orange,small,4
1277,one large green square is to the right of one medium yellow rectangle,square,green,large,to the right of,rectangle,yellow,medium,3
1278,a medium brown pentagon is positioned above a medium green oval,pentagon,brown,medium,above,oval,green,medium,6
1279,a small yellow rectangle is to the left of a large pink pentagon,rectangle,yellow,small,to the left of,pentagon,pink,large,1
1280,one medium purple square is to the left of one small purple square,square,purple,medium,to the left of,square,purple,small,3
1281,a medium circle is to the right of a medium square,circle,red,medium,to the right of,square,red,medium,5
1282,a red circle is above a green oval,circle,red,large,above,oval,green,small,4
1283,a large hexagon is to the right of a large hexagon,hexagon,orange,large,to the right of,hexagon,red,large,5
1284,a yellow hexagon is to the left of a blue square,hexagon,yellow,small,to the left of,square,blue,medium,4
1285,a medium green triangle is positioned above a small red hexagon,triangle,green,medium,above,hexagon,red,small,6
1286,a medium green diamond is positioned inside a large blue rectangle,diamond,green,medium,inside,rectangle,blue,large,6
1287,one large orange circle is below one small pink hexagon,circle,orange,large,below,hexagon,pink,small,3
1288,a blue oval is inside a yellow diamond,oval,blue,small,inside,diamond,yellow,medium,4
1289,there is a small grey hexagon inside a large orange pentagon,hexagon,grey,small,inside,pentagon,orange,large,2
1290,a red rectangle is to the right of a green diamond,rectangle,red,large,to the right of,diamond,green,medium,4
1291,one small red circle is to the left of one large grey rectangle,circle,red,small,to the left of,rectangle,grey,large,3
1292,a large triangle is to the left of a large rectangle,triangle,yellow,large,to the left of,rectangle,yellow,large,5
1293,a medium oval is to the right of a medium diamond,oval,pink,medium,to the right of,diamond,green,medium,5
1294,a small purple oval is above a small grey hexagon,oval,purple,small,above,hexagon,grey,small,1
1295,a medium yellow hexagon is below a medium grey square,hexagon,yellow,medium,below,square,grey,medium,1
1296,a medium orange pentagon is positioned below a medium brown circle,pentagon,orange,medium,below,circle,brown,medium,6
1297,one small blue hexagon is next to one small brown hexagon,hexagon,blue,small,next to,hexagon,brown,small,3
1298,a large circle is to the left of a medium circle,circle,purple,large,to the left of,circle,red,medium,5
1299,there is a medium yellow pentagon to the right of a small purple triangle,pentagon,yellow,medium,to the right of,triangle,purple,small,2
1300,a yellow pentagon is inside a red rectangle,pentagon,yellow,medium,inside,rectangle,red,large,4
1301,a grey oval is above a pink circle,oval,grey,medium,above,circle,pink,medium,4
1302,a large blue square is to the right of a large grey square,square,blue,large,to the right of,square,grey,large,1
1303,there is a medium purple circle inside a large grey rectangle,circle,purple,medium,inside,rectangle,grey,large,2
1304,one medium green hexagon is to the left of one small yellow diamond,hexagon,green,medium,to the left of,diamond,yellow,small,3
1305,there is a small yellow triangle to the left of a medium grey circle,triangle,yellow,small,to the left of,circle,grey,medium,2
1306,one small orange hexagon is next to one large green square,hexagon,orange,small,next to,square,green,large,3
1307,a pink diamond is below a purple circle,diamond,pink,medium,below,circle,purple,small,4
1308,a purple rectangle is below a blue oval,rectangle,purple,small,below,oval,blue,medium,4
1309,a small rectangle is to the left of a large square,rectangle,red,small,to the left of,square,brown,large,5
1310,a large pink rectangle is to the right of a medium grey hexagon,rectangle,pink,large,to the right of,hexagon,grey,medium,1
1311,a medium grey hexagon is above a large pink diamond,hexagon,grey,medium,above,diamond,pink,large,1
1312,one large red diamond is below one medium blue rectangle,diamond,red,large,below,rectangle,blue,medium,3
1313,a small brown triangle is inside a medium red circle,triangle,brown,small,inside,circle,red,medium,1
1314,there is a small yellow circle to the right of a small green rectangle,circle,yellow,small,to the right of,rectangle,green,small,2
1315,one medium green square is to the left of one large blue triangle,square,green,medium,to the left of,triangle,blue,large,3
1316,a large orange rectangle is next to a small blue hexagon,rectangle,orange,large,next to,hexagon,blue,small,1
1317,a yellow square is to the right of a yellow triangle,square,yellow,medium,to the right of,triangle,yellow,small,4
1318,a small diamond is to the left of a large rectangle,diamond,brown,small,to the left of,rectangle,green,large,5
1319,one medium orange rectangle is to the left of one medium green circle,rectangle,orange,medium,to the left of,circle,green,medium,3
1320,a large yellow circle is positioned to the right of a large blue hexagon,circle,yellow,large,to the right of,hexagon,blue,large,6
1321,there is a small red oval to the left of a large brown pentagon,oval,red,small,to the left of,pentagon,brown,large,2
1322,a large diamond is next to a medium diamond,diamond,yellow,large,next to,diamond,grey,medium,5
1323,a medium blue oval is below a medium grey pentagon,oval,blue,medium,below,pentagon,grey,medium,1
1324,a brown diamond is inside a purple square,diamond,brown,medium,inside,square,purple,large,4
1325,a medium yellow rectangle is inside a large red oval,rectangle,yellow,medium,inside,oval,red,large,1
1326,a medium purple hexagon is to the left of a medium brown oval,hexagon,purple,medium,to the left of,oval,brown,medium,1
1327,a medium green pentagon is inside a large red circle,pentagon,green,medium,inside,circle,red,large,1
1328,a small pink oval is positioned next to a small pink hexagon,oval,pink,small,next to,hexagon,pink,small,6
1329,a small square is to the right of a large pentagon,square,brown,small,to the right of,pentagon,red,large,5
1330,there is a medium brown circle next to a large green rectangle,circle,brown,medium,next to,rectangle,green,large,2
1331,a brown circle is above a red diamond,circle,brown,medium,above,diamond,red,medium,4
1332,a medium hexagon is to the right of a small pentagon,hexagon,pink,medium,to the right of,pentagon,orange,small,5
1333,there is a large orange rectangle to the right of a medium yellow square,rectangle,orange,large,to the right of,square,yellow,medium,2
1334,a red rectangle is to the left of a purple hexagon,rectangle,red,small,to the left of,hexagon,purple,large,4
1335,there is a small brown pentagon to the right of a medium blue rectangle,pentagon,brown,small,to the right of,rectangle,blue,medium,2
1336,a large brown diamond is positioned to the right of a small red pentagon,diamond,brown,large,to the right of,pentagon,red,small,6
1337,a yellow triangle is below a green oval,triangle,yellow,medium,below,oval,green,medium,4
1338,there is a large pink hexagon to the left of a small blue circle,hexagon,pink,large,to the left of,circle,blue,small,2
1339,a medium grey triangle is positioned above a medium grey hexagon,triangle,grey,medium,above,hexagon,grey,medium,6
1340,a medium hexagon is to the left of a small circle,hexagon,blue,medium,to the left of,circle,green,small,5
1341,an orange hexagon is above a pink diamond,hexagon,orange,large,above,diamond,pink,medium,4
1342,an orange pentagon is inside a purple triangle,pentagon,orange,small,inside,triangle,purple,medium,4
1343,a grey hexagon is next to an orange oval,hexagon,grey,small,next to,oval,orange,large,4
1344,a small blue circle is positioned next to a medium brown hexagon,circle,blue,small,next to,hexagon,brown,medium,6
1345,a small oval is next to a large diamond,oval,orange,small,next to,diamond,blue,large,5
1346,a medium square is to the left of a medium circle,square,grey,medium,to the left of,circle,brown,medium,5
1347,a medium purple rectangle is to the right of a medium pink triangle,rectangle,purple,medium,to the right of,triangle,pink,medium,1
1348,a small grey pentagon is next to a small pink hexagon,pentagon,grey,small,next to,hexagon,pink,small,1
1349,a medium hexagon is next to a small diamond,hexagon,blue,medium,next to,diamond,purple,small,5
1350,there is a small orange rectangle to the left of a small grey rectangle,rectangle,orange,small,to the left of,rectangle,grey,small,2
1351,a red circle is next to a grey hexagon,circle,red,small,next to,hexagon,grey,medium,4
1352,a red diamond is next to a yellow rectangle,diamond,red,large,next to,rectangle,yellow,small,4
1353,there is a medium orange square inside a large pink square,square,orange,medium,inside,square,pink,large,2
1354,a large grey oval is positioned to the right of a large yellow hexagon,oval,grey,large,to the right of,hexagon,yellow,large,6
1355,a medium diamond is to the left of a medium triangle,diamond,red,medium,to the left of,triangle,pink,medium,5
1356,one small red pentagon is above one medium pink circle,pentagon,red,small,above,circle,pink,medium,3
1357,a red hexagon is below a green square,hexagon,red,large,below,square,green,small,4
1358,a small orange rectangle is to the right of a medium brown rectangle,rectangle,orange,small,to the right of,rectangle,brown,medium,1
1359,a small brown circle is next to a small grey oval,circle,brown,small,next to,oval,grey,small,1
1360,one medium green hexagon is inside one large blue circle,hexagon,green,medium,inside,circle,blue,large,3
1361,a large red rectangle is to the left of a small red triangle,rectangle,red,large,to the left of,triangle,red,small,1
1362,a blue rectangle is to the left of a blue pentagon,rectangle,blue,large,to the left of,pentagon,blue,medium,4
1363,a small red oval is positioned inside a medium orange diamond,oval,red,small,inside,diamond,orange,medium,6
1364,there is a large purple pentagon above a large red triangle,pentagon,purple,large,above,triangle,red,large,2
1365,an orange diamond is to the right of a yellow diamond,diamond,orange,medium,to the right of,diamond,yellow,large,4
1366,a small grey diamond is positioned below a small purple circle,diamond,grey,small,below,circle,purple,small,6
1367,a medium red rectangle is above a small brown oval,rectangle,red,medium,above,oval,brown,small,1
1368,a large circle is to the left of a small square,circle,pink,large,to the left of,square,red,small,5
1369,a large pink oval is to the left of a large orange rectangle,oval,pink,large,to the left of,rectangle,orange,large,1
1370,a small red hexagon is positioned to the right of a large red pentagon,hexagon,red,small,to the right of,pentagon,red,large,6
1371,a medium rectangle is to the right of a medium pentagon,rectangle,yellow,medium,to the right of,pentagon,red,medium,5
1372,a large brown diamond is positioned below a small green pentagon,diamond,brown,large,below,pentagon,green,small,6
1373,a small pink pentagon is to the right of a small brown pentagon,pentagon,pink,small,to the right of,pentagon,brown,small,1
1374,a yellow diamond is below a brown pentagon,diamond,yellow,large,below,pentagon,brown,small,4
1375,one small brown triangle is to the right of one large yellow oval,triangle,brown,small,to the right of,oval,yellow,large,3
1376,one medium blue pentagon is next to one large purple oval,pentagon,blue,medium,next to,oval,purple,large,3
1377,a medium pink oval is next to a large green oval,oval,pink,medium,next to,oval,green,large,1
1378,a small blue square is to the right of a large blue oval,square,blue,small,to the right of,oval,blue,large,1
1379,a small purple circle is positioned to the right of a large orange pentagon,circle,purple,small,to the right of,pentagon,orange,large,6
1380,there is a large pink oval to the right of a large blue hexagon,oval,pink,large,to the right of,hexagon,blue,large,2
1381,a medium pink square is positioned inside a large brown square,square,pink,medium,inside,square,brown,large,6
1382,a large red hexagon is positioned next to a medium green oval,hexagon,red,large,next to,oval,green,medium,6
1383,one medium pink pentagon is to the left of one medium pink square,pentagon,pink,medium,to the left of,square,pink,medium,3
1384,one medium brown pentagon is to the right of one large orange hexagon,pentagon,brown,medium,to the right of,hexagon,orange,large,3
1385,a large yellow pentagon is next to a small yellow diamond,pentagon,yellow,large,next to,diamond,yellow,small,1
1386,a medium hexagon is below a medium square,hexagon,pink,medium,below,square,green,medium,5
1387,a medium brown rectangle is positioned to the left of a small brown triangle,rectangle,brown,medium,to the left of,triangle,brown,small,6
1388,one medium pink circle is inside one large grey oval,circle,pink,medium,inside,oval,grey,large,3
1389,a blue triangle is next to a grey rectangle,triangle,blue,small,next to,rectangle,grey,small,4
1390,a red oval is to the right of a grey hexagon,oval,red,medium,to the right of,hexagon,grey,medium,4
1391,a small hexagon is next to a large square,hexagon,purple,small,next to,square,brown,large,5
1392,there is a small blue triangle to the left of a small red oval,triangle,blue,small,to the left of,oval,red,small,2
1393,there is a medium green hexagon to the right of a small orange pentagon,hexagon,green,medium,to the right of,pentagon,orange,small,2
1394,a small red circle is positioned inside a large brown triangle,circle,red,small,inside,triangle,brown,large,6
1395,there is a small grey hexagon to the left of a medium blue circle,hexagon,grey,small,to the left of,circle,blue,medium,2
1396,one medium pink pentagon is inside one large purple diamond,pentagon,pink,medium,inside,diamond,purple,large,3
1397,there is a large purple oval above a medium grey circle,oval,purple,large,above,circle,grey,medium,2
1398,a purple oval is below a pink oval,oval,purple,medium,below,oval,pink,small,4
1399,one small blue pentagon is to the left of one medium pink hexagon,pentagon,blue,small,to the left of,hexagon,pink,medium,3
1400,a grey hexagon is above a brown hexagon,hexagon,grey,medium,above,hexagon,brown,medium,4
1401,a yellow rectangle is next to a blue triangle,rectangle,yellow,large,next to,triangle,blue,small,4
1402,a blue triangle is above an orange diamond,triangle,blue,small,above,diamond,orange,large,4
1403,a small grey oval is positioned to the left of a small blue triangle,oval,grey,small,to the left of,triangle,blue,small,6
1404,a medium hexagon is to the left of a small hexagon,hexagon,purple,medium,to the left of,hexagon,pink,small,5
1405,one medium orange square is below one small purple diamond,square,orange,medium,below,diamond,purple,small,3
1406,one small purple hexagon is to the right of one large orange triangle,hexagon,purple,small,to the right of,triangle,orange,large,3
1407,a small square is to the right of a large diamond,square,red,small,to the right of,diamond,brown,large,5
1408,a large rectangle is above a large circle,rectangle,purple,large,above,circle,blue,large,5
1409,a medium triangle is inside a large oval,triangle,purple,medium,inside,oval,yellow,large,5
1410,a large yellow rectangle is above a small yellow rectangle,rectangle,yellow,large,above,rectangle,yellow,small,1
1411,one large yellow triangle is to the left of one small red rectangle,triangle,yellow,large,to the left of,rectangle,red,small,3
1412,a small green triangle is inside a medium blue oval,triangle,green,small,inside,oval,blue,medium,1
1413,a small rectangle is next to a medium hexagon,rectangle,purple,small,next to,hexagon,grey,medium,5
1414,a small yellow square is positioned below a small red oval,square,yellow,small,below,oval,red,small,6
1415,a medium green diamond is positioned above a small pink hexagon,diamond,green,medium,above,hexagon,pink,small,6
1416,a large pentagon is to the right of a medium square,pentagon,grey,large,to the right of,square,blue,medium,5
1417,a blue circle is above a grey square,circle,blue,medium,above,square,grey,small,4
1418,a pink hexagon is next to a yellow hexagon,hexagon,pink,large,next to,hexagon,yellow,medium,4
1419,one medium blue square is next to one large green rectangle,square,blue,medium,next to,rectangle,green,large,3
1420,a small green diamond is positioned next to a medium brown circle,diamond,green,small,next to,circle,brown,medium,6
1421,a medium oval is above a small hexagon,oval,yellow,medium,above,hexagon,red,small,5
1422,a large pink square is positioned next to a medium green square,square,pink,large,next to,square,green,medium,6
1423,a green diamond is below a pink rectangle,diamond,green,medium,below,rectangle,pink,small,4
1424,a green diamond is below a yellow triangle,diamond,green,small,below,triangle,yellow,large,4
1425,a medium diamond is below a medium diamond,diamond,brown,medium,below,diamond,yellow,medium,5
1426,a brown circle is next to a red triangle,circle,brown,small,next to,triangle,red,small,4
1427,one small purple rectangle is next to one medium red square,rectangle,purple,small,next to,square,red,medium,3
1428,there is a large purple oval next to a large grey diamond,oval,purple,large,next to,diamond,grey,large,2
1429,a yellow pentagon is above a purple square,pentagon,yellow,small,above,square,purple,large,4
1430,there is a medium blue diamond to the left of a small green triangle,diamond,blue,medium,to the left of,triangle,green,small,2
1431,a medium square is next to a small oval,square,pink,medium,next to,oval,orange,small,5
1432,a grey triangle is inside a yellow pentagon,triangle,grey,medium,inside,pentagon,yellow,large,4
1433,a purple circle is to the left of a yellow pentagon,circle,purple,medium,to the left of,pentagon,yellow,large,4
1434,there is a medium orange oval to the left of a large brown diamond,oval,orange,medium,to the left of,diamond,brown,large,2
1435,one medium pink triangle is to the left of one large yellow rectangle,triangle,pink,medium,to the left of,rectangle,yellow,large,3
1436,a large circle is to the right of a medium pentagon,circle,red,large,to the right of,pentagon,green,medium,5
1437,one small purple circle is below one small green rectangle,circle,purple,small,below,rectangle,green,small,3
1438,there is a medium red square inside a large brown pentagon,square,red,medium,inside,pentagon,brown,large,2
1439,one large yellow pentagon is below one small yellow diamond,pentagon,yellow,large,below,diamond,yellow,small,3
1440,one small pink rectangle is below one large green hexagon,rectangle,pink,small,below,hexagon,green,large,3
1441,a medium red oval is above a small orange hexagon,oval,red,medium,above,hexagon,orange,small,1
1442,a small purple circle is below a small brown diamond,circle,purple,small,below,diamond,brown,small,1
1443,a large rectangle is to the left of a medium diamond,rectangle,orange,large,to the left of,diamond,pink,medium,5
1444,one small brown pentagon is to the left of one medium brown diamond,pentagon,brown,small,to the left of,diamond,brown,medium,3
1445,a pink square is to the left of a pink rectangle,square,pink,large,to the left of,rectangle,pink,large,4
1446,a purple oval is below a green diamond,oval,purple,small,below,diamond,green,medium,4
1447,a small blue hexagon is next to a medium yellow pentagon,hexagon,blue,small,next to,pentagon,yellow,medium,1
1448,a large grey rectangle is positioned next to a large purple square,rectangle,grey,large,next to,square,purple,large,6
1449,there is a small yellow rectangle above a large grey square,rectangle,yellow,small,above,square,grey,large,2
1450,a small square is above a small pentagon,square,purple,small,above,pentagon,pink,small,5
1451,there is a small yellow pentagon below a medium purple diamond,pentagon,yellow,small,below,diamond,purple,medium,2
1452,a small green diamond is positioned to the right of a medium yellow diamond,diamond,green,small,to the right of,diamond,yellow,medium,6
1453,a large brown oval is positioned above a medium blue triangle,oval,brown,large,above,triangle,blue,medium,6
1454,one large red square is below one large orange rectangle,square,red,large,below,rectangle,orange,large,3
1455,a medium diamond is next to a medium circle,diamond,grey,medium,next to,circle,blue,medium,5
1456,a brown oval is inside a purple triangle,oval,brown,medium,inside,triangle,purple,large,4
1457,a medium orange square is positioned to the left of a medium brown triangle,square,orange,medium,to the left of,triangle,brown,medium,6
1458,a green hexagon is inside a grey oval,hexagon,green,small,inside,oval,grey,large,4
1459,a large yellow square is above a large pink square,square,yellow,large,above,square,pink,large,1
1460,a medium green circle is positioned above a medium orange rectangle,circle,green,medium,above,rectangle,orange,medium,6
1461,a grey oval is to the left of a grey circle,oval,grey,large,to the left of,circle,grey,medium,4
1462,one medium orange triangle is inside one large grey square,triangle,orange,medium,inside,square,grey,large,3
1463,a medium orange rectangle is inside a large purple hexagon,rectangle,orange,medium,inside,hexagon,purple,large,1
1464,a small diamond is below a medium circle,diamond,yellow,small,below,circle,purple,medium,5
1465,a green pentagon is inside a red hexagon,pentagon,green,small,inside,hexagon,red,large,4
1466,one small blue diamond is inside one medium yellow diamond,diamond,blue,small,inside,diamond,yellow,medium,3
1467,a small oval is inside a large oval,oval,brown,small,inside,oval,purple,large,5
1468,a medium blue hexagon is below a large pink triangle,hexagon,blue,medium,below,triangle,pink,large,1
1469,one small green diamond is below one medium purple oval,diamond,green,small,below,oval,purple,medium,3
1470,one small pink hexagon is to the left of one small purple oval,hexagon,pink,small,to the left of,oval,purple,small,3
1471,a red oval is below a red square,oval,red,medium,below,square,red,large,4
1472,a small yellow rectangle is positioned to the left of a small blue circle,rectangle,yellow,small,to the left of,circle,blue,small,6
1473,a small circle is below a medium hexagon,circle,purple,small,below,hexagon,yellow,medium,5
1474,there is a large red hexagon above a medium brown rectangle,hexagon,red,large,above,rectangle,brown,medium,2
1475,a large grey square is to the left of a medium blue oval,square,grey,large,to the left of,oval,blue,medium,1
1476,a grey hexagon is next to a brown pentagon,hexagon,grey,medium,next to,pentagon,brown,small,4
1477,a large red square is below a medium green pentagon,square,red,large,below,pentagon,green,medium,1
1478,a small brown circle is positioned below a small grey hexagon,circle,brown,small,below,hexagon,grey,small,6
1479,a large square is to the left of a medium diamond,square,green,large,to the left of,diamond,blue,medium,5
1480,a large red circle is to the left of a large brown rectangle,circle,red,large,to the left of,rectangle,brown,large,1
1481,one small orange triangle is to the left of one medium blue circle,triangle,orange,small,to the left of,circle,blue,medium,3
1482,a red hexagon is above a brown square,hexagon,red,large,above,square,brown,large,4
1483,there is a small yellow square inside a medium purple diamond,square,yellow,small,inside,diamond,purple,medium,2
1484,a large brown oval is above a large brown square,oval,brown,large,above,square,brown,large,1
1485,a medium pink diamond is positioned to the right of a small blue rectangle,diamond,pink,medium,to the right of,rectangle,blue,small,6
1486,a medium circle is next to a medium diamond,circle,pink,medium,next to,diamond,orange,medium,5
1487,a medium diamond is next to a medium square,diamond,brown,medium,next to,square,red,medium,5
1488,one large grey triangle is to the left of one large red circle,triangle,grey,large,to the left of,circle,red,large,3
1489,one medium green triangle is next to one small blue circle,triangle,green,medium,next to,circle,blue,small,3
1490,one large yellow oval is below one small yellow pentagon,oval,yellow,large,below,pentagon,yellow,small,3
1491,a medium rectangle is inside a large pentagon,rectangle,blue,medium,inside,pentagon,yellow,large,5
1492,a large pentagon is above a medium rectangle,pentagon,purple,large,above,rectangle,purple,medium,5
1493,there is a small grey diamond to the right of a small green diamond,diamond,grey,small,to the right of,diamond,green,small,2
1494,there is a medium purple pentagon to the right of a large grey triangle,pentagon,purple,medium,to the right of,triangle,grey,large,2
1495,a medium pink oval is positioned to the right of a medium purple oval,oval,pink,medium,to the right of,oval,purple,medium,6
1496,a blue triangle is to the left of a brown rectangle,triangle,blue,medium,to the left of,rectangle,brown,medium,4
1497,a large green triangle is below a medium pink diamond,triangle,green,large,below,diamond,pink,medium,1
1498,one small pink circle is inside one large grey rectangle,circle,pink,small,inside,rectangle,grey,large,3
1499,there is a medium red pentagon above a small red rectangle,pentagon,red,medium,above,rectangle,red,small,2
1500,a small orange circle is next to a large grey oval,circle,orange,small,next to,oval,grey,large,1
1501,a small purple pentagon is positioned to the right of a large yellow pentagon,pentagon,purple,small,to the right of,pentagon,yellow,large,6
1502,one small blue circle is to the left of one large blue diamond,circle,blue,small,to the left of,diamond,blue,large,3
1503,a small blue pentagon is positioned inside a large orange oval,pentagon,blue,small,inside,oval,orange,large,6
1504,there is a large green rectangle to the left of a large grey diamond,rectangle,green,large,to the left of,diamond,grey,large,2
1505,one medium red square is next to one large blue oval,square,red,medium,next to,oval,blue,large,3
1506,a medium blue triangle is inside a large blue hexagon,triangle,blue,medium,inside,hexagon,blue,large,1
1507,a small purple triangle is positioned inside a large green hexagon,triangle,purple,small,inside,hexagon,green,large,6
1508,a large yellow diamond is positioned next to a medium brown square,diamond,yellow,large,next to,square,brown,medium,6
1509,a large hexagon is above a large circle,hexagon,brown,large,above,circle,yellow,large,5
1510,a large pink rectangle is below a small green hexagon,rectangle,pink,large,below,hexagon,green,small,1
1511,one small yellow hexagon is to the left of one medium yellow pentagon,hexagon,yellow,small,to the left of,pentagon,yellow,medium,3
1512,one medium green circle is to the left of one medium yellow square,circle,green,medium,to the left of,square,yellow,medium,3
1513,a large grey rectangle is positioned to the right of a medium yellow square,rectangle,grey,large,to the right of,square,yellow,medium,6
1514,a medium oval is below a medium oval,oval,blue,medium,below,oval,yellow,medium,5
1515,a large grey hexagon is next to a medium red square,hexagon,grey,large,next to,square,red,medium,1
1516,a large orange diamond is above a medium yellow square,diamond,orange,large,above,square,yellow,medium,1
1517,a large hexagon is to the right of a large oval,hexagon,grey,large,to the right of,oval,green,large,5
1518,there is a medium green circle next to a medium green square,circle,green,medium,next to,square,green,medium,2
1519,a medium hexagon is to the right of a large triangle,hexagon,grey,medium,to the right of,triangle,brown,large,5
1520,one medium yellow square is to the left of one small blue pentagon,square,yellow,medium,to the left of,pentagon,blue,small,3
1521,a small yellow circle is positioned below a medium orange triangle,circle,yellow,small,below,triangle,orange,medium,6
1522,a medium square is to the left of a small diamond,square,purple,medium,to the left of,diamond,red,small,5
1523,a blue diamond is inside a green oval,diamond,blue,medium,inside,oval,green,large,4
1524,there is a small grey circle next to a large brown rectangle,circle,grey,small,next to,rectangle,brown,large,2
1525,one medium red hexagon is below one small red circle,hexagon,red,medium,below,circle,red,small,3
1526,a small red circle is positioned to the right of a medium purple pentagon,circle,red,small,to the right of,pentagon,purple,medium,6
1527,there is a small purple oval to the right of a small grey oval,oval,purple,small,to the right of,oval,grey,small,2
1528,one medium grey rectangle is inside one large green oval,rectangle,grey,medium,inside,oval,green,large,3
1529,a brown circle is to the right of a yellow circle,circle,brown,small,to the right of,circle,yellow,small,4
1530,a large hexagon is above a small rectangle,hexagon,purple,large,above,rectangle,purple,small,5
1531,an orange triangle is next to a pink rectangle,triangle,orange,large,next to,rectangle,pink,medium,4
1532,there is a medium red diamond to the right of a large green triangle,diamond,red,medium,to the right of,triangle,green,large,2
1533,there is a medium orange circle to the left of a medium purple square,circle,orange,medium,to the left of,square,purple,medium,2
1534,one small purple hexagon is next to one small blue rectangle,hexagon,purple,small,next to,rectangle,blue,small,3
1535,a small diamond is to the right of a small pentagon,diamond,brown,small,to the right of,pentagon,red,small,5
1536,a green square is to the right of a green oval,square,green,medium,to the right of,oval,green,small,4
1537,a medium green hexagon is below a medium grey rectangle,hexagon,green,medium,below,rectangle,grey,medium,1
1538,a medium pink pentagon is above a medium purple rectangle,pentagon,pink,medium,above,rectangle,purple,medium,1
1539,a medium rectangle is to the right of a medium hexagon,rectangle,green,medium,to the right of,hexagon,purple,medium,5
1540,a brown hexagon is to the left of a pink triangle,hexagon,brown,small,to the left of,triangle,pink,large,4
1541,a large pentagon is next to a medium triangle,pentagon,pink,large,next to,triangle,yellow,medium,5
1542,a medium yellow circle is positioned inside a large pink oval,circle,yellow,medium,inside,oval,pink,large,6
1543,a blue hexagon is to the left of a brown rectangle,hexagon,blue,medium,to the left of,rectangle,brown,large,4
1544,there is a medium red triangle above a medium red circle,triangle,red,medium,above,circle,red,medium,2
1545,a medium blue diamond is to the right of a small blue pentagon,diamond,blue,medium,to the right of,pentagon,blue,small,1
1546,a medium grey hexagon is positioned below a small brown diamond,hexagon,grey,medium,below,diamond,brown,small,6
1547,one large red pentagon is to the left of one small orange pentagon,pentagon,red,large,to the left of,pentagon,orange,small,3
1548,a large pentagon is above a medium pentagon,pentagon,brown,large,above,pentagon,purple,medium,5
1549,one large brown square is below one medium green oval,square,brown,large,below,oval,green,medium,3
1550,there is a large pink hexagon below a medium blue triangle,hexagon,pink,large,below,triangle,blue,medium,2
1551,a small square is inside a large pentagon,square,red,small,inside,pentagon,brown,large,5
1552,a pink pentagon is next to a brown diamond,pentagon,pink,small,next to,diamond,brown,large,4
1553,there is a medium brown diamond to the right of a large grey oval,diamond,brown,medium,to the right of,oval,grey,large,2
1554,a small hexagon is inside a large hexagon,hexagon,brown,small,inside,hexagon,grey,large,5
1555,a large circle is below a medium square,circle,yellow,large,below,square,yellow,medium,5
1556,there is a medium purple square inside a large purple hexagon,square,purple,medium,inside,hexagon,purple,large,2
1557,there is a large grey pentagon to the right of a medium blue triangle,pentagon,grey,large,to the right of,triangle,blue,medium,2
1558,a large blue triangle is below a large green triangle,triangle,blue,large,below,triangle,green,large,1
1559,a small yellow hexagon is above a large purple oval,hexagon,yellow,small,above,oval,purple,large,1
1560,a purple circle is inside a blue hexagon,circle,purple,medium,inside,hexagon,blue,large,4
1561,a red triangle is above a yellow oval,triangle,red,medium,above,oval,yellow,medium,4
1562,a medium grey oval is next to a medium red square,oval,grey,medium,next to,square,red,medium,1
1563,there is a small brown rectangle below a large pink oval,rectangle,brown,small,below,oval,pink,large,2
1564,a blue triangle is next to a purple circle,triangle,blue,medium,next to,circle,purple,medium,4
1565,there is a large purple pentagon above a large red square,pentagon,purple,large,above,square,red,large,2
1566,there is a large brown oval below a medium yellow triangle,oval,brown,large,below,triangle,yellow,medium,2
1567,a large square is below a small pentagon,square,red,large,below,pentagon,red,small,5
1568,a medium triangle is inside a large rectangle,triangle,green,medium,inside,rectangle,red,large,5
1569,there is a medium pink circle below a small orange hexagon,circle,pink,medium,below,hexagon,orange,small,2
1570,there is a small brown diamond to the left of a medium green circle,diamond,brown,small,to the left of,circle,green,medium,2
1571,one small grey rectangle is next to one small purple oval,rectangle,grey,small,next to,oval,purple,small,3
1572,a small grey triangle is inside a large grey rectangle,triangle,grey,small,inside,rectangle,grey,large,1
1573,a small orange circle is to the right of a large red hexagon,circle,orange,small,to the right of,hexagon,red,large,1
1574,a medium red square is positioned below a medium green triangle,square,red,medium,below,triangle,green,medium,6
1575,a medium green circle is inside a large pink square,circle,green,medium,inside,square,pink,large,1
1576,there is a large red oval above a large blue diamond,oval,red,large,above,diamond,blue,large,2
1577,a medium pink pentagon is to the right of a small purple square,pentagon,pink,medium,to the right of,square,purple,small,1
1578,one large brown rectangle is above one medium orange pentagon,rectangle,brown,large,above,pentagon,orange,medium,3
1579,a large oval is next to a large triangle,oval,brown,large,next to,triangle,brown,large,5
1580,a small brown oval is below a large grey triangle,oval,brown,small,below,triangle,grey,large,1
1581,a blue hexagon is below a blue diamond,hexagon,blue,large,below,diamond,blue,medium,4
1582,a large green triangle is above a medium blue pentagon,triangle,green,large,above,pentagon,blue,medium,1
1583,there is a small purple hexagon above a small pink hexagon,hexagon,purple,small,above,hexagon,pink,small,2
1584,a small green pentagon is positioned above a large orange oval,pentagon,green,small,above,oval,orange,large,6
1585,a blue hexagon is inside a blue diamond,hexagon,blue,medium,inside,diamond,blue,large,4
1586,there is a small grey oval above a large purple rectangle,oval,grey,small,above,rectangle,purple,large,2
1587,one large orange pentagon is to the right of one small blue diamond,pentagon,orange,large,to the right of,diamond,blue,small,3
1588,a medium red circle is to the left of a large pink triangle,circle,red,medium,to the left of,triangle,pink,large,1
1589,one small green diamond is below one small grey pentagon,diamond,green,small,below,pentagon,grey,small,3
1590,a red rectangle is to the right of a blue circle,rectangle,red,small,to the right of,circle,blue,small,4
1591,one small red triangle is below one small grey hexagon,triangle,red,small,below,hexagon,grey,small,3
1592,there is a small red rectangle to the left of a large green oval,rectangle,red,small,to the left of,oval,green,large,2
1593,one medium orange circle is below one large orange pentagon,circle,orange,medium,below,pentagon,orange,large,3
1594,a purple circle is inside a red triangle,circle,purple,small,inside,triangle,red,large,4
1595,a large brown circle is positioned above a small orange circle,circle,brown,large,above,circle,orange,small,6
1596,there is a large blue pentagon above a large brown square,pentagon,blue,large,above,square,brown,large,2
1597,one medium grey pentagon is above one large blue oval,pentagon,grey,medium,above,oval,blue,large,3
1598,a medium brown square is positioned inside a large grey rectangle,square,brown,medium,inside,rectangle,grey,large,6
1599,a brown rectangle is below a pink circle,rectangle,brown,large,below,circle,pink,small,4
1600,one small grey rectangle is next to one small grey diamond,rectangle,grey,small,next to,diamond,grey,small,3
1601,a large yellow rectangle is above a small grey square,rectangle,yellow,large,above,square,grey,small,1
1602,one medium orange square is above one small red hexagon,square,orange,medium,above,hexagon,red,small,3
1603,one small grey circle is above one medium orange hexagon,circle,grey,small,above,hexagon,orange,medium,3
1604,a small grey pentagon is positioned to the right of a medium grey hexagon,pentagon,grey,small,to the right of,hexagon,grey,medium,6
1605,one large yellow rectangle is below one large blue diamond,rectangle,yellow,large,below,diamond,blue,large,3
1606,a large square is to the left of a small square,square,blue,large,to the left of,square,blue,small,5
1607,a small pentagon is to the right of a large square,pentagon,pink,small,to the right of,square,pink,large,5
1608,a small orange pentagon is positioned to the right of a large brown square,pentagon,orange,small,to the right of,square,brown,large,6
1609,one large yellow square is below one medium blue triangle,square,yellow,large,below,triangle,blue,medium,3
1610,a medium grey diamond is next to a large orange rectangle,diamond,grey,medium,next to,rectangle,orange,large,1
1611,a large green oval is positioned to the right of a large brown square,oval,green,large,to the right of,square,brown,large,6
1612,a large grey rectangle is below a large green oval,rectangle,grey,large,below,oval,green,large,1
1613,one medium pink circle is below one large red square,circle,pink,medium,below,square,red,large,3
1614,a medium green circle is to the right of a medium purple oval,circle,green,medium,to the right of,oval,purple,medium,1
1615,there is a medium pink circle to the left of a large pink diamond,circle,pink,medium,to the left of,diamond,pink,large,2
1616,a green hexagon is below a red square,hexagon,green,large,below,square,red,small,4
1617,a large yellow triangle is above a small red pentagon,triangle,yellow,large,above,pentagon,red,small,1
1618,a red diamond is inside a pink pentagon,diamond,red,small,inside,pentagon,pink,large,4
1619,one small brown rectangle is above one small red circle,rectangle,brown,small,above,circle,red,small,3
1620,a medium grey rectangle is to the left of a small purple circle,rectangle,grey,medium,to the left of,circle,purple,small,1
1621,there is a small pink rectangle below a small brown oval,rectangle,pink,small,below,oval,brown,small,2
1622,a medium oval is to the right of a small square,oval,purple,medium,to the right of,square,brown,small,5
1623,there is a small brown diamond to the left of a small blue triangle,diamond,brown,small,to the left of,triangle,blue,small,2
1624,a purple pentagon is inside a pink diamond,pentagon,purple,medium,inside,diamond,pink,large,4
1625,a large orange rectangle is above a large brown hexagon,rectangle,orange,large,above,hexagon,brown,large,1
1626,there is a large grey diamond to the left of a medium blue circle,diamond,grey,large,to the left of,circle,blue,medium,2
1627,one medium grey rectangle is to the left of one medium orange hexagon,rectangle,grey,medium,to the left of,hexagon,orange,medium,3
1628,a small green pentagon is above a large green oval,pentagon,green,small,above,oval,green,large,1
1629,one medium green triangle is to the left of one medium brown rectangle,triangle,green,medium,to the left of,rectangle,brown,medium,3
1630,one medium purple hexagon is to the right of one medium purple square,hexagon,purple,medium,to the right of,square,purple,medium,3
1631,one small brown pentagon is inside one large green pentagon,pentagon,brown,small,inside,pentagon,green,large,3
1632,there is a small blue rectangle to the right of a medium red circle,rectangle,blue,small,to the right of,circle,red,medium,2
1633,one small grey triangle is inside one large pink rectangle,triangle,grey,small,inside,rectangle,pink,large,3
1634,a green triangle is above a grey rectangle,triangle,green,small,above,rectangle,grey,large,4
1635,a red circle is above a pink rectangle,circle,red,small,above,rectangle,pink,large,4
1636,a medium brown pentagon is positioned to the right of a medium blue circle,pentagon,brown,medium,to the right of,circle,blue,medium,6
1637,there is a large orange triangle above a large green oval,triangle,orange,large,above,oval,green,large,2
1638,one small brown circle is to the left of one medium yellow circle,circle,brown,small,to the left of,circle,yellow,medium,3
1639,a medium diamond is to the left of a medium rectangle,diamond,blue,medium,to the left of,rectangle,pink,medium,5
1640,one large pink triangle is above one large purple pentagon,triangle,pink,large,above,pentagon,purple,large,3
1641,there is a medium red circle above a small red oval,circle,red,medium,above,oval,red,small,2
1642,a green triangle is below a pink diamond,triangle,green,large,below,diamond,pink,large,4
1643,a yellow square is to the left of an orange pentagon,square,yellow,large,to the left of,pentagon,orange,small,4
1644,one small orange pentagon is above one large yellow square,pentagon,orange,small,above,square,yellow,large,3
1645,a large orange pentagon is to the right of a medium green pentagon,pentagon,orange,large,to the right of,pentagon,green,medium,1
1646,a small orange pentagon is to the left of a small purple hexagon,pentagon,orange,small,to the left of,hexagon,purple,small,1
1647,a large square is below a small diamond,square,brown,large,below,diamond,purple,small,5
1648,a small red hexagon is positioned next to a small yellow square,hexagon,red,small,next to,square,yellow,small,6
1649,a medium hexagon is below a medium pentagon,hexagon,pink,medium,below,pentagon,yellow,medium,5
1650,a purple rectangle is to the right of a pink square,rectangle,purple,small,to the right of,square,pink,small,4
1651,a medium yellow circle is above a medium orange triangle,circle,yellow,medium,above,triangle,orange,medium,1
1652,a large triangle is to the left of a small diamond,triangle,pink,large,to the left of,diamond,orange,small,5
1653,one medium purple circle is to the right of one medium grey hexagon,circle,purple,medium,to the right of,hexagon,grey,medium,3
1654,one small red pentagon is below one medium pink rectangle,pentagon,red,small,below,rectangle,pink,medium,3
1655,a medium rectangle is inside a large triangle,rectangle,purple,medium,inside,triangle,grey,large,5
1656,a small grey pentagon is to the left of a small yellow triangle,pentagon,grey,small,to the left of,triangle,yellow,small,1
1657,a large triangle is to the right of a medium diamond,triangle,yellow,large,to the right of,diamond,purple,medium,5
1658,one small green pentagon is inside one medium red diamond,pentagon,green,small,inside,diamond,red,medium,3
1659,a green square is to the left of a green triangle,square,green,large,to the left of,triangle,green,small,4
1660,a medium yellow hexagon is next to a small green oval,hexagon,yellow,medium,next to,oval,green,small,1
1661,a large orange triangle is next to a large purple square,triangle,orange,large,next to,square,purple,large,1
1662,a small brown diamond is above a small pink circle,diamond,brown,small,above,circle,pink,small,1
1663,there is a small brown diamond to the right of a large orange hexagon,diamond,brown,small,to the right of,hexagon,orange,large,2
1664,one medium orange pentagon is to the right of one small blue triangle,pentagon,orange,medium,to the right of,triangle,blue,small,3
1665,a medium oval is next to a medium rectangle,oval,purple,medium,next to,rectangle,orange,medium,5
1666,one small green pentagon is below one small red rectangle,pentagon,green,small,below,rectangle,red,small,3
1667,a blue hexagon is to the left of a red rectangle,hexagon,blue,medium,to the left of,rectangle,red,medium,4
1668,a grey pentagon is above a yellow oval,pentagon,grey,small,above,oval,yellow,small,4
1669,a medium circle is below a small pentagon,circle,blue,medium,below,pentagon,pink,small,5
1670,a large green square is positioned to the right of a medium pink diamond,square,green,large,to the right of,diamond,pink,medium,6
1671,a medium yellow rectangle is positioned next to a small purple hexagon,rectangle,yellow,medium,next to,hexagon,purple,small,6
1672,a blue triangle is below a green triangle,triangle,blue,large,below,triangle,green,medium,4
1673,a medium pink triangle is inside a large grey pentagon,triangle,pink,medium,inside,pentagon,grey,large,1
1674,a medium green pentagon is to the left of a large red square,pentagon,green,medium,to the left of,square,red,large,1
1675,there is a large green oval next to a small purple oval,oval,green,large,next to,oval,purple,small,2
1676,a small red circle is inside a large orange pentagon,circle,red,small,inside,pentagon,orange,large,1
1677,a small grey triangle is positioned inside a large red triangle,triangle,grey,small,inside,triangle,red,large,6
1678,a large pink diamond is above a small pink hexagon,diamond,pink,large,above,hexagon,pink,small,1
1679,a small brown diamond is positioned to the right of a medium purple diamond,diamond,brown,small,to the right of,diamond,purple,medium,6
1680,a small blue triangle is positioned to the left of a large orange square,triangle,blue,small,to the left of,square,orange,large,6
1681,a small grey hexagon is positioned to the right of a small green rectangle,hexagon,grey,small,to the right of,rectangle,green,small,6
1682,there is a medium blue circle inside a large green square,circle,blue,medium,inside,square,green,large,2
1683,a pink pentagon is to the right of a brown hexagon,pentagon,pink,small,to the right of,hexagon,brown,large,4
1684,an orange square is to the right of a pink hexagon,square,orange,large,to the right of,hexagon,pink,small,4
1685,an orange rectangle is inside a pink rectangle,rectangle,orange,medium,inside,rectangle,pink,large,4
1686,a large pink rectangle is positioned to the right of a large brown triangle,rectangle,pink,large,to the right of,triangle,brown,large,6
1687,one small pink hexagon is to the left of one small green square,hexagon,pink,small,to the left of,square,green,small,3
1688,a large purple oval is positioned above a large yellow circle,oval,purple,large,above,circle,yellow,large,6
1689,a medium blue circle is positioned next to a large grey square,circle,blue,medium,next to,square,grey,large,6
1690,a large pink diamond is to the right of a small red rectangle,diamond,pink,large,to the right of,rectangle,red,small,1
1691,a red hexagon is above a brown oval,hexagon,red,small,above,oval,brown,large,4
1692,a purple oval is to the right of an orange pentagon,oval,purple,large,to the right of,pentagon,orange,small,4
1693,there is a small brown diamond below a medium grey diamond,diamond,brown,small,below,diamond,grey,medium,2
1694,a medium red triangle is positioned below a small blue rectangle,triangle,red,medium,below,rectangle,blue,small,6
1695,a red circle is inside a yellow square,circle,red,small,inside,square,yellow,large,4
1696,a small blue pentagon is positioned above a medium purple oval,pentagon,blue,small,above,oval,purple,medium,6
1697,there is a medium red triangle next to a medium purple pentagon,triangle,red,medium,next to,pentagon,purple,medium,2
1698,there is a medium yellow diamond inside a large orange pentagon,diamond,yellow,medium,inside,pentagon,orange,large,2
1699,a purple square is to the right of a purple hexagon,square,purple,large,to the right of,hexagon,purple,medium,4
1700,one large red triangle is to the left of one medium pink square,triangle,red,large,to the left of,square,pink,medium,3
1701,a small brown square is next to a small grey rectangle,square,brown,small,next to,rectangle,grey,small,1
1702,there is a small orange circle below a medium brown square,circle,orange,small,below,square,brown,medium,2
1703,one small blue oval is inside one large orange oval,oval,blue,small,inside,oval,orange,large,3
1704,one medium blue circle is below one large purple triangle,circle,blue,medium,below,triangle,purple,large,3
1705,one medium green rectangle is inside one large purple circle,rectangle,green,medium,inside,circle,purple,large,3
1706,a large grey triangle is below a small purple rectangle,triangle,grey,large,below,rectangle,purple,small,1
1707,a medium blue rectangle is inside a large red triangle,rectangle,blue,medium,inside,triangle,red,large,1
1708,a small yellow oval is positioned above a small blue hexagon,oval,yellow,small,above,hexagon,blue,small,6
1709,a small purple hexagon is to the right of a medium green triangle,hexagon,purple,small,to the right of,triangle,green,medium,1
1710,an orange pentagon is next to a yellow hexagon,pentagon,orange,large,next to,hexagon,yellow,large,4
1711,one large pink rectangle is next to one small green triangle,rectangle,pink,large,next to,triangle,green,small,3
1712,one large brown circle is above one medium purple hexagon,circle,brown,large,above,hexagon,purple,medium,3
1713,there is a large grey hexagon next to a large green pentagon,hexagon,grey,large,next to,pentagon,green,large,2
1714,a large yellow circle is above a small orange triangle,circle,yellow,large,above,triangle,orange,small,1
1715,a large purple square is below a medium grey circle,square,purple,large,below,circle,grey,medium,1
1716,a blue triangle is to the left of a green triangle,triangle,blue,medium,to the left of,triangle,green,medium,4
1717,there is a small red oval to the right of a small blue diamond,oval,red,small,to the right of,diamond,blue,small,2
1718,a brown diamond is inside a pink circle,diamond,brown,medium,inside,circle,pink,large,4
1719,a green pentagon is to the left of an orange hexagon,pentagon,green,large,to the left of,hexagon,orange,large,4
1720,a red circle is to the left of a pink circle,circle,red,large,to the left of,circle,pink,small,4
1721,a large yellow hexagon is below a large purple square,hexagon,yellow,large,below,square,purple,large,1
1722,a green diamond is below a blue circle,diamond,green,large,below,circle,blue,large,4
1723,a brown oval is to the left of a blue circle,oval,brown,medium,to the left of,circle,blue,small,4
1724,there is a small red triangle below a large yellow pentagon,triangle,red,small,below,pentagon,yellow,large,2
1725,there is a medium yellow hexagon to the right of a small green square,hexagon,yellow,medium,to the right of,square,green,small,2
1726,a purple circle is below a brown rectangle,circle,purple,small,below,rectangle,brown,large,4
1727,there is a medium orange oval next to a large pink oval,oval,orange,medium,next to,oval,pink,large,2
1728,a medium triangle is to the right of a small diamond,triangle,blue,medium,to the right of,diamond,grey,small,5
1729,a small purple hexagon is positioned below a small green triangle,hexagon,purple,small,below,triangle,green,small,6
1730,a purple oval is to the left of a purple diamond,oval,purple,small,to the left of,diamond,purple,large,4
1731,a purple hexagon is above a brown triangle,hexagon,purple,large,above,triangle,brown,medium,4
1732,a small red circle is next to a small green pentagon,circle,red,small,next to,pentagon,green,small,1
1733,a green square is to the right of a grey rectangle,square,green,small,to the right of,rectangle,grey,small,4
1734,a grey circle is below an orange hexagon,circle,grey,large,below,hexagon,orange,small,4
1735,a large blue square is below a small purple triangle,square,blue,large,below,triangle,purple,small,1
1736,one medium purple hexagon is below one small green rectangle,hexagon,purple,medium,below,rectangle,green,small,3
1737,a medium hexagon is below a small triangle,hexagon,grey,medium,below,triangle,blue,small,5
1738,there is a small red triangle to the left of a small brown square,triangle,red,small,to the left of,square,brown,small,2
1739,one medium green hexagon is above one small pink circle,hexagon,green,medium,above,circle,pink,small,3
1740,one large orange rectangle is to the right of one small green hexagon,rectangle,orange,large,to the right of,hexagon,green,small,3
1741,a blue hexagon is to the right of a green square,hexagon,blue,small,to the right of,square,green,medium,4
1742,a small circle is to the left of a large oval,circle,red,small,to the left of,oval,grey,large,5
1743,a pink triangle is above a green triangle,triangle,pink,medium,above,triangle,green,small,4
1744,a large circle is to the left of a medium hexagon,circle,grey,large,to the left of,hexagon,green,medium,5
1745,a small diamond is above a large circle,diamond,blue,small,above,circle,brown,large,5
1746,a large diamond is to the right of a medium pentagon,diamond,pink,large,to the right of,pentagon,green,medium,5
1747,a small pentagon is next to a small oval,pentagon,pink,small,next to,oval,yellow,small,5
1748,a medium brown circle is positioned inside a large pink hexagon,circle,brown,medium,inside,hexagon,pink,large,6
1749,a large circle is to the left of a large pentagon,circle,green,large,to the left of,pentagon,purple,large,5
1750,a medium grey circle is positioned above a medium yellow triangle,circle,grey,medium,above,triangle,yellow,medium,6
1751,a medium pink square is inside a large yellow circle,square,pink,medium,inside,circle,yellow,large,1
1752,a small pentagon is to the right of a small triangle,pentagon,green,small,to the right of,triangle,brown,small,5
1753,a blue pentagon is inside an orange circle,pentagon,blue,small,inside,circle,orange,large,4
1754,there is a large blue pentagon below a small red diamond,pentagon,blue,large,below,diamond,red,small,2
1755,a green hexagon is to the left of a green oval,hexagon,green,large,to the left of,oval,green,small,4
1756,an orange diamond is to the right of a grey pentagon,diamond,orange,large,to the right of,pentagon,grey,medium,4
1757,a small grey pentagon is inside a large purple pentagon,pentagon,grey,small,inside,pentagon,purple,large,1
1758,one large orange hexagon is above one medium grey circle,hexagon,orange,large,above,circle,grey,medium,3
1759,there is a small green diamond inside a medium pink circle,diamond,green,small,inside,circle,pink,medium,2
1760,there is a medium blue pentagon inside a large purple rectangle,pentagon,blue,medium,inside,rectangle,purple,large,2
1761,a large circle is to the right of a medium hexagon,circle,grey,large,to the right of,hexagon,yellow,medium,5
1762,there is a large purple diamond next to a small purple triangle,diamond,purple,large,next to,triangle,purple,small,2
1763,there is a small yellow square next to a large pink hexagon,square,yellow,small,next to,hexagon,pink,large,2
1764,a medium grey pentagon is positioned above a medium purple pentagon,pentagon,grey,medium,above,pentagon,purple,medium,6
1765,one large orange pentagon is above one small pink pentagon,pentagon,orange,large,above,pentagon,pink,small,3
1766,an orange diamond is next to a yellow triangle,diamond,orange,small,next to,triangle,yellow,medium,4
1767,one medium blue hexagon is to the right of one medium grey circle,hexagon,blue,medium,to the right of,circle,grey,medium,3
1768,there is a medium pink pentagon below a large green circle,pentagon,pink,medium,below,circle,green,large,2
1769,a large blue hexagon is above a large blue pentagon,hexagon,blue,large,above,pentagon,blue,large,1
1770,a red hexagon is below a brown triangle,hexagon,red,large,below,triangle,brown,large,4
1771,there is a small brown triangle next to a small brown pentagon,triangle,brown,small,next to,pentagon,brown,small,2
1772,there is a large yellow rectangle below a medium red oval,rectangle,yellow,large,below,oval,red,medium,2
1773,one medium green rectangle is next to one small grey diamond,rectangle,green,medium,next to,diamond,grey,small,3
1774,a purple pentagon is to the right of a red pentagon,pentagon,purple,medium,to the right of,pentagon,red,small,4
1775,a small rectangle is next to a large hexagon,rectangle,yellow,small,next to,hexagon,brown,large,5
1776,one medium brown triangle is above one large blue oval,triangle,brown,medium,above,oval,blue,large,3
1777,one large brown triangle is to the right of one large green rectangle,triangle,brown,large,to the right of,rectangle,green,large,3
1778,a small brown square is positioned below a medium yellow circle,square,brown,small,below,circle,yellow,medium,6
1779,there is a medium yellow circle below a medium blue hexagon,circle,yellow,medium,below,hexagon,blue,medium,2
1780,a small blue square is positioned to the right of a medium purple triangle,square,blue,small,to the right of,triangle,purple,medium,6
1781,a pink triangle is below an orange rectangle,triangle,pink,small,below,rectangle,orange,small,4
1782,a medium red circle is positioned to the right of a small grey pentagon,circle,red,medium,to the right of,pentagon,grey,small,6
1783,there is a small green rectangle below a large purple pentagon,rectangle,green,small,below,pentagon,purple,large,2
1784,one small yellow oval is inside one medium brown triangle,oval,yellow,small,inside,triangle,brown,medium,3
1785,a large diamond is next to a large diamond,diamond,green,large,next to,diamond,red,large,5
1786,a small green diamond is positioned above a large yellow oval,diamond,green,small,above,oval,yellow,large,6
1787,a medium rectangle is above a medium pentagon,rectangle,brown,medium,above,pentagon,grey,medium,5
1788,a pink square is above a grey hexagon,square,pink,small,above,hexagon,grey,large,4
1789,a small green circle is positioned inside a large brown oval,circle,green,small,inside,oval,brown,large,6
1790,a small blue hexagon is above a small green oval,hexagon,blue,small,above,oval,green,small,1
1791,a small green diamond is inside a large pink circle,diamond,green,small,inside,circle,pink,large,1
1792,a large blue rectangle is below a large orange rectangle,rectangle,blue,large,below,rectangle,orange,large,1
1793,a medium purple diamond is next to a large orange pentagon,diamond,purple,medium,next to,pentagon,orange,large,1
1794,a large hexagon is above a large hexagon,hexagon,pink,large,above,hexagon,pink,large,5
1795,there is a medium red pentagon inside a large purple triangle,pentagon,red,medium,inside,triangle,purple,large,2
1796,one small green triangle is below one small purple triangle,triangle,green,small,below,triangle,purple,small,3
1797,a small yellow oval is inside a large blue square,oval,yellow,small,inside,square,blue,large,1
1798,a medium orange triangle is below a small red pentagon,triangle,orange,medium,below,pentagon,red,small,1
1799,a medium green hexagon is positioned below a medium purple triangle,hexagon,green,medium,below,triangle,purple,medium,6
1800,a purple diamond is below a green diamond,diamond,purple,small,below,diamond,green,medium,4
1801,a large triangle is to the left of a small circle,triangle,pink,large,to the left of,circle,green,small,5
1802,there is a small brown pentagon inside a medium red hexagon,pentagon,brown,small,inside,hexagon,red,medium,2
1803,a large yellow oval is positioned below a large orange square,oval,yellow,large,below,square,orange,large,6
1804,a yellow rectangle is inside a brown triangle,rectangle,yellow,small,inside,triangle,brown,large,4
1805,a large blue circle is below a small green diamond,circle,blue,large,below,diamond,green,small,1
1806,a medium purple pentagon is positioned to the right of a medium purple hexagon,pentagon,purple,medium,to the right of,hexagon,purple,medium,6
1807,a small pink diamond is positioned next to a medium orange square,diamond,pink,small,next to,square,orange,medium,6
1808,there is a medium brown circle next to a medium orange pentagon,circle,brown,medium,next to,pentagon,orange,medium,2
1809,a medium grey square is positioned to the left of a large red square,square,grey,medium,to the left of,square,red,large,6
1810,one medium brown circle is below one large orange rectangle,circle,brown,medium,below,rectangle,orange,large,3
1811,a medium green circle is positioned inside a large blue pentagon,circle,green,medium,inside,pentagon,blue,large,6
1812,a large green hexagon is positioned below a medium green triangle,hexagon,green,large,below,triangle,green,medium,6
1813,there is a medium orange square to the left of a large orange triangle,square,orange,medium,to the left of,triangle,orange,large,2
1814,a medium orange square is positioned to the right of a large purple square,square,orange,medium,to the right of,square,purple,large,6
1815,a medium yellow rectangle is positioned below a medium purple diamond,rectangle,yellow,medium,below,diamond,purple,medium,6
1816,there is a medium red rectangle inside a large brown triangle,rectangle,red,medium,inside,triangle,brown,large,2
1817,a large green oval is positioned to the right of a small green diamond,oval,green,large,to the right of,diamond,green,small,6
1818,a grey rectangle is next to a pink triangle,rectangle,grey,small,next to,triangle,pink,large,4
1819,a blue square is below a purple pentagon,square,blue,small,below,pentagon,purple,small,4
1820,a green circle is above an orange rectangle,circle,green,large,above,rectangle,orange,medium,4
1821,one small brown square is to the right of one medium purple circle,square,brown,small,to the right of,circle,purple,medium,3
1822,a small brown rectangle is next to a small orange triangle,rectangle,brown,small,next to,triangle,orange,small,1
1823,one small grey diamond is to the right of one large green circle,diamond,grey,small,to the right of,circle,green,large,3
1824,a medium pink diamond is positioned to the left of a large blue oval,diamond,pink,medium,to the left of,oval,blue,large,6
1825,one medium purple hexagon is to the right of one small red square,hexagon,purple,medium,to the right of,square,red,small,3
1826,a green triangle is next to a purple oval,triangle,green,large,next to,oval,purple,medium,4
1827,a small square is next to a medium hexagon,square,green,small,next to,hexagon,green,medium,5
1828,a medium orange square is positioned inside a large green triangle,square,orange,medium,inside,triangle,green,large,6
1829,a small diamond is above a large square,diamond,yellow,small,above,square,orange,large,5
1830,a large brown oval is below a small purple rectangle,oval,brown,large,below,rectangle,purple,small,1
1831,a medium blue hexagon is positioned to the left of a small green hexagon,hexagon,blue,medium,to the left of,hexagon,green,small,6
1832,a red square is below a green hexagon,square,red,large,below,hexagon,green,medium,4
1833,a large pink diamond is positioned below a small red rectangle,diamond,pink,large,below,rectangle,red,small,6
1834,a medium brown circle is above a small orange pentagon,circle,brown,medium,above,pentagon,orange,small,1
1835,there is a medium blue triangle inside a large blue pentagon,triangle,blue,medium,inside,pentagon,blue,large,2
1836,a large red oval is positioned below a small brown circle,oval,red,large,below,circle,brown,small,6
1837,there is a small pink oval to the right of a medium orange hexagon,oval,pink,small,to the right of,hexagon,orange,medium,2
1838,a small diamond is above a medium hexagon,diamond,purple,small,above,hexagon,orange,medium,5
1839,a purple rectangle is inside a red hexagon,rectangle,purple,small,inside,hexagon,red,medium,4
1840,a medium diamond is to the left of a medium circle,diamond,orange,medium,to the left of,circle,red,medium,5
1841,there is a small yellow rectangle inside a large blue square,rectangle,yellow,small,inside,square,blue,large,2
1842,a small yellow pentagon is above a large yellow rectangle,pentagon,yellow,small,above,rectangle,yellow,large,1
1843,a medium triangle is next to a small rectangle,triangle,orange,medium,next to,rectangle,yellow,small,5
1844,one small orange hexagon is below one large purple square,hexagon,orange,small,below,square,purple,large,3
1845,a medium yellow diamond is positioned to the left of a small orange circle,diamond,yellow,medium,to the left of,circle,orange,small,6
1846,there is a small grey hexagon inside a large red circle,hexagon,grey,small,inside,circle,red,large,2
1847,one medium blue pentagon is above one medium pink pentagon,pentagon,blue,medium,above,pentagon,pink,medium,3
1848,one medium brown oval is to the left of one small grey rectangle,oval,brown,medium,to the left of,rectangle,grey,small,3
1849,a small pink diamond is positioned below a small pink oval,diamond,pink,small,below,oval,pink,small,6
1850,there is a large red circle to the left of a large red oval,circle,red,large,to the left of,oval,red,large,2
1851,a large pentagon is below a large diamond,pentagon,yellow,large,below,diamond,orange,large,5
1852,a small pink square is above a large blue diamond,square,pink,small,above,diamond,blue,large,1
1853,one small blue circle is inside one large red pentagon,circle,blue,small,inside,pentagon,red,large,3
1854,there is a small green diamond to the right of a large yellow circle,diamond,green,small,to the right of,circle,yellow,large,2
1855,there is a medium yellow oval to the right of a large grey circle,oval,yellow,medium,to the right of,circle,grey,large,2
1856,a medium grey square is positioned next to a small grey diamond,square,grey,medium,next to,diamond,grey,small,6
1857,a small red square is positioned below a large purple hexagon,square,red,small,below,hexagon,purple,large,6
1858,a medium oval is below a large square,oval,pink,medium,below,square,brown,large,5
1859,a large rectangle is to the left of a small pentagon,rectangle,red,large,to the left of,pentagon,blue,small,5
1860,a medium diamond is next to a large circle,diamond,yellow,medium,next to,circle,grey,large,5
1861,one medium red oval is next to one small grey triangle,oval,red,medium,next to,triangle,grey,small,3
1862,a brown diamond is next to a brown hexagon,diamond,brown,small,next to,hexagon,brown,small,4
1863,a small pentagon is to the right of a small hexagon,pentagon,green,small,to the right of,hexagon,grey,small,5
1864,a pink hexagon is above a red pentagon,hexagon,pink,large,above,pentagon,red,small,4
1865,a medium pink square is inside a large green rectangle,square,pink,medium,inside,rectangle,green,large,1
1866,there is a large brown hexagon to the left of a medium pink rectangle,hexagon,brown,large,to the left of,rectangle,pink,medium,2
1867,a blue oval is to the right of a pink circle,oval,blue,medium,to the right of,circle,pink,small,4
1868,a medium brown circle is positioned to the left of a large green hexagon,circle,brown,medium,to the left of,hexagon,green,large,6
1869,a green square is above an orange oval,square,green,large,above,oval,orange,small,4
1870,a large diamond is to the right of a small rectangle,diamond,pink,large,to the right of,rectangle,grey,small,5
1871,a medium purple diamond is inside a large grey oval,diamond,purple,medium,inside,oval,grey,large,1
1872,a medium yellow square is positioned next to a large yellow oval,square,yellow,medium,next to,oval,yellow,large,6
1873,a medium grey square is positioned above a medium yellow hexagon,square,grey,medium,above,hexagon,yellow,medium,6
1874,a red triangle is to the left of a yellow pentagon,triangle,red,large,to the left of,pentagon,yellow,small,4
1875,a pink triangle is below a purple diamond,triangle,pink,medium,below,diamond,purple,small,4
1876,a small circle is inside a large rectangle,circle,yellow,small,inside,rectangle,orange,large,5
1877,a medium yellow oval is next to a small brown pentagon,oval,yellow,medium,next to,pentagon,brown,small,1
1878,a brown diamond is above an orange rectangle,diamond,brown,large,above,rectangle,orange,medium,4
1879,a medium blue circle is above a small green circle,circle,blue,medium,above,circle,green,small,1
1880,a large yellow hexagon is positioned to the left of a large green circle,hexagon,yellow,large,to the left of,circle,green,large,6
1881,a large purple rectangle is positioned to the left of a medium green rectangle,rectangle,purple,large,to the left of,rectangle,green,medium,6
1882,a medium green hexagon is below a small green triangle,hexagon,green,medium,below,triangle,green,small,1
1883,a large triangle is to the left of a medium hexagon,triangle,grey,large,to the left of,hexagon,green,medium,5
1884,there is a medium blue pentagon below a medium yellow rectangle,pentagon,blue,medium,below,rectangle,yellow,medium,2
1885,one large purple oval is to the left of one large orange circle,oval,purple,large,to the left of,circle,orange,large,3
1886,a small circle is above a medium hexagon,circle,grey,small,above,hexagon,pink,medium,5
1887,one large yellow square is below one medium orange hexagon,square,yellow,large,below,hexagon,orange,medium,3
1888,a large brown square is positioned to the left of a medium blue diamond,square,brown,large,to the left of,diamond,blue,medium,6
1889,one small blue oval is above one medium orange oval,oval,blue,small,above,oval,orange,medium,3
1890,a purple hexagon is inside a yellow triangle,hexagon,purple,medium,inside,triangle,yellow,large,4
1891,a pink triangle is below a grey pentagon,triangle,pink,medium,below,pentagon,grey,medium,4
1892,a small square is to the left of a medium diamond,square,pink,small,to the left of,diamond,yellow,medium,5
1893,one medium yellow rectangle is inside one large green diamond,rectangle,yellow,medium,inside,diamond,green,large,3
1894,a large green circle is positioned next to a large blue hexagon,circle,green,large,next to,hexagon,blue,large,6
1895,a small green square is positioned above a small red rectangle,square,green,small,above,rectangle,red,small,6
1896,a medium yellow square is below a small red square,square,yellow,medium,below,square,red,small,1
1897,a large square is above a large circle,square,blue,large,above,circle,yellow,large,5
1898,a small green diamond is next to a medium red pentagon,diamond,green,small,next to,pentagon,red,medium,1
1899,a large brown circle is next to a small green triangle,circle,brown,large,next to,triangle,green,small,1
1900,a grey pentagon is next to a purple hexagon,pentagon,grey,small,next to,hexagon,purple,large,4
1901,a small purple triangle is positioned to the left of a large yellow circle,triangle,purple,small,to the left of,circle,yellow,large,6
1902,a purple oval is below a purple pentagon,oval,purple,large,below,pentagon,purple,small,4
1903,a medium pink oval is positioned above a large green hexagon,oval,pink,medium,above,hexagon,green,large,6
1904,one large green oval is next to one large pink rectangle,oval,green,large,next to,rectangle,pink,large,3
1905,a red oval is inside a pink triangle,oval,red,medium,inside,triangle,pink,large,4
1906,a medium circle is below a small square,circle,red,medium,below,square,green,small,5
1907,a large orange square is positioned above a small purple hexagon,square,orange,large,above,hexagon,purple,small,6
1908,one medium blue circle is next to one small purple hexagon,circle,blue,medium,next to,hexagon,purple,small,3
1909,a medium orange hexagon is to the right of a large blue triangle,hexagon,orange,medium,to the right of,triangle,blue,large,1
1910,a small green triangle is positioned inside a large grey square,triangle,green,small,inside,square,grey,large,6
1911,there is a medium pink circle above a large grey hexagon,circle,pink,medium,above,hexagon,grey,large,2
1912,one medium pink oval is below one medium green rectangle,oval,pink,medium,below,rectangle,green,medium,3
1913,a red square is to the right of a yellow circle,square,red,small,to the right of,circle,yellow,medium,4
1914,a small pentagon is to the left of a medium hexagon,pentagon,green,small,to the left of,hexagon,red,medium,5
1915,there is a small brown hexagon above a medium pink oval,hexagon,brown,small,above,oval,pink,medium,2
1916,a medium oval is above a medium pentagon,oval,pink,medium,above,pentagon,brown,medium,5
1917,a medium yellow pentagon is inside a large green triangle,pentagon,yellow,medium,inside,triangle,green,large,1
1918,one large orange triangle is below one large purple pentagon,triangle,orange,large,below,pentagon,purple,large,3
1919,one medium yellow diamond is next to one medium yellow square,diamond,yellow,medium,next to,square,yellow,medium,3
1920,a large oval is below a small pentagon,oval,brown,large,below,pentagon,grey,small,5
1921,a medium grey pentagon is positioned above a large red triangle,pentagon,grey,medium,above,triangle,red,large,6
1922,a purple pentagon is to the left of a red square,pentagon,purple,medium,to the left of,square,red,medium,4
1923,there is a small green circle to the left of a medium brown triangle,circle,green,small,to the left of,triangle,brown,medium,2
1924,there is a medium orange oval next to a small yellow hexagon,oval,orange,medium,next to,hexagon,yellow,small,2
1925,a medium orange pentagon is below a medium red circle,pentagon,orange,medium,below,circle,red,medium,1
1926,there is a small green diamond next to a large brown pentagon,diamond,green,small,next to,pentagon,brown,large,2
1927,there is a large brown hexagon above a large purple square,hexagon,brown,large,above,square,purple,large,2
1928,one medium brown triangle is below one small blue diamond,triangle,brown,medium,below,diamond,blue,small,3
1929,one large orange rectangle is to the left of one small pink hexagon,rectangle,orange,large,to the left of,hexagon,pink,small,3
1930,a large brown square is positioned to the right of a medium orange triangle,square,brown,large,to the right of,triangle,orange,medium,6
1931,a large red triangle is positioned below a medium grey circle,triangle,red,large,below,circle,grey,medium,6
1932,a pink circle is to the left of a red oval,circle,pink,large,to the left of,oval,red,small,4
1933,there is a medium green triangle above a large pink square,triangle,green,medium,above,square,pink,large,2
1934,a small orange oval is to the right of a small orange oval,oval,orange,small,to the right of,oval,orange,small,1
1935,a small blue diamond is positioned to the left of a medium pink rectangle,diamond,blue,small,to the left of,rectangle,pink,medium,6
1936,one large pink diamond is to the left of one small orange hexagon,diamond,pink,large,to the left of,hexagon,orange,small,3
1937,one small orange circle is above one large brown hexagon,circle,orange,small,above,hexagon,brown,large,3
1938,a green circle is inside a purple circle,circle,green,small,inside,circle,purple,large,4
1939,one large yellow square is below one small grey square,square,yellow,large,below,square,grey,small,3
1940,a medium orange diamond is positioned below a medium yellow hexagon,diamond,orange,medium,below,hexagon,yellow,medium,6
1941,one large grey hexagon is below one medium grey diamond,hexagon,grey,large,below,diamond,grey,medium,3
1942,a large green circle is to the left of a medium green rectangle,circle,green,large,to the left of,rectangle,green,medium,1
1943,a yellow triangle is to the right of a yellow pentagon,triangle,yellow,medium,to the right of,pentagon,yellow,large,4
1944,a medium brown triangle is positioned inside a large purple rectangle,triangle,brown,medium,inside,rectangle,purple,large,6
1945,a yellow diamond is next to a red hexagon,diamond,yellow,small,next to,hexagon,red,large,4
1946,one small yellow pentagon is inside one large brown pentagon,pentagon,yellow,small,inside,pentagon,brown,large,3
1947,a large yellow hexagon is below a large grey hexagon,hexagon,yellow,large,below,hexagon,grey,large,1
1948,there is a small blue triangle to the left of a small purple square,triangle,blue,small,to the left of,square,purple,small,2
1949,a pink pentagon is inside a green hexagon,pentagon,pink,medium,inside,hexagon,green,large,4
1950,a blue diamond is to the right of an orange pentagon,diamond,blue,large,to the right of,pentagon,orange,medium,4
1951,a small blue triangle is positioned to the right of a small purple square,triangle,blue,small,to the right of,square,purple,small,6
1952,there is a medium grey diamond to the right of a medium pink triangle,diamond,grey,medium,to the right of,triangle,pink,medium,2
1953,there is a small pink diamond inside a large grey rectangle,diamond,pink,small,inside,rectangle,grey,large,2
1954,a small rectangle is next to a medium rectangle,rectangle,orange,small,next to,rectangle,yellow,medium,5
1955,a large square is below a small rectangle,square,grey,large,below,rectangle,orange,small,5
1956,one small green triangle is to the left of one small yellow triangle,triangle,green,small,to the left of,triangle,yellow,small,3
1957,a small orange pentagon is positioned above a small orange square,pentagon,orange,small,above,square,orange,small,6
1958,a small blue pentagon is positioned below a small yellow rectangle,pentagon,blue,small,below,rectangle,yellow,small,6
1959,one large yellow triangle is above one large blue square,triangle,yellow,large,above,square,blue,large,3
1960,a medium orange triangle is positioned inside a large brown rectangle,triangle,orange,medium,inside,rectangle,brown,large,6
1961,a medium pink diamond is positioned next to a large grey triangle,diamond,pink,medium,next to,triangle,grey,large,6
1962,a medium green pentagon is positioned next to a small brown circle,pentagon,green,medium,next to,circle,brown,small,6
1963,a medium orange pentagon is to the left of a small blue rectangle,pentagon,orange,medium,to the left of,rectangle,blue,small,1
1964,a large pink triangle is positioned next to a medium pink hexagon,triangle,pink,large,next to,hexagon,pink,medium,6
1965,a grey rectangle is below a brown oval,rectangle,grey,medium,below,oval,brown,medium,4
1966,there is a medium blue rectangle next to a small purple diamond,rectangle,blue,medium,next to,diamond,purple,small,2
1967,a large grey oval is above a small brown oval,oval,grey,large,above,oval,brown,small,1
1968,a large oval is below a large pentagon,oval,red,large,below,pentagon,green,large,5
1969,one large brown circle is next to one small orange square,circle,brown,large,next to,square,orange,small,3
1970,a large pentagon is to the left of a small circle,pentagon,yellow,large,to the left of,circle,green,small,5
1971,a large orange pentagon is positioned next to a small blue pentagon,pentagon,orange,large,next to,pentagon,blue,small,6
1972,a large green circle is next to a small blue hexagon,circle,green,large,next to,hexagon,blue,small,1
1973,a large yellow square is above a small yellow rectangle,square,yellow,large,above,rectangle,yellow,small,1
1974,there is a small green circle above a large brown hexagon,circle,green,small,above,hexagon,brown,large,2
1975,one medium pink circle is below one medium yellow triangle,circle,pink,medium,below,triangle,yellow,medium,3
1976,a medium blue triangle is positioned to the right of a small yellow triangle,triangle,blue,medium,to the right of,triangle,yellow,small,6
1977,a medium red pentagon is inside a large brown pentagon,pentagon,red,medium,inside,pentagon,brown,large,1
1978,there is a medium orange pentagon below a small red diamond,pentagon,orange,medium,below,diamond,red,small,2
1979,a medium orange rectangle is positioned below a medium grey hexagon,rectangle,orange,medium,below,hexagon,grey,medium,6
1980,a medium circle is next to a large oval,circle,yellow,medium,next to,oval,orange,large,5
1981,a large brown square is positioned to the left of a large orange oval,square,brown,large,to the left of,oval,orange,large,6
1982,there is a large green circle to the right of a medium purple oval,circle,green,large,to the right of,oval,purple,medium,2
1983,one small brown triangle is inside one medium brown pentagon,triangle,brown,small,inside,pentagon,brown,medium,3
1984,a medium brown triangle is positioned next to a large pink hexagon,triangle,brown,medium,next to,hexagon,pink,large,6
1985,a large circle is below a medium hexagon,circle,pink,large,below,hexagon,pink,medium,5
1986,a grey diamond is inside a grey pentagon,diamond,grey,medium,inside,pentagon,grey,large,4
1987,there is a small blue oval to the right of a medium blue square,oval,blue,small,to the right of,square,blue,medium,2
1988,a brown pentagon is below a yellow diamond,pentagon,brown,small,below,diamond,yellow,small,4
1989,a blue diamond is inside a grey hexagon,diamond,blue,small,inside,hexagon,grey,medium,4
1990,a small square is to the left of a small rectangle,square,orange,small,to the left of,rectangle,green,small,5
1991,a medium orange rectangle is positioned to the left of a small grey diamond,rectangle,orange,medium,to the left of,diamond,grey,small,6
1992,a small yellow pentagon is positioned inside a medium grey diamond,pentagon,yellow,small,inside,diamond,grey,medium,6
1993,a small yellow rectangle is positioned above a small pink square,rectangle,yellow,small,above,square,pink,small,6
1994,a small pink rectangle is positioned inside a medium orange pentagon,rectangle,pink,small,inside,pentagon,orange,medium,6
1995,an orange diamond is inside a purple hexagon,diamond,orange,small,inside,hexagon,purple,medium,4
1996,a medium pentagon is below a small triangle,pentagon,purple,medium,below,triangle,orange,small,5
1997,a red triangle is above a green circle,triangle,red,medium,above,circle,green,small,4
1998,one medium red triangle is next to one small grey triangle,triangle,red,medium,next to,triangle,grey,small,3
1999,a medium red hexagon is to the left of a medium purple square,hexagon,red,medium,to the left of,square,purple,medium,1
2000,a large triangle is below a medium hexagon,triangle,grey,large,below,hexagon,grey,medium,5
2001,a small blue triangle is next to a small green square,triangle,blue,small,next to,square,green,small,1
2002,there is a small pink rectangle next to a medium green circle,rectangle,pink,small,next to,circle,green,medium,2
2003,a medium orange circle is inside a large grey circle,circle,orange,medium,inside,circle,grey,large,1
2004,a medium purple oval is to the left of a large brown triangle,oval,purple,medium,to the left of,triangle,brown,large,1
2005,a small oval is next to a small diamond,oval,pink,small,next to,diamond,blue,small,5
2006,a small yellow diamond is to the left of a medium green triangle,diamond,yellow,small,to the left of,triangle,green,medium,1
2007,a small yellow pentagon is below a small brown pentagon,pentagon,yellow,small,below,pentagon,brown,small,1
2008,a small blue oval is positioned below a small red circle,oval,blue,small,below,circle,red,small,6
2009,one large purple triangle is next to one medium orange hexagon,triangle,purple,large,next to,hexagon,orange,medium,3
2010,a medium yellow triangle is next to a small red pentagon,triangle,yellow,medium,next to,pentagon,red,small,1
2011,a large diamond is next to a large square,diamond,red,large,next to,square,pink,large,5
2012,there is a small blue circle inside a large blue circle,circle,blue,small,inside,circle,blue,large,2
2013,one medium brown hexagon is to the right of one large red rectangle,hexagon,brown,medium,to the right of,rectangle,red,large,3
2014,there is a large brown rectangle below a large grey pentagon,rectangle,brown,large,below,pentagon,grey,large,2
2015,a blue triangle is inside an orange oval,triangle,blue,medium,inside,oval,orange,large,4
2016,a blue triangle is below a pink rectangle,triangle,blue,small,below,rectangle,pink,small,4
2017,a red triangle is above a purple square,triangle,red,small,above,square,purple,small,4
2018,one medium green rectangle is next to one medium blue hexagon,rectangle,green,medium,next to,hexagon,blue,medium,3
2019,a small rectangle is to the left of a small hexagon,rectangle,orange,small,to the left of,hexagon,grey,small,5
2020,a large brown oval is positioned to the left of a medium blue diamond,oval,brown,large,to the left of,diamond,blue,medium,6
2021,a large pink circle is next to a small blue hexagon,circle,pink,large,next to,hexagon,blue,small,1
2022,a small blue triangle is below a large blue rectangle,triangle,blue,small,below,rectangle,blue,large,1
2023,one large pink hexagon is to the left of one small red rectangle,hexagon,pink,large,to the left of,rectangle,red,small,3
2024,there is a medium grey rectangle to the left of a large yellow oval,rectangle,grey,medium,to the left of,oval,yellow,large,2
2025,there is a medium red rectangle inside a large yellow triangle,rectangle,red,medium,inside,triangle,yellow,large,2
2026,one small grey pentagon is inside one medium red pentagon,pentagon,grey,small,inside,pentagon,red,medium,3
2027,a large yellow square is above a small orange triangle,square,yellow,large,above,triangle,orange,small,1
2028,a medium rectangle is to the left of a large pentagon,rectangle,blue,medium,to the left of,pentagon,orange,large,5
2029,one small pink square is below one large red pentagon,square,pink,small,below,pentagon,red,large,3
2030,a small grey square is next to a medium green square,square,grey,small,next to,square,green,medium,1
2031,a medium rectangle is to the left of a medium oval,rectangle,orange,medium,to the left of,oval,orange,medium,5
2032,a small diamond is inside a medium square,diamond,orange,small,inside,square,purple,medium,5
2033,one medium yellow square is to the left of one small brown triangle,square,yellow,medium,to the left of,triangle,brown,small,3
2034,a brown pentagon is below a pink square,pentagon,brown,large,below,square,pink,medium,4
2035,a pink pentagon is below a yellow square,pentagon,pink,medium,below,square,yellow,large,4
2036,a small red square is positioned to the right of a small pink square,square,red,small,to the right of,square,pink,small,6
2037,a small circle is inside a medium square,circle,orange,small,inside,square,pink,medium,5
2038,a small grey diamond is next to a medium blue oval,diamond,grey,small,next to,oval,blue,medium,1
2039,a medium grey circle is inside a large blue triangle,circle,grey,medium,inside,triangle,blue,large,1
2040,a small grey rectangle is below a small grey square,rectangle,grey,small,below,square,grey,small,1
2041,there is a medium pink square above a small brown rectangle,square,pink,medium,above,rectangle,brown,small,2
2042,one large yellow oval is to the right of one large green circle,oval,yellow,large,to the right of,circle,green,large,3
2043,a large green oval is positioned to the left of a large green triangle,oval,green,large,to the left of,triangle,green,large,6
2044,a small purple diamond is positioned next to a medium orange pentagon,diamond,purple,small,next to,pentagon,orange,medium,6
2045,a medium brown pentagon is above a small purple diamond,pentagon,brown,medium,above,diamond,purple,small,1
2046,a small purple circle is positioned inside a medium yellow triangle,circle,purple,small,inside,triangle,yellow,medium,6
2047,a red pentagon is to the right of a purple oval,pentagon,red,large,to the right of,oval,purple,medium,4
2048,there is a small yellow hexagon above a small blue triangle,hexagon,yellow,small,above,triangle,blue,small,2
2049,a small green square is inside a medium grey oval,square,green,small,inside,oval,grey,medium,1
2050,a medium pentagon is to the right of a large circle,pentagon,red,medium,to the right of,circle,pink,large,5
2051,a small diamond is to the right of a medium square,diamond,grey,small,to the right of,square,red,medium,5
2052,a small blue oval is inside a medium green square,oval,blue,small,inside,square,green,medium,1
2053,a small purple pentagon is positioned next to a large green oval,pentagon,purple,small,next to,oval,green,large,6
2054,a small red triangle is positioned above a large blue circle,triangle,red,small,above,circle,blue,large,6
2055,a small square is inside a large hexagon,square,green,small,inside,hexagon,red,large,5
2056,a medium pentagon is above a small pentagon,pentagon,yellow,medium,above,pentagon,orange,small,5
2057,a large yellow circle is to the left of a small orange rectangle,circle,yellow,large,to the left of,rectangle,orange,small,1
2058,there is a small brown hexagon to the left of a large orange pentagon,hexagon,brown,small,to the left of,pentagon,orange,large,2
2059,a large blue pentagon is to the right of a small yellow rectangle,pentagon,blue,large,to the right of,rectangle,yellow,small,1
2060,a small blue square is to the right of a medium brown oval,square,blue,small,to the right of,oval,brown,medium,1
2061,a large diamond is to the left of a large circle,diamond,pink,large,to the left of,circle,pink,large,5
2062,one large blue diamond is next to one large purple hexagon,diamond,blue,large,next to,hexagon,purple,large,3
2063,a red circle is above an orange diamond,circle,red,small,above,diamond,orange,large,4
2064,there is a small yellow pentagon above a medium purple hexagon,pentagon,yellow,small,above,hexagon,purple,medium,2
2065,a medium grey rectangle is to the right of a small purple diamond,rectangle,grey,medium,to the right of,diamond,purple,small,1
2066,there is a large yellow oval above a medium yellow circle,oval,yellow,large,above,circle,yellow,medium,2
2067,one large purple diamond is to the left of one medium grey diamond,diamond,purple,large,to the left of,diamond,grey,medium,3
2068,one large orange circle is to the right of one medium grey rectangle,circle,orange,large,to the right of,rectangle,grey,medium,3
2069,a small square is to the left of a medium pentagon,square,blue,small,to the left of,pentagon,orange,medium,5
2070,a small yellow rectangle is positioned inside a large blue oval,rectangle,yellow,small,inside,oval,blue,large,6
2071,one medium grey rectangle is inside one large red hexagon,rectangle,grey,medium,inside,hexagon,red,large,3
2072,a small triangle is inside a large diamond,triangle,green,small,inside,diamond,pink,large,5
2073,there is a medium orange rectangle below a small orange circle,rectangle,orange,medium,below,circle,orange,small,2
2074,one medium grey circle is above one large grey square,circle,grey,medium,above,square,grey,large,3
2075,one medium green circle is below one medium yellow rectangle,circle,green,medium,below,rectangle,yellow,medium,3
2076,an orange square is to the left of a red rectangle,square,orange,large,to the left of,rectangle,red,small,4
2077,a large green hexagon is above a medium brown triangle,hexagon,green,large,above,triangle,brown,medium,1
2078,one small pink square is to the right of one small yellow circle,square,pink,small,to the right of,circle,yellow,small,3
2079,a small yellow hexagon is positioned above a large blue diamond,hexagon,yellow,small,above,diamond,blue,large,6
2080,one medium yellow triangle is to the left of one small blue circle,triangle,yellow,medium,to the left of,circle,blue,small,3
2081,one medium green oval is to the right of one small yellow triangle,oval,green,medium,to the right of,triangle,yellow,small,3
2082,a large green circle is to the left of a small green square,circle,green,large,to the left of,square,green,small,1
2083,there is a small blue pentagon below a medium grey square,pentagon,blue,small,below,square,grey,medium,2
2084,one large yellow pentagon is next to one large blue square,pentagon,yellow,large,next to,square,blue,large,3
2085,an orange diamond is above a grey rectangle,diamond,orange,small,above,rectangle,grey,small,4
2086,a blue hexagon is next to a red rectangle,hexagon,blue,small,next to,rectangle,red,small,4
2087,there is a large red oval to the right of a small blue triangle,oval,red,large,to the right of,triangle,blue,small,2
2088,a small red circle is positioned next to a medium brown oval,circle,red,small,next to,oval,brown,medium,6
2089,a grey circle is to the left of a brown rectangle,circle,grey,large,to the left of,rectangle,brown,large,4
2090,there is a medium green triangle to the right of a medium purple diamond,triangle,green,medium,to the right of,diamond,purple,medium,2
2091,there is a medium yellow hexagon next to a medium purple square,hexagon,yellow,medium,next to,square,purple,medium,2
2092,a large orange pentagon is positioned to the left of a small red hexagon,pentagon,orange,large,to the left of,hexagon,red,small,6
2093,there is a medium blue pentagon to the right of a medium brown oval,pentagon,blue,medium,to the right of,oval,brown,medium,2
2094,a small pentagon is below a small square,pentagon,yellow,small,below,square,green,small,5
2095,a pink diamond is below a pink triangle,diamond,pink,small,below,triangle,pink,large,4
2096,a green oval is inside a yellow triangle,oval,green,medium,inside,triangle,yellow,large,4
2097,a medium purple diamond is below a medium blue hexagon,diamond,purple,medium,below,hexagon,blue,medium,1
2098,one small grey oval is to the left of one medium red hexagon,oval,grey,small,to the left of,hexagon,red,medium,3
2099,a medium red hexagon is above a medium orange square,hexagon,red,medium,above,square,orange,medium,1
2100,a small rectangle is next to a large oval,rectangle,grey,small,next to,oval,purple,large,5
2101,a medium red circle is positioned to the left of a medium pink hexagon,circle,red,medium,to the left of,hexagon,pink,medium,6
2102,one medium purple triangle is to the right of one large grey pentagon,triangle,purple,medium,to the right of,pentagon,grey,large,3
2103,a grey circle is below an orange triangle,circle,grey,large,below,triangle,orange,small,4
2104,one large red pentagon is to the right of one medium brown circle,pentagon,red,large,to the right of,circle,brown,medium,3
2105,a medium pink triangle is below a medium grey triangle,triangle,pink,medium,below,triangle,grey,medium,1
2106,a medium hexagon is to the left of a small pentagon,hexagon,orange,medium,to the left of,pentagon,yellow,small,5
2107,a red triangle is above a yellow rectangle,triangle,red,small,above,rectangle,yellow,medium,4
2108,a small pentagon is to the left of a large triangle,pentagon,brown,small,to the left of,triangle,brown,large,5
2109,a large diamond is above a medium triangle,diamond,grey,large,above,triangle,pink,medium,5
2110,one large pink circle is above one small grey rectangle,circle,pink,large,above,rectangle,grey,small,3
2111,there is a small purple square above a medium orange pentagon,square,purple,small,above,pentagon,orange,medium,2
2112,a medium purple hexagon is to the right of a medium green oval,hexagon,purple,medium,to the right of,oval,green,medium,1
2113,a small purple diamond is positioned above a large green diamond,diamond,purple,small,above,diamond,green,large,6
2114,a small pentagon is next to a small diamond,pentagon,pink,small,next to,diamond,pink,small,5
2115,a large brown rectangle is to the left of a large purple triangle,rectangle,brown,large,to the left of,triangle,purple,large,1
2116,there is a medium yellow rectangle to the right of a large pink square,rectangle,yellow,medium,to the right of,square,pink,large,2
2117,a medium blue diamond is below a large grey diamond,diamond,blue,medium,below,diamond,grey,large,1
2118,there is a medium orange circle to the left of a large purple diamond,circle,orange,medium,to the left of,diamond,purple,large,2
2119,there is a small yellow square below a medium red pentagon,square,yellow,small,below,pentagon,red,medium,2
2120,one small blue square is to the left of one medium blue rectangle,square,blue,small,to the left of,rectangle,blue,medium,3
2121,there is a small purple oval below a small brown pentagon,oval,purple,small,below,pentagon,brown,small,2
2122,a medium grey diamond is to the left of a medium grey rectangle,diamond,grey,medium,to the left of,rectangle,grey,medium,1
2123,a medium blue rectangle is positioned to the left of a medium blue triangle,rectangle,blue,medium,to the left of,triangle,blue,medium,6
2124,there is a large pink diamond to the right of a small brown pentagon,diamond,pink,large,to the right of,pentagon,brown,small,2
2125,a large brown diamond is to the right of a small red rectangle,diamond,brown,large,to the right of,rectangle,red,small,1
2126,a small brown rectangle is inside a medium orange square,rectangle,brown,small,inside,square,orange,medium,1
2127,there is a medium yellow pentagon to the left of a medium red pentagon,pentagon,yellow,medium,to the left of,pentagon,red,medium,2
2128,a medium green hexagon is above a medium brown pentagon,hexagon,green,medium,above,pentagon,brown,medium,1
2129,a medium green square is next to a large purple circle,square,green,medium,next to,circle,purple,large,1
2130,a large orange diamond is positioned below a medium blue pentagon,diamond,orange,large,below,pentagon,blue,medium,6
2131,a small red square is below a medium orange oval,square,red,small,below,oval,orange,medium,1
2132,a medium rectangle is below a large square,rectangle,grey,medium,below,square,grey,large,5
2133,a brown square is inside a red triangle,square,brown,small,inside,triangle,red,medium,4
2134,there is a large brown rectangle below a medium brown pentagon,rectangle,brown,large,below,pentagon,brown,medium,2
2135,there is a medium blue circle below a large brown hexagon,circle,blue,medium,below,hexagon,brown,large,2
2136,a small pink rectangle is positioned to the right of a small purple diamond,rectangle,pink,small,to the right of,diamond,purple,small,6
2137,a medium pink hexagon is above a medium blue circle,hexagon,pink,medium,above,circle,blue,medium,1
2138,a small triangle is next to a medium square,triangle,green,small,next to,square,grey,medium,5
2139,there is a medium red circle below a small pink triangle,circle,red,medium,below,triangle,pink,small,2
2140,one large orange rectangle is to the left of one small purple hexagon,rectangle,orange,large,to the left of,hexagon,purple,small,3
2141,there is a small orange pentagon above a medium yellow diamond,pentagon,orange,small,above,diamond,yellow,medium,2
2142,a medium orange diamond is inside a large red circle,diamond,orange,medium,inside,circle,red,large,1
2143,one medium grey hexagon is inside one large purple diamond,hexagon,grey,medium,inside,diamond,purple,large,3
2144,there is a large green diamond above a medium purple hexagon,diamond,green,large,above,hexagon,purple,medium,2
2145,one medium grey circle is next to one large red circle,circle,grey,medium,next to,circle,red,large,3
2146,one medium yellow pentagon is inside one large purple hexagon,pentagon,yellow,medium,inside,hexagon,purple,large,3
2147,a large purple circle is above a small pink pentagon,circle,purple,large,above,pentagon,pink,small,1
2148,one medium red square is to the left of one large yellow diamond,square,red,medium,to the left of,diamond,yellow,large,3
2149,a large hexagon is above a small hexagon,hexagon,green,large,above,hexagon,purple,small,5
2150,a medium square is above a small rectangle,square,orange,medium,above,rectangle,purple,small,5
2151,there is a medium red triangle to the left of a small orange hexagon,triangle,red,medium,to the left of,hexagon,orange,small,2
2152,a brown pentagon is next to a green triangle,pentagon,brown,large,next to,triangle,green,medium,4
2153,a medium red rectangle is above a large brown circle,rectangle,red,medium,above,circle,brown,large,1
2154,a large blue square is below a medium purple pentagon,square,blue,large,below,pentagon,purple,medium,1
2155,a large pentagon is to the right of a large hexagon,pentagon,orange,large,to the right of,hexagon,green,large,5
2156,a small red triangle is positioned inside a large purple rectangle,triangle,red,small,inside,rectangle,purple,large,6
2157,a medium red triangle is above a small brown diamond,triangle,red,medium,above,diamond,brown,small,1
2158,a medium red hexagon is positioned to the right of a small orange rectangle,hexagon,red,medium,to the right of,rectangle,orange,small,6
2159,a medium yellow square is above a large blue circle,square,yellow,medium,above,circle,blue,large,1
2160,a large red triangle is positioned below a large green triangle,triangle,red,large,below,triangle,green,large,6
2161,one small green pentagon is inside one large grey oval,pentagon,green,small,inside,oval,grey,large,3
2162,one medium orange triangle is to the right of one medium pink rectangle,triangle,orange,medium,to the right of,rectangle,pink,medium,3
2163,a medium red hexagon is inside a large yellow diamond,hexagon,red,medium,inside,diamond,yellow,large,1
2164,a small circle is inside a large circle,circle,yellow,small,inside,circle,green,large,5
2165,one small yellow circle is to the right of one medium orange square,circle,yellow,small,to the right of,square,orange,medium,3
2166,a small blue square is inside a medium grey oval,square,blue,small,inside,oval,grey,medium,1
2167,a brown oval is above a pink oval,oval,brown,medium,above,oval,pink,small,4
2168,one small purple circle is to the right of one small orange pentagon,circle,purple,small,to the right of,pentagon,orange,small,3
2169,one medium yellow triangle is to the left of one medium blue triangle,triangle,yellow,medium,to the left of,triangle,blue,medium,3
2170,a large grey hexagon is above a large grey pentagon,hexagon,grey,large,above,pentagon,grey,large,1
2171,a small pink circle is to the right of a medium yellow diamond,circle,pink,small,to the right of,diamond,yellow,medium,1
2172,a large green oval is positioned below a medium blue square,oval,green,large,below,square,blue,medium,6
2173,a small pink hexagon is positioned to the right of a medium orange oval,hexagon,pink,small,to the right of,oval,orange,medium,6
2174,there is a small yellow square to the left of a medium blue triangle,square,yellow,small,to the left of,triangle,blue,medium,2
2175,a medium yellow square is positioned to the right of a large purple pentagon,square,yellow,medium,to the right of,pentagon,purple,large,6
2176,there is a small green diamond above a small green rectangle,diamond,green,small,above,rectangle,green,small,2
2177,there is a large blue oval below a medium red pentagon,oval,blue,large,below,pentagon,red,medium,2
2178,one medium green oval is inside one large orange circle,oval,green,medium,inside,circle,orange,large,3
2179,a medium brown square is to the right of a small yellow square,square,brown,medium,to the right of,square,yellow,small,1
2180,one small brown square is next to one medium pink circle,square,brown,small,next to,circle,pink,medium,3
2181,there is a medium yellow circle above a small red triangle,circle,yellow,medium,above,triangle,red,small,2
2182,there is a small pink diamond inside a medium grey circle,diamond,pink,small,inside,circle,grey,medium,2
2183,there is a large brown hexagon to the right of a large grey triangle,hexagon,brown,large,to the right of,triangle,grey,large,2
2184,a medium blue pentagon is above a medium green diamond,pentagon,blue,medium,above,diamond,green,medium,1
2185,a medium square is to the right of a small hexagon,square,red,medium,to the right of,hexagon,pink,small,5
2186,a small yellow rectangle is positioned next to a small green pentagon,rectangle,yellow,small,next to,pentagon,green,small,6
2187,a brown square is above a green square,square,brown,large,above,square,green,small,4
2188,a small purple square is next to a small yellow oval,square,purple,small,next to,oval,yellow,small,1
2189,there is a medium green square next to a small orange diamond,square,green,medium,next to,diamond,orange,small,2
2190,one small yellow oval is to the left of one small green circle,oval,yellow,small,to the left of,circle,green,small,3
2191,a medium triangle is below a medium oval,triangle,pink,medium,below,oval,yellow,medium,5
2192,one large orange square is above one small blue square,square,orange,large,above,square,blue,small,3
2193,a red triangle is next to an orange oval,triangle,red,medium,next to,oval,orange,small,4
2194,a large red rectangle is to the right of a medium grey oval,rectangle,red,large,to the right of,oval,grey,medium,1
2195,a large red pentagon is positioned above a large purple circle,pentagon,red,large,above,circle,purple,large,6
2196,there is a small red oval to the left of a medium purple pentagon,oval,red,small,to the left of,pentagon,purple,medium,2
2197,a purple rectangle is below a yellow pentagon,rectangle,purple,small,below,pentagon,yellow,medium,4
2198,a large red pentagon is to the left of a medium grey square,pentagon,red,large,to the left of,square,grey,medium,1
2199,a small square is below a medium diamond,square,yellow,small,below,diamond,purple,medium,5
2200,there is a small yellow hexagon to the right of a medium brown pentagon,hexagon,yellow,small,to the right of,pentagon,brown,medium,2
2201,there is a large purple hexagon below a large orange diamond,hexagon,purple,large,below,diamond,orange,large,2
2202,one large brown hexagon is above one medium red hexagon,hexagon,brown,large,above,hexagon,red,medium,3
2203,one small grey square is to the left of one medium blue pentagon,square,grey,small,to the left of,pentagon,blue,medium,3
2204,one small brown square is to the right of one small purple square,square,brown,small,to the right of,square,purple,small,3
2205,a large grey pentagon is to the left of a small brown pentagon,pentagon,grey,large,to the left of,pentagon,brown,small,1
2206,a small green circle is inside a large blue rectangle,circle,green,small,inside,rectangle,blue,large,1
2207,one medium green circle is next to one medium green oval,circle,green,medium,next to,oval,green,medium,3
2208,one medium blue diamond is next to one medium brown triangle,diamond,blue,medium,next to,triangle,brown,medium,3
2209,a small orange triangle is positioned to the left of a large blue square,triangle,orange,small,to the left of,square,blue,large,6
2210,a brown hexagon is to the right of a red circle,hexagon,brown,medium,to the right of,circle,red,small,4
2211,there is a large yellow diamond to the left of a large red triangle,diamond,yellow,large,to the left of,triangle,red,large,2
2212,a small orange triangle is to the left of a medium blue circle,triangle,orange,small,to the left of,circle,blue,medium,1
2213,a medium diamond is inside a large circle,diamond,grey,medium,inside,circle,yellow,large,5
2214,one large blue square is to the left of one medium yellow oval,square,blue,large,to the left of,oval,yellow,medium,3
2215,one large blue diamond is to the right of one large brown oval,diamond,blue,large,to the right of,oval,brown,large,3
2216,an orange circle is below an orange pentagon,circle,orange,medium,below,pentagon,orange,large,4
2217,a large circle is below a large pentagon,circle,orange,large,below,pentagon,orange,large,5
2218,there is a large yellow hexagon next to a medium green pentagon,hexagon,yellow,large,next to,pentagon,green,medium,2
2219,a small brown circle is above a small red square,circle,brown,small,above,square,red,small,1
2220,a medium pink hexagon is positioned next to a large purple oval,hexagon,pink,medium,next to,oval,purple,large,6
2221,there is a small green square next to a small purple triangle,square,green,small,next to,triangle,purple,small,2
2222,a small blue triangle is below a medium grey circle,triangle,blue,small,below,circle,grey,medium,1
2223,a large grey circle is to the left of a medium pink rectangle,circle,grey,large,to the left of,rectangle,pink,medium,1
2224,a medium circle is below a large hexagon,circle,blue,medium,below,hexagon,green,large,5
2225,there is a small grey rectangle above a small grey hexagon,rectangle,grey,small,above,hexagon,grey,small,2
2226,one large green square is above one medium brown rectangle,square,green,large,above,rectangle,brown,medium,3
2227,an orange circle is to the right of a brown pentagon,circle,orange,large,to the right of,pentagon,brown,small,4
2228,there is a large pink diamond below a large red oval,diamond,pink,large,below,oval,red,large,2
2229,one large green circle is to the right of one large green circle,circle,green,large,to the right of,circle,green,large,3
2230,one medium grey diamond is to the left of one medium yellow rectangle,diamond,grey,medium,to the left of,rectangle,yellow,medium,3
2231,a medium pink diamond is positioned below a medium red circle,diamond,pink,medium,below,circle,red,medium,6
2232,a brown oval is to the left of a pink square,oval,brown,small,to the left of,square,pink,small,4
2233,an orange triangle is next to a purple oval,triangle,orange,large,next to,oval,purple,small,4
2234,a medium purple hexagon is next to a medium pink circle,hexagon,purple,medium,next to,circle,pink,medium,1
2235,a medium yellow square is positioned to the left of a large purple hexagon,square,yellow,medium,to the left of,hexagon,purple,large,6
2236,a small rectangle is inside a medium diamond,rectangle,orange,small,inside,diamond,yellow,medium,5
2237,a medium square is inside a large square,square,yellow,medium,inside,square,orange,large,5
2238,one small pink hexagon is to the left of one small pink square,hexagon,pink,small,to the left of,square,pink,small,3
2239,a blue diamond is inside a pink circle,diamond,blue,medium,inside,circle,pink,large,4
2240,a medium orange pentagon is positioned to the right of a small red triangle,pentagon,orange,medium,to the right of,triangle,red,small,6
2241,one small red triangle is to the left of one large red triangle,triangle,red,small,to the left of,triangle,red,large,3
2242,a large square is to the left of a medium oval,square,green,large,to the left of,oval,grey,medium,5
2243,there is a large yellow circle above a small brown pentagon,circle,yellow,large,above,pentagon,brown,small,2
2244,a large triangle is to the left of a medium pentagon,triangle,brown,large,to the left of,pentagon,yellow,medium,5
2245,a yellow diamond is next to a green square,diamond,yellow,large,next to,square,green,medium,4
2246,a medium green hexagon is positioned to the left of a large green triangle,hexagon,green,medium,to the left of,triangle,green,large,6
2247,a large blue triangle is positioned below a medium orange circle,triangle,blue,large,below,circle,orange,medium,6
2248,a small diamond is to the right of a small oval,diamond,orange,small,to the right of,oval,orange,small,5
2249,an orange rectangle is inside a grey square,rectangle,orange,medium,inside,square,grey,large,4
2250,there is a large green pentagon next to a small red circle,pentagon,green,large,next to,circle,red,small,2
2251,one medium grey circle is to the left of one large grey rectangle,circle,grey,medium,to the left of,rectangle,grey,large,3
2252,an orange oval is to the left of a red circle,oval,orange,large,to the left of,circle,red,medium,4
2253,there is a large purple circle to the left of a medium brown circle,circle,purple,large,to the left of,circle,brown,medium,2
2254,a small orange hexagon is to the right of a large red triangle,hexagon,orange,small,to the right of,triangle,red,large,1
2255,a medium hexagon is above a medium rectangle,hexagon,yellow,medium,above,rectangle,grey,medium,5
2256,a medium pentagon is inside a large circle,pentagon,green,medium,inside,circle,red,large,5
2257,a red pentagon is to the left of a pink rectangle,pentagon,red,small,to the left of,rectangle,pink,small,4
2258,one small blue hexagon is below one small grey rectangle,hexagon,blue,small,below,rectangle,grey,small,3
2259,there is a medium pink hexagon to the right of a medium purple oval,hexagon,pink,medium,to the right of,oval,purple,medium,2
2260,a large pink square is positioned to the right of a small pink triangle,square,pink,large,to the right of,triangle,pink,small,6
2261,one small brown hexagon is to the right of one medium orange rectangle,hexagon,brown,small,to the right of,rectangle,orange,medium,3
2262,a large red circle is next to a small red rectangle,circle,red,large,next to,rectangle,red,small,1
2263,one medium green hexagon is to the right of one medium orange square,hexagon,green,medium,to the right of,square,orange,medium,3
2264,one large red rectangle is below one small grey circle,rectangle,red,large,below,circle,grey,small,3
2265,an orange circle is next to a grey pentagon,circle,orange,large,next to,pentagon,grey,large,4
2266,a small diamond is to the right of a large diamond,diamond,yellow,small,to the right of,diamond,brown,large,5
2267,there is a medium grey square to the right of a small orange diamond,square,grey,medium,to the right of,diamond,orange,small,2
2268,a small red diamond is positioned inside a large orange triangle,diamond,red,small,inside,triangle,orange,large,6
2269,a grey hexagon is below a green rectangle,hexagon,grey,small,below,rectangle,green,medium,4
2270,a medium brown hexagon is positioned next to a medium orange circle,hexagon,brown,medium,next to,circle,orange,medium,6
2271,a green triangle is below a green rectangle,triangle,green,small,below,rectangle,green,large,4
2272,one medium blue oval is above one small red hexagon,oval,blue,medium,above,hexagon,red,small,3
2273,a medium circle is above a small circle,circle,grey,medium,above,circle,orange,small,5
2274,a pink rectangle is above an orange pentagon,rectangle,pink,small,above,pentagon,orange,medium,4
2275,a large pink hexagon is next to a medium pink diamond,hexagon,pink,large,next to,diamond,pink,medium,1
2276,there is a medium brown rectangle next to a large brown diamond,rectangle,brown,medium,next to,diamond,brown,large,2
2277,there is a small green triangle above a small blue diamond,triangle,green,small,above,diamond,blue,small,2
2278,a small grey rectangle is positioned above a small grey oval,rectangle,grey,small,above,oval,grey,small,6
2279,one small yellow rectangle is inside one large orange rectangle,rectangle,yellow,small,inside,rectangle,orange,large,3
2280,a yellow triangle is to the left of a brown diamond,triangle,yellow,large,to the left of,diamond,brown,medium,4
2281,one small orange circle is to the left of one large blue triangle,circle,orange,small,to the left of,triangle,blue,large,3
2282,there is a large orange rectangle to the right of a medium yellow hexagon,rectangle,orange,large,to the right of,hexagon,yellow,medium,2
2283,one medium red rectangle is below one medium green rectangle,rectangle,red,medium,below,rectangle,green,medium,3
2284,one small pink rectangle is below one small grey hexagon,rectangle,pink,small,below,hexagon,grey,small,3
2285,a small orange diamond is inside a large pink square,diamond,orange,small,inside,square,pink,large,1
2286,one large pink oval is to the right of one large green diamond,oval,pink,large,to the right of,diamond,green,large,3
2287,there is a small brown rectangle above a medium brown hexagon,rectangle,brown,small,above,hexagon,brown,medium,2
2288,a large oval is below a medium square,oval,purple,large,below,square,grey,medium,5
2289,one small orange triangle is above one small orange diamond,triangle,orange,small,above,diamond,orange,small,3
2290,there is a small yellow pentagon inside a medium brown hexagon,pentagon,yellow,small,inside,hexagon,brown,medium,2
2291,a pink diamond is above a green square,diamond,pink,small,above,square,green,small,4
2292,one small red triangle is to the right of one large purple circle,triangle,red,small,to the right of,circle,purple,large,3
2293,a pink triangle is inside a brown triangle,triangle,pink,medium,inside,triangle,brown,large,4
2294,one small blue triangle is inside one medium yellow triangle,triangle,blue,small,inside,triangle,yellow,medium,3
2295,one large yellow circle is to the right of one large pink triangle,circle,yellow,large,to the right of,triangle,pink,large,3
2296,a large rectangle is to the left of a small circle,rectangle,green,large,to the left of,circle,blue,small,5
2297,there is a large green square to the right of a large blue square,square,green,large,to the right of,square,blue,large,2
2298,a pink hexagon is to the right of a green oval,hexagon,pink,small,to the right of,oval,green,medium,4
2299,a large pink circle is to the left of a small grey oval,circle,pink,large,to the left of,oval,grey,small,1
2300,a large pentagon is to the left of a large pentagon,pentagon,green,large,to the left of,pentagon,yellow,large,5
2301,a yellow square is above an orange pentagon,square,yellow,large,above,pentagon,orange,small,4
2302,a yellow square is to the right of a purple rectangle,square,yellow,medium,to the right of,rectangle,purple,medium,4
2303,a small yellow oval is positioned below a large purple square,oval,yellow,small,below,square,purple,large,6
2304,a medium red pentagon is to the right of a small green pentagon,pentagon,red,medium,to the right of,pentagon,green,small,1
2305,a large grey oval is next to a large yellow pentagon,oval,grey,large,next to,pentagon,yellow,large,1
2306,a blue circle is to the left of a grey diamond,circle,blue,medium,to the left of,diamond,grey,medium,4
2307,a brown rectangle is next to a grey hexagon,rectangle,brown,large,next to,hexagon,grey,large,4
2308,a green square is to the right of a blue pentagon,square,green,medium,to the right of,pentagon,blue,medium,4
2309,one medium grey triangle is next to one small pink hexagon,triangle,grey,medium,next to,hexagon,pink,small,3
2310,a large red rectangle is positioned above a medium blue diamond,rectangle,red,large,above,diamond,blue,medium,6
2311,a medium yellow pentagon is below a small pink rectangle,pentagon,yellow,medium,below,rectangle,pink,small,1
2312,a medium yellow pentagon is above a large pink circle,pentagon,yellow,medium,above,circle,pink,large,1
2313,one medium grey pentagon is to the right of one medium purple oval,pentagon,grey,medium,to the right of,oval,purple,medium,3
2314,a small grey pentagon is below a large red rectangle,pentagon,grey,small,below,rectangle,red,large,1
2315,a large hexagon is below a large diamond,hexagon,purple,large,below,diamond,red,large,5
2316,one large blue square is to the left of one large red oval,square,blue,large,to the left of,oval,red,large,3
2317,there is a large orange square to the left of a medium pink oval,square,orange,large,to the left of,oval,pink,medium,2
2318,one small grey circle is to the right of one small purple triangle,circle,grey,small,to the right of,triangle,purple,small,3
2319,a large square is below a medium triangle,square,red,large,below,triangle,yellow,medium,5
2320,a small square is inside a medium square,square,orange,small,inside,square,green,medium,5
2321,a yellow diamond is to the right of an orange square,diamond,yellow,medium,to the right of,square,orange,medium,4
2322,one medium orange diamond is inside one large blue square,diamond,orange,medium,inside,square,blue,large,3
2323,a medium pink hexagon is positioned to the left of a large blue circle,hexagon,pink,medium,to the left of,circle,blue,large,6
2324,a large diamond is to the left of a large rectangle,diamond,green,large,to the left of,rectangle,brown,large,5
2325,there is a large orange oval below a medium brown square,oval,orange,large,below,square,brown,medium,2
2326,one small blue circle is inside one large pink hexagon,circle,blue,small,inside,hexagon,pink,large,3
2327,a green oval is above a green rectangle,oval,green,medium,above,rectangle,green,medium,4
2328,a large triangle is below a large circle,triangle,orange,large,below,circle,yellow,large,5
2329,a medium pentagon is to the right of a medium rectangle,pentagon,purple,medium,to the right of,rectangle,pink,medium,5
2330,a medium oval is above a small diamond,oval,blue,medium,above,diamond,red,small,5
2331,there is a large grey circle to the right of a medium green oval,circle,grey,large,to the right of,oval,green,medium,2
2332,there is a small brown triangle inside a medium green diamond,triangle,brown,small,inside,diamond,green,medium,2
2333,a grey oval is next to a grey rectangle,oval,grey,medium,next to,rectangle,grey,medium,4
2334,there is a small yellow diamond to the right of a small purple diamond,diamond,yellow,small,to the right of,diamond,purple,small,2
2335,one medium pink oval is to the left of one small brown circle,oval,pink,medium,to the left of,circle,brown,small,3
2336,a large pink oval is positioned next to a medium red oval,oval,pink,large,next to,oval,red,medium,6
2337,one medium blue rectangle is next to one medium pink circle,rectangle,blue,medium,next to,circle,pink,medium,3
2338,there is a medium grey diamond below a small brown oval,diamond,grey,medium,below,oval,brown,small,2
2339,a medium diamond is to the right of a medium hexagon,diamond,orange,medium,to the right of,hexagon,red,medium,5
2340,a yellow circle is above a brown oval,circle,yellow,large,above,oval,brown,medium,4
2341,a large purple rectangle is positioned next to a medium orange square,rectangle,purple,large,next to,square,orange,medium,6
2342,a small blue pentagon is positioned inside a large orange diamond,pentagon,blue,small,inside,diamond,orange,large,6
2343,a medium square is above a large diamond,square,red,medium,above,diamond,brown,large,5
2344,one large brown circle is to the left of one small brown triangle,circle,brown,large,to the left of,triangle,brown,small,3
2345,a grey diamond is next to a blue hexagon,diamond,grey,large,next to,hexagon,blue,medium,4
2346,a large square is above a large triangle,square,green,large,above,triangle,grey,large,5
2347,one medium pink square is next to one medium grey diamond,square,pink,medium,next to,diamond,grey,medium,3
2348,a large orange rectangle is above a medium pink triangle,rectangle,orange,large,above,triangle,pink,medium,1
2349,a small yellow hexagon is inside a medium brown pentagon,hexagon,yellow,small,inside,pentagon,brown,medium,1
2350,a small triangle is below a medium oval,triangle,yellow,small,below,oval,green,medium,5
2351,a large pentagon is next to a small diamond,pentagon,blue,large,next to,diamond,brown,small,5
2352,there is a large purple rectangle next to a medium pink pentagon,rectangle,purple,large,next to,pentagon,pink,medium,2
2353,one small green circle is to the right of one large blue oval,circle,green,small,to the right of,oval,blue,large,3
2354,a medium yellow diamond is positioned inside a large brown diamond,diamond,yellow,medium,inside,diamond,brown,large,6
2355,a small blue rectangle is next to a medium yellow hexagon,rectangle,blue,small,next to,hexagon,yellow,medium,1
2356,a small oval is above a small circle,oval,brown,small,above,circle,blue,small,5
2357,one large purple hexagon is above one small grey diamond,hexagon,purple,large,above,diamond,grey,small,3
2358,a large pink hexagon is above a large orange triangle,hexagon,pink,large,above,triangle,orange,large,1
2359,one small green oval is above one large purple circle,oval,green,small,above,circle,purple,large,3
2360,a brown oval is inside an orange circle,oval,brown,small,inside,circle,orange,large,4
2361,a medium yellow square is positioned inside a large green rectangle,square,yellow,medium,inside,rectangle,green,large,6
2362,a medium square is next to a medium diamond,square,pink,medium,next to,diamond,orange,medium,5
2363,an orange circle is below a yellow hexagon,circle,orange,small,below,hexagon,yellow,large,4
2364,one medium purple circle is above one small yellow hexagon,circle,purple,medium,above,hexagon,yellow,small,3
2365,one medium grey square is inside one large green circle,square,grey,medium,inside,circle,green,large,3
2366,a medium purple rectangle is positioned to the right of a medium pink diamond,rectangle,purple,medium,to the right of,diamond,pink,medium,6
2367,a purple triangle is below a blue square,triangle,purple,medium,below,square,blue,medium,4
2368,a large brown oval is positioned to the right of a large orange oval,oval,brown,large,to the right of,oval,orange,large,6
2369,a small red pentagon is next to a small red diamond,pentagon,red,small,next to,diamond,red,small,1
2370,there is a small grey triangle next to a small green diamond,triangle,grey,small,next to,diamond,green,small,2
2371,one large purple oval is to the right of one medium orange triangle,oval,purple,large,to the right of,triangle,orange,medium,3
2372,an orange oval is below a red oval,oval,orange,small,below,oval,red,large,4
2373,one small grey hexagon is above one small brown square,hexagon,grey,small,above,square,brown,small,3
2374,a large oval is above a large pentagon,oval,purple,large,above,pentagon,pink,large,5
2375,there is a small orange square next to a medium brown hexagon,square,orange,small,next to,hexagon,brown,medium,2
2376,one medium blue pentagon is below one large pink pentagon,pentagon,blue,medium,below,pentagon,pink,large,3
2377,one small pink diamond is inside one large green hexagon,diamond,pink,small,inside,hexagon,green,large,3
2378,a medium purple pentagon is to the left of a medium red pentagon,pentagon,purple,medium,to the left of,pentagon,red,medium,1
2379,there is a medium brown pentagon inside a large brown rectangle,pentagon,brown,medium,inside,rectangle,brown,large,2
2380,there is a small red oval to the left of a medium blue circle,oval,red,small,to the left of,circle,blue,medium,2
2381,there is a small green oval inside a large brown oval,oval,green,small,inside,oval,brown,large,2
2382,there is a large green pentagon to the left of a small blue triangle,pentagon,green,large,to the left of,triangle,blue,small,2
2383,a small purple hexagon is positioned to the left of a large orange pentagon,hexagon,purple,small,to the left of,pentagon,orange,large,6
2384,a large diamond is above a medium diamond,diamond,pink,large,above,diamond,purple,medium,5
2385,a small green diamond is positioned inside a medium red pentagon,diamond,green,small,inside,pentagon,red,medium,6
2386,one small brown hexagon is next to one small brown pentagon,hexagon,brown,small,next to,pentagon,brown,small,3
2387,there is a small orange square inside a large grey rectangle,square,orange,small,inside,rectangle,grey,large,2
2388,a pink oval is to the left of an orange rectangle,oval,pink,small,to the left of,rectangle,orange,large,4
2389,a small brown hexagon is positioned above a small green oval,hexagon,brown,small,above,oval,green,small,6
2390,a small purple pentagon is inside a medium red rectangle,pentagon,purple,small,inside,rectangle,red,medium,1
2391,a large yellow oval is positioned next to a medium orange oval,oval,yellow,large,next to,oval,orange,medium,6
2392,a yellow rectangle is above a brown circle,rectangle,yellow,large,above,circle,brown,large,4
2393,a small brown triangle is next to a medium blue diamond,triangle,brown,small,next to,diamond,blue,medium,1
2394,a pink diamond is to the left of a green rectangle,diamond,pink,large,to the left of,rectangle,green,small,4
2395,one large pink circle is next to one medium pink rectangle,circle,pink,large,next to,rectangle,pink,medium,3
2396,a blue rectangle is below a green rectangle,rectangle,blue,medium,below,rectangle,green,large,4
2397,a large red circle is positioned below a large grey pentagon,circle,red,large,below,pentagon,grey,large,6
2398,a small yellow diamond is inside a medium brown hexagon,diamond,yellow,small,inside,hexagon,brown,medium,1
2399,there is a small pink square below a medium pink circle,square,pink,small,below,circle,pink,medium,2
2400,a medium blue hexagon is inside a large brown square,hexagon,blue,medium,inside,square,brown,large,1
2401,there is a large purple triangle below a medium grey triangle,triangle,purple,large,below,triangle,grey,medium,2
2402,one medium red circle is below one large purple hexagon,circle,red,medium,below,hexagon,purple,large,3
2403,there is a small purple hexagon to the left of a medium yellow hexagon,hexagon,purple,small,to the left of,hexagon,yellow,medium,2
2404,one large green triangle is next to one medium grey oval,triangle,green,large,next to,oval,grey,medium,3
2405,a small red triangle is above a medium blue rectangle,triangle,red,small,above,rectangle,blue,medium,1
2406,a small red square is positioned next to a large red hexagon,square,red,small,next to,hexagon,red,large,6
2407,there is a medium brown pentagon below a medium green triangle,pentagon,brown,medium,below,triangle,green,medium,2
2408,a large rectangle is next to a small pentagon,rectangle,brown,large,next to,pentagon,yellow,small,5
2409,a medium purple square is positioned below a medium grey hexagon,square,purple,medium,below,hexagon,grey,medium,6
2410,a small blue diamond is to the right of a small purple pentagon,diamond,blue,small,to the right of,pentagon,purple,small,1
2411,one small green diamond is to the left of one large orange circle,diamond,green,small,to the left of,circle,orange,large,3
2412,a small orange square is positioned to the left of a small brown circle,square,orange,small,to the left of,circle,brown,small,6
2413,a yellow oval is below a yellow hexagon,oval,yellow,medium,below,hexagon,yellow,small,4
2414,a medium purple diamond is positioned to the right of a large green hexagon,diamond,purple,medium,to the right of,hexagon,green,large,6
2415,a purple triangle is above a brown diamond,triangle,purple,small,above,diamond,brown,medium,4
2416,one medium blue circle is inside one large green circle,circle,blue,medium,inside,circle,green,large,3
2417,a medium brown oval is next to a small blue circle,oval,brown,medium,next to,circle,blue,small,1
2418,one medium blue triangle is above one medium blue oval,triangle,blue,medium,above,oval,blue,medium,3
2419,there is a small brown square below a small grey diamond,square,brown,small,below,diamond,grey,small,2
2420,one medium grey square is to the left of one small orange diamond,square,grey,medium,to the left of,diamond,orange,small,3
2421,there is a large blue square to the right of a large green hexagon,square,blue,large,to the right of,hexagon,green,large,2
2422,a small diamond is to the left of a small square,diamond,grey,small,to the left of,square,grey,small,5
2423,a small brown triangle is inside a large purple rectangle,triangle,brown,small,inside,rectangle,purple,large,1
2424,one medium red pentagon is to the left of one large red diamond,pentagon,red,medium,to the left of,diamond,red,large,3
2425,a large square is to the right of a medium diamond,square,red,large,to the right of,diamond,pink,medium,5
2426,a medium green triangle is positioned to the right of a medium yellow circle,triangle,green,medium,to the right of,circle,yellow,medium,6
2427,there is a small blue rectangle next to a small pink rectangle,rectangle,blue,small,next to,rectangle,pink,small,2
2428,one medium blue square is above one small red diamond,square,blue,medium,above,diamond,red,small,3
2429,one small pink square is inside one large orange diamond,square,pink,small,inside,diamond,orange,large,3
2430,one medium orange pentagon is below one medium pink hexagon,pentagon,orange,medium,below,hexagon,pink,medium,3
2431,there is a large yellow oval above a small orange oval,oval,yellow,large,above,oval,orange,small,2
2432,a small diamond is to the left of a medium hexagon,diamond,purple,small,to the left of,hexagon,pink,medium,5
2433,a small green rectangle is positioned above a large red triangle,rectangle,green,small,above,triangle,red,large,6
2434,a large brown triangle is to the left of a medium blue triangle,triangle,brown,large,to the left of,triangle,blue,medium,1
2435,one small grey oval is above one medium brown rectangle,oval,grey,small,above,rectangle,brown,medium,3
2436,one medium blue square is above one large yellow diamond,square,blue,medium,above,diamond,yellow,large,3
2437,a large red circle is next to a medium blue circle,circle,red,large,next to,circle,blue,medium,1
2438,a small yellow circle is positioned above a large orange rectangle,circle,yellow,small,above,rectangle,orange,large,6
2439,a large purple hexagon is positioned to the left of a small red oval,hexagon,purple,large,to the left of,oval,red,small,6
2440,one medium brown diamond is inside one large yellow oval,diamond,brown,medium,inside,oval,yellow,large,3
2441,a large hexagon is above a small triangle,hexagon,yellow,large,above,triangle,orange,small,5
2442,one small grey pentagon is above one small blue oval,pentagon,grey,small,above,oval,blue,small,3
2443,a medium hexagon is to the right of a medium pentagon,hexagon,blue,medium,to the right of,pentagon,grey,medium,5
2444,a red square is above a blue circle,square,red,medium,above,circle,blue,large,4
2445,a medium brown oval is positioned next to a medium pink oval,oval,brown,medium,next to,oval,pink,medium,6
2446,a small green square is next to a medium pink triangle,square,green,small,next to,triangle,pink,medium,1
2447,an orange hexagon is inside a pink hexagon,hexagon,orange,small,inside,hexagon,pink,medium,4
2448,there is a small blue triangle to the right of a small yellow circle,triangle,blue,small,to the right of,circle,yellow,small,2
2449,there is a large blue circle to the left of a small grey triangle,circle,blue,large,to the left of,triangle,grey,small,2
2450,a pink circle is to the left of a pink hexagon,circle,pink,medium,to the left of,hexagon,pink,medium,4
2451,a yellow rectangle is to the left of a blue circle,rectangle,yellow,small,to the left of,circle,blue,medium,4
2452,a medium green rectangle is below a medium yellow pentagon,rectangle,green,medium,below,pentagon,yellow,medium,1
2453,a medium red hexagon is below a medium pink triangle,hexagon,red,medium,below,triangle,pink,medium,1
2454,a small brown rectangle is positioned next to a large pink triangle,rectangle,brown,small,next to,triangle,pink,large,6
2455,there is a medium pink pentagon inside a large brown rectangle,pentagon,pink,medium,inside,rectangle,brown,large,2
2456,a large rectangle is above a large hexagon,rectangle,purple,large,above,hexagon,orange,large,5
2457,an orange hexagon is inside a red square,hexagon,orange,small,inside,square,red,large,4
2458,a green hexagon is to the left of a blue rectangle,hexagon,green,small,to the left of,rectangle,blue,small,4
2459,a small oval is next to a large pentagon,oval,pink,small,next to,pentagon,green,large,5
2460,a medium red pentagon is above a small yellow circle,pentagon,red,medium,above,circle,yellow,small,1
2461,a pink rectangle is below a yellow circle,rectangle,pink,large,below,circle,yellow,large,4
2462,a purple pentagon is above a green hexagon,pentagon,purple,large,above,hexagon,green,medium,4
2463,a medium pink pentagon is positioned above a small grey rectangle,pentagon,pink,medium,above,rectangle,grey,small,6
2464,a grey oval is below a grey pentagon,oval,grey,small,below,pentagon,grey,large,4
2465,a purple hexagon is to the right of a yellow hexagon,hexagon,purple,small,to the right of,hexagon,yellow,small,4
2466,a large orange diamond is below a large blue diamond,diamond,orange,large,below,diamond,blue,large,1
2467,a medium purple pentagon is to the left of a medium blue oval,pentagon,purple,medium,to the left of,oval,blue,medium,1
2468,a blue diamond is inside a yellow square,diamond,blue,small,inside,square,yellow,large,4
2469,there is a large pink hexagon below a medium purple triangle,hexagon,pink,large,below,triangle,purple,medium,2
2470,there is a small pink hexagon inside a medium purple square,hexagon,pink,small,inside,square,purple,medium,2
2471,there is a medium purple square below a small purple pentagon,square,purple,medium,below,pentagon,purple,small,2
2472,there is a small orange triangle inside a medium pink triangle,triangle,orange,small,inside,triangle,pink,medium,2
2473,a brown hexagon is next to a red diamond,hexagon,brown,medium,next to,diamond,red,large,4
2474,a grey diamond is below a grey hexagon,diamond,grey,small,below,hexagon,grey,small,4
2475,a small diamond is below a medium diamond,diamond,blue,small,below,diamond,pink,medium,5
2476,one medium green circle is next to one medium pink rectangle,circle,green,medium,next to,rectangle,pink,medium,3
2477,a small green triangle is inside a large blue square,triangle,green,small,inside,square,blue,large,1
2478,an orange oval is to the right of an orange hexagon,oval,orange,medium,to the right of,hexagon,orange,medium,4
2479,a large pentagon is below a large oval,pentagon,grey,large,below,oval,blue,large,5
2480,a green diamond is to the left of a brown rectangle,diamond,green,large,to the left of,rectangle,brown,medium,4
2481,one medium green triangle is below one large yellow pentagon,triangle,green,medium,below,pentagon,yellow,large,3
2482,a small yellow pentagon is positioned inside a medium pink rectangle,pentagon,yellow,small,inside,rectangle,pink,medium,6
2483,a small diamond is to the left of a large circle,diamond,yellow,small,to the left of,circle,brown,large,5
2484,a small purple circle is inside a large purple hexagon,circle,purple,small,inside,hexagon,purple,large,1
2485,there is a large green circle next to a large green circle,circle,green,large,next to,circle,green,large,2
2486,a medium orange rectangle is below a small yellow pentagon,rectangle,orange,medium,below,pentagon,yellow,small,1
2487,a medium orange diamond is to the right of a small grey circle,diamond,orange,medium,to the right of,circle,grey,small,1
2488,a medium triangle is to the right of a small circle,triangle,purple,medium,to the right of,circle,brown,small,5
2489,a large grey pentagon is positioned below a medium blue oval,pentagon,grey,large,below,oval,blue,medium,6
2490,one medium grey rectangle is inside one large pink circle,rectangle,grey,medium,inside,circle,pink,large,3
2491,a small circle is above a medium circle,circle,grey,small,above,circle,brown,medium,5
2492,a medium square is below a large triangle,square,brown,medium,below,triangle,pink,large,5
2493,there is a medium orange triangle inside a large purple diamond,triangle,orange,medium,inside,diamond,purple,large,2
2494,one large red square is next to one small orange oval,square,red,large,next to,oval,orange,small,3
2495,a small blue circle is positioned next to a medium blue hexagon,circle,blue,small,next to,hexagon,blue,medium,6
2496,a small blue circle is inside a large brown oval,circle,blue,small,inside,oval,brown,large,1
2497,a medium blue oval is positioned to the right of a large pink hexagon,oval,blue,medium,to the right of,hexagon,pink,large,6
2498,a yellow oval is next to a yellow square,oval,yellow,large,next to,square,yellow,large,4
2499,one medium grey hexagon is below one medium red diamond,hexagon,grey,medium,below,diamond,red,medium,3
2500,there is a small orange rectangle next to a small pink square,rectangle,orange,small,next to,square,pink,small,2
2501,one medium brown oval is below one small green circle,oval,brown,medium,below,circle,green,small,3
2502,a small blue diamond is positioned below a large brown square,diamond,blue,small,below,square,brown,large,6
2503,a medium pink diamond is next to a large blue diamond,diamond,pink,medium,next to,diamond,blue,large,1
2504,a large green hexagon is positioned below a medium yellow hexagon,hexagon,green,large,below,hexagon,yellow,medium,6
2505,one medium blue circle is inside one large blue circle,circle,blue,medium,inside,circle,blue,large,3
2506,there is a small grey hexagon below a small grey rectangle,hexagon,grey,small,below,rectangle,grey,small,2
2507,there is a medium orange diamond to the left of a small orange diamond,diamond,orange,medium,to the left of,diamond,orange,small,2
2508,a medium hexagon is to the right of a large pentagon,hexagon,purple,medium,to the right of,pentagon,green,large,5
2509,a large brown triangle is next to a medium pink triangle,triangle,brown,large,next to,triangle,pink,medium,1
2510,a medium brown oval is positioned to the right of a small blue triangle,oval,brown,medium,to the right of,triangle,blue,small,6
2511,a medium oval is above a large pentagon,oval,pink,medium,above,pentagon,red,large,5
2512,a small purple rectangle is positioned next to a medium grey hexagon,rectangle,purple,small,next to,hexagon,grey,medium,6
2513,there is a small green triangle to the left of a small purple square,triangle,green,small,to the left of,square,purple,small,2
2514,there is a small brown circle inside a large yellow circle,circle,brown,small,inside,circle,yellow,large,2
2515,a large red circle is above a large pink diamond,circle,red,large,above,diamond,pink,large,1
2516,a medium pink hexagon is next to a small grey oval,hexagon,pink,medium,next to,oval,grey,small,1
2517,a medium purple circle is to the right of a large green rectangle,circle,purple,medium,to the right of,rectangle,green,large,1
2518,there is a small purple square below a medium blue pentagon,square,purple,small,below,pentagon,blue,medium,2
2519,one large red square is to the right of one small purple square,square,red,large,to the right of,square,purple,small,3
2520,there is a large brown oval to the right of a medium red triangle,oval,brown,large,to the right of,triangle,red,medium,2
2521,a blue hexagon is to the left of a yellow square,hexagon,blue,large,to the left of,square,yellow,small,4
2522,there is a large pink square below a small green oval,square,pink,large,below,oval,green,small,2
2523,a small pink oval is positioned inside a medium blue oval,oval,pink,small,inside,oval,blue,medium,6
2524,a small orange hexagon is positioned to the right of a small pink pentagon,hexagon,orange,small,to the right of,pentagon,pink,small,6
2525,a small triangle is inside a medium pentagon,triangle,yellow,small,inside,pentagon,brown,medium,5
2526,there is a medium brown circle next to a small red circle,circle,brown,medium,next to,circle,red,small,2
2527,there is a small green hexagon inside a medium purple pentagon,hexagon,green,small,inside,pentagon,purple,medium,2
2528,a small orange triangle is above a medium pink rectangle,triangle,orange,small,above,rectangle,pink,medium,1
2529,a medium yellow rectangle is inside a large grey circle,rectangle,yellow,medium,inside,circle,grey,large,1
2530,one large red circle is next to one medium orange rectangle,circle,red,large,next to,rectangle,orange,medium,3
2531,a blue rectangle is next to a purple pentagon,rectangle,blue,large,next to,pentagon,purple,medium,4
2532,there is a small green pentagon below a large grey square,pentagon,green,small,below,square,grey,large,2
2533,one small green hexagon is above one medium pink oval,hexagon,green,small,above,oval,pink,medium,3
2534,one medium grey oval is inside one large green hexagon,oval,grey,medium,inside,hexagon,green,large,3
2535,a small pink pentagon is positioned to the right of a medium red square,pentagon,pink,small,to the right of,square,red,medium,6
2536,a purple circle is below a pink hexagon,circle,purple,medium,below,hexagon,pink,large,4
2537,a medium pentagon is inside a large diamond,pentagon,orange,medium,inside,diamond,pink,large,5
2538,an orange circle is below a green rectangle,circle,orange,large,below,rectangle,green,medium,4
2539,a medium pink square is positioned below a small pink triangle,square,pink,medium,below,triangle,pink,small,6
2540,a large pink triangle is positioned to the left of a medium brown diamond,triangle,pink,large,to the left of,diamond,brown,medium,6
2541,a green rectangle is to the left of an orange oval,rectangle,green,large,to the left of,oval,orange,small,4
2542,a large hexagon is below a small pentagon,hexagon,yellow,large,below,pentagon,green,small,5
2543,a small brown pentagon is to the right of a large orange hexagon,pentagon,brown,small,to the right of,hexagon,orange,large,1
2544,a medium pink rectangle is above a small brown oval,rectangle,pink,medium,above,oval,brown,small,1
2545,a medium rectangle is inside a large rectangle,rectangle,yellow,medium,inside,rectangle,purple,large,5
2546,a large yellow diamond is to the right of a medium pink triangle,diamond,yellow,large,to the right of,triangle,pink,medium,1
2547,one small purple circle is below one small red square,circle,purple,small,below,square,red,small,3
2548,a small hexagon is above a large pentagon,hexagon,blue,small,above,pentagon,brown,large,5
2549,a medium red diamond is positioned to the left of a medium green diamond,diamond,red,medium,to the left of,diamond,green,medium,6
2550,a purple pentagon is next to a pink square,pentagon,purple,large,next to,square,pink,small,4
2551,there is a small yellow pentagon to the left of a large pink oval,pentagon,yellow,small,to the left of,oval,pink,large,2
2552,a medium blue circle is positioned inside a large yellow diamond,circle,blue,medium,inside,diamond,yellow,large,6
2553,one small brown hexagon is below one small brown triangle,hexagon,brown,small,below,triangle,brown,small,3
2554,a small red pentagon is positioned to the right of a medium red square,pentagon,red,small,to the right of,square,red,medium,6
2555,a brown hexagon is inside a red hexagon,hexagon,brown,medium,inside,hexagon,red,large,4
2556,a small grey triangle is below a small orange rectangle,triangle,grey,small,below,rectangle,orange,small,1
2557,one medium blue rectangle is above one small blue square,rectangle,blue,medium,above,square,blue,small,3
2558,a large rectangle is below a medium square,rectangle,grey,large,below,square,purple,medium,5
2559,one small red hexagon is inside one medium red triangle,hexagon,red,small,inside,triangle,red,medium,3
2560,a medium purple circle is below a large brown rectangle,circle,purple,medium,below,rectangle,brown,large,1
2561,a green square is to the right of a brown oval,square,green,large,to the right of,oval,brown,medium,4
2562,a large red oval is positioned to the left of a small grey triangle,oval,red,large,to the left of,triangle,grey,small,6
2563,a medium square is next to a large diamond,square,brown,medium,next to,diamond,grey,large,5
2564,a large diamond is to the right of a medium oval,diamond,yellow,large,to the right of,oval,pink,medium,5
2565,a medium oval is to the left of a large pentagon,oval,yellow,medium,to the left of,pentagon,blue,large,5
2566,a large square is to the right of a small circle,square,green,large,to the right of,circle,grey,small,5
2567,a medium orange pentagon is positioned below a large brown triangle,pentagon,orange,medium,below,triangle,brown,large,6
2568,there is a small green oval to the left of a medium red oval,oval,green,small,to the left of,oval,red,medium,2
2569,one medium green rectangle is to the right of one medium blue triangle,rectangle,green,medium,to the right of,triangle,blue,medium,3
2570,a small hexagon is to the right of a medium triangle,hexagon,yellow,small,to the right of,triangle,red,medium,5
2571,a brown circle is inside a purple circle,circle,brown,small,inside,circle,purple,large,4
2572,an orange pentagon is above a yellow triangle,pentagon,orange,medium,above,triangle,yellow,small,4
2573,a small red oval is positioned to the right of a large orange circle,oval,red,small,to the right of,circle,orange,large,6
2574,a small diamond is above a medium rectangle,diamond,brown,small,above,rectangle,blue,medium,5
2575,a small blue circle is positioned inside a large yellow square,circle,blue,small,inside,square,yellow,large,6
2576,a grey circle is below a green circle,circle,grey,large,below,circle,green,large,4
2577,a pink hexagon is next to a purple hexagon,hexagon,pink,small,next to,hexagon,purple,medium,4
2578,one small purple hexagon is to the left of one medium green rectangle,hexagon,purple,small,to the left of,rectangle,green,medium,3
2579,a large circle is above a large triangle,circle,grey,large,above,triangle,brown,large,5
2580,there is a medium blue square above a large blue circle,square,blue,medium,above,circle,blue,large,2
2581,there is a large grey oval to the right of a large blue pentagon,oval,grey,large,to the right of,pentagon,blue,large,2
2582,a large square is next to a small square,square,grey,large,next to,square,grey,small,5
2583,a red square is to the right of a blue rectangle,square,red,medium,to the right of,rectangle,blue,medium,4
2584,there is a small orange rectangle next to a medium green triangle,rectangle,orange,small,next to,triangle,green,medium,2
2585,a grey circle is above a pink rectangle,circle,grey,medium,above,rectangle,pink,small,4
2586,a small purple square is to the right of a medium pink circle,square,purple,small,to the right of,circle,pink,medium,1
2587,a grey oval is to the right of a brown hexagon,oval,grey,small,to the right of,hexagon,brown,large,4
2588,a medium brown rectangle is positioned next to a small blue hexagon,rectangle,brown,medium,next to,hexagon,blue,small,6
2589,one small purple oval is below one large yellow rectangle,oval,purple,small,below,rectangle,yellow,large,3
2590,a small diamond is above a medium square,diamond,brown,small,above,square,orange,medium,5
2591,one small red triangle is next to one medium blue diamond,triangle,red,small,next to,diamond,blue,medium,3
2592,there is a large red rectangle to the left of a medium green rectangle,rectangle,red,large,to the left of,rectangle,green,medium,2
2593,a medium blue pentagon is inside a large grey oval,pentagon,blue,medium,inside,oval,grey,large,1
2594,a large grey oval is positioned next to a large blue oval,oval,grey,large,next to,oval,blue,large,6
2595,a small pentagon is to the left of a medium triangle,pentagon,yellow,small,to the left of,triangle,pink,medium,5
2596,there is a medium yellow triangle below a small grey hexagon,triangle,yellow,medium,below,hexagon,grey,small,2
2597,a medium orange rectangle is above a medium brown diamond,rectangle,orange,medium,above,diamond,brown,medium,1
2598,a large brown hexagon is to the right of a small purple square,hexagon,brown,large,to the right of,square,purple,small,1
2599,there is a large green hexagon to the left of a small yellow circle,hexagon,green,large,to the left of,circle,yellow,small,2
2600,one medium orange square is inside one large pink pentagon,square,orange,medium,inside,pentagon,pink,large,3
2601,a medium square is to the left of a medium rectangle,square,green,medium,to the left of,rectangle,orange,medium,5
2602,there is a large pink oval to the left of a large grey diamond,oval,pink,large,to the left of,diamond,grey,large,2
2603,a purple hexagon is inside a purple square,hexagon,purple,small,inside,square,purple,large,4
2604,a red square is to the right of a brown rectangle,square,red,medium,to the right of,rectangle,brown,medium,4
2605,a blue rectangle is to the left of a red pentagon,rectangle,blue,small,to the left of,pentagon,red,small,4
2606,a green triangle is inside an orange rectangle,triangle,green,small,inside,rectangle,orange,medium,4
2607,a medium blue circle is to the right of a small pink circle,circle,blue,medium,to the right of,circle,pink,small,1
2608,there is a medium grey square below a medium blue triangle,square,grey,medium,below,triangle,blue,medium,2
2609,one small green oval is to the right of one large purple square,oval,green,small,to the right of,square,purple,large,3
2610,there is a large blue diamond below a medium red pentagon,diamond,blue,large,below,pentagon,red,medium,2
2611,a medium orange hexagon is to the left of a large orange rectangle,hexagon,orange,medium,to the left of,rectangle,orange,large,1
2612,a large brown circle is positioned below a large purple pentagon,circle,brown,large,below,pentagon,purple,large,6
2613,there is a large red oval next to a large grey rectangle,oval,red,large,next to,rectangle,grey,large,2
2614,there is a large purple diamond to the left of a medium yellow triangle,diamond,purple,large,to the left of,triangle,yellow,medium,2
2615,one small red square is next to one medium blue rectangle,square,red,small,next to,rectangle,blue,medium,3
2616,one small purple square is above one medium red triangle,square,purple,small,above,triangle,red,medium,3
2617,a brown oval is inside a yellow pentagon,oval,brown,medium,inside,pentagon,yellow,large,4
2618,a medium square is to the left of a medium triangle,square,pink,medium,to the left of,triangle,pink,medium,5
2619,a small oval is to the right of a large square,oval,grey,small,to the right of,square,red,large,5
2620,one medium brown rectangle is above one medium grey hexagon,rectangle,brown,medium,above,hexagon,grey,medium,3
2621,a brown oval is to the right of an orange diamond,oval,brown,large,to the right of,diamond,orange,small,4
2622,a medium orange square is to the left of a large brown circle,square,orange,medium,to the left of,circle,brown,large,1
2623,one large red hexagon is below one large purple pentagon,hexagon,red,large,below,pentagon,purple,large,3
2624,one large green square is to the left of one small grey pentagon,square,green,large,to the left of,pentagon,grey,small,3
2625,a yellow pentagon is above a grey diamond,pentagon,yellow,large,above,diamond,grey,small,4
2626,a medium triangle is above a small hexagon,triangle,grey,medium,above,hexagon,red,small,5
2627,a small square is below a medium circle,square,blue,small,below,circle,green,medium,5
2628,there is a small grey hexagon to the left of a small grey circle,hexagon,grey,small,to the left of,circle,grey,small,2
2629,one large grey pentagon is to the left of one large blue diamond,pentagon,grey,large,to the left of,diamond,blue,large,3
2630,there is a medium grey triangle below a small grey triangle,triangle,grey,medium,below,triangle,grey,small,2
2631,a grey triangle is to the left of a red hexagon,triangle,grey,small,to the left of,hexagon,red,medium,4
2632,a large purple pentagon is above a small blue oval,pentagon,purple,large,above,oval,blue,small,1
2633,a green square is next to a blue hexagon,square,green,small,next to,hexagon,blue,small,4
2634,a medium yellow pentagon is positioned inside a large grey square,pentagon,yellow,medium,inside,square,grey,large,6
2635,a small rectangle is inside a large diamond,rectangle,blue,small,inside,diamond,purple,large,5
2636,one small red circle is next to one large red oval,circle,red,small,next to,oval,red,large,3
2637,a small purple rectangle is positioned next to a small red triangle,rectangle,purple,small,next to,triangle,red,small,6
2638,there is a medium purple diamond to the left of a large green oval,diamond,purple,medium,to the left of,oval,green,large,2
2639,one large orange circle is below one large pink hexagon,circle,orange,large,below,hexagon,pink,large,3
2640,a medium oval is above a medium hexagon,oval,orange,medium,above,hexagon,red,medium,5
2641,a green hexagon is to the left of a pink oval,hexagon,green,medium,to the left of,oval,pink,medium,4
2642,a green rectangle is to the right of a pink hexagon,rectangle,green,medium,to the right of,hexagon,pink,large,4
2643,a small blue oval is positioned to the left of a small red diamond,oval,blue,small,to the left of,diamond,red,small,6
2644,a yellow diamond is inside a blue hexagon,diamond,yellow,medium,inside,hexagon,blue,large,4
2645,a green rectangle is to the left of a yellow diamond,rectangle,green,medium,to the left of,diamond,yellow,medium,4
2646,a small red circle is to the left of a small grey triangle,circle,red,small,to the left of,triangle,grey,small,1
2647,a blue square is next to a grey square,square,blue,medium,next to,square,grey,medium,4
2648,one medium grey rectangle is below one large brown oval,rectangle,grey,medium,below,oval,brown,large,3
2649,there is a medium orange triangle inside a large brown circle,triangle,orange,medium,inside,circle,brown,large,2
2650,a medium blue pentagon is positioned below a small purple circle,pentagon,blue,medium,below,circle,purple,small,6
2651,one medium pink rectangle is to the right of one medium pink hexagon,rectangle,pink,medium,to the right of,hexagon,pink,medium,3
2652,a medium pink circle is positioned to the right of a small green square,circle,pink,medium,to the right of,square,green,small,6
2653,a large green oval is next to a large yellow diamond,oval,green,large,next to,diamond,yellow,large,1
2654,one medium orange diamond is next to one small purple square,diamond,orange,medium,next to,square,purple,small,3
2655,there is a medium green hexagon next to a large purple hexagon,hexagon,green,medium,next to,hexagon,purple,large,2
2656,there is a small red oval above a large orange diamond,oval,red,small,above,diamond,orange,large,2
2657,a large hexagon is above a small circle,hexagon,purple,large,above,circle,yellow,small,5
2658,a large red circle is positioned above a large yellow diamond,circle,red,large,above,diamond,yellow,large,6
2659,a small green circle is above a small orange square,circle,green,small,above,square,orange,small,1
2660,a large orange circle is below a medium brown square,circle,orange,large,below,square,brown,medium,1
2661,a medium pentagon is inside a large rectangle,pentagon,orange,medium,inside,rectangle,grey,large,5
2662,one medium purple oval is below one medium grey oval,oval,purple,medium,below,oval,grey,medium,3
2663,a large diamond is to the left of a large hexagon,diamond,pink,large,to the left of,hexagon,red,large,5
2664,a medium square is to the left of a small square,square,blue,medium,to the left of,square,green,small,5
2665,a small purple oval is to the right of a large brown square,oval,purple,small,to the right of,square,brown,large,1
2666,there is a medium purple oval inside a large purple circle,oval,purple,medium,inside,circle,purple,large,2
2667,a small diamond is below a small pentagon,diamond,yellow,small,below,pentagon,blue,small,5
2668,one small green diamond is inside one medium red square,diamond,green,small,inside,square,red,medium,3
2669,one small orange circle is to the right of one small red rectangle,circle,orange,small,to the right of,rectangle,red,small,3
2670,a medium hexagon is to the left of a large hexagon,hexagon,brown,medium,to the left of,hexagon,green,large,5
2671,a medium green diamond is positioned above a large brown diamond,diamond,green,medium,above,diamond,brown,large,6
2672,a yellow pentagon is above an orange pentagon,pentagon,yellow,small,above,pentagon,orange,small,4
2673,a medium orange oval is inside a large orange square,oval,orange,medium,inside,square,orange,large,1
2674,a pink hexagon is next to a green pentagon,hexagon,pink,medium,next to,pentagon,green,large,4
2675,a small pentagon is next to a medium rectangle,pentagon,grey,small,next to,rectangle,orange,medium,5
2676,a medium grey oval is positioned above a medium yellow hexagon,oval,grey,medium,above,hexagon,yellow,medium,6
2677,a small red hexagon is positioned next to a small grey rectangle,hexagon,red,small,next to,rectangle,grey,small,6
2678,a large blue rectangle is positioned to the left of a medium purple pentagon,rectangle,blue,large,to the left of,pentagon,purple,medium,6
2679,a medium red square is to the left of a small green hexagon,square,red,medium,to the left of,hexagon,green,small,1
2680,a medium blue hexagon is to the left of a small pink square,hexagon,blue,medium,to the left of,square,pink,small,1
2681,a small pink circle is to the right of a medium green oval,circle,pink,small,to the right of,oval,green,medium,1
2682,a large oval is below a medium pentagon,oval,yellow,large,below,pentagon,red,medium,5
2683,a purple hexagon is next to a brown square,hexagon,purple,medium,next to,square,brown,small,4
2684,there is a medium blue rectangle to the right of a small yellow pentagon,rectangle,blue,medium,to the right of,pentagon,yellow,small,2
2685,a medium rectangle is above a medium oval,rectangle,green,medium,above,oval,orange,medium,5
2686,a medium yellow diamond is positioned to the left of a medium pink hexagon,diamond,yellow,medium,to the left of,hexagon,pink,medium,6
2687,a small orange hexagon is positioned to the left of a small orange diamond,hexagon,orange,small,to the left of,diamond,orange,small,6
2688,a medium purple rectangle is above a medium yellow rectangle,rectangle,purple,medium,above,rectangle,yellow,medium,1
2689,a large diamond is below a small square,diamond,grey,large,below,square,yellow,small,5
2690,a brown diamond is inside a grey circle,diamond,brown,medium,inside,circle,grey,large,4
2691,a small red rectangle is positioned to the left of a small red circle,rectangle,red,small,to the left of,circle,red,small,6
2692,there is a medium red triangle to the right of a medium pink oval,triangle,red,medium,to the right of,oval,pink,medium,2
2693,a small grey triangle is positioned inside a medium orange pentagon,triangle,grey,small,inside,pentagon,orange,medium,6
2694,a large diamond is below a medium oval,diamond,pink,large,below,oval,yellow,medium,5
2695,a large hexagon is to the left of a large hexagon,hexagon,orange,large,to the left of,hexagon,grey,large,5
2696,a medium diamond is next to a large oval,diamond,blue,medium,next to,oval,pink,large,5
2697,there is a medium orange hexagon above a large blue hexagon,hexagon,orange,medium,above,hexagon,blue,large,2
2698,a large grey triangle is positioned next to a large purple circle,triangle,grey,large,next to,circle,purple,large,6
2699,a blue triangle is inside a purple oval,triangle,blue,small,inside,oval,purple,medium,4
2700,a small grey circle is positioned below a small pink triangle,circle,grey,small,below,triangle,pink,small,6
2701,a red pentagon is next to a green oval,pentagon,red,small,next to,oval,green,large,4
2702,a green circle is below a yellow pentagon,circle,green,large,below,pentagon,yellow,large,4
2703,a purple oval is inside a pink diamond,oval,purple,small,inside,diamond,pink,medium,4
2704,a medium grey oval is positioned next to a small brown rectangle,oval,grey,medium,next to,rectangle,brown,small,6
2705,there is a large orange diamond below a large purple rectangle,diamond,orange,large,below,rectangle,purple,large,2
2706,a large pentagon is below a medium hexagon,pentagon,pink,large,below,hexagon,blue,medium,5
2707,a medium blue triangle is positioned below a small orange triangle,triangle,blue,medium,below,triangle,orange,small,6
2708,a small yellow circle is positioned to the left of a small orange triangle,circle,yellow,small,to the left of,triangle,orange,small,6
2709,there is a small grey triangle below a small blue pentagon,triangle,grey,small,below,pentagon,blue,small,2
2710,a small pink circle is to the right of a medium yellow triangle,circle,pink,small,to the right of,triangle,yellow,medium,1
2711,there is a large orange diamond to the right of a large yellow rectangle,diamond,orange,large,to the right of,rectangle,yellow,large,2
2712,one medium blue circle is above one large green circle,circle,blue,medium,above,circle,green,large,3
2713,a large grey rectangle is next to a small pink square,rectangle,grey,large,next to,square,pink,small,1
2714,one small red triangle is next to one small red diamond,triangle,red,small,next to,diamond,red,small,3
2715,a medium red pentagon is inside a large yellow rectangle,pentagon,red,medium,inside,rectangle,yellow,large,1
2716,a medium blue circle is below a large grey hexagon,circle,blue,medium,below,hexagon,grey,large,1
2717,there is a large brown circle to the left of a small yellow oval,circle,brown,large,to the left of,oval,yellow,small,2
2718,a medium red pentagon is below a medium green rectangle,pentagon,red,medium,below,rectangle,green,medium,1
2719,a large brown hexagon is to the right of a small grey rectangle,hexagon,brown,large,to the right of,rectangle,grey,small,1
2720,a large yellow square is below a large blue circle,square,yellow,large,below,circle,blue,large,1
2721,a large pink circle is positioned to the left of a large green square,circle,pink,large,to the left of,square,green,large,6
2722,a small red oval is positioned next to a small purple circle,oval,red,small,next to,circle,purple,small,6
2723,a large triangle is above a small square,triangle,purple,large,above,square,blue,small,5
2724,one small red oval is inside one medium purple pentagon,oval,red,small,inside,pentagon,purple,medium,3
2725,a medium blue square is positioned to the right of a large grey diamond,square,blue,medium,to the right of,diamond,grey,large,6
2726,there is a large brown triangle next to a small red square,triangle,brown,large,next to,square,red,small,2
2727,there is a large orange pentagon to the right of a small brown hexagon,pentagon,orange,large,to the right of,hexagon,brown,small,2
2728,there is a medium orange circle inside a large green diamond,circle,orange,medium,inside,diamond,green,large,2
2729,a medium grey pentagon is positioned next to a large pink square,pentagon,grey,medium,next to,square,pink,large,6
2730,there is a small blue pentagon to the right of a large red triangle,pentagon,blue,small,to the right of,triangle,red,large,2
2731,a small triangle is to the left of a small hexagon,triangle,blue,small,to the left of,hexagon,yellow,small,5
2732,a large red square is to the left of a medium pink rectangle,square,red,large,to the left of,rectangle,pink,medium,1
2733,a medium rectangle is next to a medium square,rectangle,red,medium,next to,square,purple,medium,5
2734,one small brown rectangle is above one medium brown pentagon,rectangle,brown,small,above,pentagon,brown,medium,3
2735,one medium grey rectangle is inside one large yellow triangle,rectangle,grey,medium,inside,triangle,yellow,large,3
2736,a medium red pentagon is positioned inside a large grey triangle,pentagon,red,medium,inside,triangle,grey,large,6
2737,one medium yellow triangle is next to one medium blue rectangle,triangle,yellow,medium,next to,rectangle,blue,medium,3
2738,a grey circle is to the left of a purple diamond,circle,grey,medium,to the left of,diamond,purple,large,4
2739,there is a medium pink square inside a large brown diamond,square,pink,medium,inside,diamond,brown,large,2
2740,a medium square is below a medium triangle,square,brown,medium,below,triangle,orange,medium,5
2741,there is a small blue oval to the left of a medium orange square,oval,blue,small,to the left of,square,orange,medium,2
2742,a blue circle is inside an orange circle,circle,blue,medium,inside,circle,orange,large,4
2743,a medium red pentagon is positioned to the left of a small brown pentagon,pentagon,red,medium,to the left of,pentagon,brown,small,6
2744,an orange hexagon is next to a purple triangle,hexagon,orange,small,next to,triangle,purple,small,4
2745,one large yellow square is next to one medium red rectangle,square,yellow,large,next to,rectangle,red,medium,3
2746,one small yellow hexagon is to the right of one large blue hexagon,hexagon,yellow,small,to the right of,hexagon,blue,large,3
2747,there is a medium brown triangle next to a large grey circle,triangle,brown,medium,next to,circle,grey,large,2
2748,a large purple hexagon is next to a medium pink square,hexagon,purple,large,next to,square,pink,medium,1
2749,a small red rectangle is to the right of a small blue circle,rectangle,red,small,to the right of,circle,blue,small,1
2750,there is a large blue oval to the right of a large pink rectangle,oval,blue,large,to the right of,rectangle,pink,large,2
2751,a small circle is inside a medium pentagon,circle,purple,small,inside,pentagon,brown,medium,5
2752,a small grey square is above a small brown square,square,grey,small,above,square,brown,small,1
2753,a small red hexagon is positioned to the left of a medium yellow oval,hexagon,red,small,to the left of,oval,yellow,medium,6
2754,one medium yellow oval is above one large pink diamond,oval,yellow,medium,above,diamond,pink,large,3
2755,a small red hexagon is positioned above a medium orange square,hexagon,red,small,above,square,orange,medium,6
2756,one medium grey circle is inside one large grey circle,circle,grey,medium,inside,circle,grey,large,3
2757,a red triangle is to the right of a green oval,triangle,red,large,to the right of,oval,green,medium,4
2758,a red diamond is below a purple pentagon,diamond,red,medium,below,pentagon,purple,small,4
2759,a medium circle is below a medium diamond,circle,green,medium,below,diamond,brown,medium,5
2760,a small oval is to the right of a small oval,oval,yellow,small,to the right of,oval,orange,small,5
2761,a medium diamond is above a large hexagon,diamond,red,medium,above,hexagon,pink,large,5
2762,a medium red diamond is below a medium green triangle,diamond,red,medium,below,triangle,green,medium,1
2763,one small pink circle is next to one small yellow pentagon,circle,pink,small,next to,pentagon,yellow,small,3
2764,a small grey diamond is below a small red square,diamond,grey,small,below,square,red,small,1
2765,a blue circle is inside a green hexagon,circle,blue,small,inside,hexagon,green,large,4
2766,one medium grey triangle is inside one large orange pentagon,triangle,grey,medium,inside,pentagon,orange,large,3
2767,a medium purple circle is positioned to the right of a small brown rectangle,circle,purple,medium,to the right of,rectangle,brown,small,6
2768,one large brown hexagon is below one small grey pentagon,hexagon,brown,large,below,pentagon,grey,small,3
2769,a small pentagon is to the left of a medium oval,pentagon,blue,small,to the left of,oval,blue,medium,5
2770,a large square is below a large rectangle,square,pink,large,below,rectangle,red,large,5
2771,a medium grey rectangle is positioned inside a large orange oval,rectangle,grey,medium,inside,oval,orange,large,6
2772,a medium pink triangle is inside a large purple circle,triangle,pink,medium,inside,circle,purple,large,1
2773,one large pink oval is to the right of one small grey square,oval,pink,large,to the right of,square,grey,small,3
2774,one medium orange circle is to the left of one small pink triangle,circle,orange,medium,to the left of,triangle,pink,small,3
2775,a blue oval is next to a pink hexagon,oval,blue,large,next to,hexagon,pink,large,4
2776,a medium brown pentagon is to the right of a large red hexagon,pentagon,brown,medium,to the right of,hexagon,red,large,1
2777,a large brown diamond is positioned below a large yellow rectangle,diamond,brown,large,below,rectangle,yellow,large,6
2778,a small yellow circle is positioned inside a large blue circle,circle,yellow,small,inside,circle,blue,large,6
2779,a small brown oval is to the right of a large green rectangle,oval,brown,small,to the right of,rectangle,green,large,1
2780,there is a small pink hexagon to the left of a large grey triangle,hexagon,pink,small,to the left of,triangle,grey,large,2
2781,one large orange square is below one medium orange square,square,orange,large,below,square,orange,medium,3
2782,a small circle is to the left of a small diamond,circle,brown,small,to the left of,diamond,pink,small,5
2783,a medium yellow triangle is positioned above a small brown rectangle,triangle,yellow,medium,above,rectangle,brown,small,6
2784,a brown hexagon is above a pink hexagon,hexagon,brown,large,above,hexagon,pink,small,4
2785,a medium brown square is positioned above a medium grey triangle,square,brown,medium,above,triangle,grey,medium,6
2786,a medium purple pentagon is to the right of a small red pentagon,pentagon,purple,medium,to the right of,pentagon,red,small,1
2787,one small red diamond is to the right of one small pink square,diamond,red,small,to the right of,square,pink,small,3
2788,a large orange oval is positioned to the right of a medium red rectangle,oval,orange,large,to the right of,rectangle,red,medium,6
2789,a small brown diamond is inside a medium yellow square,diamond,brown,small,inside,square,yellow,medium,1
2790,a small pentagon is below a large triangle,pentagon,grey,small,below,triangle,brown,large,5
2791,there is a medium yellow oval below a large orange diamond,oval,yellow,medium,below,diamond,orange,large,2
2792,a large yellow diamond is positioned to the right of a large blue oval,diamond,yellow,large,to the right of,oval,blue,large,6
2793,a medium grey square is positioned inside a large brown hexagon,square,grey,medium,inside,hexagon,brown,large,6
2794,a small orange hexagon is positioned below a small blue oval,hexagon,orange,small,below,oval,blue,small,6
2795,a small diamond is below a small hexagon,diamond,grey,small,below,hexagon,yellow,small,5
2796,a small pink hexagon is to the right of a large blue square,hexagon,pink,small,to the right of,square,blue,large,1
2797,a yellow triangle is to the right of a yellow diamond,triangle,yellow,medium,to the right of,diamond,yellow,medium,4
2798,a large blue pentagon is positioned to the left of a medium pink square,pentagon,blue,large,to the left of,square,pink,medium,6
2799,one small grey circle is to the right of one small grey square,circle,grey,small,to the right of,square,grey,small,3
2800,one small pink circle is below one large pink hexagon,circle,pink,small,below,hexagon,pink,large,3
2801,a grey triangle is inside a purple rectangle,triangle,grey,medium,inside,rectangle,purple,large,4
2802,one medium purple oval is to the left of one small grey circle,oval,purple,medium,to the left of,circle,grey,small,3
2803,a medium circle is next to a medium oval,circle,pink,medium,next to,oval,pink,medium,5
2804,a medium triangle is to the left of a medium circle,triangle,brown,medium,to the left of,circle,green,medium,5
2805,a small purple pentagon is above a small green hexagon,pentagon,purple,small,above,hexagon,green,small,1
2806,a small blue pentagon is positioned next to a small blue rectangle,pentagon,blue,small,next to,rectangle,blue,small,6
2807,there is a medium green triangle to the left of a large orange oval,triangle,green,medium,to the left of,oval,orange,large,2
2808,a small brown pentagon is next to a large brown pentagon,pentagon,brown,small,next to,pentagon,brown,large,1
2809,a small triangle is to the right of a medium hexagon,triangle,red,small,to the right of,hexagon,pink,medium,5
2810,a small red circle is positioned to the left of a medium orange hexagon,circle,red,small,to the left of,hexagon,orange,medium,6
2811,a green square is next to an orange diamond,square,green,large,next to,diamond,orange,small,4
2812,a small orange oval is to the right of a medium grey hexagon,oval,orange,small,to the right of,hexagon,grey,medium,1
2813,a small orange oval is positioned inside a medium red rectangle,oval,orange,small,inside,rectangle,red,medium,6
2814,one medium purple rectangle is above one medium blue square,rectangle,purple,medium,above,square,blue,medium,3
2815,a small purple diamond is to the right of a medium green circle,diamond,purple,small,to the right of,circle,green,medium,1
2816,a large green square is to the right of a large brown square,square,green,large,to the right of,square,brown,large,1
2817,a large green pentagon is positioned above a large grey rectangle,pentagon,green,large,above,rectangle,grey,large,6
2818,a blue square is next to a brown diamond,square,blue,large,next to,diamond,brown,medium,4
2819,a medium hexagon is next to a medium pentagon,hexagon,pink,medium,next to,pentagon,purple,medium,5
2820,a medium yellow pentagon is positioned above a medium red diamond,pentagon,yellow,medium,above,diamond,red,medium,6
2821,a medium hexagon is above a medium square,hexagon,purple,medium,above,square,orange,medium,5
2822,there is a medium blue circle next to a large green triangle,circle,blue,medium,next to,triangle,green,large,2
2823,a small green pentagon is positioned inside a large blue triangle,pentagon,green,small,inside,triangle,blue,large,6
2824,a small hexagon is inside a large triangle,hexagon,purple,small,inside,triangle,purple,large,5
2825,a small grey circle is next to a large blue circle,circle,grey,small,next to,circle,blue,large,1
2826,a small orange hexagon is positioned inside a medium pink diamond,hexagon,orange,small,inside,diamond,pink,medium,6
2827,a medium orange pentagon is positioned below a large red oval,pentagon,orange,medium,below,oval,red,large,6
2828,a brown square is below a yellow circle,square,brown,large,below,circle,yellow,small,4
2829,one large pink circle is next to one small red triangle,circle,pink,large,next to,triangle,red,small,3
2830,a medium orange square is positioned inside a large yellow hexagon,square,orange,medium,inside,hexagon,yellow,large,6
2831,a small diamond is inside a medium diamond,diamond,green,small,inside,diamond,brown,medium,5
2832,a large green triangle is positioned to the left of a medium brown square,triangle,green,large,to the left of,square,brown,medium,6
2833,there is a small brown rectangle to the left of a medium pink triangle,rectangle,brown,small,to the left of,triangle,pink,medium,2
2834,a small orange square is positioned inside a large brown circle,square,orange,small,inside,circle,brown,large,6
2835,a medium pentagon is to the left of a medium pentagon,pentagon,pink,medium,to the left of,pentagon,green,medium,5
2836,one large grey square is above one medium purple hexagon,square,grey,large,above,hexagon,purple,medium,3
2837,a red diamond is next to a grey triangle,diamond,red,small,next to,triangle,grey,medium,4
2838,one medium brown diamond is to the right of one small red pentagon,diamond,brown,medium,to the right of,pentagon,red,small,3
2839,there is a medium yellow triangle inside a large grey pentagon,triangle,yellow,medium,inside,pentagon,grey,large,2
2840,a medium grey diamond is next to a medium brown circle,diamond,grey,medium,next to,circle,brown,medium,1
2841,a large diamond is above a medium oval,diamond,green,large,above,oval,yellow,medium,5
2842,a small pentagon is to the left of a large circle,pentagon,grey,small,to the left of,circle,green,large,5
2843,one medium blue hexagon is inside one large purple circle,hexagon,blue,medium,inside,circle,purple,large,3
2844,there is a small blue diamond to the right of a small purple diamond,diamond,blue,small,to the right of,diamond,purple,small,2
2845,a medium red oval is positioned to the left of a small orange rectangle,oval,red,medium,to the left of,rectangle,orange,small,6
2846,a medium orange diamond is positioned to the right of a small grey circle,diamond,orange,medium,to the right of,circle,grey,small,6
2847,a large square is to the left of a small rectangle,square,yellow,large,to the left of,rectangle,purple,small,5
2848,a medium grey circle is below a large yellow oval,circle,grey,medium,below,oval,yellow,large,1
2849,a grey rectangle is to the right of a brown rectangle,rectangle,grey,medium,to the right of,rectangle,brown,medium,4
2850,a medium hexagon is below a large hexagon,hexagon,grey,medium,below,hexagon,blue,large,5
2851,there is a medium blue pentagon inside a large purple oval,pentagon,blue,medium,inside,oval,purple,large,2
2852,a medium green hexagon is next to a small blue triangle,hexagon,green,medium,next to,triangle,blue,small,1
2853,one medium pink pentagon is next to one small orange pentagon,pentagon,pink,medium,next to,pentagon,orange,small,3
2854,one small pink circle is next to one medium purple oval,circle,pink,small,next to,oval,purple,medium,3
2855,one medium brown oval is to the left of one medium orange diamond,oval,brown,medium,to the left of,diamond,orange,medium,3
2856,there is a large pink rectangle to the right of a small green square,rectangle,pink,large,to the right of,square,green,small,2
2857,there is a small green square inside a large orange square,square,green,small,inside,square,orange,large,2
2858,there is a medium blue rectangle above a medium purple hexagon,rectangle,blue,medium,above,hexagon,purple,medium,2
2859,a medium rectangle is inside a large square,rectangle,pink,medium,inside,square,blue,large,5
2860,a large grey hexagon is positioned to the left of a medium purple rectangle,hexagon,grey,large,to the left of,rectangle,purple,medium,6
2861,a large rectangle is above a small pentagon,rectangle,red,large,above,pentagon,orange,small,5
2862,a yellow oval is next to a blue oval,oval,yellow,large,next to,oval,blue,large,4
2863,a medium diamond is inside a large rectangle,diamond,blue,medium,inside,rectangle,purple,large,5
2864,a pink hexagon is above a yellow hexagon,hexagon,pink,large,above,hexagon,yellow,small,4
2865,a green diamond is next to a pink square,diamond,green,large,next to,square,pink,small,4
2866,a yellow rectangle is next to a grey triangle,rectangle,yellow,small,next to,triangle,grey,small,4
2867,a small red square is below a small blue rectangle,square,red,small,below,rectangle,blue,small,1
2868,a small pink rectangle is inside a medium purple triangle,rectangle,pink,small,inside,triangle,purple,medium,1
2869,a small triangle is next to a medium circle,triangle,grey,small,next to,circle,green,medium,5
2870,a medium hexagon is below a small hexagon,hexagon,brown,medium,below,hexagon,blue,small,5
2871,a small grey oval is positioned to the right of a large purple pentagon,oval,grey,small,to the right of,pentagon,purple,large,6
2872,there is a small orange oval to the left of a medium blue circle,oval,orange,small,to the left of,circle,blue,medium,2
2873,a small orange rectangle is positioned inside a large green circle,rectangle,orange,small,inside,circle,green,large,6
2874,a small grey hexagon is positioned next to a large grey triangle,hexagon,grey,small,next to,triangle,grey,large,6
2875,a medium red triangle is below a small green oval,triangle,red,medium,below,oval,green,small,1
2876,there is a small green diamond below a large blue hexagon,diamond,green,small,below,hexagon,blue,large,2
2877,a large hexagon is above a large square,hexagon,brown,large,above,square,purple,large,5
2878,one small yellow triangle is above one small grey circle,triangle,yellow,small,above,circle,grey,small,3
2879,a large purple rectangle is next to a medium yellow oval,rectangle,purple,large,next to,oval,yellow,medium,1
2880,a small pink circle is to the left of a medium yellow pentagon,circle,pink,small,to the left of,pentagon,yellow,medium,1
2881,a small grey circle is positioned to the left of a small yellow triangle,circle,grey,small,to the left of,triangle,yellow,small,6
2882,a small brown circle is inside a medium red diamond,circle,brown,small,inside,diamond,red,medium,1
2883,a small rectangle is below a medium diamond,rectangle,grey,small,below,diamond,pink,medium,5
2884,one large brown pentagon is next to one medium purple triangle,pentagon,brown,large,next to,triangle,purple,medium,3
2885,a blue diamond is below a purple diamond,diamond,blue,medium,below,diamond,purple,small,4
2886,a small circle is to the left of a large square,circle,orange,small,to the left of,square,purple,large,5
2887,a small purple pentagon is inside a medium green pentagon,pentagon,purple,small,inside,pentagon,green,medium,1
2888,there is a medium yellow rectangle next to a medium green hexagon,rectangle,yellow,medium,next to,hexagon,green,medium,2
2889,there is a large grey pentagon to the right of a medium yellow circle,pentagon,grey,large,to the right of,circle,yellow,medium,2
2890,one medium red square is below one medium purple square,square,red,medium,below,square,purple,medium,3
2891,a small circle is below a medium triangle,circle,green,small,below,triangle,purple,medium,5
2892,a medium rectangle is above a small oval,rectangle,green,medium,above,oval,purple,small,5
2893,a blue triangle is inside a purple diamond,triangle,blue,small,inside,diamond,purple,large,4
2894,there is a medium brown square below a medium blue hexagon,square,brown,medium,below,hexagon,blue,medium,2
2895,a large brown diamond is to the right of a medium grey triangle,diamond,brown,large,to the right of,triangle,grey,medium,1
2896,one large purple oval is below one small red diamond,oval,purple,large,below,diamond,red,small,3
2897,one medium blue hexagon is to the left of one medium yellow square,hexagon,blue,medium,to the left of,square,yellow,medium,3
2898,a small oval is to the right of a small hexagon,oval,purple,small,to the right of,hexagon,orange,small,5
2899,one medium yellow circle is next to one small pink diamond,circle,yellow,medium,next to,diamond,pink,small,3
2900,an orange diamond is next to a purple rectangle,diamond,orange,large,next to,rectangle,purple,small,4
2901,one medium yellow square is below one large purple pentagon,square,yellow,medium,below,pentagon,purple,large,3
2902,there is a small blue oval next to a small yellow rectangle,oval,blue,small,next to,rectangle,yellow,small,2
2903,a medium red pentagon is inside a large grey square,pentagon,red,medium,inside,square,grey,large,1
2904,a medium hexagon is to the right of a medium circle,hexagon,brown,medium,to the right of,circle,purple,medium,5
2905,there is a large orange circle below a medium grey pentagon,circle,orange,large,below,pentagon,grey,medium,2
2906,a medium grey hexagon is positioned to the right of a large green rectangle,hexagon,grey,medium,to the right of,rectangle,green,large,6
2907,a large purple diamond is positioned to the left of a small orange triangle,diamond,purple,large,to the left of,triangle,orange,small,6
2908,a large circle is below a small pentagon,circle,yellow,large,below,pentagon,yellow,small,5
2909,a medium triangle is above a small diamond,triangle,purple,medium,above,diamond,orange,small,5
2910,one small orange square is above one large purple hexagon,square,orange,small,above,hexagon,purple,large,3
2911,a small red triangle is positioned to the right of a small red triangle,triangle,red,small,to the right of,triangle,red,small,6
2912,a large yellow hexagon is to the right of a large green triangle,hexagon,yellow,large,to the right of,triangle,green,large,1
2913,there is a medium red pentagon next to a small green triangle,pentagon,red,medium,next to,triangle,green,small,2
2914,a medium yellow diamond is above a large blue hexagon,diamond,yellow,medium,above,hexagon,blue,large,1
2915,one medium green rectangle is inside one large orange oval,rectangle,green,medium,inside,oval,orange,large,3
2916,a medium purple diamond is positioned to the left of a medium blue diamond,diamond,purple,medium,to the left of,diamond,blue,medium,6
2917,a small red pentagon is inside a large grey triangle,pentagon,red,small,inside,triangle,grey,large,1
2918,there is a large grey circle above a large grey rectangle,circle,grey,large,above,rectangle,grey,large,2
2919,there is a small orange oval below a large pink oval,oval,orange,small,below,oval,pink,large,2
2920,a medium orange triangle is positioned next to a medium red diamond,triangle,orange,medium,next to,diamond,red,medium,6
2921,there is a medium purple pentagon to the right of a large yellow square,pentagon,purple,medium,to the right of,square,yellow,large,2
2922,a large blue triangle is positioned above a small grey oval,triangle,blue,large,above,oval,grey,small,6
2923,one large brown oval is to the right of one small pink square,oval,brown,large,to the right of,square,pink,small,3
2924,a purple hexagon is inside a red circle,hexagon,purple,medium,inside,circle,red,large,4
2925,a large red oval is to the left of a medium purple pentagon,oval,red,large,to the left of,pentagon,purple,medium,1
2926,an orange oval is to the right of a yellow circle,oval,orange,medium,to the right of,circle,yellow,medium,4
2927,there is a medium blue square to the right of a medium green hexagon,square,blue,medium,to the right of,hexagon,green,medium,2
2928,there is a small purple square to the left of a small blue hexagon,square,purple,small,to the left of,hexagon,blue,small,2
2929,a large orange square is to the right of a medium brown triangle,square,orange,large,to the right of,triangle,brown,medium,1
2930,one small green oval is to the right of one medium pink hexagon,oval,green,small,to the right of,hexagon,pink,medium,3
2931,one medium green circle is next to one small blue hexagon,circle,green,medium,next to,hexagon,blue,small,3
2932,one medium yellow square is below one medium red rectangle,square,yellow,medium,below,rectangle,red,medium,3
2933,a small brown pentagon is positioned above a small blue pentagon,pentagon,brown,small,above,pentagon,blue,small,6
2934,there is a large pink diamond below a small yellow circle,diamond,pink,large,below,circle,yellow,small,2
2935,there is a medium pink oval to the left of a small grey square,oval,pink,medium,to the left of,square,grey,small,2
2936,there is a medium yellow circle next to a large orange diamond,circle,yellow,medium,next to,diamond,orange,large,2
2937,a small pink hexagon is next to a medium green oval,hexagon,pink,small,next to,oval,green,medium,1
2938,a medium triangle is to the right of a large circle,triangle,blue,medium,to the right of,circle,blue,large,5
2939,a medium blue triangle is inside a large yellow oval,triangle,blue,medium,inside,oval,yellow,large,1
2940,a large circle is next to a small circle,circle,green,large,next to,circle,purple,small,5
2941,one large red hexagon is to the left of one small green rectangle,hexagon,red,large,to the left of,rectangle,green,small,3
2942,a yellow rectangle is inside an orange diamond,rectangle,yellow,small,inside,diamond,orange,medium,4
2943,a medium purple circle is inside a large yellow oval,circle,purple,medium,inside,oval,yellow,large,1
2944,a small oval is next to a small square,oval,grey,small,next to,square,orange,small,5
2945,a large orange circle is positioned to the right of a large brown square,circle,orange,large,to the right of,square,brown,large,6
2946,a purple circle is inside a red hexagon,circle,purple,medium,inside,hexagon,red,large,4
2947,a medium square is below a small hexagon,square,pink,medium,below,hexagon,yellow,small,5
2948,a large oval is below a small diamond,oval,yellow,large,below,diamond,green,small,5
2949,one large brown hexagon is to the left of one medium red pentagon,hexagon,brown,large,to the left of,pentagon,red,medium,3
2950,a medium grey square is above a small brown triangle,square,grey,medium,above,triangle,brown,small,1
2951,a large oval is to the left of a medium hexagon,oval,pink,large,to the left of,hexagon,red,medium,5
2952,a medium pentagon is inside a large triangle,pentagon,orange,medium,inside,triangle,grey,large,5
2953,a large blue hexagon is above a small yellow triangle,hexagon,blue,large,above,triangle,yellow,small,1
2954,a large brown triangle is to the left of a large purple triangle,triangle,brown,large,to the left of,triangle,purple,large,1
2955,a small grey triangle is positioned above a small red diamond,triangle,grey,small,above,diamond,red,small,6
2956,a small red triangle is positioned inside a medium orange circle,triangle,red,small,inside,circle,orange,medium,6
2957,a red diamond is to the right of an orange triangle,diamond,red,small,to the right of,triangle,orange,small,4
2958,a large grey diamond is below a medium green pentagon,diamond,grey,large,below,pentagon,green,medium,1
2959,a medium triangle is inside a large hexagon,triangle,purple,medium,inside,hexagon,purple,large,5
2960,one medium orange circle is next to one medium red diamond,circle,orange,medium,next to,diamond,red,medium,3
2961,a large yellow rectangle is to the left of a large brown diamond,rectangle,yellow,large,to the left of,diamond,brown,large,1
2962,a small pink diamond is to the left of a large blue oval,diamond,pink,small,to the left of,oval,blue,large,1
2963,a small pentagon is inside a medium diamond,pentagon,pink,small,inside,diamond,blue,medium,5
2964,a medium pink circle is to the right of a medium pink circle,circle,pink,medium,to the right of,circle,pink,medium,1
2965,there is a large orange hexagon to the left of a small pink rectangle,hexagon,orange,large,to the left of,rectangle,pink,small,2
2966,a brown oval is inside a yellow square,oval,brown,small,inside,square,yellow,medium,4
2967,a large circle is to the left of a small rectangle,circle,brown,large,to the left of,rectangle,yellow,small,5
2968,there is a medium grey circle to the right of a medium pink circle,circle,grey,medium,to the right of,circle,pink,medium,2
2969,a medium brown square is positioned to the left of a medium red rectangle,square,brown,medium,to the left of,rectangle,red,medium,6
2970,one medium green square is next to one large grey rectangle,square,green,medium,next to,rectangle,grey,large,3
2971,a large grey rectangle is to the left of a small brown diamond,rectangle,grey,large,to the left of,diamond,brown,small,1
2972,a large brown rectangle is positioned to the left of a medium red diamond,rectangle,brown,large,to the left of,diamond,red,medium,6
2973,there is a small pink square to the left of a medium pink diamond,square,pink,small,to the left of,diamond,pink,medium,2
2974,a small rectangle is to the right of a large hexagon,rectangle,green,small,to the right of,hexagon,yellow,large,5
2975,a large green triangle is next to a medium green triangle,triangle,green,large,next to,triangle,green,medium,1
2976,there is a medium green diamond to the right of a large pink pentagon,diamond,green,medium,to the right of,pentagon,pink,large,2
2977,a medium pink triangle is to the right of a medium brown circle,triangle,pink,medium,to the right of,circle,brown,medium,1
2978,a medium square is to the left of a large rectangle,square,red,medium,to the left of,rectangle,grey,large,5
2979,a large brown circle is to the left of a large orange rectangle,circle,brown,large,to the left of,rectangle,orange,large,1
2980,there is a large green pentagon to the left of a small brown diamond,pentagon,green,large,to the left of,diamond,brown,small,2
2981,a large hexagon is below a small triangle,hexagon,red,large,below,triangle,red,small,5
2982,a medium circle is inside a large oval,circle,purple,medium,inside,oval,yellow,large,5
2983,a small purple circle is positioned to the left of a large grey square,circle,purple,small,to the left of,square,grey,large,6
2984,a red circle is above a purple rectangle,circle,red,medium,above,rectangle,purple,small,4
2985,a large square is to the left of a large square,square,orange,large,to the left of,square,blue,large,5
2986,a large pentagon is below a small hexagon,pentagon,yellow,large,below,hexagon,green,small,5
2987,a large orange diamond is positioned below a small grey circle,diamond,orange,large,below,circle,grey,small,6
2988,there is a large purple triangle above a large grey rectangle,triangle,purple,large,above,rectangle,grey,large,2
2989,there is a small red oval below a medium orange triangle,oval,red,small,below,triangle,orange,medium,2
2990,there is a medium yellow rectangle to the right of a small red pentagon,rectangle,yellow,medium,to the right of,pentagon,red,small,2
2991,a green hexagon is below a purple pentagon,hexagon,green,medium,below,pentagon,purple,large,4
2992,a large circle is below a small diamond,circle,grey,large,below,diamond,pink,small,5
2993,a small diamond is above a large pentagon,diamond,red,small,above,pentagon,red,large,5
2994,a medium oval is below a medium pentagon,oval,purple,medium,below,pentagon,purple,medium,5
2995,a grey circle is above an orange circle,circle,grey,large,above,circle,orange,small,4
2996,one small pink circle is above one medium brown oval,circle,pink,small,above,oval,brown,medium,3
2997,one medium grey pentagon is to the left of one small purple square,pentagon,grey,medium,to the left of,square,purple,small,3
2998,there is a large green circle below a large grey triangle,circle,green,large,below,triangle,grey,large,2
2999,a medium orange oval is next to a medium blue oval,oval,orange,medium,next to,oval,blue,medium,1
3000,a small pentagon is next to a large circle,pentagon,green,small,next to,circle,blue,large,5
3001,a grey diamond is to the right of a purple diamond,diamond,grey,medium,to the right of,diamond,purple,small,4
3002,a green square is to the right of a purple triangle,square,green,medium,to the right of,triangle,purple,medium,4
3003,a medium grey circle is positioned to the right of a small purple square,circle,grey,medium,to the right of,square,purple,small,6
3004,a small yellow circle is positioned inside a large yellow square,circle,yellow,small,inside,square,yellow,large,6
3005,a small triangle is inside a large square,triangle,yellow,small,inside,square,red,large,5
3006,a medium red pentagon is to the right of a small grey triangle,pentagon,red,medium,to the right of,triangle,grey,small,1
3007,there is a small pink hexagon inside a large orange triangle,hexagon,pink,small,inside,triangle,orange,large,2
3008,a red triangle is to the right of a blue oval,triangle,red,large,to the right of,oval,blue,medium,4
3009,a small brown triangle is next to a small green pentagon,triangle,brown,small,next to,pentagon,green,small,1
3010,a large grey hexagon is to the right of a large blue square,hexagon,grey,large,to the right of,square,blue,large,1
3011,a small green triangle is positioned below a medium red diamond,triangle,green,small,below,diamond,red,medium,6
3012,a red triangle is below a brown circle,triangle,red,small,below,circle,brown,small,4
3013,one large blue pentagon is to the left of one large brown pentagon,pentagon,blue,large,to the left of,pentagon,brown,large,3
3014,one medium brown triangle is below one large purple triangle,triangle,brown,medium,below,triangle,purple,large,3
3015,one medium red rectangle is below one medium orange hexagon,rectangle,red,medium,below,hexagon,orange,medium,3
3016,there is a medium pink circle inside a large blue square,circle,pink,medium,inside,square,blue,large,2
3017,a small rectangle is to the right of a small triangle,rectangle,yellow,small,to the right of,triangle,brown,small,5
3018,a large orange rectangle is positioned to the left of a small green diamond,rectangle,orange,large,to the left of,diamond,green,small,6
3019,there is a medium pink pentagon to the left of a medium green circle,pentagon,pink,medium,to the left of,circle,green,medium,2
3020,a small red circle is positioned above a large grey circle,circle,red,small,above,circle,grey,large,6
3021,one large yellow circle is to the left of one medium yellow diamond,circle,yellow,large,to the left of,diamond,yellow,medium,3
3022,a purple oval is to the left of a green square,oval,purple,small,to the left of,square,green,small,4
3023,a large orange oval is next to a small red oval,oval,orange,large,next to,oval,red,small,1
3024,a red triangle is below an orange circle,triangle,red,large,below,circle,orange,small,4
3025,there is a medium orange oval next to a small red triangle,oval,orange,medium,next to,triangle,red,small,2
3026,a large red pentagon is positioned to the left of a medium green oval,pentagon,red,large,to the left of,oval,green,medium,6
3027,a grey rectangle is inside a grey pentagon,rectangle,grey,small,inside,pentagon,grey,large,4
3028,a green triangle is inside an orange diamond,triangle,green,medium,inside,diamond,orange,large,4
3029,a red oval is next to an orange circle,oval,red,small,next to,circle,orange,medium,4
3030,there is a small orange square inside a medium grey circle,square,orange,small,inside,circle,grey,medium,2
3031,there is a medium orange pentagon above a small grey diamond,pentagon,orange,medium,above,diamond,grey,small,2
3032,there is a large blue circle to the left of a medium blue pentagon,circle,blue,large,to the left of,pentagon,blue,medium,2
3033,a small green rectangle is below a large pink triangle,rectangle,green,small,below,triangle,pink,large,1
3034,a medium red square is inside a large purple circle,square,red,medium,inside,circle,purple,large,1
3035,a large brown triangle is to the left of a medium red hexagon,triangle,brown,large,to the left of,hexagon,red,medium,1
3036,one large grey pentagon is below one small yellow diamond,pentagon,grey,large,below,diamond,yellow,small,3
3037,a grey rectangle is next to a yellow square,rectangle,grey,small,next to,square,yellow,small,4
3038,there is a large green rectangle above a medium pink hexagon,rectangle,green,large,above,hexagon,pink,medium,2
3039,there is a small yellow triangle next to a large pink circle,triangle,yellow,small,next to,circle,pink,large,2
3040,there is a large blue pentagon to the right of a small yellow oval,pentagon,blue,large,to the right of,oval,yellow,small,2
3041,a medium triangle is above a large hexagon,triangle,blue,medium,above,hexagon,red,large,5
3042,there is a medium red oval inside a large purple circle,oval,red,medium,inside,circle,purple,large,2
3043,there is a medium pink circle above a medium pink pentagon,circle,pink,medium,above,pentagon,pink,medium,2
3044,a small green triangle is to the right of a large red oval,triangle,green,small,to the right of,oval,red,large,1
3045,a small grey pentagon is positioned to the right of a small red square,pentagon,grey,small,to the right of,square,red,small,6
3046,there is a large orange circle next to a medium purple diamond,circle,orange,large,next to,diamond,purple,medium,2
3047,a medium pink circle is inside a large purple hexagon,circle,pink,medium,inside,hexagon,purple,large,1
3048,there is a medium red oval inside a large orange oval,oval,red,medium,inside,oval,orange,large,2
3049,a medium orange oval is positioned to the left of a small pink oval,oval,orange,medium,to the left of,oval,pink,small,6
3050,one medium red hexagon is inside one large pink diamond,hexagon,red,medium,inside,diamond,pink,large,3
3051,one medium brown oval is inside one large blue circle,oval,brown,medium,inside,circle,blue,large,3
3052,there is a medium brown rectangle to the right of a large brown triangle,rectangle,brown,medium,to the right of,triangle,brown,large,2
3053,one large orange circle is to the right of one medium purple rectangle,circle,orange,large,to the right of,rectangle,purple,medium,3
3054,a medium triangle is below a medium circle,triangle,grey,medium,below,circle,brown,medium,5
3055,a medium pink triangle is below a large pink pentagon,triangle,pink,medium,below,pentagon,pink,large,1
3056,an orange hexagon is to the right of a green diamond,hexagon,orange,large,to the right of,diamond,green,small,4
3057,a medium brown hexagon is inside a large brown square,hexagon,brown,medium,inside,square,brown,large,1
3058,there is a small red diamond next to a large blue hexagon,diamond,red,small,next to,hexagon,blue,large,2
3059,a medium triangle is below a medium diamond,triangle,blue,medium,below,diamond,purple,medium,5
3060,one medium grey rectangle is below one medium purple triangle,rectangle,grey,medium,below,triangle,purple,medium,3
3061,there is a medium green triangle next to a medium brown hexagon,triangle,green,medium,next to,hexagon,brown,medium,2
3062,there is a medium yellow pentagon to the right of a large yellow oval,pentagon,yellow,medium,to the right of,oval,yellow,large,2
3063,a yellow rectangle is above a grey circle,rectangle,yellow,medium,above,circle,grey,medium,4
3064,there is a small green square next to a large pink pentagon,square,green,small,next to,pentagon,pink,large,2
3065,a large yellow rectangle is positioned below a large grey hexagon,rectangle,yellow,large,below,hexagon,grey,large,6
3066,a medium oval is to the right of a medium square,oval,orange,medium,to the right of,square,brown,medium,5
3067,a small rectangle is next to a medium triangle,rectangle,green,small,next to,triangle,purple,medium,5
3068,a medium diamond is above a small pentagon,diamond,yellow,medium,above,pentagon,brown,small,5
3069,there is a large pink rectangle to the left of a medium green hexagon,rectangle,pink,large,to the left of,hexagon,green,medium,2
3070,a medium diamond is above a large triangle,diamond,red,medium,above,triangle,red,large,5
3071,a small triangle is below a small diamond,triangle,brown,small,below,diamond,yellow,small,5
3072,there is a small yellow oval next to a large red square,oval,yellow,small,next to,square,red,large,2
3073,a large triangle is below a small oval,triangle,green,large,below,oval,yellow,small,5
3074,there is a small grey square below a small green hexagon,square,grey,small,below,hexagon,green,small,2
3075,one large green hexagon is next to one medium grey pentagon,hexagon,green,large,next to,pentagon,grey,medium,3
3076,a small pink pentagon is positioned next to a small red rectangle,pentagon,pink,small,next to,rectangle,red,small,6
3077,there is a medium orange rectangle inside a large green circle,rectangle,orange,medium,inside,circle,green,large,2
3078,a medium yellow pentagon is to the left of a medium purple hexagon,pentagon,yellow,medium,to the left of,hexagon,purple,medium,1
3079,a brown square is to the left of a yellow pentagon,square,brown,large,to the left of,pentagon,yellow,small,4
3080,there is a large orange hexagon below a medium grey rectangle,hexagon,orange,large,below,rectangle,grey,medium,2
3081,there is a small grey hexagon inside a medium green circle,hexagon,grey,small,inside,circle,green,medium,2
3082,a purple diamond is next to a purple rectangle,diamond,purple,medium,next to,rectangle,purple,medium,4
3083,a red oval is next to a grey diamond,oval,red,small,next to,diamond,grey,large,4
3084,one small brown diamond is inside one large purple rectangle,diamond,brown,small,inside,rectangle,purple,large,3
3085,a grey square is to the right of a pink circle,square,grey,large,to the right of,circle,pink,large,4
3086,a large blue pentagon is above a large purple hexagon,pentagon,blue,large,above,hexagon,purple,large,1
3087,a small pink oval is positioned above a small red circle,oval,pink,small,above,circle,red,small,6
3088,a medium hexagon is to the right of a large diamond,hexagon,grey,medium,to the right of,diamond,blue,large,5
3089,a medium grey circle is inside a large purple oval,circle,grey,medium,inside,oval,purple,large,1
3090,a medium square is next to a large circle,square,green,medium,next to,circle,grey,large,5
3091,there is a large green triangle below a small red diamond,triangle,green,large,below,diamond,red,small,2
3092,there is a large brown pentagon to the left of a small brown circle,pentagon,brown,large,to the left of,circle,brown,small,2
3093,a medium oval is next to a medium hexagon,oval,orange,medium,next to,hexagon,orange,medium,5
3094,a brown rectangle is above a red circle,rectangle,brown,small,above,circle,red,small,4
3095,a small pink diamond is to the right of a large yellow hexagon,diamond,pink,small,to the right of,hexagon,yellow,large,1
3096,there is a medium brown rectangle to the right of a large green rectangle,rectangle,brown,medium,to the right of,rectangle,green,large,2
3097,one small purple circle is next to one medium orange pentagon,circle,purple,small,next to,pentagon,orange,medium,3
3098,one medium brown pentagon is next to one medium yellow pentagon,pentagon,brown,medium,next to,pentagon,yellow,medium,3
3099,a medium red diamond is to the left of a large green diamond,diamond,red,medium,to the left of,diamond,green,large,1
3100,a medium orange triangle is above a medium brown pentagon,triangle,orange,medium,above,pentagon,brown,medium,1
3101,a small oval is above a medium oval,oval,orange,small,above,oval,green,medium,5
3102,a small triangle is above a small square,triangle,orange,small,above,square,yellow,small,5
3103,one medium grey triangle is above one small brown square,triangle,grey,medium,above,square,brown,small,3
3104,a medium grey hexagon is to the left of a medium orange diamond,hexagon,grey,medium,to the left of,diamond,orange,medium,1
3105,a large diamond is to the left of a medium hexagon,diamond,pink,large,to the left of,hexagon,green,medium,5
3106,a medium rectangle is to the left of a small circle,rectangle,green,medium,to the left of,circle,yellow,small,5
3107,a medium yellow square is positioned below a large red diamond,square,yellow,medium,below,diamond,red,large,6
3108,a medium yellow diamond is inside a large orange oval,diamond,yellow,medium,inside,oval,orange,large,1
3109,a large brown triangle is positioned below a medium purple hexagon,triangle,brown,large,below,hexagon,purple,medium,6
3110,a medium pink rectangle is to the right of a medium yellow diamond,rectangle,pink,medium,to the right of,diamond,yellow,medium,1
3111,a medium green oval is positioned inside a large yellow hexagon,oval,green,medium,inside,hexagon,yellow,large,6
3112,a large blue oval is positioned above a medium red circle,oval,blue,large,above,circle,red,medium,6
3113,a small blue pentagon is positioned next to a large pink circle,pentagon,blue,small,next to,circle,pink,large,6
3114,a small hexagon is to the right of a medium hexagon,hexagon,brown,small,to the right of,hexagon,orange,medium,5
3115,one medium blue circle is inside one large pink rectangle,circle,blue,medium,inside,rectangle,pink,large,3
3116,there is a small yellow oval inside a large purple circle,oval,yellow,small,inside,circle,purple,large,2
3117,a large yellow rectangle is to the right of a large grey hexagon,rectangle,yellow,large,to the right of,hexagon,grey,large,1
3118,a small grey triangle is inside a large red triangle,triangle,grey,small,inside,triangle,red,large,1
3119,a small orange triangle is positioned below a small brown circle,triangle,orange,small,below,circle,brown,small,6
3120,a medium grey oval is positioned to the right of a medium red hexagon,oval,grey,medium,to the right of,hexagon,red,medium,6
3121,a large purple pentagon is positioned to the right of a medium pink pentagon,pentagon,purple,large,to the right of,pentagon,pink,medium,6
3122,a small yellow triangle is positioned inside a large red pentagon,triangle,yellow,small,inside,pentagon,red,large,6
3123,a large pink circle is positioned to the left of a medium brown rectangle,circle,pink,large,to the left of,rectangle,brown,medium,6
3124,a medium green triangle is positioned inside a large pink rectangle,triangle,green,medium,inside,rectangle,pink,large,6
3125,a medium purple triangle is positioned above a large yellow rectangle,triangle,purple,medium,above,rectangle,yellow,large,6
3126,a large pink circle is above a large grey triangle,circle,pink,large,above,triangle,grey,large,1
3127,a small hexagon is above a large oval,hexagon,purple,small,above,oval,grey,large,5
3128,a large rectangle is above a medium diamond,rectangle,blue,large,above,diamond,blue,medium,5
3129,a medium rectangle is inside a large hexagon,rectangle,red,medium,inside,hexagon,brown,large,5
3130,one medium red hexagon is to the left of one large green hexagon,hexagon,red,medium,to the left of,hexagon,green,large,3
3131,a medium pentagon is to the left of a large circle,pentagon,orange,medium,to the left of,circle,orange,large,5
3132,there is a small pink square next to a medium grey square,square,pink,small,next to,square,grey,medium,2
3133,there is a small blue triangle to the right of a large orange diamond,triangle,blue,small,to the right of,diamond,orange,large,2
3134,a large triangle is next to a small pentagon,triangle,grey,large,next to,pentagon,green,small,5
3135,a medium yellow rectangle is inside a large pink oval,rectangle,yellow,medium,inside,oval,pink,large,1
3136,one small green oval is above one medium grey triangle,oval,green,small,above,triangle,grey,medium,3
3137,a large pentagon is below a small circle,pentagon,grey,large,below,circle,blue,small,5
3138,one large green circle is above one small grey pentagon,circle,green,large,above,pentagon,grey,small,3
3139,a medium red triangle is positioned above a small yellow diamond,triangle,red,medium,above,diamond,yellow,small,6
3140,one large green triangle is next to one medium orange pentagon,triangle,green,large,next to,pentagon,orange,medium,3
3141,there is a medium blue rectangle to the right of a large purple circle,rectangle,blue,medium,to the right of,circle,purple,large,2
3142,a pink rectangle is inside a grey triangle,rectangle,pink,small,inside,triangle,grey,medium,4
3143,there is a small orange diamond to the right of a small grey hexagon,diamond,orange,small,to the right of,hexagon,grey,small,2
3144,a small rectangle is to the left of a medium square,rectangle,brown,small,to the left of,square,brown,medium,5
3145,a large rectangle is above a large diamond,rectangle,pink,large,above,diamond,orange,large,5
3146,there is a large purple square next to a small blue diamond,square,purple,large,next to,diamond,blue,small,2
3147,one large red pentagon is to the left of one medium orange circle,pentagon,red,large,to the left of,circle,orange,medium,3
3148,a large purple oval is next to a medium brown circle,oval,purple,large,next to,circle,brown,medium,1
3149,a large yellow pentagon is positioned above a medium green pentagon,pentagon,yellow,large,above,pentagon,green,medium,6
3150,a yellow rectangle is above a green hexagon,rectangle,yellow,large,above,hexagon,green,medium,4
3151,a small brown triangle is positioned inside a medium grey circle,triangle,brown,small,inside,circle,grey,medium,6
3152,there is a small orange rectangle below a large brown triangle,rectangle,orange,small,below,triangle,brown,large,2
3153,a medium blue hexagon is positioned inside a large blue square,hexagon,blue,medium,inside,square,blue,large,6
3154,there is a small grey triangle next to a small orange pentagon,triangle,grey,small,next to,pentagon,orange,small,2
3155,one medium red rectangle is above one large pink hexagon,rectangle,red,medium,above,hexagon,pink,large,3
3156,a brown triangle is inside a red circle,triangle,brown,small,inside,circle,red,large,4
3157,a large square is above a small hexagon,square,pink,large,above,hexagon,green,small,5
3158,one large purple hexagon is below one medium grey rectangle,hexagon,purple,large,below,rectangle,grey,medium,3
3159,a small yellow hexagon is inside a medium blue square,hexagon,yellow,small,inside,square,blue,medium,1
3160,a medium square is below a large pentagon,square,blue,medium,below,pentagon,grey,large,5
3161,one large blue triangle is below one medium blue pentagon,triangle,blue,large,below,pentagon,blue,medium,3
3162,a small red triangle is below a medium pink pentagon,triangle,red,small,below,pentagon,pink,medium,1
3163,a small green triangle is to the right of a large yellow rectangle,triangle,green,small,to the right of,rectangle,yellow,large,1
3164,a small orange triangle is to the left of a small yellow pentagon,triangle,orange,small,to the left of,pentagon,yellow,small,1
3165,one large yellow rectangle is above one small yellow circle,rectangle,yellow,large,above,circle,yellow,small,3
3166,one large orange pentagon is to the left of one medium orange rectangle,pentagon,orange,large,to the left of,rectangle,orange,medium,3
3167,there is a large blue hexagon to the left of a small green oval,hexagon,blue,large,to the left of,oval,green,small,2
3168,an orange square is next to a green circle,square,orange,large,next to,circle,green,small,4
3169,a medium rectangle is to the right of a large oval,rectangle,orange,medium,to the right of,oval,blue,large,5
3170,there is a large green hexagon above a small green pentagon,hexagon,green,large,above,pentagon,green,small,2
3171,there is a small green square next to a large pink oval,square,green,small,next to,oval,pink,large,2
3172,a large hexagon is next to a large square,hexagon,brown,large,next to,square,blue,large,5
3173,there is a large orange square above a medium purple oval,square,orange,large,above,oval,purple,medium,2
3174,a purple square is above a brown square,square,purple,small,above,square,brown,large,4
3175,a large yellow triangle is positioned to the right of a large grey rectangle,triangle,yellow,large,to the right of,rectangle,grey,large,6
3176,one medium pink rectangle is next to one medium pink triangle,rectangle,pink,medium,next to,triangle,pink,medium,3
3177,there is a large grey hexagon to the left of a small grey rectangle,hexagon,grey,large,to the left of,rectangle,grey,small,2
3178,a large orange circle is positioned to the left of a large pink diamond,circle,orange,large,to the left of,diamond,pink,large,6
3179,a small grey hexagon is next to a medium yellow hexagon,hexagon,grey,small,next to,hexagon,yellow,medium,1
3180,one large green pentagon is to the left of one medium yellow oval,pentagon,green,large,to the left of,oval,yellow,medium,3
3181,there is a small yellow triangle to the left of a small blue rectangle,triangle,yellow,small,to the left of,rectangle,blue,small,2
3182,one small grey circle is to the right of one large green diamond,circle,grey,small,to the right of,diamond,green,large,3
3183,a small square is to the right of a medium square,square,red,small,to the right of,square,orange,medium,5
3184,a medium grey triangle is above a large orange oval,triangle,grey,medium,above,oval,orange,large,1
3185,a medium rectangle is to the right of a medium diamond,rectangle,yellow,medium,to the right of,diamond,green,medium,5
3186,a small red circle is positioned below a small yellow diamond,circle,red,small,below,diamond,yellow,small,6
3187,a grey circle is to the left of a yellow rectangle,circle,grey,large,to the left of,rectangle,yellow,large,4
3188,one medium brown pentagon is below one large blue pentagon,pentagon,brown,medium,below,pentagon,blue,large,3
3189,a small yellow hexagon is positioned inside a medium red oval,hexagon,yellow,small,inside,oval,red,medium,6
3190,one medium yellow triangle is inside one large blue oval,triangle,yellow,medium,inside,oval,blue,large,3
3191,one small yellow hexagon is to the left of one medium purple rectangle,hexagon,yellow,small,to the left of,rectangle,purple,medium,3
3192,there is a medium grey diamond below a medium blue pentagon,diamond,grey,medium,below,pentagon,blue,medium,2
3193,one small purple hexagon is below one medium orange triangle,hexagon,purple,small,below,triangle,orange,medium,3
3194,a red square is to the left of a purple diamond,square,red,medium,to the left of,diamond,purple,small,4
3195,a brown rectangle is to the right of a purple diamond,rectangle,brown,medium,to the right of,diamond,purple,medium,4
3196,a purple diamond is to the left of a green pentagon,diamond,purple,medium,to the left of,pentagon,green,large,4
3197,a red square is above a grey oval,square,red,small,above,oval,grey,large,4
3198,there is a small yellow circle inside a large yellow diamond,circle,yellow,small,inside,diamond,yellow,large,2
3199,one small pink triangle is inside one medium orange diamond,triangle,pink,small,inside,diamond,orange,medium,3
3200,a pink pentagon is to the right of a blue square,pentagon,pink,small,to the right of,square,blue,large,4
3201,an orange circle is above a yellow triangle,circle,orange,medium,above,triangle,yellow,medium,4
3202,a large purple oval is positioned to the right of a medium grey oval,oval,purple,large,to the right of,oval,grey,medium,6
3203,one large grey square is below one small grey triangle,square,grey,large,below,triangle,grey,small,3
3204,a pink square is to the right of a brown triangle,square,pink,small,to the right of,triangle,brown,large,4
3205,a large brown pentagon is above a medium pink circle,pentagon,brown,large,above,circle,pink,medium,1
3206,a purple oval is below a purple hexagon,oval,purple,small,below,hexagon,purple,small,4
3207,a large orange diamond is to the right of a small pink triangle,diamond,orange,large,to the right of,triangle,pink,small,1
3208,one medium green square is inside one large purple oval,square,green,medium,inside,oval,purple,large,3
3209,one large green rectangle is to the right of one large blue rectangle,rectangle,green,large,to the right of,rectangle,blue,large,3
3210,one large brown diamond is above one medium brown triangle,diamond,brown,large,above,triangle,brown,medium,3
3211,there is a small purple square next to a medium yellow square,square,purple,small,next to,square,yellow,medium,2
3212,a small green hexagon is positioned to the left of a medium brown hexagon,hexagon,green,small,to the left of,hexagon,brown,medium,6
3213,there is a small blue hexagon next to a large green pentagon,hexagon,blue,small,next to,pentagon,green,large,2
3214,a purple hexagon is above a red oval,hexagon,purple,small,above,oval,red,medium,4
3215,there is a medium green circle to the right of a large green pentagon,circle,green,medium,to the right of,pentagon,green,large,2
3216,a purple diamond is inside a yellow pentagon,diamond,purple,medium,inside,pentagon,yellow,large,4
3217,there is a small green rectangle next to a medium yellow circle,rectangle,green,small,next to,circle,yellow,medium,2
3218,a large red circle is to the left of a small blue square,circle,red,large,to the left of,square,blue,small,1
3219,there is a large pink diamond below a large purple triangle,diamond,pink,large,below,triangle,purple,large,2
3220,a small green square is to the right of a medium green hexagon,square,green,small,to the right of,hexagon,green,medium,1
3221,a medium yellow hexagon is positioned inside a large red oval,hexagon,yellow,medium,inside,oval,red,large,6
3222,a small yellow rectangle is inside a large green oval,rectangle,yellow,small,inside,oval,green,large,1
3223,a medium orange circle is next to a large green pentagon,circle,orange,medium,next to,pentagon,green,large,1
3224,a red circle is above a yellow rectangle,circle,red,small,above,rectangle,yellow,small,4
3225,there is a medium blue hexagon to the right of a large brown triangle,hexagon,blue,medium,to the right of,triangle,brown,large,2
3226,there is a small brown triangle to the left of a medium red pentagon,triangle,brown,small,to the left of,pentagon,red,medium,2
3227,a grey square is above a yellow hexagon,square,grey,large,above,hexagon,yellow,small,4
3228,a small red hexagon is to the right of a small purple rectangle,hexagon,red,small,to the right of,rectangle,purple,small,1
3229,a small grey square is inside a large pink circle,square,grey,small,inside,circle,pink,large,1
3230,there is a medium green hexagon inside a large yellow oval,hexagon,green,medium,inside,oval,yellow,large,2
3231,a blue rectangle is above a brown diamond,rectangle,blue,small,above,diamond,brown,small,4
3232,there is a small red circle next to a small orange rectangle,circle,red,small,next to,rectangle,orange,small,2
3233,one medium yellow diamond is inside one large green rectangle,diamond,yellow,medium,inside,rectangle,green,large,3
3234,a yellow circle is below a yellow hexagon,circle,yellow,small,below,hexagon,yellow,medium,4
3235,there is a medium green circle below a small grey triangle,circle,green,medium,below,triangle,grey,small,2
3236,one small red triangle is above one large purple circle,triangle,red,small,above,circle,purple,large,3
3237,a large diamond is next to a small oval,diamond,grey,large,next to,oval,red,small,5
3238,a medium orange diamond is positioned to the right of a large brown hexagon,diamond,orange,medium,to the right of,hexagon,brown,large,6
3239,a small blue oval is to the left of a small yellow circle,oval,blue,small,to the left of,circle,yellow,small,1
3240,a medium purple triangle is positioned to the left of a small red square,triangle,purple,medium,to the left of,square,red,small,6
3241,a red diamond is inside a brown square,diamond,red,small,inside,square,brown,large,4
3242,there is a medium blue triangle below a medium grey pentagon,triangle,blue,medium,below,pentagon,grey,medium,2
3243,there is a medium pink triangle above a small green square,triangle,pink,medium,above,square,green,small,2
3244,a large triangle is next to a medium triangle,triangle,purple,large,next to,triangle,blue,medium,5
3245,a medium purple triangle is to the right of a small purple square,triangle,purple,medium,to the right of,square,purple,small,1
3246,a grey triangle is to the left of a red circle,triangle,grey,medium,to the left of,circle,red,medium,4
3247,one small purple pentagon is below one large pink rectangle,pentagon,purple,small,below,rectangle,pink,large,3
3248,there is a medium purple diamond next to a large grey pentagon,diamond,purple,medium,next to,pentagon,grey,large,2
3249,an orange pentagon is below a purple oval,pentagon,orange,large,below,oval,purple,small,4
3250,a brown circle is to the right of a brown hexagon,circle,brown,large,to the right of,hexagon,brown,small,4
3251,a large rectangle is to the left of a large oval,rectangle,red,large,to the left of,oval,purple,large,5
3252,there is a small brown diamond to the right of a large grey circle,diamond,brown,small,to the right of,circle,grey,large,2
3253,one large pink oval is next to one medium green square,oval,pink,large,next to,square,green,medium,3
3254,one small pink circle is below one small green oval,circle,pink,small,below,oval,green,small,3
3255,there is a large orange circle to the left of a large brown circle,circle,orange,large,to the left of,circle,brown,large,2
3256,there is a small pink pentagon inside a large yellow hexagon,pentagon,pink,small,inside,hexagon,yellow,large,2
3257,a medium orange diamond is below a small yellow pentagon,diamond,orange,medium,below,pentagon,yellow,small,1
3258,a large triangle is above a small diamond,triangle,brown,large,above,diamond,pink,small,5
3259,a small diamond is to the right of a large oval,diamond,grey,small,to the right of,oval,blue,large,5
3260,a small green pentagon is positioned inside a medium grey pentagon,pentagon,green,small,inside,pentagon,grey,medium,6
3261,a large orange rectangle is positioned above a medium purple diamond,rectangle,orange,large,above,diamond,purple,medium,6
3262,a red circle is to the left of a pink triangle,circle,red,large,to the left of,triangle,pink,large,4
3263,a medium purple pentagon is to the left of a small pink diamond,pentagon,purple,medium,to the left of,diamond,pink,small,1
3264,a large circle is next to a small diamond,circle,green,large,next to,diamond,green,small,5
3265,there is a large brown pentagon above a small orange hexagon,pentagon,brown,large,above,hexagon,orange,small,2
3266,a small orange oval is positioned inside a medium pink square,oval,orange,small,inside,square,pink,medium,6
3267,there is a medium red oval above a medium blue square,oval,red,medium,above,square,blue,medium,2
3268,a large orange oval is below a large purple circle,oval,orange,large,below,circle,purple,large,1
3269,a green triangle is inside a brown triangle,triangle,green,medium,inside,triangle,brown,large,4
3270,a purple triangle is inside a grey circle,triangle,purple,small,inside,circle,grey,large,4
3271,a red square is below a green triangle,square,red,medium,below,triangle,green,small,4
3272,a blue circle is above an orange oval,circle,blue,small,above,oval,orange,small,4
3273,there is a small pink square inside a medium red hexagon,square,pink,small,inside,hexagon,red,medium,2
3274,a medium purple pentagon is above a large brown pentagon,pentagon,purple,medium,above,pentagon,brown,large,1
3275,a small brown pentagon is positioned below a large red hexagon,pentagon,brown,small,below,hexagon,red,large,6
3276,there is a large blue triangle to the right of a medium grey rectangle,triangle,blue,large,to the right of,rectangle,grey,medium,2
3277,one medium grey oval is above one medium brown pentagon,oval,grey,medium,above,pentagon,brown,medium,3
3278,there is a large grey pentagon to the left of a large red oval,pentagon,grey,large,to the left of,oval,red,large,2
3279,a medium brown triangle is above a medium brown rectangle,triangle,brown,medium,above,rectangle,brown,medium,1
3280,a medium square is to the left of a medium hexagon,square,blue,medium,to the left of,hexagon,brown,medium,5
3281,a large yellow pentagon is to the left of a medium purple pentagon,pentagon,yellow,large,to the left of,pentagon,purple,medium,1
3282,a small diamond is inside a large hexagon,diamond,yellow,small,inside,hexagon,green,large,5
3283,one large grey diamond is above one small yellow rectangle,diamond,grey,large,above,rectangle,yellow,small,3
3284,a large square is next to a large pentagon,square,pink,large,next to,pentagon,blue,large,5
3285,a large pink circle is above a medium pink pentagon,circle,pink,large,above,pentagon,pink,medium,1
3286,a medium purple pentagon is below a large orange diamond,pentagon,purple,medium,below,diamond,orange,large,1
3287,one medium brown rectangle is inside one large grey pentagon,rectangle,brown,medium,inside,pentagon,grey,large,3
3288,a purple hexagon is inside a grey diamond,hexagon,purple,small,inside,diamond,grey,medium,4
3289,a small pink diamond is positioned inside a large pink oval,diamond,pink,small,inside,oval,pink,large,6
3290,a small pink pentagon is to the left of a medium blue oval,pentagon,pink,small,to the left of,oval,blue,medium,1
3291,one large orange diamond is to the left of one large green diamond,diamond,orange,large,to the left of,diamond,green,large,3
3292,a medium orange square is next to a medium grey oval,square,orange,medium,next to,oval,grey,medium,1
3293,an orange circle is above a grey oval,circle,orange,small,above,oval,grey,small,4
3294,a medium orange triangle is above a medium yellow pentagon,triangle,orange,medium,above,pentagon,yellow,medium,1
3295,a blue triangle is above a blue diamond,triangle,blue,small,above,diamond,blue,small,4
3296,a large yellow square is above a large red circle,square,yellow,large,above,circle,red,large,1
3297,there is a large brown rectangle to the right of a large brown diamond,rectangle,brown,large,to the right of,diamond,brown,large,2
3298,a green diamond is to the right of a yellow square,diamond,green,small,to the right of,square,yellow,medium,4
3299,there is a medium grey pentagon above a large blue circle,pentagon,grey,medium,above,circle,blue,large,2
3300,a small green oval is inside a medium purple triangle,oval,green,small,inside,triangle,purple,medium,1
3301,a red hexagon is next to an orange triangle,hexagon,red,small,next to,triangle,orange,small,4
3302,a small pink triangle is below a large red oval,triangle,pink,small,below,oval,red,large,1
3303,a medium yellow oval is to the right of a medium pink pentagon,oval,yellow,medium,to the right of,pentagon,pink,medium,1
3304,a medium red pentagon is positioned to the left of a small grey pentagon,pentagon,red,medium,to the left of,pentagon,grey,small,6
3305,one medium brown rectangle is inside one large yellow triangle,rectangle,brown,medium,inside,triangle,yellow,large,3
3306,a medium brown rectangle is inside a large grey hexagon,rectangle,brown,medium,inside,hexagon,grey,large,1
3307,there is a large orange pentagon above a large brown hexagon,pentagon,orange,large,above,hexagon,brown,large,2
3308,a small blue diamond is positioned below a large blue pentagon,diamond,blue,small,below,pentagon,blue,large,6
3309,a medium grey circle is above a medium green rectangle,circle,grey,medium,above,rectangle,green,medium,1
3310,a large triangle is below a medium pentagon,triangle,green,large,below,pentagon,orange,medium,5
3311,a pink hexagon is inside a purple triangle,hexagon,pink,medium,inside,triangle,purple,large,4
3312,there is a medium yellow square below a medium green pentagon,square,yellow,medium,below,pentagon,green,medium,2
3313,a green square is below a red pentagon,square,green,large,below,pentagon,red,medium,4
3314,there is a large grey rectangle to the right of a small grey square,rectangle,grey,large,to the right of,square,grey,small,2
3315,there is a medium green pentagon next to a medium red hexagon,pentagon,green,medium,next to,hexagon,red,medium,2
3316,there is a small orange diamond to the right of a medium red diamond,diamond,orange,small,to the right of,diamond,red,medium,2
3317,a green triangle is inside a grey oval,triangle,green,small,inside,oval,grey,large,4
3318,a large grey square is below a medium orange pentagon,square,grey,large,below,pentagon,orange,medium,1
3319,a purple pentagon is below a blue hexagon,pentagon,purple,small,below,hexagon,blue,medium,4
3320,there is a medium blue triangle to the right of a medium grey pentagon,triangle,blue,medium,to the right of,pentagon,grey,medium,2
3321,a brown hexagon is below a pink diamond,hexagon,brown,large,below,diamond,pink,small,4
3322,a small brown triangle is to the left of a large brown oval,triangle,brown,small,to the left of,oval,brown,large,1
3323,a small hexagon is below a large rectangle,hexagon,purple,small,below,rectangle,pink,large,5
3324,there is a medium grey circle inside a large brown triangle,circle,grey,medium,inside,triangle,brown,large,2
3325,a large yellow triangle is positioned above a small yellow circle,triangle,yellow,large,above,circle,yellow,small,6
3326,a small blue circle is positioned below a medium orange diamond,circle,blue,small,below,diamond,orange,medium,6
3327,a medium red triangle is positioned to the left of a medium purple hexagon,triangle,red,medium,to the left of,hexagon,purple,medium,6
3328,a small square is inside a large circle,square,orange,small,inside,circle,brown,large,5
3329,a small blue pentagon is to the right of a small orange square,pentagon,blue,small,to the right of,square,orange,small,1
3330,there is a medium purple oval inside a large grey oval,oval,purple,medium,inside,oval,grey,large,2
3331,a large green pentagon is positioned to the left of a small grey diamond,pentagon,green,large,to the left of,diamond,grey,small,6
3332,a medium oval is to the left of a medium oval,oval,grey,medium,to the left of,oval,blue,medium,5
3333,a small blue triangle is to the right of a small brown triangle,triangle,blue,small,to the right of,triangle,brown,small,1
3334,there is a small grey rectangle above a medium yellow hexagon,rectangle,grey,small,above,hexagon,yellow,medium,2
3335,a medium square is next to a large square,square,blue,medium,next to,square,yellow,large,5
3336,there is a small red rectangle to the right of a small orange triangle,rectangle,red,small,to the right of,triangle,orange,small,2
3337,one small red diamond is to the right of one large blue pentagon,diamond,red,small,to the right of,pentagon,blue,large,3
3338,there is a small brown circle to the left of a medium yellow oval,circle,brown,small,to the left of,oval,yellow,medium,2
3339,a large grey pentagon is to the right of a small green circle,pentagon,grey,large,to the right of,circle,green,small,1
3340,a medium yellow circle is to the left of a medium pink oval,circle,yellow,medium,to the left of,oval,pink,medium,1
3341,there is a medium pink oval to the right of a large purple triangle,oval,pink,medium,to the right of,triangle,purple,large,2
3342,a small green triangle is above a small red pentagon,triangle,green,small,above,pentagon,red,small,1
3343,a large grey rectangle is positioned below a large grey pentagon,rectangle,grey,large,below,pentagon,grey,large,6
3344,one medium purple circle is to the right of one medium blue triangle,circle,purple,medium,to the right of,triangle,blue,medium,3
3345,a medium hexagon is next to a medium diamond,hexagon,brown,medium,next to,diamond,green,medium,5
3346,a grey hexagon is above a green diamond,hexagon,grey,small,above,diamond,green,small,4
3347,there is a large purple circle below a small orange square,circle,purple,large,below,square,orange,small,2
3348,one medium brown circle is inside one large blue pentagon,circle,brown,medium,inside,pentagon,blue,large,3
3349,a medium orange diamond is below a small grey pentagon,diamond,orange,medium,below,pentagon,grey,small,1
3350,one small blue rectangle is inside one medium orange rectangle,rectangle,blue,small,inside,rectangle,orange,medium,3
3351,a small brown square is inside a large orange hexagon,square,brown,small,inside,hexagon,orange,large,1
3352,an orange rectangle is inside a pink hexagon,rectangle,orange,medium,inside,hexagon,pink,large,4
3353,there is a medium purple triangle below a large orange triangle,triangle,purple,medium,below,triangle,orange,large,2
3354,a large green hexagon is positioned below a medium orange hexagon,hexagon,green,large,below,hexagon,orange,medium,6
3355,a medium red square is positioned next to a large brown pentagon,square,red,medium,next to,pentagon,brown,large,6
3356,a medium oval is below a large circle,oval,brown,medium,below,circle,pink,large,5
3357,a medium yellow rectangle is positioned above a medium grey square,rectangle,yellow,medium,above,square,grey,medium,6
3358,there is a small grey rectangle below a large blue rectangle,rectangle,grey,small,below,rectangle,blue,large,2
3359,one large yellow diamond is to the left of one large orange triangle,diamond,yellow,large,to the left of,triangle,orange,large,3
3360,a green diamond is next to an orange rectangle,diamond,green,medium,next to,rectangle,orange,small,4
3361,one medium brown diamond is to the left of one medium pink diamond,diamond,brown,medium,to the left of,diamond,pink,medium,3
3362,one medium pink circle is inside one large green rectangle,circle,pink,medium,inside,rectangle,green,large,3
3363,a small grey hexagon is below a small yellow square,hexagon,grey,small,below,square,yellow,small,1
3364,a large yellow circle is positioned to the right of a large brown diamond,circle,yellow,large,to the right of,diamond,brown,large,6
3365,there is a medium purple pentagon next to a large green square,pentagon,purple,medium,next to,square,green,large,2
3366,there is a large blue oval to the right of a large purple diamond,oval,blue,large,to the right of,diamond,purple,large,2
3367,there is a small purple square inside a large red diamond,square,purple,small,inside,diamond,red,large,2
3368,a medium triangle is above a medium square,triangle,orange,medium,above,square,red,medium,5
3369,there is a medium red diamond to the right of a large yellow oval,diamond,red,medium,to the right of,oval,yellow,large,2
3370,there is a small purple pentagon inside a large orange oval,pentagon,purple,small,inside,oval,orange,large,2
3371,there is a small orange pentagon inside a large grey triangle,pentagon,orange,small,inside,triangle,grey,large,2
3372,a large red diamond is positioned to the right of a large red diamond,diamond,red,large,to the right of,diamond,red,large,6
3373,a purple oval is below an orange rectangle,oval,purple,small,below,rectangle,orange,large,4
3374,one large red rectangle is above one large pink oval,rectangle,red,large,above,oval,pink,large,3
3375,there is a small brown rectangle below a medium green oval,rectangle,brown,small,below,oval,green,medium,2
3376,a red triangle is to the left of a blue rectangle,triangle,red,medium,to the left of,rectangle,blue,medium,4
3377,a grey diamond is inside a red pentagon,diamond,grey,medium,inside,pentagon,red,large,4
3378,a medium circle is inside a large hexagon,circle,pink,medium,inside,hexagon,yellow,large,5
3379,a medium brown pentagon is positioned to the left of a medium brown pentagon,pentagon,brown,medium,to the left of,pentagon,brown,medium,6
3380,a medium triangle is to the left of a large triangle,triangle,grey,medium,to the left of,triangle,purple,large,5
3381,one large pink circle is next to one large blue triangle,circle,pink,large,next to,triangle,blue,large,3
3382,a medium yellow diamond is positioned above a medium purple hexagon,diamond,yellow,medium,above,hexagon,purple,medium,6
3383,a medium square is below a medium diamond,square,orange,medium,below,diamond,yellow,medium,5
3384,one large yellow hexagon is next to one large blue square,hexagon,yellow,large,next to,square,blue,large,3
3385,there is a small blue pentagon next to a small purple circle,pentagon,blue,small,next to,circle,purple,small,2
3386,a medium purple hexagon is inside a large purple rectangle,hexagon,purple,medium,inside,rectangle,purple,large,1
3387,a small brown pentagon is inside a large red rectangle,pentagon,brown,small,inside,rectangle,red,large,1
3388,a pink diamond is to the right of a brown square,diamond,pink,small,to the right of,square,brown,medium,4
3389,a small circle is to the left of a large pentagon,circle,grey,small,to the left of,pentagon,yellow,large,5
3390,one large grey diamond is to the right of one small brown hexagon,diamond,grey,large,to the right of,hexagon,brown,small,3
3391,there is a medium blue rectangle next to a large pink square,rectangle,blue,medium,next to,square,pink,large,2
3392,a small yellow square is next to a large orange rectangle,square,yellow,small,next to,rectangle,orange,large,1
3393,one medium orange triangle is next to one medium pink oval,triangle,orange,medium,next to,oval,pink,medium,3
3394,a grey triangle is to the right of a brown hexagon,triangle,grey,small,to the right of,hexagon,brown,large,4
3395,a large circle is above a large circle,circle,brown,large,above,circle,pink,large,5
3396,a green square is above a brown oval,square,green,medium,above,oval,brown,medium,4
3397,there is a large grey oval to the right of a medium pink hexagon,oval,grey,large,to the right of,hexagon,pink,medium,2
3398,a blue pentagon is below an orange oval,pentagon,blue,large,below,oval,orange,small,4
3399,a small red triangle is below a medium pink rectangle,triangle,red,small,below,rectangle,pink,medium,1
3400,one large red diamond is to the left of one medium yellow oval,diamond,red,large,to the left of,oval,yellow,medium,3
3401,an orange circle is above a green triangle,circle,orange,medium,above,triangle,green,small,4
3402,a medium purple pentagon is positioned to the right of a large green circle,pentagon,purple,medium,to the right of,circle,green,large,6
3403,a small rectangle is to the right of a medium diamond,rectangle,blue,small,to the right of,diamond,yellow,medium,5
3404,an orange circle is to the right of a red hexagon,circle,orange,small,to the right of,hexagon,red,small,4
3405,a small brown rectangle is positioned below a large grey hexagon,rectangle,brown,small,below,hexagon,grey,large,6
3406,one small pink square is above one medium purple oval,square,pink,small,above,oval,purple,medium,3
3407,a small green diamond is below a small yellow diamond,diamond,green,small,below,diamond,yellow,small,1
3408,a red rectangle is inside a red triangle,rectangle,red,medium,inside,triangle,red,large,4
3409,a small purple circle is positioned below a small red oval,circle,purple,small,below,oval,red,small,6
3410,there is a medium purple triangle below a medium grey hexagon,triangle,purple,medium,below,hexagon,grey,medium,2
3411,a red circle is to the right of an orange pentagon,circle,red,small,to the right of,pentagon,orange,large,4
3412,a large green hexagon is to the left of a large blue triangle,hexagon,green,large,to the left of,triangle,blue,large,1
3413,a medium oval is to the right of a medium hexagon,oval,green,medium,to the right of,hexagon,yellow,medium,5
3414,a purple hexagon is to the left of a pink triangle,hexagon,purple,small,to the left of,triangle,pink,small,4
3415,a medium pentagon is inside a large pentagon,pentagon,blue,medium,inside,pentagon,red,large,5
3416,a large red rectangle is below a medium red triangle,rectangle,red,large,below,triangle,red,medium,1
3417,a medium rectangle is next to a large oval,rectangle,red,medium,next to,oval,green,large,5
3418,a red hexagon is inside a red hexagon,hexagon,red,medium,inside,hexagon,red,large,4
3419,a small purple oval is positioned next to a medium green pentagon,oval,purple,small,next to,pentagon,green,medium,6
3420,a small orange hexagon is inside a large brown oval,hexagon,orange,small,inside,oval,brown,large,1
3421,a large brown rectangle is positioned next to a large green triangle,rectangle,brown,large,next to,triangle,green,large,6
3422,a large hexagon is to the left of a large oval,hexagon,orange,large,to the left of,oval,red,large,5
3423,one small yellow hexagon is to the left of one small purple rectangle,hexagon,yellow,small,to the left of,rectangle,purple,small,3
3424,one small orange pentagon is above one small green triangle,pentagon,orange,small,above,triangle,green,small,3
3425,a small pink hexagon is below a large pink hexagon,hexagon,pink,small,below,hexagon,pink,large,1
3426,a large oval is next to a medium pentagon,oval,yellow,large,next to,pentagon,blue,medium,5
3427,one large purple circle is to the right of one small red oval,circle,purple,large,to the right of,oval,red,small,3
3428,one small pink triangle is next to one large red triangle,triangle,pink,small,next to,triangle,red,large,3
3429,there is a small blue pentagon next to a medium brown triangle,pentagon,blue,small,next to,triangle,brown,medium,2
3430,a large pink rectangle is to the right of a medium blue pentagon,rectangle,pink,large,to the right of,pentagon,blue,medium,1
3431,a small orange hexagon is positioned next to a large purple diamond,hexagon,orange,small,next to,diamond,purple,large,6
3432,one small pink triangle is inside one large brown diamond,triangle,pink,small,inside,diamond,brown,large,3
3433,one large brown rectangle is above one medium orange hexagon,rectangle,brown,large,above,hexagon,orange,medium,3
3434,a large diamond is below a large hexagon,diamond,orange,large,below,hexagon,brown,large,5
3435,a small circle is inside a large oval,circle,purple,small,inside,oval,red,large,5
3436,a large orange circle is next to a large pink diamond,circle,orange,large,next to,diamond,pink,large,1
3437,one small green rectangle is above one medium red triangle,rectangle,green,small,above,triangle,red,medium,3
3438,there is a large yellow oval above a small yellow pentagon,oval,yellow,large,above,pentagon,yellow,small,2
3439,there is a medium red oval above a large orange rectangle,oval,red,medium,above,rectangle,orange,large,2
3440,a purple pentagon is inside a purple oval,pentagon,purple,small,inside,oval,purple,medium,4
3441,a medium yellow triangle is positioned below a small grey diamond,triangle,yellow,medium,below,diamond,grey,small,6
3442,one large red triangle is to the right of one small yellow square,triangle,red,large,to the right of,square,yellow,small,3
3443,a medium pink hexagon is positioned to the right of a small purple oval,hexagon,pink,medium,to the right of,oval,purple,small,6
3444,a large triangle is to the left of a medium oval,triangle,orange,large,to the left of,oval,purple,medium,5
3445,a brown pentagon is to the right of an orange circle,pentagon,brown,large,to the right of,circle,orange,medium,4
3446,there is a small red rectangle to the left of a medium blue triangle,rectangle,red,small,to the left of,triangle,blue,medium,2
3447,a medium pink rectangle is positioned to the right of a medium red rectangle,rectangle,pink,medium,to the right of,rectangle,red,medium,6
3448,one large purple pentagon is below one medium red hexagon,pentagon,purple,large,below,hexagon,red,medium,3
3449,one small brown hexagon is next to one large orange circle,hexagon,brown,small,next to,circle,orange,large,3
3450,there is a medium orange triangle inside a large blue square,triangle,orange,medium,inside,square,blue,large,2
3451,a large hexagon is above a medium oval,hexagon,purple,large,above,oval,purple,medium,5
3452,an orange pentagon is below a purple pentagon,pentagon,orange,small,below,pentagon,purple,large,4
3453,one small brown hexagon is above one medium grey oval,hexagon,brown,small,above,oval,grey,medium,3
3454,one small orange square is to the left of one large green square,square,orange,small,to the left of,square,green,large,3
3455,there is a medium yellow oval inside a large orange triangle,oval,yellow,medium,inside,triangle,orange,large,2
3456,there is a small green diamond above a medium orange diamond,diamond,green,small,above,diamond,orange,medium,2
3457,a pink oval is to the left of a grey oval,oval,pink,large,to the left of,oval,grey,small,4
3458,a yellow square is inside an orange pentagon,square,yellow,medium,inside,pentagon,orange,large,4
3459,a small purple pentagon is positioned next to a small yellow pentagon,pentagon,purple,small,next to,pentagon,yellow,small,6
3460,a large purple diamond is positioned below a large brown pentagon,diamond,purple,large,below,pentagon,brown,large,6
3461,a small triangle is above a small triangle,triangle,yellow,small,above,triangle,red,small,5
3462,there is a small grey pentagon below a small brown rectangle,pentagon,grey,small,below,rectangle,brown,small,2
3463,a small triangle is above a small hexagon,triangle,brown,small,above,hexagon,brown,small,5
3464,a medium diamond is above a small square,diamond,purple,medium,above,square,grey,small,5
3465,there is a small green triangle next to a large orange oval,triangle,green,small,next to,oval,orange,large,2
3466,a large pentagon is above a large hexagon,pentagon,yellow,large,above,hexagon,green,large,5
3467,there is a medium red square above a large yellow rectangle,square,red,medium,above,rectangle,yellow,large,2
3468,a small green circle is to the right of a small brown hexagon,circle,green,small,to the right of,hexagon,brown,small,1
3469,a small rectangle is to the right of a medium hexagon,rectangle,pink,small,to the right of,hexagon,grey,medium,5
3470,a large diamond is above a small triangle,diamond,orange,large,above,triangle,green,small,5
3471,a medium orange diamond is positioned above a large red oval,diamond,orange,medium,above,oval,red,large,6
3472,a medium brown square is positioned above a small yellow triangle,square,brown,medium,above,triangle,yellow,small,6
3473,there is a small red oval above a large pink rectangle,oval,red,small,above,rectangle,pink,large,2
3474,a grey pentagon is to the left of a blue oval,pentagon,grey,large,to the left of,oval,blue,large,4
3475,one large pink triangle is above one small red pentagon,triangle,pink,large,above,pentagon,red,small,3
3476,a yellow oval is above a brown diamond,oval,yellow,medium,above,diamond,brown,medium,4
3477,there is a medium brown circle to the left of a large yellow pentagon,circle,brown,medium,to the left of,pentagon,yellow,large,2
3478,one small pink diamond is below one small red oval,diamond,pink,small,below,oval,red,small,3
3479,one large yellow square is below one medium green triangle,square,yellow,large,below,triangle,green,medium,3
3480,a medium pink oval is to the right of a medium brown oval,oval,pink,medium,to the right of,oval,brown,medium,1
3481,a medium pink oval is positioned below a small grey triangle,oval,pink,medium,below,triangle,grey,small,6
3482,a blue diamond is below a purple rectangle,diamond,blue,small,below,rectangle,purple,large,4
3483,a large hexagon is to the left of a small pentagon,hexagon,grey,large,to the left of,pentagon,yellow,small,5
3484,one medium brown oval is inside one large blue pentagon,oval,brown,medium,inside,pentagon,blue,large,3
3485,a medium purple triangle is inside a large pink pentagon,triangle,purple,medium,inside,pentagon,pink,large,1
3486,a medium yellow square is positioned to the right of a large green pentagon,square,yellow,medium,to the right of,pentagon,green,large,6
3487,a yellow oval is to the right of a green hexagon,oval,yellow,medium,to the right of,hexagon,green,small,4
3488,a yellow triangle is inside a red diamond,triangle,yellow,small,inside,diamond,red,medium,4
3489,a small yellow triangle is to the right of a large blue triangle,triangle,yellow,small,to the right of,triangle,blue,large,1
3490,a medium blue rectangle is to the right of a small purple circle,rectangle,blue,medium,to the right of,circle,purple,small,1
3491,one medium grey diamond is below one medium pink circle,diamond,grey,medium,below,circle,pink,medium,3
3492,one medium orange oval is next to one medium grey square,oval,orange,medium,next to,square,grey,medium,3
3493,a small red rectangle is positioned inside a large red rectangle,rectangle,red,small,inside,rectangle,red,large,6
3494,a medium red pentagon is positioned next to a large blue oval,pentagon,red,medium,next to,oval,blue,large,6
3495,there is a small red hexagon to the right of a medium brown hexagon,hexagon,red,small,to the right of,hexagon,brown,medium,2
3496,there is a medium red circle inside a large grey hexagon,circle,red,medium,inside,hexagon,grey,large,2
3497,a small orange triangle is above a medium orange circle,triangle,orange,small,above,circle,orange,medium,1
3498,a small rectangle is next to a large triangle,rectangle,green,small,next to,triangle,red,large,5
3499,a small blue hexagon is below a large orange square,hexagon,blue,small,below,square,orange,large,1
3500,there is a medium brown hexagon inside a large brown oval,hexagon,brown,medium,inside,oval,brown,large,2
3501,there is a medium orange triangle next to a small grey hexagon,triangle,orange,medium,next to,hexagon,grey,small,2
3502,a small grey oval is to the left of a medium red square,oval,grey,small,to the left of,square,red,medium,1
3503,a medium yellow rectangle is inside a large grey hexagon,rectangle,yellow,medium,inside,hexagon,grey,large,1
3504,a green rectangle is above a yellow diamond,rectangle,green,small,above,diamond,yellow,medium,4
3505,a large brown oval is below a medium pink hexagon,oval,brown,large,below,hexagon,pink,medium,1
3506,a medium oval is to the right of a small hexagon,oval,grey,medium,to the right of,hexagon,blue,small,5
3507,a blue circle is below an orange hexagon,circle,blue,large,below,hexagon,orange,small,4
3508,a small purple diamond is inside a medium brown hexagon,diamond,purple,small,inside,hexagon,brown,medium,1
3509,a purple rectangle is next to a yellow rectangle,rectangle,purple,large,next to,rectangle,yellow,small,4
3510,a brown square is next to a red circle,square,brown,medium,next to,circle,red,medium,4
3511,a small hexagon is inside a large square,hexagon,red,small,inside,square,pink,large,5
3512,a yellow oval is below a yellow oval,oval,yellow,medium,below,oval,yellow,medium,4
3513,there is a large brown triangle above a medium pink circle,triangle,brown,large,above,circle,pink,medium,2
3514,a medium pink oval is next to a small green diamond,oval,pink,medium,next to,diamond,green,small,1
3515,one medium green rectangle is below one small blue rectangle,rectangle,green,medium,below,rectangle,blue,small,3
3516,a medium blue triangle is positioned above a small red oval,triangle,blue,medium,above,oval,red,small,6
3517,a large blue pentagon is positioned next to a small red circle,pentagon,blue,large,next to,circle,red,small,6
3518,a brown hexagon is below a pink square,hexagon,brown,large,below,square,pink,small,4
3519,an orange triangle is to the left of a red circle,triangle,orange,small,to the left of,circle,red,medium,4
3520,one medium grey hexagon is inside one large pink oval,hexagon,grey,medium,inside,oval,pink,large,3
3521,a brown circle is above a red triangle,circle,brown,large,above,triangle,red,medium,4
3522,a medium square is inside a large diamond,square,yellow,medium,inside,diamond,blue,large,5
3523,a pink circle is inside an orange triangle,circle,pink,medium,inside,triangle,orange,large,4
3524,one large grey oval is to the left of one medium yellow square,oval,grey,large,to the left of,square,yellow,medium,3
3525,a large hexagon is to the left of a large triangle,hexagon,brown,large,to the left of,triangle,orange,large,5
3526,there is a large grey diamond above a large green pentagon,diamond,grey,large,above,pentagon,green,large,2
3527,a large triangle is to the right of a small pentagon,triangle,pink,large,to the right of,pentagon,brown,small,5
3528,a blue oval is next to a brown hexagon,oval,blue,small,next to,hexagon,brown,large,4
3529,a yellow rectangle is inside a grey diamond,rectangle,yellow,small,inside,diamond,grey,large,4
3530,one small purple rectangle is to the right of one medium blue oval,rectangle,purple,small,to the right of,oval,blue,medium,3
3531,a small brown rectangle is inside a medium purple circle,rectangle,brown,small,inside,circle,purple,medium,1
3532,there is a large yellow rectangle above a small purple pentagon,rectangle,yellow,large,above,pentagon,purple,small,2
3533,an orange diamond is to the left of a blue square,diamond,orange,large,to the left of,square,blue,small,4
3534,an orange rectangle is to the left of a brown circle,rectangle,orange,small,to the left of,circle,brown,medium,4
3535,there is a medium purple diamond above a small orange rectangle,diamond,purple,medium,above,rectangle,orange,small,2
3536,there is a small green oval above a small orange rectangle,oval,green,small,above,rectangle,orange,small,2
3537,one large grey triangle is below one small orange rectangle,triangle,grey,large,below,rectangle,orange,small,3
3538,a large red oval is positioned to the right of a small pink circle,oval,red,large,to the right of,circle,pink,small,6
3539,a small yellow diamond is to the right of a large blue square,diamond,yellow,small,to the right of,square,blue,large,1
3540,there is a large blue oval above a medium yellow rectangle,oval,blue,large,above,rectangle,yellow,medium,2
3541,a large red square is positioned above a small yellow pentagon,square,red,large,above,pentagon,yellow,small,6
3542,one medium brown oval is inside one large green rectangle,oval,brown,medium,inside,rectangle,green,large,3
3543,a purple diamond is below a yellow hexagon,diamond,purple,large,below,hexagon,yellow,medium,4
3544,a small red rectangle is to the right of a large grey square,rectangle,red,small,to the right of,square,grey,large,1
3545,a large orange triangle is above a medium orange hexagon,triangle,orange,large,above,hexagon,orange,medium,1
3546,a grey circle is inside an orange pentagon,circle,grey,medium,inside,pentagon,orange,large,4
3547,one large blue oval is above one large brown diamond,oval,blue,large,above,diamond,brown,large,3
3548,there is a large red pentagon below a medium brown circle,pentagon,red,large,below,circle,brown,medium,2
3549,there is a large orange diamond above a large pink hexagon,diamond,orange,large,above,hexagon,pink,large,2
3550,one large grey rectangle is to the right of one small brown pentagon,rectangle,grey,large,to the right of,pentagon,brown,small,3
3551,a large orange triangle is to the left of a small orange pentagon,triangle,orange,large,to the left of,pentagon,orange,small,1
3552,a medium pink square is to the left of a large blue triangle,square,pink,medium,to the left of,triangle,blue,large,1
3553,one small green oval is to the left of one medium brown oval,oval,green,small,to the left of,oval,brown,medium,3
3554,one large red pentagon is to the right of one large pink diamond,pentagon,red,large,to the right of,diamond,pink,large,3
3555,a large green oval is next to a large orange diamond,oval,green,large,next to,diamond,orange,large,1
3556,one large brown pentagon is to the right of one medium yellow rectangle,pentagon,brown,large,to the right of,rectangle,yellow,medium,3
3557,a large yellow square is to the right of a large brown hexagon,square,yellow,large,to the right of,hexagon,brown,large,1
3558,there is a medium orange diamond to the right of a large brown oval,diamond,orange,medium,to the right of,oval,brown,large,2
3559,a pink triangle is to the right of a red square,triangle,pink,medium,to the right of,square,red,medium,4
3560,a large green diamond is above a large green circle,diamond,green,large,above,circle,green,large,1
3561,a large purple hexagon is to the left of a large pink pentagon,hexagon,purple,large,to the left of,pentagon,pink,large,1
3562,a large hexagon is below a small rectangle,hexagon,purple,large,below,rectangle,red,small,5
3563,a large grey square is positioned below a medium purple triangle,square,grey,large,below,triangle,purple,medium,6
3564,there is a small green rectangle below a large blue diamond,rectangle,green,small,below,diamond,blue,large,2
3565,there is a medium red pentagon to the left of a medium green square,pentagon,red,medium,to the left of,square,green,medium,2
3566,a large circle is below a medium diamond,circle,pink,large,below,diamond,yellow,medium,5
3567,there is a large yellow triangle above a small blue oval,triangle,yellow,large,above,oval,blue,small,2
3568,there is a medium red pentagon next to a medium green rectangle,pentagon,red,medium,next to,rectangle,green,medium,2
3569,a large orange circle is positioned to the left of a small pink pentagon,circle,orange,large,to the left of,pentagon,pink,small,6
3570,a grey square is next to a yellow pentagon,square,grey,small,next to,pentagon,yellow,medium,4
3571,a small square is above a large oval,square,yellow,small,above,oval,orange,large,5
3572,a medium blue diamond is inside a large green square,diamond,blue,medium,inside,square,green,large,1
3573,a blue circle is above a purple hexagon,circle,blue,large,above,hexagon,purple,small,4
3574,a large grey diamond is next to a small yellow oval,diamond,grey,large,next to,oval,yellow,small,1
3575,a green rectangle is to the left of a green pentagon,rectangle,green,large,to the left of,pentagon,green,large,4
3576,one large brown square is to the right of one medium blue circle,square,brown,large,to the right of,circle,blue,medium,3
3577,a small brown rectangle is positioned to the right of a medium pink oval,rectangle,brown,small,to the right of,oval,pink,medium,6
3578,a small pentagon is above a medium circle,pentagon,green,small,above,circle,green,medium,5
3579,a medium grey square is inside a large grey rectangle,square,grey,medium,inside,rectangle,grey,large,1
3580,one small pink rectangle is inside one medium red oval,rectangle,pink,small,inside,oval,red,medium,3
3581,a small purple triangle is positioned to the right of a large yellow square,triangle,purple,small,to the right of,square,yellow,large,6
3582,a small triangle is above a medium pentagon,triangle,yellow,small,above,pentagon,pink,medium,5
3583,one medium pink circle is to the right of one large blue triangle,circle,pink,medium,to the right of,triangle,blue,large,3
3584,a medium hexagon is next to a large rectangle,hexagon,pink,medium,next to,rectangle,yellow,large,5
3585,one large blue circle is next to one medium brown hexagon,circle,blue,large,next to,hexagon,brown,medium,3
3586,there is a large green square to the right of a large yellow oval,square,green,large,to the right of,oval,yellow,large,2
3587,there is a small red diamond inside a medium orange rectangle,diamond,red,small,inside,rectangle,orange,medium,2
3588,a small yellow circle is positioned next to a medium pink oval,circle,yellow,small,next to,oval,pink,medium,6
3589,a green triangle is inside a yellow pentagon,triangle,green,small,inside,pentagon,yellow,medium,4
3590,one medium green pentagon is to the right of one medium blue pentagon,pentagon,green,medium,to the right of,pentagon,blue,medium,3
3591,a large circle is above a small oval,circle,blue,large,above,oval,purple,small,5
3592,there is a medium brown diamond below a medium pink rectangle,diamond,brown,medium,below,rectangle,pink,medium,2
3593,there is a medium blue triangle above a large red circle,triangle,blue,medium,above,circle,red,large,2
3594,a large diamond is above a large diamond,diamond,brown,large,above,diamond,pink,large,5
3595,an orange hexagon is to the left of an orange oval,hexagon,orange,large,to the left of,oval,orange,medium,4
3596,there is a medium orange hexagon to the left of a small grey diamond,hexagon,orange,medium,to the left of,diamond,grey,small,2
3597,one medium grey triangle is next to one small green pentagon,triangle,grey,medium,next to,pentagon,green,small,3
3598,a medium rectangle is to the right of a medium rectangle,rectangle,pink,medium,to the right of,rectangle,grey,medium,5
3599,a small purple diamond is above a large purple diamond,diamond,purple,small,above,diamond,purple,large,1
3600,one large brown hexagon is above one large green triangle,hexagon,brown,large,above,triangle,green,large,3
3601,one large purple pentagon is above one medium brown triangle,pentagon,purple,large,above,triangle,brown,medium,3
3602,one small grey triangle is below one medium grey pentagon,triangle,grey,small,below,pentagon,grey,medium,3
3603,a medium pink triangle is inside a large pink rectangle,triangle,pink,medium,inside,rectangle,pink,large,1
3604,a blue oval is to the left of a grey hexagon,oval,blue,small,to the left of,hexagon,grey,large,4
3605,an orange diamond is to the left of an orange oval,diamond,orange,large,to the left of,oval,orange,medium,4
3606,a medium brown diamond is positioned below a medium purple circle,diamond,brown,medium,below,circle,purple,medium,6
3607,a pink square is below a red pentagon,square,pink,medium,below,pentagon,red,medium,4
3608,one large orange triangle is below one small yellow rectangle,triangle,orange,large,below,rectangle,yellow,small,3
3609,a large pink square is above a medium yellow hexagon,square,pink,large,above,hexagon,yellow,medium,1
3610,a medium square is to the right of a medium rectangle,square,red,medium,to the right of,rectangle,orange,medium,5
3611,a small oval is above a large oval,oval,orange,small,above,oval,orange,large,5
3612,a large yellow triangle is positioned to the right of a large yellow circle,triangle,yellow,large,to the right of,circle,yellow,large,6
3613,there is a medium yellow circle to the left of a large purple hexagon,circle,yellow,medium,to the left of,hexagon,purple,large,2
3614,a red hexagon is below a blue circle,hexagon,red,large,below,circle,blue,large,4
3615,there is a medium yellow pentagon above a large orange rectangle,pentagon,yellow,medium,above,rectangle,orange,large,2
3616,a green triangle is below a pink hexagon,triangle,green,medium,below,hexagon,pink,large,4
3617,a large grey rectangle is next to a large brown triangle,rectangle,grey,large,next to,triangle,brown,large,1
3618,a small orange hexagon is positioned inside a large grey pentagon,hexagon,orange,small,inside,pentagon,grey,large,6
3619,one large pink rectangle is to the left of one large blue diamond,rectangle,pink,large,to the left of,diamond,blue,large,3
3620,a small orange triangle is positioned above a large green triangle,triangle,orange,small,above,triangle,green,large,6
3621,a large yellow circle is positioned to the left of a medium purple triangle,circle,yellow,large,to the left of,triangle,purple,medium,6
3622,there is a medium pink rectangle to the left of a small grey triangle,rectangle,pink,medium,to the left of,triangle,grey,small,2
3623,one medium blue pentagon is inside one large purple diamond,pentagon,blue,medium,inside,diamond,purple,large,3
3624,a medium blue square is positioned next to a large pink hexagon,square,blue,medium,next to,hexagon,pink,large,6
3625,a medium green hexagon is next to a large yellow diamond,hexagon,green,medium,next to,diamond,yellow,large,1
3626,a small brown oval is above a large pink triangle,oval,brown,small,above,triangle,pink,large,1
3627,a large red triangle is positioned to the left of a large yellow oval,triangle,red,large,to the left of,oval,yellow,large,6
3628,a large green square is to the left of a large brown hexagon,square,green,large,to the left of,hexagon,brown,large,1
3629,a small purple pentagon is positioned below a small brown hexagon,pentagon,purple,small,below,hexagon,brown,small,6
3630,one small blue diamond is inside one medium yellow triangle,diamond,blue,small,inside,triangle,yellow,medium,3
3631,a medium grey oval is positioned next to a large red pentagon,oval,grey,medium,next to,pentagon,red,large,6
3632,a brown pentagon is inside a brown hexagon,pentagon,brown,small,inside,hexagon,brown,medium,4
3633,there is a medium blue square above a small purple square,square,blue,medium,above,square,purple,small,2
3634,one small green hexagon is below one medium grey oval,hexagon,green,small,below,oval,grey,medium,3
3635,a small pink square is positioned inside a medium pink triangle,square,pink,small,inside,triangle,pink,medium,6
3636,a green square is below a blue pentagon,square,green,medium,below,pentagon,blue,small,4
3637,a medium green hexagon is positioned inside a large pink diamond,hexagon,green,medium,inside,diamond,pink,large,6
3638,a large yellow pentagon is above a large pink hexagon,pentagon,yellow,large,above,hexagon,pink,large,1
3639,a yellow rectangle is next to a purple rectangle,rectangle,yellow,medium,next to,rectangle,purple,small,4
3640,there is a medium orange hexagon inside a large purple oval,hexagon,orange,medium,inside,oval,purple,large,2
3641,a large brown oval is positioned to the left of a small pink circle,oval,brown,large,to the left of,circle,pink,small,6
3642,a medium brown square is to the left of a small grey square,square,brown,medium,to the left of,square,grey,small,1
3643,a large grey circle is positioned below a medium red triangle,circle,grey,large,below,triangle,red,medium,6
3644,an orange hexagon is to the left of a yellow pentagon,hexagon,orange,medium,to the left of,pentagon,yellow,medium,4
3645,a blue square is next to a purple oval,square,blue,medium,next to,oval,purple,medium,4
3646,a large red circle is next to a medium pink square,circle,red,large,next to,square,pink,medium,1
3647,a medium purple oval is below a medium red diamond,oval,purple,medium,below,diamond,red,medium,1
3648,a small diamond is to the left of a medium pentagon,diamond,yellow,small,to the left of,pentagon,blue,medium,5
3649,one medium orange triangle is next to one medium red square,triangle,orange,medium,next to,square,red,medium,3
3650,there is a small pink diamond to the left of a large pink circle,diamond,pink,small,to the left of,circle,pink,large,2
3651,there is a medium green rectangle next to a small red circle,rectangle,green,medium,next to,circle,red,small,2
3652,a small green square is positioned to the right of a large yellow circle,square,green,small,to the right of,circle,yellow,large,6
3653,there is a small blue rectangle inside a large brown hexagon,rectangle,blue,small,inside,hexagon,brown,large,2
3654,one large orange triangle is above one medium blue circle,triangle,orange,large,above,circle,blue,medium,3
3655,a small square is to the right of a medium diamond,square,green,small,to the right of,diamond,green,medium,5
3656,a medium oval is to the left of a medium square,oval,red,medium,to the left of,square,blue,medium,5
3657,there is a small blue triangle above a large pink pentagon,triangle,blue,small,above,pentagon,pink,large,2
3658,there is a large red oval to the right of a small blue circle,oval,red,large,to the right of,circle,blue,small,2
3659,an orange diamond is to the left of a red square,diamond,orange,small,to the left of,square,red,large,4
3660,there is a large purple square to the right of a large purple hexagon,square,purple,large,to the right of,hexagon,purple,large,2
3661,a grey diamond is inside a yellow triangle,diamond,grey,small,inside,triangle,yellow,medium,4
3662,a pink triangle is to the left of a brown square,triangle,pink,medium,to the left of,square,brown,small,4
3663,one large green pentagon is to the left of one medium purple hexagon,pentagon,green,large,to the left of,hexagon,purple,medium,3
3664,a medium yellow rectangle is positioned below a small yellow triangle,rectangle,yellow,medium,below,triangle,yellow,small,6
3665,one small brown hexagon is to the left of one small orange hexagon,hexagon,brown,small,to the left of,hexagon,orange,small,3
3666,one small green oval is inside one medium red rectangle,oval,green,small,inside,rectangle,red,medium,3
3667,a small green triangle is inside a large purple hexagon,triangle,green,small,inside,hexagon,purple,large,1
3668,an orange square is to the right of a purple diamond,square,orange,large,to the right of,diamond,purple,small,4
3669,a small pink oval is inside a medium orange circle,oval,pink,small,inside,circle,orange,medium,1
3670,one medium brown pentagon is below one large orange diamond,pentagon,brown,medium,below,diamond,orange,large,3
3671,one medium brown triangle is to the right of one medium pink diamond,triangle,brown,medium,to the right of,diamond,pink,medium,3
3672,a medium diamond is below a small rectangle,diamond,blue,medium,below,rectangle,brown,small,5
3673,one medium yellow square is below one small yellow diamond,square,yellow,medium,below,diamond,yellow,small,3
3674,a small yellow circle is positioned to the left of a large green pentagon,circle,yellow,small,to the left of,pentagon,green,large,6
3675,a small blue circle is positioned below a large orange circle,circle,blue,small,below,circle,orange,large,6
3676,a small hexagon is to the left of a large oval,hexagon,green,small,to the left of,oval,blue,large,5
3677,there is a medium yellow rectangle to the left of a large yellow oval,rectangle,yellow,medium,to the left of,oval,yellow,large,2
3678,a small red triangle is positioned inside a large grey triangle,triangle,red,small,inside,triangle,grey,large,6
3679,a brown oval is inside a red square,oval,brown,medium,inside,square,red,large,4
3680,a brown rectangle is next to a yellow diamond,rectangle,brown,small,next to,diamond,yellow,small,4
3681,there is a medium orange triangle above a large blue square,triangle,orange,medium,above,square,blue,large,2
3682,a large triangle is below a medium diamond,triangle,purple,large,below,diamond,green,medium,5
3683,a medium yellow hexagon is positioned inside a large brown square,hexagon,yellow,medium,inside,square,brown,large,6
3684,a small pentagon is to the left of a medium rectangle,pentagon,orange,small,to the left of,rectangle,pink,medium,5
3685,a large grey pentagon is above a medium red pentagon,pentagon,grey,large,above,pentagon,red,medium,1
3686,an orange circle is to the left of a purple oval,circle,orange,small,to the left of,oval,purple,large,4
3687,there is a large pink circle to the left of a large purple circle,circle,pink,large,to the left of,circle,purple,large,2
3688,a medium triangle is to the right of a medium circle,triangle,orange,medium,to the right of,circle,grey,medium,5
3689,a medium rectangle is inside a large circle,rectangle,grey,medium,inside,circle,red,large,5
3690,a small rectangle is below a large hexagon,rectangle,orange,small,below,hexagon,yellow,large,5
3691,a medium green diamond is positioned below a large green diamond,diamond,green,medium,below,diamond,green,large,6
3692,a large diamond is above a small rectangle,diamond,yellow,large,above,rectangle,blue,small,5
3693,an orange rectangle is below a blue oval,rectangle,orange,small,below,oval,blue,medium,4
3694,one medium brown oval is to the left of one small pink circle,oval,brown,medium,to the left of,circle,pink,small,3
3695,one large blue pentagon is above one medium green triangle,pentagon,blue,large,above,triangle,green,medium,3
3696,a large blue rectangle is positioned below a small green oval,rectangle,blue,large,below,oval,green,small,6
3697,a red rectangle is next to a blue triangle,rectangle,red,small,next to,triangle,blue,large,4
3698,there is a medium grey circle above a medium yellow pentagon,circle,grey,medium,above,pentagon,yellow,medium,2
3699,a medium yellow triangle is positioned to the left of a small blue pentagon,triangle,yellow,medium,to the left of,pentagon,blue,small,6
3700,a small pentagon is above a large square,pentagon,green,small,above,square,grey,large,5
3701,there is a small purple pentagon inside a large purple hexagon,pentagon,purple,small,inside,hexagon,purple,large,2
3702,there is a small yellow pentagon to the right of a small red triangle,pentagon,yellow,small,to the right of,triangle,red,small,2
3703,a large purple hexagon is positioned to the right of a medium blue oval,hexagon,purple,large,to the right of,oval,blue,medium,6
3704,a large red rectangle is positioned to the left of a small orange square,rectangle,red,large,to the left of,square,orange,small,6
3705,one large green pentagon is below one large green rectangle,pentagon,green,large,below,rectangle,green,large,3
3706,one small yellow triangle is to the left of one large purple pentagon,triangle,yellow,small,to the left of,pentagon,purple,large,3
3707,one small red square is next to one medium yellow rectangle,square,red,small,next to,rectangle,yellow,medium,3
3708,one large purple pentagon is to the right of one medium green diamond,pentagon,purple,large,to the right of,diamond,green,medium,3
3709,one medium brown circle is next to one small red square,circle,brown,medium,next to,square,red,small,3
3710,there is a large blue oval to the right of a large purple circle,oval,blue,large,to the right of,circle,purple,large,2
3711,a large pink triangle is positioned below a large green rectangle,triangle,pink,large,below,rectangle,green,large,6
3712,a grey square is below a blue circle,square,grey,medium,below,circle,blue,large,4
3713,one small blue hexagon is to the right of one large grey rectangle,hexagon,blue,small,to the right of,rectangle,grey,large,3
3714,one small blue oval is above one large blue pentagon,oval,blue,small,above,pentagon,blue,large,3
3715,there is a large red oval next to a medium orange rectangle,oval,red,large,next to,rectangle,orange,medium,2
3716,one small pink triangle is above one small green oval,triangle,pink,small,above,oval,green,small,3
3717,a blue pentagon is above a grey rectangle,pentagon,blue,large,above,rectangle,grey,medium,4
3718,an orange diamond is above a green rectangle,diamond,orange,small,above,rectangle,green,small,4
3719,a yellow pentagon is above a pink hexagon,pentagon,yellow,small,above,hexagon,pink,small,4
3720,one small brown pentagon is inside one medium orange hexagon,pentagon,brown,small,inside,hexagon,orange,medium,3
3721,one medium red triangle is below one small red rectangle,triangle,red,medium,below,rectangle,red,small,3
3722,there is a large brown diamond to the right of a small blue triangle,diamond,brown,large,to the right of,triangle,blue,small,2
3723,an orange pentagon is inside a pink hexagon,pentagon,orange,small,inside,hexagon,pink,medium,4
3724,a large yellow oval is positioned to the left of a large orange circle,oval,yellow,large,to the left of,circle,orange,large,6
3725,a small grey hexagon is inside a large pink hexagon,hexagon,grey,small,inside,hexagon,pink,large,1
3726,a large square is to the right of a large diamond,square,pink,large,to the right of,diamond,blue,large,5
3727,one large purple pentagon is to the right of one large blue circle,pentagon,purple,large,to the right of,circle,blue,large,3
3728,a red hexagon is below a green triangle,hexagon,red,large,below,triangle,green,large,4
3729,one small purple square is below one large pink square,square,purple,small,below,square,pink,large,3
3730,a small pentagon is to the right of a small pentagon,pentagon,green,small,to the right of,pentagon,pink,small,5
3731,a green pentagon is inside a brown circle,pentagon,green,medium,inside,circle,brown,large,4
3732,a yellow rectangle is to the right of a purple circle,rectangle,yellow,large,to the right of,circle,purple,large,4
3733,an orange pentagon is inside a green hexagon,pentagon,orange,small,inside,hexagon,green,large,4
3734,a medium orange rectangle is to the right of a medium pink circle,rectangle,orange,medium,to the right of,circle,pink,medium,1
3735,a pink rectangle is above an orange square,rectangle,pink,small,above,square,orange,small,4
3736,one small yellow square is below one large blue rectangle,square,yellow,small,below,rectangle,blue,large,3
3737,a large brown hexagon is positioned next to a small orange diamond,hexagon,brown,large,next to,diamond,orange,small,6
3738,a grey diamond is next to a blue square,diamond,grey,large,next to,square,blue,small,4
3739,a small blue pentagon is above a small green circle,pentagon,blue,small,above,circle,green,small,1
3740,a large yellow hexagon is to the right of a large purple diamond,hexagon,yellow,large,to the right of,diamond,purple,large,1
3741,one small orange rectangle is inside one large brown triangle,rectangle,orange,small,inside,triangle,brown,large,3
3742,one large purple circle is to the right of one small orange oval,circle,purple,large,to the right of,oval,orange,small,3
3743,a pink square is to the left of an orange circle,square,pink,large,to the left of,circle,orange,medium,4
3744,a medium pentagon is to the left of a medium triangle,pentagon,pink,medium,to the left of,triangle,blue,medium,5
3745,one medium yellow oval is next to one small yellow triangle,oval,yellow,medium,next to,triangle,yellow,small,3
3746,one large grey circle is below one large pink rectangle,circle,grey,large,below,rectangle,pink,large,3
3747,a yellow hexagon is to the right of a pink rectangle,hexagon,yellow,small,to the right of,rectangle,pink,large,4
3748,one large blue diamond is above one medium purple triangle,diamond,blue,large,above,triangle,purple,medium,3
3749,a medium yellow pentagon is positioned below a small brown triangle,pentagon,yellow,medium,below,triangle,brown,small,6
3750,a medium blue diamond is positioned inside a large green hexagon,diamond,blue,medium,inside,hexagon,green,large,6
3751,there is a medium brown circle to the right of a medium grey diamond,circle,brown,medium,to the right of,diamond,grey,medium,2
3752,a medium hexagon is to the left of a large circle,hexagon,brown,medium,to the left of,circle,grey,large,5
3753,a small diamond is to the right of a medium circle,diamond,red,small,to the right of,circle,red,medium,5
3754,one small green rectangle is to the right of one small brown oval,rectangle,green,small,to the right of,oval,brown,small,3
3755,a large pentagon is to the right of a small oval,pentagon,yellow,large,to the right of,oval,red,small,5
3756,a small triangle is to the left of a large square,triangle,pink,small,to the left of,square,red,large,5
3757,a large oval is next to a small pentagon,oval,purple,large,next to,pentagon,grey,small,5
3758,one large green pentagon is next to one small orange circle,pentagon,green,large,next to,circle,orange,small,3
3759,there is a medium grey triangle below a medium grey triangle,triangle,grey,medium,below,triangle,grey,medium,2
3760,a large triangle is above a large triangle,triangle,green,large,above,triangle,yellow,large,5
3761,there is a medium blue rectangle above a large pink circle,rectangle,blue,medium,above,circle,pink,large,2
3762,one small yellow triangle is to the right of one medium yellow pentagon,triangle,yellow,small,to the right of,pentagon,yellow,medium,3
3763,a medium brown triangle is positioned above a medium green triangle,triangle,brown,medium,above,triangle,green,medium,6
3764,there is a small pink hexagon to the right of a large brown pentagon,hexagon,pink,small,to the right of,pentagon,brown,large,2
3765,one medium brown oval is above one medium purple pentagon,oval,brown,medium,above,pentagon,purple,medium,3
3766,a green oval is inside a green circle,oval,green,medium,inside,circle,green,large,4
3767,a medium yellow hexagon is inside a large purple diamond,hexagon,yellow,medium,inside,diamond,purple,large,1
3768,a blue square is to the right of a red pentagon,square,blue,medium,to the right of,pentagon,red,small,4
3769,there is a small orange hexagon inside a large orange oval,hexagon,orange,small,inside,oval,orange,large,2
3770,a small red triangle is next to a large grey triangle,triangle,red,small,next to,triangle,grey,large,1
3771,a small oval is inside a medium square,oval,grey,small,inside,square,pink,medium,5
3772,a small grey rectangle is positioned above a large purple diamond,rectangle,grey,small,above,diamond,purple,large,6
3773,a medium purple pentagon is to the left of a medium orange triangle,pentagon,purple,medium,to the left of,triangle,orange,medium,1
3774,one large red pentagon is above one medium pink oval,pentagon,red,large,above,oval,pink,medium,3
3775,a red diamond is next to a green rectangle,diamond,red,large,next to,rectangle,green,small,4
3776,a yellow oval is to the left of a red circle,oval,yellow,large,to the left of,circle,red,large,4
3777,there is a medium purple circle to the right of a large red pentagon,circle,purple,medium,to the right of,pentagon,red,large,2
3778,a large hexagon is below a small square,hexagon,green,large,below,square,orange,small,5
3779,one large purple circle is to the right of one large blue diamond,circle,purple,large,to the right of,diamond,blue,large,3
3780,there is a small pink circle to the left of a small orange circle,circle,pink,small,to the left of,circle,orange,small,2
3781,a large pink diamond is to the left of a small blue circle,diamond,pink,large,to the left of,circle,blue,small,1
3782,a grey triangle is below a pink square,triangle,grey,small,below,square,pink,medium,4
3783,one medium red square is below one medium blue pentagon,square,red,medium,below,pentagon,blue,medium,3
3784,a yellow square is to the right of a red triangle,square,yellow,medium,to the right of,triangle,red,large,4
3785,a small pink oval is below a small purple hexagon,oval,pink,small,below,hexagon,purple,small,1
3786,a medium blue rectangle is positioned to the right of a small grey hexagon,rectangle,blue,medium,to the right of,hexagon,grey,small,6
3787,a medium green diamond is above a small pink pentagon,diamond,green,medium,above,pentagon,pink,small,1
3788,one small blue square is below one large pink triangle,square,blue,small,below,triangle,pink,large,3
3789,there is a small grey hexagon below a large purple square,hexagon,grey,small,below,square,purple,large,2
3790,a medium pink circle is positioned below a large pink square,circle,pink,medium,below,square,pink,large,6
3791,a medium blue rectangle is below a medium blue rectangle,rectangle,blue,medium,below,rectangle,blue,medium,1
3792,a medium orange circle is above a small yellow pentagon,circle,orange,medium,above,pentagon,yellow,small,1
3793,one small pink triangle is below one large yellow square,triangle,pink,small,below,square,yellow,large,3
3794,a small square is below a small hexagon,square,orange,small,below,hexagon,pink,small,5
3795,one small green circle is below one medium orange hexagon,circle,green,small,below,hexagon,orange,medium,3
3796,a large circle is to the left of a small triangle,circle,red,large,to the left of,triangle,grey,small,5
3797,a small green triangle is positioned next to a medium red square,triangle,green,small,next to,square,red,medium,6
3798,there is a medium green circle inside a large orange hexagon,circle,green,medium,inside,hexagon,orange,large,2
3799,one medium green pentagon is next to one small blue hexagon,pentagon,green,medium,next to,hexagon,blue,small,3
3800,a small circle is above a small square,circle,red,small,above,square,yellow,small,5
3801,there is a medium yellow triangle next to a small green square,triangle,yellow,medium,next to,square,green,small,2
3802,a small yellow oval is positioned inside a medium pink circle,oval,yellow,small,inside,circle,pink,medium,6
3803,one medium purple triangle is next to one large grey rectangle,triangle,purple,medium,next to,rectangle,grey,large,3
3804,a medium orange rectangle is positioned to the left of a medium green triangle,rectangle,orange,medium,to the left of,triangle,green,medium,6
3805,a small triangle is to the right of a medium oval,triangle,green,small,to the right of,oval,green,medium,5
3806,an orange pentagon is next to a grey oval,pentagon,orange,large,next to,oval,grey,medium,4
3807,there is a medium red rectangle below a medium blue diamond,rectangle,red,medium,below,diamond,blue,medium,2
3808,a small orange circle is to the right of a small pink pentagon,circle,orange,small,to the right of,pentagon,pink,small,1
3809,a medium green square is positioned inside a large pink hexagon,square,green,medium,inside,hexagon,pink,large,6
3810,there is a small grey hexagon to the right of a small blue triangle,hexagon,grey,small,to the right of,triangle,blue,small,2
3811,a medium red hexagon is positioned inside a large brown hexagon,hexagon,red,medium,inside,hexagon,brown,large,6
3812,one small blue pentagon is to the right of one large orange circle,pentagon,blue,small,to the right of,circle,orange,large,3
3813,a small pentagon is below a small rectangle,pentagon,purple,small,below,rectangle,yellow,small,5
3814,one medium blue oval is below one small brown circle,oval,blue,medium,below,circle,brown,small,3
3815,a large orange pentagon is below a medium pink diamond,pentagon,orange,large,below,diamond,pink,medium,1
3816,a large purple triangle is positioned to the right of a small pink circle,triangle,purple,large,to the right of,circle,pink,small,6
3817,a medium hexagon is inside a large triangle,hexagon,grey,medium,inside,triangle,orange,large,5
3818,a small grey pentagon is inside a medium purple circle,pentagon,grey,small,inside,circle,purple,medium,1
3819,one medium red square is to the left of one medium red hexagon,square,red,medium,to the left of,hexagon,red,medium,3
3820,a small hexagon is to the right of a small square,hexagon,pink,small,to the right of,square,red,small,5
3821,a small rectangle is above a small square,rectangle,green,small,above,square,brown,small,5
3822,a medium brown diamond is positioned to the right of a small orange circle,diamond,brown,medium,to the right of,circle,orange,small,6
3823,a small brown rectangle is positioned to the right of a medium orange oval,rectangle,brown,small,to the right of,oval,orange,medium,6
3824,a medium brown diamond is next to a large blue diamond,diamond,brown,medium,next to,diamond,blue,large,1
3825,a medium yellow hexagon is to the left of a medium orange triangle,hexagon,yellow,medium,to the left of,triangle,orange,medium,1
3826,a red diamond is to the right of a yellow rectangle,diamond,red,medium,to the right of,rectangle,yellow,small,4
3827,there is a large orange oval to the right of a small grey rectangle,oval,orange,large,to the right of,rectangle,grey,small,2
3828,a small blue triangle is inside a medium green pentagon,triangle,blue,small,inside,pentagon,green,medium,1
3829,a green diamond is to the right of a grey diamond,diamond,green,medium,to the right of,diamond,grey,medium,4
3830,a medium brown pentagon is to the left of a large yellow oval,pentagon,brown,medium,to the left of,oval,yellow,large,1
3831,one large green diamond is next to one medium red diamond,diamond,green,large,next to,diamond,red,medium,3
3832,a large orange hexagon is positioned above a large red square,hexagon,orange,large,above,square,red,large,6
3833,a purple pentagon is below a blue triangle,pentagon,purple,large,below,triangle,blue,large,4
3834,one small blue circle is above one medium red hexagon,circle,blue,small,above,hexagon,red,medium,3
3835,a small yellow square is inside a medium brown pentagon,square,yellow,small,inside,pentagon,brown,medium,1
3836,one large grey circle is to the left of one large pink circle,circle,grey,large,to the left of,circle,pink,large,3
3837,a large oval is to the left of a large rectangle,oval,purple,large,to the left of,rectangle,blue,large,5
3838,one medium green pentagon is to the right of one small blue pentagon,pentagon,green,medium,to the right of,pentagon,blue,small,3
3839,a pink square is below a brown triangle,square,pink,large,below,triangle,brown,small,4
3840,there is a small grey diamond above a medium pink triangle,diamond,grey,small,above,triangle,pink,medium,2
3841,there is a medium grey rectangle above a small blue rectangle,rectangle,grey,medium,above,rectangle,blue,small,2
3842,there is a small blue oval to the right of a small green triangle,oval,blue,small,to the right of,triangle,green,small,2
3843,a blue square is to the left of a blue oval,square,blue,large,to the left of,oval,blue,large,4
3844,there is a large red diamond next to a large blue diamond,diamond,red,large,next to,diamond,blue,large,2
3845,a blue rectangle is next to a brown triangle,rectangle,blue,large,next to,triangle,brown,medium,4
3846,one small yellow pentagon is inside one medium grey pentagon,pentagon,yellow,small,inside,pentagon,grey,medium,3
3847,a large pentagon is above a small oval,pentagon,orange,large,above,oval,green,small,5
3848,an orange hexagon is to the right of a grey square,hexagon,orange,large,to the right of,square,grey,small,4
3849,a large pentagon is to the left of a small rectangle,pentagon,orange,large,to the left of,rectangle,grey,small,5
3850,there is a medium red oval below a small blue circle,oval,red,medium,below,circle,blue,small,2
3851,a medium pink circle is positioned inside a large orange circle,circle,pink,medium,inside,circle,orange,large,6
3852,there is a medium orange pentagon inside a large purple circle,pentagon,orange,medium,inside,circle,purple,large,2
3853,a small green rectangle is positioned to the right of a large green circle,rectangle,green,small,to the right of,circle,green,large,6
3854,a small yellow pentagon is to the right of a small yellow pentagon,pentagon,yellow,small,to the right of,pentagon,yellow,small,1
3855,a small blue rectangle is below a large purple pentagon,rectangle,blue,small,below,pentagon,purple,large,1
3856,a medium blue triangle is above a medium grey circle,triangle,blue,medium,above,circle,grey,medium,1
3857,a red circle is above a green circle,circle,red,large,above,circle,green,large,4
3858,a large grey pentagon is positioned to the left of a large brown circle,pentagon,grey,large,to the left of,circle,brown,large,6
3859,a red pentagon is to the left of a yellow oval,pentagon,red,medium,to the left of,oval,yellow,large,4
3860,there is a large pink triangle to the left of a small green hexagon,triangle,pink,large,to the left of,hexagon,green,small,2
3861,one medium grey circle is to the left of one medium orange hexagon,circle,grey,medium,to the left of,hexagon,orange,medium,3
3862,a red square is to the left of an orange oval,square,red,large,to the left of,oval,orange,large,4
3863,a large blue oval is next to a medium blue triangle,oval,blue,large,next to,triangle,blue,medium,1
3864,a large green hexagon is to the right of a small pink square,hexagon,green,large,to the right of,square,pink,small,1
3865,a medium blue diamond is positioned below a small purple pentagon,diamond,blue,medium,below,pentagon,purple,small,6
3866,a yellow diamond is above an orange circle,diamond,yellow,large,above,circle,orange,small,4
3867,a large red circle is positioned to the left of a medium grey pentagon,circle,red,large,to the left of,pentagon,grey,medium,6
3868,a medium triangle is below a medium pentagon,triangle,purple,medium,below,pentagon,red,medium,5
3869,one medium blue square is above one large grey pentagon,square,blue,medium,above,pentagon,grey,large,3
3870,a large green square is to the right of a small red oval,square,green,large,to the right of,oval,red,small,1
3871,a medium blue rectangle is inside a large orange rectangle,rectangle,blue,medium,inside,rectangle,orange,large,1
3872,a medium red circle is above a large grey rectangle,circle,red,medium,above,rectangle,grey,large,1
3873,a pink rectangle is below an orange square,rectangle,pink,large,below,square,orange,large,4
3874,one medium orange circle is to the right of one small brown rectangle,circle,orange,medium,to the right of,rectangle,brown,small,3
3875,there is a medium grey hexagon above a small grey circle,hexagon,grey,medium,above,circle,grey,small,2
3876,there is a small blue square below a medium pink hexagon,square,blue,small,below,hexagon,pink,medium,2
3877,a grey rectangle is to the right of an orange pentagon,rectangle,grey,large,to the right of,pentagon,orange,large,4
3878,there is a medium brown diamond next to a medium grey pentagon,diamond,brown,medium,next to,pentagon,grey,medium,2
3879,one medium yellow hexagon is to the right of one small blue square,hexagon,yellow,medium,to the right of,square,blue,small,3
3880,there is a medium green pentagon to the right of a large pink pentagon,pentagon,green,medium,to the right of,pentagon,pink,large,2
3881,a large brown triangle is positioned to the right of a small green circle,triangle,brown,large,to the right of,circle,green,small,6
3882,one small orange triangle is to the right of one small green rectangle,triangle,orange,small,to the right of,rectangle,green,small,3
3883,a yellow oval is inside a grey rectangle,oval,yellow,small,inside,rectangle,grey,large,4
3884,there is a small grey oval to the right of a large pink hexagon,oval,grey,small,to the right of,hexagon,pink,large,2
3885,a green circle is below a grey circle,circle,green,large,below,circle,grey,small,4
3886,an orange rectangle is to the left of a yellow rectangle,rectangle,orange,small,to the left of,rectangle,yellow,large,4
3887,a blue hexagon is below a pink hexagon,hexagon,blue,medium,below,hexagon,pink,large,4
3888,there is a large blue diamond below a small brown oval,diamond,blue,large,below,oval,brown,small,2
3889,there is a small purple oval below a large pink oval,oval,purple,small,below,oval,pink,large,2
3890,a large square is to the right of a large pentagon,square,green,large,to the right of,pentagon,orange,large,5
3891,a small purple pentagon is above a large red circle,pentagon,purple,small,above,circle,red,large,1
3892,a green square is below a green square,square,green,small,below,square,green,large,4
3893,one medium purple oval is next to one large pink hexagon,oval,purple,medium,next to,hexagon,pink,large,3
3894,a purple triangle is inside a pink pentagon,triangle,purple,small,inside,pentagon,pink,medium,4
3895,one small green square is to the left of one small blue rectangle,square,green,small,to the left of,rectangle,blue,small,3
