sentence_id,sentence,obj1_shape,obj1_colour,obj1_size,relation,obj2_shape,obj2_colour,obj2_size,template_id
1,there is a large orange pentagon above a small orange square,pentagon,orange,large,above,square,orange,small,2
2,a small brown cylinder is positioned below a large purple cube,cylinder,brown,small,below,cube,purple,large,6
3,one medium brown cylinder is above one medium blue triangle,cylinder,brown,medium,above,triangle,blue,medium,3
4,a large grey oval is positioned below a small orange triangle,oval,grey,large,below,triangle,orange,small,6
5,a red rectangle is below a brown rectangle,rectangle,red,small,below,rectangle,brown,small,4
6,a small hexagon is to the right of a large pentagon,hexagon,blue,small,to the right of,pentagon,yellow,large,5
7,there is a medium blue cube inside a small purple square,cube,blue,medium,inside,square,purple,small,2
8,a small pentagon is to the left of a medium pentagon,pentagon,yellow,small,to the left of,pentagon,grey,medium,5
9,a green oval is below a green hexagon,oval,green,large,below,hexagon,green,large,4
10,a purple oval is to the right of a blue square,oval,purple,large,to the right of,square,blue,small,4
11,one large green hexagon is next to one large yellow cylinder,hexagon,green,large,next to,cylinder,yellow,large,3
12,a medium triangle is next to a large pentagon,triangle,red,medium,next to,pentagon,grey,large,5
13,a small triangle is to the left of a large hexagon,triangle,green,small,to the left of,hexagon,blue,large,5
14,one medium pink cylinder is inside one large pink triangle,cylinder,pink,medium,inside,triangle,pink,large,3
15,a small sphere is above a large cylinder,sphere,pink,small,above,cylinder,blue,large,5
16,a small grey triangle is to the left of a medium green cube,triangle,grey,small,to the left of,cube,green,medium,1
17,a large red cylinder is positioned below a small grey sphere,cylinder,red,large,below,sphere,grey,small,6
18,a large triangle is next to a large square,triangle,orange,large,next to,square,grey,large,5
19,a medium green oval is positioned to the right of a large blue cylinder,oval,green,medium,to the right of,cylinder,blue,large,6
20,a grey sphere is below a yellow cylinder,sphere,grey,medium,below,cylinder,yellow,medium,4
21,one large brown hexagon is to the right of one small green hexagon,hexagon,brown,large,to the right of,hexagon,green,small,3
22,a green oval is below a yellow sphere,oval,green,small,below,sphere,yellow,medium,4
23,one large pink pentagon is below one medium grey sphere,pentagon,pink,large,below,sphere,grey,medium,3
24,there is a medium yellow rectangle to the left of a medium red sphere,rectangle,yellow,medium,to the left of,sphere,red,medium,2
25,there is a medium pink triangle to the right of a large brown cube,triangle,pink,medium,to the right of,cube,brown,large,2
26,a blue oval is below a blue circle,oval,blue,medium,below,circle,blue,large,4
27,one large grey hexagon is below one small orange pentagon,hexagon,grey,large,below,pentagon,orange,small,3
28,a blue pentagon is below a yellow circle,pentagon,blue,medium,below,circle,yellow,small,4
29,a grey sphere is inside a blue sphere,sphere,grey,medium,inside,sphere,blue,medium,4
30,one large grey circle is next to one small grey square,circle,grey,large,next to,square,grey,small,3
31,an orange triangle is inside a blue rectangle,triangle,orange,medium,inside,rectangle,blue,large,4
32,there is a small yellow rectangle to the left of a large purple square,rectangle,yellow,small,to the left of,square,purple,large,2
33,a blue hexagon is to the left of a pink triangle,hexagon,blue,small,to the left of,triangle,pink,medium,4
34,there is a small purple hexagon to the left of a small purple cube,hexagon,purple,small,to the left of,cube,purple,small,2
35,one small red rectangle is inside one medium yellow square,rectangle,red,small,inside,square,yellow,medium,3
36,a pink cylinder is inside an orange triangle,cylinder,pink,medium,inside,triangle,orange,large,4
37,a medium yellow circle is positioned to the right of a large pink cube,circle,yellow,medium,to the right of,cube,pink,large,6
38,one medium yellow triangle is to the right of one small purple hexagon,triangle,yellow,medium,to the right of,hexagon,purple,small,3
39,a medium cylinder is below a small triangle,cylinder,grey,medium,below,triangle,blue,small,5
40,an orange circle is to the left of a grey square,circle,orange,medium,to the left of,square,grey,large,4
41,a large purple hexagon is positioned below a medium red rectangle,hexagon,purple,large,below,rectangle,red,medium,6
42,a medium yellow circle is positioned to the right of a medium pink triangle,circle,yellow,medium,to the right of,triangle,pink,medium,6
43,a small pink rectangle is to the left of a small pink hexagon,rectangle,pink,small,to the left of,hexagon,pink,small,1
44,a green cube is inside a pink pentagon,cube,green,small,inside,pentagon,pink,medium,4
45,a small purple cylinder is positioned to the right of a large purple square,cylinder,purple,small,to the right of,square,purple,large,6
46,one medium red cylinder is to the right of one small purple hexagon,cylinder,red,medium,to the right of,hexagon,purple,small,3
47,a large orange pentagon is to the left of a small grey triangle,pentagon,orange,large,to the left of,triangle,grey,small,1
48,a red sphere is below a yellow cube,sphere,red,medium,below,cube,yellow,large,4
49,one medium brown sphere is next to one medium grey hexagon,sphere,brown,medium,next to,hexagon,grey,medium,3
50,there is a medium orange sphere inside a medium red oval,sphere,orange,medium,inside,oval,red,medium,2
51,one large grey cylinder is above one small purple cylinder,cylinder,grey,large,above,cylinder,purple,small,3
52,an orange oval is to the right of a pink rectangle,oval,orange,small,to the right of,rectangle,pink,large,4
53,a large brown rectangle is to the left of a small yellow rectangle,rectangle,brown,large,to the left of,rectangle,yellow,small,1
54,a grey circle is inside an orange hexagon,circle,grey,large,inside,hexagon,orange,small,4
55,a large red cylinder is positioned inside a large yellow rectangle,cylinder,red,large,inside,rectangle,yellow,large,6
56,there is a medium grey cube above a small green cylinder,cube,grey,medium,above,cylinder,green,small,2
57,a blue hexagon is to the right of a green triangle,hexagon,blue,small,to the right of,triangle,green,small,4
58,there is a large grey triangle next to a large green cube,triangle,grey,large,next to,cube,green,large,2
59,a medium yellow pentagon is above a small grey pentagon,pentagon,yellow,medium,above,pentagon,grey,small,1
60,a medium yellow hexagon is to the left of a medium purple circle,hexagon,yellow,medium,to the left of,circle,purple,medium,1
61,there is a medium yellow oval to the left of a large blue cylinder,oval,yellow,medium,to the left of,cylinder,blue,large,2
62,one medium green sphere is to the right of one small red hexagon,sphere,green,medium,to the right of,hexagon,red,small,3
63,a small oval is next to a medium cube,oval,grey,small,next to,cube,orange,medium,5
64,one large blue rectangle is to the right of one small grey rectangle,rectangle,blue,large,to the right of,rectangle,grey,small,3
65,one medium green square is next to one large green sphere,square,green,medium,next to,sphere,green,large,3
66,one small pink cylinder is inside one medium grey cube,cylinder,pink,small,inside,cube,grey,medium,3
67,a purple triangle is next to a blue oval,triangle,purple,medium,next to,oval,blue,medium,4
68,a small rectangle is to the left of a medium circle,rectangle,green,small,to the left of,circle,pink,medium,5
69,there is a small red hexagon inside a medium pink cube,hexagon,red,small,inside,cube,pink,medium,2
70,a small pink rectangle is positioned inside a medium yellow cylinder,rectangle,pink,small,inside,cylinder,yellow,medium,6
71,a large green cylinder is positioned to the left of a small purple hexagon,cylinder,green,large,to the left of,hexagon,purple,small,6
72,a yellow cylinder is below an orange cube,cylinder,yellow,medium,below,cube,orange,large,4
73,a small red pentagon is positioned next to a small yellow cylinder,pentagon,red,small,next to,cylinder,yellow,small,6
74,one small purple square is inside one medium green rectangle,square,purple,small,inside,rectangle,green,medium,3
75,a large green circle is positioned next to a large red cube,circle,green,large,next to,cube,red,large,6
76,a large pink square is above a medium red square,square,pink,large,above,square,red,medium,1
77,there is a medium brown circle above a large yellow rectangle,circle,brown,medium,above,rectangle,yellow,large,2
78,there is a large purple hexagon below a small green oval,hexagon,purple,large,below,oval,green,small,2
79,a large orange cube is positioned to the right of a small blue square,cube,orange,large,to the right of,square,blue,small,6
80,a large yellow oval is positioned below a medium brown circle,oval,yellow,large,below,circle,brown,medium,6
81,there is a medium blue cylinder to the left of a large brown sphere,cylinder,blue,medium,to the left of,sphere,brown,large,2
82,a small red pentagon is inside a large blue rectangle,pentagon,red,small,inside,rectangle,blue,large,1
83,a large circle is above a medium cube,circle,blue,large,above,cube,purple,medium,5
84,there is a medium yellow pentagon to the right of a small purple triangle,pentagon,yellow,medium,to the right of,triangle,purple,small,2
85,a medium purple sphere is to the right of a large grey cube,sphere,purple,medium,to the right of,cube,grey,large,1
86,one medium pink triangle is to the left of one medium purple cube,triangle,pink,medium,to the left of,cube,purple,medium,3
87,there is a small yellow cube to the right of a large purple hexagon,cube,yellow,small,to the right of,hexagon,purple,large,2
88,a large orange rectangle is to the left of a large red cylinder,rectangle,orange,large,to the left of,cylinder,red,large,1
89,a small pink sphere is below a large purple triangle,sphere,pink,small,below,triangle,purple,large,1
90,a medium orange circle is above a large yellow cylinder,circle,orange,medium,above,cylinder,yellow,large,1
91,there is a small pink triangle above a medium yellow triangle,triangle,pink,small,above,triangle,yellow,medium,2
92,a medium pink pentagon is positioned above a medium red oval,pentagon,pink,medium,above,oval,red,medium,6
93,a brown pentagon is to the right of a brown rectangle,pentagon,brown,large,to the right of,rectangle,brown,small,4
94,one large pink circle is to the left of one large purple sphere,circle,pink,large,to the left of,sphere,purple,large,3
95,a large yellow cylinder is positioned next to a large yellow triangle,cylinder,yellow,large,next to,triangle,yellow,large,6
96,there is a medium red rectangle above a small blue triangle,rectangle,red,medium,above,triangle,blue,small,2
97,a medium pink pentagon is inside a small green oval,pentagon,pink,medium,inside,oval,green,small,1
98,a large pink circle is positioned below a large yellow pentagon,circle,pink,large,below,pentagon,yellow,large,6
99,one large green pentagon is above one large blue triangle,pentagon,green,large,above,triangle,blue,large,3
100,a medium red rectangle is inside a large grey triangle,rectangle,red,medium,inside,triangle,grey,large,1
101,a small brown hexagon is positioned to the left of a small grey oval,hexagon,brown,small,to the left of,oval,grey,small,6
102,a small rectangle is next to a large oval,rectangle,brown,small,next to,oval,orange,large,5
103,a large square is above a large circle,square,green,large,above,circle,grey,large,5
104,one medium orange sphere is below one small orange cylinder,sphere,orange,medium,below,cylinder,orange,small,3
105,a small blue rectangle is below a large yellow triangle,rectangle,blue,small,below,triangle,yellow,large,1
106,a yellow triangle is to the left of a blue cylinder,triangle,yellow,large,to the left of,cylinder,blue,large,4
107,a large blue triangle is positioned to the left of a small purple circle,triangle,blue,large,to the left of,circle,purple,small,6
108,a small grey triangle is positioned next to a small yellow square,triangle,grey,small,next to,square,yellow,small,6
109,there is a small red rectangle next to a medium red square,rectangle,red,small,next to,square,red,medium,2
110,a small oval is above a small triangle,oval,red,small,above,triangle,yellow,small,5
111,there is a medium red circle above a small red oval,circle,red,medium,above,oval,red,small,2
112,there is a large orange cylinder next to a medium purple sphere,cylinder,orange,large,next to,sphere,purple,medium,2
113,a medium red square is positioned inside a medium purple oval,square,red,medium,inside,oval,purple,medium,6
114,a medium blue square is positioned inside a small orange pentagon,square,blue,medium,inside,pentagon,orange,small,6
115,there is a medium brown triangle next to a small green square,triangle,brown,medium,next to,square,green,small,2
116,there is a small pink rectangle to the left of a medium yellow pentagon,rectangle,pink,small,to the left of,pentagon,yellow,medium,2
117,a small red rectangle is positioned above a medium grey circle,rectangle,red,small,above,circle,grey,medium,6
118,an orange rectangle is below a green triangle,rectangle,orange,small,below,triangle,green,large,4
119,a large red circle is to the left of a medium red cube,circle,red,large,to the left of,cube,red,medium,1
120,a pink cylinder is next to a red cylinder,cylinder,pink,large,next to,cylinder,red,small,4
121,one small blue oval is next to one large red triangle,oval,blue,small,next to,triangle,red,large,3
122,there is a large blue rectangle below a small orange hexagon,rectangle,blue,large,below,hexagon,orange,small,2
123,a large cylinder is inside a large circle,cylinder,purple,large,inside,circle,red,large,5
124,a medium green cylinder is positioned to the left of a small purple cylinder,cylinder,green,medium,to the left of,cylinder,purple,small,6
125,a medium pink cylinder is below a medium blue pentagon,cylinder,pink,medium,below,pentagon,blue,medium,1
126,a large yellow sphere is to the right of a small purple circle,sphere,yellow,large,to the right of,circle,purple,small,1
127,a large purple sphere is positioned below a medium blue triangle,sphere,purple,large,below,triangle,blue,medium,6
128,a medium brown pentagon is above a small blue cube,pentagon,brown,medium,above,cube,blue,small,1
129,a green circle is above a pink circle,circle,green,small,above,circle,pink,medium,4
130,a large square is to the right of a small circle,square,red,large,to the right of,circle,red,small,5
131,a small yellow square is positioned to the right of a large brown cube,square,yellow,small,to the right of,cube,brown,large,6
132,a large orange rectangle is positioned below a small green cube,rectangle,orange,large,below,cube,green,small,6
133,an orange triangle is above a pink pentagon,triangle,orange,medium,above,pentagon,pink,medium,4
134,a small oval is inside a medium triangle,oval,red,small,inside,triangle,green,medium,5
135,a large triangle is next to a medium rectangle,triangle,orange,large,next to,rectangle,yellow,medium,5
136,a large orange cylinder is to the left of a large pink square,cylinder,orange,large,to the left of,square,pink,large,1
137,there is a large orange rectangle below a large blue cube,rectangle,orange,large,below,cube,blue,large,2
138,one large grey square is to the right of one large green square,square,grey,large,to the right of,square,green,large,3
139,a large orange cube is positioned to the left of a medium brown sphere,cube,orange,large,to the left of,sphere,brown,medium,6
140,a large blue oval is to the right of a medium grey cube,oval,blue,large,to the right of,cube,grey,medium,1
141,an orange cylinder is to the left of a brown hexagon,cylinder,orange,medium,to the left of,hexagon,brown,medium,4
142,a medium brown cube is inside a large blue square,cube,brown,medium,inside,square,blue,large,1
143,a brown circle is next to a green oval,circle,brown,small,next to,oval,green,medium,4
144,an orange cylinder is inside a pink hexagon,cylinder,orange,large,inside,hexagon,pink,large,4
145,a medium blue cube is positioned to the right of a medium blue oval,cube,blue,medium,to the right of,oval,blue,medium,6
146,a red hexagon is next to a pink rectangle,hexagon,red,medium,next to,rectangle,pink,large,4
147,one large grey hexagon is above one small brown hexagon,hexagon,grey,large,above,hexagon,brown,small,3
148,a medium orange square is positioned to the right of a medium green pentagon,square,orange,medium,to the right of,pentagon,green,medium,6
149,one small purple cylinder is to the right of one small blue sphere,cylinder,purple,small,to the right of,sphere,blue,small,3
150,a large green circle is positioned inside a small grey cylinder,circle,green,large,inside,cylinder,grey,small,6
151,a red circle is above an orange cylinder,circle,red,large,above,cylinder,orange,large,4
152,one large purple triangle is to the left of one large brown triangle,triangle,purple,large,to the left of,triangle,brown,large,3
153,a large purple oval is positioned inside a small yellow rectangle,oval,purple,large,inside,rectangle,yellow,small,6
154,a medium grey rectangle is positioned to the left of a large orange hexagon,rectangle,grey,medium,to the left of,hexagon,orange,large,6
155,one medium red rectangle is to the right of one large pink cylinder,rectangle,red,medium,to the right of,cylinder,pink,large,3
156,a small blue cube is positioned below a medium brown cylinder,cube,blue,small,below,cylinder,brown,medium,6
157,there is a small grey hexagon below a small brown triangle,hexagon,grey,small,below,triangle,brown,small,2
158,a medium triangle is below a small sphere,triangle,purple,medium,below,sphere,brown,small,5
159,one medium brown cube is to the right of one small orange rectangle,cube,brown,medium,to the right of,rectangle,orange,small,3
160,a large purple oval is positioned above a medium red hexagon,oval,purple,large,above,hexagon,red,medium,6
161,one medium yellow cube is to the left of one large pink circle,cube,yellow,medium,to the left of,circle,pink,large,3
162,a medium brown circle is next to a medium yellow oval,circle,brown,medium,next to,oval,yellow,medium,1
163,there is a small orange circle to the left of a large grey cube,circle,orange,small,to the left of,cube,grey,large,2
164,a yellow cube is below a yellow oval,cube,yellow,medium,below,oval,yellow,small,4
165,a medium sphere is to the right of a medium pentagon,sphere,brown,medium,to the right of,pentagon,green,medium,5
166,a blue hexagon is to the left of a brown circle,hexagon,blue,medium,to the left of,circle,brown,large,4
167,there is a medium blue triangle to the right of a large green cylinder,triangle,blue,medium,to the right of,cylinder,green,large,2
168,a large yellow cube is to the left of a small grey cylinder,cube,yellow,large,to the left of,cylinder,grey,small,1
169,a large oval is below a small triangle,oval,purple,large,below,triangle,orange,small,5
170,a large blue square is inside a large pink pentagon,square,blue,large,inside,pentagon,pink,large,1
171,one large purple square is to the right of one small yellow triangle,square,purple,large,to the right of,triangle,yellow,small,3
172,a large rectangle is below a small cube,rectangle,purple,large,below,cube,yellow,small,5
173,a large purple rectangle is positioned to the left of a large pink circle,rectangle,purple,large,to the left of,circle,pink,large,6
174,a small sphere is below a medium square,sphere,purple,small,below,square,brown,medium,5
175,there is a small pink square next to a small yellow cylinder,square,pink,small,next to,cylinder,yellow,small,2
176,a small rectangle is next to a medium hexagon,rectangle,orange,small,next to,hexagon,blue,medium,5
177,an orange sphere is next to a brown oval,sphere,orange,large,next to,oval,brown,small,4
178,there is a medium brown cylinder to the right of a large orange pentagon,cylinder,brown,medium,to the right of,pentagon,orange,large,2
179,a medium purple pentagon is to the left of a medium grey sphere,pentagon,purple,medium,to the left of,sphere,grey,medium,1
180,a medium pink circle is inside a small red cube,circle,pink,medium,inside,cube,red,small,1
181,there is a medium red circle above a small pink hexagon,circle,red,medium,above,hexagon,pink,small,2
182,there is a medium blue square above a small blue hexagon,square,blue,medium,above,hexagon,blue,small,2
183,one large blue pentagon is next to one small red triangle,pentagon,blue,large,next to,triangle,red,small,3
184,a medium pink rectangle is positioned next to a small red pentagon,rectangle,pink,medium,next to,pentagon,red,small,6
185,a small orange cube is positioned to the right of a medium pink cube,cube,orange,small,to the right of,cube,pink,medium,6
186,a medium orange pentagon is to the left of a small yellow cylinder,pentagon,orange,medium,to the left of,cylinder,yellow,small,1
187,there is a large purple cylinder above a large blue sphere,cylinder,purple,large,above,sphere,blue,large,2
188,there is a small red cylinder to the right of a small brown triangle,cylinder,red,small,to the right of,triangle,brown,small,2
189,a yellow hexagon is below a grey rectangle,hexagon,yellow,small,below,rectangle,grey,small,4
190,a medium yellow triangle is to the right of a medium orange square,triangle,yellow,medium,to the right of,square,orange,medium,1
191,there is a small brown cube next to a small yellow triangle,cube,brown,small,next to,triangle,yellow,small,2
192,a brown hexagon is to the left of an orange cylinder,hexagon,brown,large,to the left of,cylinder,orange,medium,4
193,a medium square is to the left of a small triangle,square,brown,medium,to the left of,triangle,yellow,small,5
194,one small pink cylinder is to the left of one small purple sphere,cylinder,pink,small,to the left of,sphere,purple,small,3
195,one small green rectangle is above one large brown cylinder,rectangle,green,small,above,cylinder,brown,large,3
196,there is a large green sphere above a large purple rectangle,sphere,green,large,above,rectangle,purple,large,2
197,there is a medium red circle below a small orange circle,circle,red,medium,below,circle,orange,small,2
198,a large square is inside a medium hexagon,square,grey,large,inside,hexagon,yellow,medium,5
199,one medium grey sphere is to the right of one small blue oval,sphere,grey,medium,to the right of,oval,blue,small,3
200,a green cube is below a green pentagon,cube,green,small,below,pentagon,green,medium,4
201,a large brown square is inside a medium yellow square,square,brown,large,inside,square,yellow,medium,1
202,a large red pentagon is next to a small red hexagon,pentagon,red,large,next to,hexagon,red,small,1
203,one large purple sphere is to the right of one medium yellow rectangle,sphere,purple,large,to the right of,rectangle,yellow,medium,3
204,a large square is inside a large rectangle,square,green,large,inside,rectangle,green,large,5
205,a blue oval is below a brown sphere,oval,blue,medium,below,sphere,brown,large,4
206,one small brown cube is inside one large blue rectangle,cube,brown,small,inside,rectangle,blue,large,3
207,there is a medium brown hexagon next to a small brown pentagon,hexagon,brown,medium,next to,pentagon,brown,small,2
208,one small blue circle is to the right of one large purple pentagon,circle,blue,small,to the right of,pentagon,purple,large,3
209,a medium blue oval is next to a medium yellow sphere,oval,blue,medium,next to,sphere,yellow,medium,1
210,a medium pink cube is positioned to the right of a large grey circle,cube,pink,medium,to the right of,circle,grey,large,6
211,a large circle is above a small circle,circle,brown,large,above,circle,blue,small,5
212,one medium purple rectangle is to the left of one large brown triangle,rectangle,purple,medium,to the left of,triangle,brown,large,3
213,a purple square is next to a yellow triangle,square,purple,small,next to,triangle,yellow,large,4
214,a large grey square is to the left of a small yellow triangle,square,grey,large,to the left of,triangle,yellow,small,1
215,a medium pink circle is positioned to the right of a small pink hexagon,circle,pink,medium,to the right of,hexagon,pink,small,6
216,a small orange sphere is positioned above a large grey hexagon,sphere,orange,small,above,hexagon,grey,large,6
217,there is a medium blue circle above a medium grey square,circle,blue,medium,above,square,grey,medium,2
218,one large green hexagon is above one large grey sphere,hexagon,green,large,above,sphere,grey,large,3
219,one large brown triangle is below one medium purple circle,triangle,brown,large,below,circle,purple,medium,3
220,a large grey oval is next to a small blue oval,oval,grey,large,next to,oval,blue,small,1
221,a medium brown square is inside a large grey pentagon,square,brown,medium,inside,pentagon,grey,large,1
222,one large blue triangle is to the left of one large yellow cube,triangle,blue,large,to the left of,cube,yellow,large,3
223,one large grey oval is above one small orange hexagon,oval,grey,large,above,hexagon,orange,small,3
224,a large orange sphere is positioned below a small blue cube,sphere,orange,large,below,cube,blue,small,6
225,a large cylinder is to the right of a small cube,cylinder,pink,large,to the right of,cube,orange,small,5
226,a brown circle is to the left of a brown cylinder,circle,brown,large,to the left of,cylinder,brown,large,4
227,a medium grey sphere is positioned inside a medium red triangle,sphere,grey,medium,inside,triangle,red,medium,6
228,there is a small blue cube to the left of a large blue oval,cube,blue,small,to the left of,oval,blue,large,2
229,one medium yellow pentagon is to the right of one medium pink triangle,pentagon,yellow,medium,to the right of,triangle,pink,medium,3
230,there is a small grey cylinder to the right of a small purple hexagon,cylinder,grey,small,to the right of,hexagon,purple,small,2
231,one medium red circle is next to one large red cylinder,circle,red,medium,next to,cylinder,red,large,3
232,there is a small green pentagon above a large red cylinder,pentagon,green,small,above,cylinder,red,large,2
233,a small red rectangle is to the left of a medium purple square,rectangle,red,small,to the left of,square,purple,medium,1
234,a small purple rectangle is positioned below a small yellow hexagon,rectangle,purple,small,below,hexagon,yellow,small,6
235,there is a small blue square above a medium brown pentagon,square,blue,small,above,pentagon,brown,medium,2
236,one large green hexagon is below one small purple square,hexagon,green,large,below,square,purple,small,3
237,there is a large brown circle inside a medium red circle,circle,brown,large,inside,circle,red,medium,2
238,one large orange cube is above one small purple pentagon,cube,orange,large,above,pentagon,purple,small,3
239,a purple sphere is next to a purple square,sphere,purple,medium,next to,square,purple,medium,4
240,a pink hexagon is to the left of a red triangle,hexagon,pink,large,to the left of,triangle,red,medium,4
241,a small cylinder is below a medium cylinder,cylinder,brown,small,below,cylinder,blue,medium,5
242,there is a large green oval to the right of a large yellow pentagon,oval,green,large,to the right of,pentagon,yellow,large,2
243,one medium brown square is inside one large purple hexagon,square,brown,medium,inside,hexagon,purple,large,3
244,there is a large brown cube inside a medium red triangle,cube,brown,large,inside,triangle,red,medium,2
245,a blue cube is to the left of a yellow rectangle,cube,blue,medium,to the left of,rectangle,yellow,small,4
246,a small purple oval is inside a medium orange cylinder,oval,purple,small,inside,cylinder,orange,medium,1
247,a green hexagon is inside a red pentagon,hexagon,green,large,inside,pentagon,red,small,4
248,there is a medium red cube below a medium pink hexagon,cube,red,medium,below,hexagon,pink,medium,2
249,a large red sphere is above a small pink sphere,sphere,red,large,above,sphere,pink,small,1
250,a large orange cylinder is to the left of a medium pink pentagon,cylinder,orange,large,to the left of,pentagon,pink,medium,1
251,a brown triangle is to the right of a pink square,triangle,brown,small,to the right of,square,pink,medium,4
252,a large grey triangle is positioned below a large yellow square,triangle,grey,large,below,square,yellow,large,6
253,a medium sphere is to the right of a medium cube,sphere,grey,medium,to the right of,cube,grey,medium,5
254,a medium red cube is next to a large green sphere,cube,red,medium,next to,sphere,green,large,1
255,there is a medium yellow square to the left of a medium orange hexagon,square,yellow,medium,to the left of,hexagon,orange,medium,2
256,a large red cube is to the left of a small purple pentagon,cube,red,large,to the left of,pentagon,purple,small,1
257,there is a medium green square above a large purple sphere,square,green,medium,above,sphere,purple,large,2
258,a small square is inside a large hexagon,square,pink,small,inside,hexagon,brown,large,5
259,one large green cube is below one large blue circle,cube,green,large,below,circle,blue,large,3
260,a small square is below a large triangle,square,green,small,below,triangle,orange,large,5
261,a large blue oval is positioned below a small grey square,oval,blue,large,below,square,grey,small,6
262,there is a small green triangle to the right of a large red sphere,triangle,green,small,to the right of,sphere,red,large,2
263,one large grey rectangle is below one small orange pentagon,rectangle,grey,large,below,pentagon,orange,small,3
264,a purple rectangle is to the right of a green rectangle,rectangle,purple,medium,to the right of,rectangle,green,medium,4
265,there is a large red square inside a medium brown square,square,red,large,inside,square,brown,medium,2
266,one medium brown hexagon is next to one medium yellow square,hexagon,brown,medium,next to,square,yellow,medium,3
267,one medium green cylinder is below one large blue cube,cylinder,green,medium,below,cube,blue,large,3
268,a small brown oval is next to a large yellow square,oval,brown,small,next to,square,yellow,large,1
269,a large red oval is positioned inside a large green oval,oval,red,large,inside,oval,green,large,6
270,there is a large pink oval below a large yellow rectangle,oval,pink,large,below,rectangle,yellow,large,2
271,a small purple circle is to the right of a small pink hexagon,circle,purple,small,to the right of,hexagon,pink,small,1
272,there is a small yellow rectangle to the left of a large pink square,rectangle,yellow,small,to the left of,square,pink,large,2
273,a large cylinder is above a small circle,cylinder,blue,large,above,circle,purple,small,5
274,a large blue sphere is positioned inside a medium blue pentagon,sphere,blue,large,inside,pentagon,blue,medium,6
275,a small purple pentagon is positioned to the right of a small purple sphere,pentagon,purple,small,to the right of,sphere,purple,small,6
276,one medium grey hexagon is below one large pink square,hexagon,grey,medium,below,square,pink,large,3
277,one small yellow cube is to the left of one small brown cube,cube,yellow,small,to the left of,cube,brown,small,3
278,one small green circle is inside one small orange hexagon,circle,green,small,inside,hexagon,orange,small,3
279,one medium red square is next to one small blue cylinder,square,red,medium,next to,cylinder,blue,small,3
280,a large brown hexagon is positioned above a large red oval,hexagon,brown,large,above,oval,red,large,6
281,a small rectangle is below a small circle,rectangle,yellow,small,below,circle,pink,small,5
282,a pink oval is above a purple cylinder,oval,pink,large,above,cylinder,purple,large,4
283,there is a medium purple triangle next to a large grey square,triangle,purple,medium,next to,square,grey,large,2
284,there is a large blue rectangle to the right of a medium blue cube,rectangle,blue,large,to the right of,cube,blue,medium,2
285,a large pink cylinder is positioned next to a medium brown hexagon,cylinder,pink,large,next to,hexagon,brown,medium,6
286,a small blue cylinder is positioned below a medium orange cylinder,cylinder,blue,small,below,cylinder,orange,medium,6
287,a large sphere is to the left of a medium rectangle,sphere,orange,large,to the left of,rectangle,blue,medium,5
288,one medium blue cylinder is inside one small grey sphere,cylinder,blue,medium,inside,sphere,grey,small,3
289,there is a small brown cylinder to the right of a medium grey rectangle,cylinder,brown,small,to the right of,rectangle,grey,medium,2
290,there is a medium orange square to the left of a large grey pentagon,square,orange,medium,to the left of,pentagon,grey,large,2
291,a small cylinder is below a medium sphere,cylinder,brown,small,below,sphere,yellow,medium,5
292,there is a small orange pentagon inside a large purple sphere,pentagon,orange,small,inside,sphere,purple,large,2
293,a medium orange sphere is below a small brown circle,sphere,orange,medium,below,circle,brown,small,1
294,a small orange cube is next to a small grey triangle,cube,orange,small,next to,triangle,grey,small,1
295,a medium square is inside a medium oval,square,red,medium,inside,oval,blue,medium,5
296,a blue hexagon is above a brown circle,hexagon,blue,medium,above,circle,brown,medium,4
297,a medium orange oval is to the right of a small pink hexagon,oval,orange,medium,to the right of,hexagon,pink,small,1
298,there is a large blue rectangle to the left of a large green square,rectangle,blue,large,to the left of,square,green,large,2
299,a medium pink pentagon is positioned inside a medium red cylinder,pentagon,pink,medium,inside,cylinder,red,medium,6
300,one small grey pentagon is next to one medium orange cube,pentagon,grey,small,next to,cube,orange,medium,3
301,one small green pentagon is to the left of one large brown cylinder,pentagon,green,small,to the left of,cylinder,brown,large,3
302,one small red oval is next to one small brown cylinder,oval,red,small,next to,cylinder,brown,small,3
303,a medium triangle is above a medium oval,triangle,red,medium,above,oval,blue,medium,5
304,a medium purple hexagon is positioned to the right of a small pink cylinder,hexagon,purple,medium,to the right of,cylinder,pink,small,6
305,a large orange cube is positioned below a small pink rectangle,cube,orange,large,below,rectangle,pink,small,6
306,one large pink hexagon is to the right of one small grey cylinder,hexagon,pink,large,to the right of,cylinder,grey,small,3
307,a small brown pentagon is next to a small purple circle,pentagon,brown,small,next to,circle,purple,small,1
308,a small pentagon is to the left of a small rectangle,pentagon,pink,small,to the left of,rectangle,pink,small,5
309,a pink cube is to the left of a grey square,cube,pink,small,to the left of,square,grey,large,4
310,a medium yellow triangle is positioned to the right of a large purple oval,triangle,yellow,medium,to the right of,oval,purple,large,6
311,there is a small pink square below a medium green triangle,square,pink,small,below,triangle,green,medium,2
312,a small purple cube is positioned below a large blue cylinder,cube,purple,small,below,cylinder,blue,large,6
313,there is a large green oval to the right of a large blue cube,oval,green,large,to the right of,cube,blue,large,2
314,there is a small yellow oval to the left of a medium red triangle,oval,yellow,small,to the left of,triangle,red,medium,2
315,a small triangle is next to a small rectangle,triangle,grey,small,next to,rectangle,brown,small,5
316,a small grey circle is positioned to the right of a small brown square,circle,grey,small,to the right of,square,brown,small,6
317,there is a small brown cylinder next to a medium green triangle,cylinder,brown,small,next to,triangle,green,medium,2
318,a pink circle is next to a blue triangle,circle,pink,medium,next to,triangle,blue,small,4
319,a large pink square is inside a small red square,square,pink,large,inside,square,red,small,1
320,a medium green sphere is above a medium blue rectangle,sphere,green,medium,above,rectangle,blue,medium,1
321,there is a small pink hexagon above a large purple cube,hexagon,pink,small,above,cube,purple,large,2
322,one small pink sphere is above one medium green pentagon,sphere,pink,small,above,pentagon,green,medium,3
323,there is a small purple oval inside a large pink circle,oval,purple,small,inside,circle,pink,large,2
324,a medium pink circle is positioned to the left of a medium yellow pentagon,circle,pink,medium,to the left of,pentagon,yellow,medium,6
325,a large brown triangle is positioned next to a small green sphere,triangle,brown,large,next to,sphere,green,small,6
326,there is a small blue cube next to a small orange oval,cube,blue,small,next to,oval,orange,small,2
327,there is a small brown pentagon above a large green circle,pentagon,brown,small,above,circle,green,large,2
328,a grey sphere is above an orange triangle,sphere,grey,small,above,triangle,orange,large,4
329,a medium green cylinder is below a medium red square,cylinder,green,medium,below,square,red,medium,1
330,there is a large brown sphere above a large pink oval,sphere,brown,large,above,oval,pink,large,2
331,a grey oval is to the left of a blue pentagon,oval,grey,large,to the left of,pentagon,blue,large,4
332,a large blue sphere is below a large pink circle,sphere,blue,large,below,circle,pink,large,1
333,an orange oval is next to a grey oval,oval,orange,medium,next to,oval,grey,small,4
334,one medium yellow cylinder is to the left of one large purple pentagon,cylinder,yellow,medium,to the left of,pentagon,purple,large,3
335,there is a small yellow rectangle to the right of a small brown circle,rectangle,yellow,small,to the right of,circle,brown,small,2
336,a small purple circle is positioned above a large grey pentagon,circle,purple,small,above,pentagon,grey,large,6
337,one small pink square is inside one large brown triangle,square,pink,small,inside,triangle,brown,large,3
338,one small grey circle is above one medium orange cylinder,circle,grey,small,above,cylinder,orange,medium,3
339,a large green hexagon is positioned to the left of a large pink pentagon,hexagon,green,large,to the left of,pentagon,pink,large,6
340,one medium green pentagon is inside one small red triangle,pentagon,green,medium,inside,triangle,red,small,3
341,one small blue triangle is above one small grey square,triangle,blue,small,above,square,grey,small,3
342,a medium blue hexagon is positioned inside a medium pink pentagon,hexagon,blue,medium,inside,pentagon,pink,medium,6
343,there is a small orange square above a medium yellow pentagon,square,orange,small,above,pentagon,yellow,medium,2
344,a large pentagon is to the left of a large rectangle,pentagon,grey,large,to the left of,rectangle,red,large,5
345,a small sphere is inside a medium triangle,sphere,grey,small,inside,triangle,grey,medium,5
346,a large rectangle is inside a small square,rectangle,yellow,large,inside,square,brown,small,5
347,there is a medium yellow triangle to the right of a large green pentagon,triangle,yellow,medium,to the right of,pentagon,green,large,2
348,a medium pentagon is inside a small cylinder,pentagon,orange,medium,inside,cylinder,purple,small,5
349,a medium red square is next to a medium brown sphere,square,red,medium,next to,sphere,brown,medium,1
350,there is a medium orange sphere inside a large yellow square,sphere,orange,medium,inside,square,yellow,large,2
351,a small circle is above a small cylinder,circle,blue,small,above,cylinder,purple,small,5
352,a small pentagon is above a small circle,pentagon,grey,small,above,circle,purple,small,5
353,a medium orange oval is to the right of a medium red triangle,oval,orange,medium,to the right of,triangle,red,medium,1
354,a small orange hexagon is positioned above a large blue hexagon,hexagon,orange,small,above,hexagon,blue,large,6
355,a large hexagon is above a large pentagon,hexagon,green,large,above,pentagon,brown,large,5
356,one large orange triangle is next to one medium red pentagon,triangle,orange,large,next to,pentagon,red,medium,3
357,a medium triangle is below a large hexagon,triangle,pink,medium,below,hexagon,pink,large,5
358,a small orange circle is above a medium yellow rectangle,circle,orange,small,above,rectangle,yellow,medium,1
359,a medium grey pentagon is below a large orange pentagon,pentagon,grey,medium,below,pentagon,orange,large,1
360,a large circle is next to a medium rectangle,circle,orange,large,next to,rectangle,purple,medium,5
361,a small purple oval is to the left of a large purple cube,oval,purple,small,to the left of,cube,purple,large,1
362,a large red oval is inside a small red cube,oval,red,large,inside,cube,red,small,1
363,a large triangle is to the right of a medium cylinder,triangle,blue,large,to the right of,cylinder,brown,medium,5
364,a blue cylinder is above a yellow triangle,cylinder,blue,medium,above,triangle,yellow,medium,4
365,one small brown circle is above one medium orange square,circle,brown,small,above,square,orange,medium,3
366,there is a small purple circle below a medium green cylinder,circle,purple,small,below,cylinder,green,medium,2
367,a large brown cylinder is positioned above a medium purple square,cylinder,brown,large,above,square,purple,medium,6
368,one large grey sphere is next to one large pink rectangle,sphere,grey,large,next to,rectangle,pink,large,3
369,there is a medium red oval inside a small pink sphere,oval,red,medium,inside,sphere,pink,small,2
370,a small square is above a small cube,square,green,small,above,cube,grey,small,5
371,a large pink cube is to the left of a medium yellow cube,cube,pink,large,to the left of,cube,yellow,medium,1
372,one large yellow square is above one medium blue rectangle,square,yellow,large,above,rectangle,blue,medium,3
373,a small hexagon is above a large square,hexagon,purple,small,above,square,pink,large,5
374,a large purple sphere is to the left of a large orange hexagon,sphere,purple,large,to the left of,hexagon,orange,large,1
375,one medium blue oval is to the right of one medium yellow circle,oval,blue,medium,to the right of,circle,yellow,medium,3
376,a medium purple cube is positioned next to a large pink square,cube,purple,medium,next to,square,pink,large,6
377,one medium purple triangle is to the left of one medium green triangle,triangle,purple,medium,to the left of,triangle,green,medium,3
378,one large purple cylinder is to the left of one medium brown oval,cylinder,purple,large,to the left of,oval,brown,medium,3
379,a large triangle is to the right of a small pentagon,triangle,grey,large,to the right of,pentagon,blue,small,5
380,a blue square is inside a purple rectangle,square,blue,medium,inside,rectangle,purple,medium,4
381,one small purple pentagon is below one medium blue pentagon,pentagon,purple,small,below,pentagon,blue,medium,3
382,a small blue pentagon is positioned to the left of a large brown cube,pentagon,blue,small,to the left of,cube,brown,large,6
383,a small grey circle is above a medium blue triangle,circle,grey,small,above,triangle,blue,medium,1
384,a medium brown hexagon is below a small yellow circle,hexagon,brown,medium,below,circle,yellow,small,1
385,one medium red cube is below one medium brown circle,cube,red,medium,below,circle,brown,medium,3
386,a medium square is inside a small pentagon,square,brown,medium,inside,pentagon,green,small,5
387,a medium orange triangle is positioned above a small yellow sphere,triangle,orange,medium,above,sphere,yellow,small,6
388,there is a small purple oval to the right of a large purple square,oval,purple,small,to the right of,square,purple,large,2
389,a small grey hexagon is below a large pink triangle,hexagon,grey,small,below,triangle,pink,large,1
390,there is a small orange rectangle to the left of a small purple oval,rectangle,orange,small,to the left of,oval,purple,small,2
391,there is a medium green triangle next to a large grey oval,triangle,green,medium,next to,oval,grey,large,2
392,a large grey triangle is positioned below a medium purple square,triangle,grey,large,below,square,purple,medium,6
393,a yellow pentagon is to the left of a grey circle,pentagon,yellow,large,to the left of,circle,grey,large,4
394,a medium triangle is next to a small pentagon,triangle,pink,medium,next to,pentagon,grey,small,5
395,a small yellow cylinder is above a large purple sphere,cylinder,yellow,small,above,sphere,purple,large,1
396,there is a large yellow cylinder above a medium green pentagon,cylinder,yellow,large,above,pentagon,green,medium,2
397,a large yellow rectangle is positioned below a large grey pentagon,rectangle,yellow,large,below,pentagon,grey,large,6
398,one large green rectangle is next to one small red hexagon,rectangle,green,large,next to,hexagon,red,small,3
399,a brown cube is below a blue circle,cube,brown,small,below,circle,blue,medium,4
400,a yellow cube is next to a yellow pentagon,cube,yellow,small,next to,pentagon,yellow,large,4
401,one medium yellow oval is inside one medium blue circle,oval,yellow,medium,inside,circle,blue,medium,3
402,a small red square is positioned below a large grey hexagon,square,red,small,below,hexagon,grey,large,6
403,a green triangle is next to a brown square,triangle,green,small,next to,square,brown,large,4
404,there is a small yellow cylinder inside a large brown pentagon,cylinder,yellow,small,inside,pentagon,brown,large,2
405,one medium orange pentagon is inside one medium yellow pentagon,pentagon,orange,medium,inside,pentagon,yellow,medium,3
406,a large circle is to the left of a small cylinder,circle,pink,large,to the left of,cylinder,pink,small,5
407,a medium triangle is to the left of a large cube,triangle,yellow,medium,to the left of,cube,grey,large,5
408,a medium grey rectangle is to the right of a medium purple circle,rectangle,grey,medium,to the right of,circle,purple,medium,1
409,one medium yellow square is to the left of one small pink hexagon,square,yellow,medium,to the left of,hexagon,pink,small,3
410,one medium purple cylinder is to the right of one medium green cube,cylinder,purple,medium,to the right of,cube,green,medium,3
411,a green cylinder is above a blue square,cylinder,green,small,above,square,blue,large,4
412,a medium square is to the right of a small square,square,green,medium,to the right of,square,yellow,small,5
413,one small grey triangle is to the right of one large red square,triangle,grey,small,to the right of,square,red,large,3
414,one small orange hexagon is above one medium blue triangle,hexagon,orange,small,above,triangle,blue,medium,3
415,a small pink rectangle is next to a small pink sphere,rectangle,pink,small,next to,sphere,pink,small,1
416,there is a medium blue oval inside a medium brown rectangle,oval,blue,medium,inside,rectangle,brown,medium,2
417,a medium blue square is below a small brown pentagon,square,blue,medium,below,pentagon,brown,small,1
418,a small blue circle is positioned next to a medium orange square,circle,blue,small,next to,square,orange,medium,6
419,a grey hexagon is below a pink triangle,hexagon,grey,medium,below,triangle,pink,large,4
420,a medium oval is below a medium triangle,oval,pink,medium,below,triangle,grey,medium,5
421,a large hexagon is to the left of a small pentagon,hexagon,blue,large,to the left of,pentagon,brown,small,5
422,there is a small red cylinder to the left of a large grey square,cylinder,red,small,to the left of,square,grey,large,2
423,a medium yellow pentagon is to the left of a small pink pentagon,pentagon,yellow,medium,to the left of,pentagon,pink,small,1
424,one large orange cube is to the left of one small red hexagon,cube,orange,large,to the left of,hexagon,red,small,3
425,one small grey square is inside one medium red cube,square,grey,small,inside,cube,red,medium,3
426,there is a large grey sphere to the right of a small green cylinder,sphere,grey,large,to the right of,cylinder,green,small,2
427,a brown hexagon is above a red sphere,hexagon,brown,small,above,sphere,red,medium,4
428,an orange square is to the left of a red hexagon,square,orange,small,to the left of,hexagon,red,medium,4
429,a large pink pentagon is positioned next to a small brown triangle,pentagon,pink,large,next to,triangle,brown,small,6
430,a small oval is below a small pentagon,oval,yellow,small,below,pentagon,purple,small,5
431,a red triangle is next to a grey square,triangle,red,large,next to,square,grey,small,4
432,there is a medium red oval next to a small grey oval,oval,red,medium,next to,oval,grey,small,2
433,a small brown square is positioned below a large pink rectangle,square,brown,small,below,rectangle,pink,large,6
434,one large brown circle is next to one medium green hexagon,circle,brown,large,next to,hexagon,green,medium,3
435,a medium pink sphere is positioned next to a medium orange cylinder,sphere,pink,medium,next to,cylinder,orange,medium,6
436,a small square is inside a small pentagon,square,blue,small,inside,pentagon,grey,small,5
437,a medium purple circle is positioned to the right of a small grey hexagon,circle,purple,medium,to the right of,hexagon,grey,small,6
438,a large hexagon is next to a small sphere,hexagon,blue,large,next to,sphere,pink,small,5
439,there is a small orange sphere inside a medium pink square,sphere,orange,small,inside,square,pink,medium,2
440,an orange pentagon is to the right of a brown triangle,pentagon,orange,small,to the right of,triangle,brown,large,4
441,there is a large brown square to the right of a small red sphere,square,brown,large,to the right of,sphere,red,small,2
442,a small square is to the left of a medium sphere,square,orange,small,to the left of,sphere,grey,medium,5
443,one medium green triangle is to the left of one medium pink pentagon,triangle,green,medium,to the left of,pentagon,pink,medium,3
444,a medium orange circle is above a medium brown cube,circle,orange,medium,above,cube,brown,medium,1
445,a brown square is to the right of a purple oval,square,brown,large,to the right of,oval,purple,small,4
446,a medium yellow triangle is to the right of a small red circle,triangle,yellow,medium,to the right of,circle,red,small,1
447,a large circle is to the left of a medium square,circle,blue,large,to the left of,square,purple,medium,5
448,one small orange pentagon is to the right of one large red cylinder,pentagon,orange,small,to the right of,cylinder,red,large,3
449,there is a large blue pentagon to the right of a small red pentagon,pentagon,blue,large,to the right of,pentagon,red,small,2
450,a large red rectangle is positioned to the left of a large pink sphere,rectangle,red,large,to the left of,sphere,pink,large,6
451,a medium square is next to a small sphere,square,yellow,medium,next to,sphere,grey,small,5
452,a small pink cube is positioned above a small red sphere,cube,pink,small,above,sphere,red,small,6
453,a grey hexagon is to the right of a brown square,hexagon,grey,large,to the right of,square,brown,small,4
454,a small yellow cube is to the left of a medium orange sphere,cube,yellow,small,to the left of,sphere,orange,medium,1
455,an orange cylinder is above a brown sphere,cylinder,orange,large,above,sphere,brown,large,4
456,a medium orange triangle is above a large orange circle,triangle,orange,medium,above,circle,orange,large,1
457,a large brown circle is inside a small pink square,circle,brown,large,inside,square,pink,small,1
458,a medium grey hexagon is positioned to the right of a medium pink cube,hexagon,grey,medium,to the right of,cube,pink,medium,6
459,a medium blue cube is below a large purple hexagon,cube,blue,medium,below,hexagon,purple,large,1
460,a small purple hexagon is positioned above a large blue pentagon,hexagon,purple,small,above,pentagon,blue,large,6
461,a medium brown oval is positioned to the left of a large red cylinder,oval,brown,medium,to the left of,cylinder,red,large,6
462,a blue triangle is to the right of a blue square,triangle,blue,medium,to the right of,square,blue,large,4
463,a medium grey oval is next to a large orange pentagon,oval,grey,medium,next to,pentagon,orange,large,1
464,there is a medium red oval to the right of a large grey pentagon,oval,red,medium,to the right of,pentagon,grey,large,2
465,there is a small orange oval next to a medium green triangle,oval,orange,small,next to,triangle,green,medium,2
466,a brown square is above a blue cylinder,square,brown,medium,above,cylinder,blue,medium,4
467,one large brown pentagon is above one medium red pentagon,pentagon,brown,large,above,pentagon,red,medium,3
468,a small red circle is above a medium blue circle,circle,red,small,above,circle,blue,medium,1
469,a yellow circle is to the left of a purple cylinder,circle,yellow,large,to the left of,cylinder,purple,small,4
470,one medium grey triangle is below one small yellow pentagon,triangle,grey,medium,below,pentagon,yellow,small,3
471,a large red rectangle is positioned to the left of a medium brown hexagon,rectangle,red,large,to the left of,hexagon,brown,medium,6
472,a large cylinder is below a medium cylinder,cylinder,yellow,large,below,cylinder,purple,medium,5
473,there is a small yellow rectangle next to a medium blue sphere,rectangle,yellow,small,next to,sphere,blue,medium,2
474,a small orange oval is positioned next to a medium grey square,oval,orange,small,next to,square,grey,medium,6
475,a large blue oval is positioned below a large yellow oval,oval,blue,large,below,oval,yellow,large,6
476,a pink triangle is below a grey circle,triangle,pink,small,below,circle,grey,small,4
477,a purple square is to the left of a pink oval,square,purple,small,to the left of,oval,pink,medium,4
478,a small pink sphere is positioned below a small brown oval,sphere,pink,small,below,oval,brown,small,6
479,a medium purple square is positioned next to a small purple square,square,purple,medium,next to,square,purple,small,6
480,a medium orange circle is to the left of a large red cube,circle,orange,medium,to the left of,cube,red,large,1
481,a medium brown cube is positioned inside a large grey oval,cube,brown,medium,inside,oval,grey,large,6
482,a small cube is to the right of a small square,cube,blue,small,to the right of,square,brown,small,5
483,a medium yellow rectangle is positioned inside a medium green cylinder,rectangle,yellow,medium,inside,cylinder,green,medium,6
484,a small orange pentagon is next to a small brown pentagon,pentagon,orange,small,next to,pentagon,brown,small,1
485,a large brown oval is positioned to the left of a large yellow pentagon,oval,brown,large,to the left of,pentagon,yellow,large,6
486,a medium yellow hexagon is positioned to the left of a medium yellow square,hexagon,yellow,medium,to the left of,square,yellow,medium,6
487,a small brown sphere is below a large grey hexagon,sphere,brown,small,below,hexagon,grey,large,1
488,a medium rectangle is next to a small oval,rectangle,green,medium,next to,oval,grey,small,5
489,a medium triangle is to the left of a medium sphere,triangle,red,medium,to the left of,sphere,brown,medium,5
490,one large blue oval is above one medium purple hexagon,oval,blue,large,above,hexagon,purple,medium,3
491,a red sphere is inside a green cylinder,sphere,red,medium,inside,cylinder,green,medium,4
492,there is a medium yellow triangle inside a large blue pentagon,triangle,yellow,medium,inside,pentagon,blue,large,2
493,a medium hexagon is to the right of a medium hexagon,hexagon,pink,medium,to the right of,hexagon,purple,medium,5
494,one medium green sphere is next to one small grey rectangle,sphere,green,medium,next to,rectangle,grey,small,3
495,a small brown oval is positioned below a small green hexagon,oval,brown,small,below,hexagon,green,small,6
496,a large square is below a small sphere,square,brown,large,below,sphere,grey,small,5
497,a large triangle is next to a medium circle,triangle,blue,large,next to,circle,brown,medium,5
498,a purple rectangle is next to a grey square,rectangle,purple,small,next to,square,grey,small,4
499,a large sphere is next to a large hexagon,sphere,grey,large,next to,hexagon,green,large,5
500,a purple oval is to the right of a green triangle,oval,purple,large,to the right of,triangle,green,large,4
501,one medium green sphere is inside one large pink square,sphere,green,medium,inside,square,pink,large,3
502,one small purple hexagon is to the right of one small purple square,hexagon,purple,small,to the right of,square,purple,small,3
503,a medium pink oval is positioned inside a small pink pentagon,oval,pink,medium,inside,pentagon,pink,small,6
504,a large grey square is below a medium blue rectangle,square,grey,large,below,rectangle,blue,medium,1
505,a small triangle is above a large triangle,triangle,pink,small,above,triangle,brown,large,5
506,there is a large orange rectangle inside a large purple sphere,rectangle,orange,large,inside,sphere,purple,large,2
507,a small circle is to the right of a medium cylinder,circle,red,small,to the right of,cylinder,blue,medium,5
508,there is a small green cube below a medium red hexagon,cube,green,small,below,hexagon,red,medium,2
509,there is a large purple triangle to the right of a medium purple cube,triangle,purple,large,to the right of,cube,purple,medium,2
510,one medium brown rectangle is to the right of one small green pentagon,rectangle,brown,medium,to the right of,pentagon,green,small,3
511,there is a medium red triangle above a large brown square,triangle,red,medium,above,square,brown,large,2
512,a medium rectangle is above a medium rectangle,rectangle,grey,medium,above,rectangle,grey,medium,5
513,there is a large blue circle to the right of a medium red cube,circle,blue,large,to the right of,cube,red,medium,2
514,a small cylinder is inside a small oval,cylinder,pink,small,inside,oval,green,small,5
515,a red cube is to the right of a blue square,cube,red,medium,to the right of,square,blue,small,4
516,there is a large blue rectangle to the right of a medium orange cylinder,rectangle,blue,large,to the right of,cylinder,orange,medium,2
517,a medium pink cube is positioned next to a small grey square,cube,pink,medium,next to,square,grey,small,6
518,a medium pink sphere is positioned inside a medium purple oval,sphere,pink,medium,inside,oval,purple,medium,6
519,a small yellow circle is positioned above a medium yellow circle,circle,yellow,small,above,circle,yellow,medium,6
520,a small purple hexagon is positioned below a large red square,hexagon,purple,small,below,square,red,large,6
521,there is a large purple triangle inside a small grey hexagon,triangle,purple,large,inside,hexagon,grey,small,2
522,there is a large brown square to the right of a large orange square,square,brown,large,to the right of,square,orange,large,2
523,a red pentagon is to the left of a red cylinder,pentagon,red,large,to the left of,cylinder,red,large,4
524,a large rectangle is to the left of a large pentagon,rectangle,orange,large,to the left of,pentagon,purple,large,5
525,a brown cylinder is inside a pink cylinder,cylinder,brown,large,inside,cylinder,pink,large,4
526,one large blue cylinder is inside one small brown hexagon,cylinder,blue,large,inside,hexagon,brown,small,3
527,one medium yellow circle is to the right of one medium red cube,circle,yellow,medium,to the right of,cube,red,medium,3
528,one medium grey circle is next to one large yellow rectangle,circle,grey,medium,next to,rectangle,yellow,large,3
529,there is a large grey triangle to the left of a large purple pentagon,triangle,grey,large,to the left of,pentagon,purple,large,2
530,there is a medium purple oval to the right of a small brown sphere,oval,purple,medium,to the right of,sphere,brown,small,2
531,a large cube is above a medium square,cube,yellow,large,above,square,red,medium,5
532,a small sphere is above a small cube,sphere,pink,small,above,cube,green,small,5
533,a large red triangle is positioned inside a medium red rectangle,triangle,red,large,inside,rectangle,red,medium,6
534,a small pentagon is to the right of a medium pentagon,pentagon,blue,small,to the right of,pentagon,purple,medium,5
535,a grey pentagon is to the left of a green triangle,pentagon,grey,large,to the left of,triangle,green,large,4
536,a green sphere is below a purple oval,sphere,green,small,below,oval,purple,medium,4
537,there is a small blue rectangle next to a large grey circle,rectangle,blue,small,next to,circle,grey,large,2
538,a large orange oval is next to a medium pink pentagon,oval,orange,large,next to,pentagon,pink,medium,1
539,a large grey circle is to the left of a medium green sphere,circle,grey,large,to the left of,sphere,green,medium,1
540,a brown square is to the left of a green triangle,square,brown,medium,to the left of,triangle,green,medium,4
541,a large blue cylinder is positioned to the left of a small orange square,cylinder,blue,large,to the left of,square,orange,small,6
542,a medium hexagon is above a large pentagon,hexagon,pink,medium,above,pentagon,pink,large,5
543,a yellow square is inside a purple oval,square,yellow,small,inside,oval,purple,large,4
544,a small pentagon is inside a medium square,pentagon,pink,small,inside,square,pink,medium,5
545,there is a medium grey cube next to a small pink circle,cube,grey,medium,next to,circle,pink,small,2
546,a small cylinder is above a small sphere,cylinder,grey,small,above,sphere,orange,small,5
547,a large purple cube is above a large pink pentagon,cube,purple,large,above,pentagon,pink,large,1
548,one medium purple pentagon is inside one medium yellow circle,pentagon,purple,medium,inside,circle,yellow,medium,3
549,a small yellow pentagon is next to a large purple circle,pentagon,yellow,small,next to,circle,purple,large,1
550,there is a small purple oval above a medium red rectangle,oval,purple,small,above,rectangle,red,medium,2
551,a medium cube is above a medium cube,cube,red,medium,above,cube,blue,medium,5
552,a medium green triangle is positioned below a large grey circle,triangle,green,medium,below,circle,grey,large,6
553,one large orange square is above one medium grey square,square,orange,large,above,square,grey,medium,3
554,a small green pentagon is positioned to the right of a small grey pentagon,pentagon,green,small,to the right of,pentagon,grey,small,6
555,a medium grey pentagon is to the left of a large orange rectangle,pentagon,grey,medium,to the left of,rectangle,orange,large,1
556,a blue rectangle is to the right of a purple rectangle,rectangle,blue,small,to the right of,rectangle,purple,large,4
557,a small green triangle is positioned next to a medium purple cube,triangle,green,small,next to,cube,purple,medium,6
558,a large green circle is above a small brown oval,circle,green,large,above,oval,brown,small,1
559,a medium yellow pentagon is inside a large yellow triangle,pentagon,yellow,medium,inside,triangle,yellow,large,1
560,one small green cylinder is to the right of one small brown hexagon,cylinder,green,small,to the right of,hexagon,brown,small,3
561,a small square is to the right of a small oval,square,pink,small,to the right of,oval,red,small,5
562,a large red sphere is positioned below a small orange cylinder,sphere,red,large,below,cylinder,orange,small,6
563,a large pink cube is positioned to the right of a large blue oval,cube,pink,large,to the right of,oval,blue,large,6
564,one medium grey oval is above one large brown rectangle,oval,grey,medium,above,rectangle,brown,large,3
565,there is a large brown cylinder inside a large pink cube,cylinder,brown,large,inside,cube,pink,large,2
566,a small brown square is next to a large yellow circle,square,brown,small,next to,circle,yellow,large,1
567,a large purple circle is above a large red circle,circle,purple,large,above,circle,red,large,1
568,a large square is below a small oval,square,pink,large,below,oval,purple,small,5
569,there is a small blue circle to the left of a large red square,circle,blue,small,to the left of,square,red,large,2
570,one medium purple pentagon is to the right of one large grey triangle,pentagon,purple,medium,to the right of,triangle,grey,large,3
571,a brown hexagon is next to a grey cylinder,hexagon,brown,medium,next to,cylinder,grey,small,4
572,one small green oval is inside one medium green oval,oval,green,small,inside,oval,green,medium,3
573,one medium brown circle is to the left of one medium orange rectangle,circle,brown,medium,to the left of,rectangle,orange,medium,3
574,there is a large grey cube to the right of a medium orange triangle,cube,grey,large,to the right of,triangle,orange,medium,2
575,one small purple triangle is to the right of one small grey oval,triangle,purple,small,to the right of,oval,grey,small,3
576,a large pink rectangle is positioned to the right of a large orange cylinder,rectangle,pink,large,to the right of,cylinder,orange,large,6
577,a brown triangle is to the left of a grey hexagon,triangle,brown,small,to the left of,hexagon,grey,small,4
578,a medium orange triangle is positioned above a medium yellow oval,triangle,orange,medium,above,oval,yellow,medium,6
579,a small cylinder is inside a small circle,cylinder,green,small,inside,circle,grey,small,5
580,one small purple rectangle is next to one medium yellow square,rectangle,purple,small,next to,square,yellow,medium,3
581,a large purple sphere is positioned inside a large blue square,sphere,purple,large,inside,square,blue,large,6
582,a large blue square is above a medium yellow pentagon,square,blue,large,above,pentagon,yellow,medium,1
583,a medium grey sphere is positioned above a small orange rectangle,sphere,grey,medium,above,rectangle,orange,small,6
584,a large pink pentagon is above a medium purple square,pentagon,pink,large,above,square,purple,medium,1
585,a large oval is above a large circle,oval,purple,large,above,circle,orange,large,5
586,there is a small orange cube to the left of a small yellow oval,cube,orange,small,to the left of,oval,yellow,small,2
587,a small orange triangle is to the right of a small blue rectangle,triangle,orange,small,to the right of,rectangle,blue,small,1
588,one large grey sphere is next to one small orange circle,sphere,grey,large,next to,circle,orange,small,3
589,a large purple oval is positioned to the left of a large yellow triangle,oval,purple,large,to the left of,triangle,yellow,large,6
590,one small pink triangle is to the right of one large pink triangle,triangle,pink,small,to the right of,triangle,pink,large,3
591,one large green pentagon is inside one medium grey cube,pentagon,green,large,inside,cube,grey,medium,3
592,a purple cube is below a grey circle,cube,purple,small,below,circle,grey,medium,4
593,there is a large yellow rectangle inside a medium grey oval,rectangle,yellow,large,inside,oval,grey,medium,2
594,one small orange pentagon is below one large purple square,pentagon,orange,small,below,square,purple,large,3
595,one large green triangle is to the left of one small pink pentagon,triangle,green,large,to the left of,pentagon,pink,small,3
596,one medium blue rectangle is above one small yellow hexagon,rectangle,blue,medium,above,hexagon,yellow,small,3
597,one small grey square is below one large grey sphere,square,grey,small,below,sphere,grey,large,3
598,one medium pink triangle is inside one small purple circle,triangle,pink,medium,inside,circle,purple,small,3
599,there is a small purple square next to a medium orange rectangle,square,purple,small,next to,rectangle,orange,medium,2
600,one medium pink sphere is above one medium orange rectangle,sphere,pink,medium,above,rectangle,orange,medium,3
601,a small cylinder is next to a large cylinder,cylinder,red,small,next to,cylinder,green,large,5
602,a small blue sphere is inside a medium blue hexagon,sphere,blue,small,inside,hexagon,blue,medium,1
603,a small red cube is positioned next to a small purple oval,cube,red,small,next to,oval,purple,small,6
604,a green rectangle is below an orange square,rectangle,green,medium,below,square,orange,medium,4
605,a large green triangle is positioned next to a small purple hexagon,triangle,green,large,next to,hexagon,purple,small,6
606,one large grey square is to the left of one large brown sphere,square,grey,large,to the left of,sphere,brown,large,3
607,a medium pink cube is positioned to the left of a medium pink circle,cube,pink,medium,to the left of,circle,pink,medium,6
608,one small grey pentagon is to the right of one small red hexagon,pentagon,grey,small,to the right of,hexagon,red,small,3
609,a large orange cylinder is inside a medium orange pentagon,cylinder,orange,large,inside,pentagon,orange,medium,1
610,a medium oval is inside a medium sphere,oval,red,medium,inside,sphere,orange,medium,5
611,a green triangle is to the right of a yellow oval,triangle,green,small,to the right of,oval,yellow,medium,4
612,there is a medium red sphere inside a medium green triangle,sphere,red,medium,inside,triangle,green,medium,2
613,a small red sphere is next to a large yellow triangle,sphere,red,small,next to,triangle,yellow,large,1
614,there is a large grey square next to a large orange circle,square,grey,large,next to,circle,orange,large,2
615,a grey sphere is to the right of a yellow rectangle,sphere,grey,large,to the right of,rectangle,yellow,medium,4
616,a medium oval is to the left of a large cylinder,oval,green,medium,to the left of,cylinder,blue,large,5
617,there is a large green hexagon above a small pink cylinder,hexagon,green,large,above,cylinder,pink,small,2
618,there is a large blue circle to the right of a medium green hexagon,circle,blue,large,to the right of,hexagon,green,medium,2
619,a small purple cylinder is to the left of a small grey circle,cylinder,purple,small,to the left of,circle,grey,small,1
620,a medium rectangle is above a medium sphere,rectangle,red,medium,above,sphere,grey,medium,5
621,a large pink cylinder is to the right of a large red circle,cylinder,pink,large,to the right of,circle,red,large,1
622,a small pink cylinder is positioned to the right of a large pink pentagon,cylinder,pink,small,to the right of,pentagon,pink,large,6
623,there is a small yellow pentagon to the left of a medium purple cube,pentagon,yellow,small,to the left of,cube,purple,medium,2
624,a large grey triangle is next to a small green triangle,triangle,grey,large,next to,triangle,green,small,1
625,there is a large green cylinder above a large red sphere,cylinder,green,large,above,sphere,red,large,2
626,a small cube is next to a small oval,cube,red,small,next to,oval,pink,small,5
627,one large purple sphere is to the right of one small red hexagon,sphere,purple,large,to the right of,hexagon,red,small,3
628,one medium pink pentagon is below one small brown hexagon,pentagon,pink,medium,below,hexagon,brown,small,3
629,a medium circle is inside a small cylinder,circle,green,medium,inside,cylinder,grey,small,5
630,a medium red sphere is positioned below a large yellow cylinder,sphere,red,medium,below,cylinder,yellow,large,6
631,there is a medium green circle to the right of a large blue oval,circle,green,medium,to the right of,oval,blue,large,2
632,there is a large grey sphere inside a small orange sphere,sphere,grey,large,inside,sphere,orange,small,2
633,a pink cylinder is next to a brown pentagon,cylinder,pink,small,next to,pentagon,brown,small,4
634,an orange cylinder is below a green rectangle,cylinder,orange,medium,below,rectangle,green,medium,4
635,one large green pentagon is to the right of one medium grey pentagon,pentagon,green,large,to the right of,pentagon,grey,medium,3
636,one small blue cylinder is to the left of one small red cube,cylinder,blue,small,to the left of,cube,red,small,3
637,there is a small yellow hexagon inside a small orange circle,hexagon,yellow,small,inside,circle,orange,small,2
638,a large hexagon is above a large square,hexagon,red,large,above,square,purple,large,5
639,a medium purple oval is to the right of a medium blue pentagon,oval,purple,medium,to the right of,pentagon,blue,medium,1
640,a small hexagon is inside a small sphere,hexagon,pink,small,inside,sphere,purple,small,5
641,a grey cube is next to a purple cube,cube,grey,small,next to,cube,purple,medium,4
642,a brown pentagon is below a purple pentagon,pentagon,brown,small,below,pentagon,purple,small,4
643,a small cube is below a small cube,cube,blue,small,below,cube,grey,small,5
644,a small pink pentagon is above a small purple cylinder,pentagon,pink,small,above,cylinder,purple,small,1
645,one large brown triangle is to the right of one large green rectangle,triangle,brown,large,to the right of,rectangle,green,large,3
646,a small red triangle is to the left of a large purple pentagon,triangle,red,small,to the left of,pentagon,purple,large,1
647,one large purple square is inside one large purple cylinder,square,purple,large,inside,cylinder,purple,large,3
648,a small yellow hexagon is positioned next to a small pink circle,hexagon,yellow,small,next to,circle,pink,small,6
649,a medium pentagon is above a medium pentagon,pentagon,blue,medium,above,pentagon,brown,medium,5
650,a small blue triangle is positioned inside a small blue rectangle,triangle,blue,small,inside,rectangle,blue,small,6
651,a small green rectangle is positioned to the right of a small purple hexagon,rectangle,green,small,to the right of,hexagon,purple,small,6
652,a small green cylinder is positioned above a medium red triangle,cylinder,green,small,above,triangle,red,medium,6
653,a small blue hexagon is positioned to the left of a large green circle,hexagon,blue,small,to the left of,circle,green,large,6
654,a red oval is next to a red cylinder,oval,red,medium,next to,cylinder,red,large,4
655,a small circle is to the left of a small hexagon,circle,blue,small,to the left of,hexagon,yellow,small,5
656,one medium red sphere is to the left of one medium blue cylinder,sphere,red,medium,to the left of,cylinder,blue,medium,3
657,a small green square is inside a medium green hexagon,square,green,small,inside,hexagon,green,medium,1
658,a large orange cylinder is below a large grey cube,cylinder,orange,large,below,cube,grey,large,1
659,a large oval is next to a medium sphere,oval,yellow,large,next to,sphere,pink,medium,5
660,a small pink square is above a small grey cylinder,square,pink,small,above,cylinder,grey,small,1
661,a small yellow hexagon is above a medium green hexagon,hexagon,yellow,small,above,hexagon,green,medium,1
662,one large blue circle is above one large red pentagon,circle,blue,large,above,pentagon,red,large,3
663,a medium grey pentagon is to the right of a small grey pentagon,pentagon,grey,medium,to the right of,pentagon,grey,small,1
664,a medium red triangle is next to a large blue oval,triangle,red,medium,next to,oval,blue,large,1
665,a medium hexagon is to the left of a small cylinder,hexagon,purple,medium,to the left of,cylinder,blue,small,5
666,a medium triangle is below a small circle,triangle,grey,medium,below,circle,grey,small,5
667,there is a small orange pentagon above a large grey oval,pentagon,orange,small,above,oval,grey,large,2
668,a large sphere is next to a medium cylinder,sphere,grey,large,next to,cylinder,orange,medium,5
669,a grey rectangle is below a grey sphere,rectangle,grey,small,below,sphere,grey,medium,4
670,a purple rectangle is below a grey rectangle,rectangle,purple,small,below,rectangle,grey,small,4
671,one medium green hexagon is to the right of one large purple triangle,hexagon,green,medium,to the right of,triangle,purple,large,3
672,a medium blue sphere is positioned next to a large green rectangle,sphere,blue,medium,next to,rectangle,green,large,6
673,a small cube is above a medium cylinder,cube,blue,small,above,cylinder,purple,medium,5
674,there is a medium green square to the right of a medium grey sphere,square,green,medium,to the right of,sphere,grey,medium,2
675,a medium cylinder is to the left of a large cylinder,cylinder,purple,medium,to the left of,cylinder,pink,large,5
676,a grey rectangle is to the right of a red cylinder,rectangle,grey,medium,to the right of,cylinder,red,large,4
677,there is a medium grey sphere above a medium pink cylinder,sphere,grey,medium,above,cylinder,pink,medium,2
678,there is a large grey circle below a medium yellow pentagon,circle,grey,large,below,pentagon,yellow,medium,2
679,a purple hexagon is to the left of a purple circle,hexagon,purple,small,to the left of,circle,purple,large,4
680,a large green pentagon is to the left of a small brown triangle,pentagon,green,large,to the left of,triangle,brown,small,1
681,a small red sphere is positioned inside a small yellow circle,sphere,red,small,inside,circle,yellow,small,6
682,a pink square is inside a red pentagon,square,pink,small,inside,pentagon,red,large,4
683,a medium sphere is to the left of a small hexagon,sphere,purple,medium,to the left of,hexagon,purple,small,5
684,a small sphere is above a small square,sphere,yellow,small,above,square,red,small,5
685,one medium blue square is to the right of one small green oval,square,blue,medium,to the right of,oval,green,small,3
686,a small orange sphere is to the right of a small pink cube,sphere,orange,small,to the right of,cube,pink,small,1
687,there is a small grey sphere to the left of a medium purple oval,sphere,grey,small,to the left of,oval,purple,medium,2
688,there is a small purple square to the left of a large yellow triangle,square,purple,small,to the left of,triangle,yellow,large,2
689,a large square is inside a large cube,square,blue,large,inside,cube,yellow,large,5
690,a medium green square is positioned to the left of a small blue triangle,square,green,medium,to the left of,triangle,blue,small,6
691,a medium circle is to the right of a large hexagon,circle,green,medium,to the right of,hexagon,grey,large,5
692,a large square is next to a large circle,square,pink,large,next to,circle,grey,large,5
693,a large green square is above a small blue cylinder,square,green,large,above,cylinder,blue,small,1
694,a pink hexagon is to the left of a pink cube,hexagon,pink,medium,to the left of,cube,pink,small,4
695,a small yellow triangle is positioned to the right of a small brown sphere,triangle,yellow,small,to the right of,sphere,brown,small,6
696,a medium rectangle is above a large rectangle,rectangle,pink,medium,above,rectangle,purple,large,5
697,a large grey square is below a medium purple circle,square,grey,large,below,circle,purple,medium,1
698,a medium grey triangle is below a small blue sphere,triangle,grey,medium,below,sphere,blue,small,1
699,there is a medium green triangle next to a medium grey square,triangle,green,medium,next to,square,grey,medium,2
700,a large pink sphere is positioned below a large yellow rectangle,sphere,pink,large,below,rectangle,yellow,large,6
701,a yellow pentagon is below a pink square,pentagon,yellow,medium,below,square,pink,small,4
702,a large orange triangle is positioned next to a medium pink cylinder,triangle,orange,large,next to,cylinder,pink,medium,6
703,there is a medium grey square inside a small purple oval,square,grey,medium,inside,oval,purple,small,2
704,a large blue cube is next to a small pink cylinder,cube,blue,large,next to,cylinder,pink,small,1
705,one medium purple triangle is inside one small yellow oval,triangle,purple,medium,inside,oval,yellow,small,3
706,a grey cylinder is below a green circle,cylinder,grey,medium,below,circle,green,medium,4
707,a yellow circle is to the left of a pink square,circle,yellow,small,to the left of,square,pink,small,4
708,there is a small purple rectangle inside a medium yellow triangle,rectangle,purple,small,inside,triangle,yellow,medium,2
709,a medium grey cylinder is positioned to the left of a small brown square,cylinder,grey,medium,to the left of,square,brown,small,6
710,a medium pentagon is to the right of a medium square,pentagon,brown,medium,to the right of,square,brown,medium,5
711,one medium pink sphere is inside one large blue sphere,sphere,pink,medium,inside,sphere,blue,large,3
712,there is a medium yellow square below a large yellow square,square,yellow,medium,below,square,yellow,large,2
713,a small green hexagon is to the left of a small pink pentagon,hexagon,green,small,to the left of,pentagon,pink,small,1
714,a medium pentagon is above a large triangle,pentagon,purple,medium,above,triangle,brown,large,5
715,a blue triangle is below a yellow circle,triangle,blue,medium,below,circle,yellow,medium,4
716,there is a medium blue pentagon next to a small red square,pentagon,blue,medium,next to,square,red,small,2
717,one large purple cube is below one small purple oval,cube,purple,large,below,oval,purple,small,3
718,one medium brown hexagon is next to one medium blue rectangle,hexagon,brown,medium,next to,rectangle,blue,medium,3
719,a small brown sphere is inside a large yellow circle,sphere,brown,small,inside,circle,yellow,large,1
720,a small cylinder is to the left of a large cube,cylinder,orange,small,to the left of,cube,blue,large,5
721,one medium pink pentagon is above one small purple circle,pentagon,pink,medium,above,circle,purple,small,3
722,a brown triangle is above a brown hexagon,triangle,brown,large,above,hexagon,brown,large,4
723,a small orange cylinder is positioned below a small pink circle,cylinder,orange,small,below,circle,pink,small,6
724,a large red cube is positioned inside a medium red circle,cube,red,large,inside,circle,red,medium,6
725,a medium yellow hexagon is above a small yellow square,hexagon,yellow,medium,above,square,yellow,small,1
726,a large grey circle is positioned below a small yellow pentagon,circle,grey,large,below,pentagon,yellow,small,6
727,a large circle is to the right of a large pentagon,circle,orange,large,to the right of,pentagon,pink,large,5
728,a medium pink circle is positioned inside a medium pink rectangle,circle,pink,medium,inside,rectangle,pink,medium,6
729,a small red sphere is to the right of a large brown cube,sphere,red,small,to the right of,cube,brown,large,1
730,a small oval is to the right of a medium hexagon,oval,yellow,small,to the right of,hexagon,grey,medium,5
731,there is a large orange cylinder below a small grey triangle,cylinder,orange,large,below,triangle,grey,small,2
732,one large yellow hexagon is below one large pink cube,hexagon,yellow,large,below,cube,pink,large,3
733,a large brown pentagon is inside a small brown cylinder,pentagon,brown,large,inside,cylinder,brown,small,1
734,a small red square is positioned to the right of a medium blue cube,square,red,small,to the right of,cube,blue,medium,6
735,a red rectangle is next to a purple cylinder,rectangle,red,small,next to,cylinder,purple,small,4
736,there is a large green rectangle inside a medium orange square,rectangle,green,large,inside,square,orange,medium,2
737,a large grey hexagon is positioned inside a large orange pentagon,hexagon,grey,large,inside,pentagon,orange,large,6
738,a medium brown square is positioned inside a small blue rectangle,square,brown,medium,inside,rectangle,blue,small,6
739,a medium purple hexagon is positioned above a small blue oval,hexagon,purple,medium,above,oval,blue,small,6
740,there is a medium pink pentagon to the right of a medium yellow hexagon,pentagon,pink,medium,to the right of,hexagon,yellow,medium,2
741,a red rectangle is to the right of a green hexagon,rectangle,red,large,to the right of,hexagon,green,small,4
742,there is a medium orange oval to the left of a medium grey cylinder,oval,orange,medium,to the left of,cylinder,grey,medium,2
743,there is a medium green circle below a small orange triangle,circle,green,medium,below,triangle,orange,small,2
744,a small red oval is below a medium pink cylinder,oval,red,small,below,cylinder,pink,medium,1
745,a large brown pentagon is to the left of a large red hexagon,pentagon,brown,large,to the left of,hexagon,red,large,1
746,a small orange cube is next to a small purple pentagon,cube,orange,small,next to,pentagon,purple,small,1
747,a medium pentagon is below a large pentagon,pentagon,orange,medium,below,pentagon,brown,large,5
748,a medium cube is to the left of a medium cylinder,cube,yellow,medium,to the left of,cylinder,pink,medium,5
749,one medium grey rectangle is to the left of one small brown square,rectangle,grey,medium,to the left of,square,brown,small,3
750,a small oval is to the left of a large hexagon,oval,brown,small,to the left of,hexagon,brown,large,5
751,a medium pentagon is above a medium oval,pentagon,blue,medium,above,oval,purple,medium,5
752,a medium cube is to the right of a medium circle,cube,brown,medium,to the right of,circle,grey,medium,5
753,a medium grey pentagon is to the left of a large red sphere,pentagon,grey,medium,to the left of,sphere,red,large,1
754,one small red square is to the left of one large red sphere,square,red,small,to the left of,sphere,red,large,3
755,there is a small grey oval below a small pink rectangle,oval,grey,small,below,rectangle,pink,small,2
756,a small pentagon is to the right of a small oval,pentagon,pink,small,to the right of,oval,red,small,5
757,a large green cylinder is below a small red circle,cylinder,green,large,below,circle,red,small,1
758,there is a medium purple hexagon inside a small purple oval,hexagon,purple,medium,inside,oval,purple,small,2
759,a large square is inside a large triangle,square,orange,large,inside,triangle,blue,large,5
760,there is a large grey hexagon next to a large yellow oval,hexagon,grey,large,next to,oval,yellow,large,2
761,a green pentagon is to the right of a blue cube,pentagon,green,large,to the right of,cube,blue,medium,4
762,a large orange oval is positioned to the left of a small purple rectangle,oval,orange,large,to the left of,rectangle,purple,small,6
763,one small pink pentagon is to the right of one medium red cylinder,pentagon,pink,small,to the right of,cylinder,red,medium,3
764,a green oval is inside a blue rectangle,oval,green,medium,inside,rectangle,blue,small,4
765,a large triangle is below a small circle,triangle,blue,large,below,circle,green,small,5
766,a small yellow oval is positioned next to a medium brown triangle,oval,yellow,small,next to,triangle,brown,medium,6
767,a large orange cube is positioned to the right of a medium pink oval,cube,orange,large,to the right of,oval,pink,medium,6
768,a large yellow triangle is positioned above a large orange pentagon,triangle,yellow,large,above,pentagon,orange,large,6
769,a medium oval is above a large hexagon,oval,yellow,medium,above,hexagon,red,large,5
770,a small grey hexagon is to the left of a small red cube,hexagon,grey,small,to the left of,cube,red,small,1
771,there is a small yellow sphere to the left of a small purple pentagon,sphere,yellow,small,to the left of,pentagon,purple,small,2
772,a green pentagon is to the right of an orange pentagon,pentagon,green,medium,to the right of,pentagon,orange,medium,4
773,a blue pentagon is above a brown sphere,pentagon,blue,large,above,sphere,brown,large,4
774,a large orange cube is positioned below a medium yellow triangle,cube,orange,large,below,triangle,yellow,medium,6
775,a large purple sphere is positioned to the right of a large yellow cube,sphere,purple,large,to the right of,cube,yellow,large,6
776,a small pink pentagon is inside a large yellow square,pentagon,pink,small,inside,square,yellow,large,1
777,a medium red pentagon is next to a large orange cylinder,pentagon,red,medium,next to,cylinder,orange,large,1
778,there is a medium blue cube below a large pink hexagon,cube,blue,medium,below,hexagon,pink,large,2
779,a large red cube is positioned to the left of a small grey hexagon,cube,red,large,to the left of,hexagon,grey,small,6
780,a large purple cube is positioned to the left of a small purple cylinder,cube,purple,large,to the left of,cylinder,purple,small,6
781,there is a small orange triangle below a large orange triangle,triangle,orange,small,below,triangle,orange,large,2
782,a large green oval is positioned next to a small grey oval,oval,green,large,next to,oval,grey,small,6
783,one small green circle is to the right of one small brown sphere,circle,green,small,to the right of,sphere,brown,small,3
784,a purple triangle is to the left of a green cylinder,triangle,purple,large,to the left of,cylinder,green,large,4
785,a small pink circle is inside a large red pentagon,circle,pink,small,inside,pentagon,red,large,1
786,a green circle is inside a red hexagon,circle,green,small,inside,hexagon,red,large,4
787,a medium brown triangle is positioned above a large purple rectangle,triangle,brown,medium,above,rectangle,purple,large,6
788,a large square is to the left of a medium circle,square,brown,large,to the left of,circle,red,medium,5
789,one small red sphere is inside one large blue pentagon,sphere,red,small,inside,pentagon,blue,large,3
790,a medium red hexagon is inside a small brown pentagon,hexagon,red,medium,inside,pentagon,brown,small,1
791,one medium green circle is inside one small yellow hexagon,circle,green,medium,inside,hexagon,yellow,small,3
792,a medium cylinder is next to a small oval,cylinder,grey,medium,next to,oval,brown,small,5
793,there is a small grey triangle next to a medium brown square,triangle,grey,small,next to,square,brown,medium,2
794,one large orange pentagon is above one small grey cylinder,pentagon,orange,large,above,cylinder,grey,small,3
795,one medium orange circle is to the left of one small brown square,circle,orange,medium,to the left of,square,brown,small,3
796,one small brown oval is next to one medium pink triangle,oval,brown,small,next to,triangle,pink,medium,3
797,one large grey cube is next to one medium green sphere,cube,grey,large,next to,sphere,green,medium,3
798,a medium purple triangle is inside a large yellow triangle,triangle,purple,medium,inside,triangle,yellow,large,1
799,a small blue cube is positioned below a medium purple oval,cube,blue,small,below,oval,purple,medium,6
800,a small green pentagon is positioned next to a medium orange sphere,pentagon,green,small,next to,sphere,orange,medium,6
801,a medium yellow sphere is above a medium grey rectangle,sphere,yellow,medium,above,rectangle,grey,medium,1
802,one large grey hexagon is inside one small grey cube,hexagon,grey,large,inside,cube,grey,small,3
803,a large square is above a medium oval,square,brown,large,above,oval,orange,medium,5
804,a small brown oval is next to a large brown sphere,oval,brown,small,next to,sphere,brown,large,1
805,there is a large green sphere inside a large purple oval,sphere,green,large,inside,oval,purple,large,2
806,a large yellow cylinder is above a medium purple sphere,cylinder,yellow,large,above,sphere,purple,medium,1
807,a medium rectangle is above a large cube,rectangle,grey,medium,above,cube,green,large,5
808,a small green oval is below a small orange cube,oval,green,small,below,cube,orange,small,1
809,a red square is below a grey circle,square,red,large,below,circle,grey,large,4
810,there is a small yellow triangle to the right of a small blue circle,triangle,yellow,small,to the right of,circle,blue,small,2
811,a brown cube is inside an orange triangle,cube,brown,medium,inside,triangle,orange,small,4
812,a large brown triangle is positioned above a large green rectangle,triangle,brown,large,above,rectangle,green,large,6
813,a purple pentagon is inside a green cylinder,pentagon,purple,medium,inside,cylinder,green,small,4
814,a small square is inside a small cube,square,purple,small,inside,cube,grey,small,5
815,one large green sphere is inside one medium orange pentagon,sphere,green,large,inside,pentagon,orange,medium,3
816,a medium red hexagon is inside a large pink circle,hexagon,red,medium,inside,circle,pink,large,1
817,a small orange cube is positioned inside a large grey cube,cube,orange,small,inside,cube,grey,large,6
818,a large oval is above a small rectangle,oval,red,large,above,rectangle,pink,small,5
819,a large blue oval is inside a small blue rectangle,oval,blue,large,inside,rectangle,blue,small,1
820,a small orange cube is positioned next to a medium blue pentagon,cube,orange,small,next to,pentagon,blue,medium,6
821,a medium purple rectangle is to the left of a small orange oval,rectangle,purple,medium,to the left of,oval,orange,small,1
822,there is a small yellow rectangle inside a medium red hexagon,rectangle,yellow,small,inside,hexagon,red,medium,2
823,a large rectangle is above a small sphere,rectangle,grey,large,above,sphere,green,small,5
824,there is a medium grey sphere above a large brown pentagon,sphere,grey,medium,above,pentagon,brown,large,2
825,there is a large pink sphere below a medium orange circle,sphere,pink,large,below,circle,orange,medium,2
826,one small red hexagon is to the left of one large pink oval,hexagon,red,small,to the left of,oval,pink,large,3
827,a medium purple pentagon is below a medium red circle,pentagon,purple,medium,below,circle,red,medium,1
828,there is a small blue sphere inside a medium grey hexagon,sphere,blue,small,inside,hexagon,grey,medium,2
829,there is a large blue triangle to the right of a large green triangle,triangle,blue,large,to the right of,triangle,green,large,2
830,there is a small purple circle above a medium yellow square,circle,purple,small,above,square,yellow,medium,2
831,a medium triangle is inside a medium oval,triangle,yellow,medium,inside,oval,pink,medium,5
832,a small sphere is to the left of a medium square,sphere,brown,small,to the left of,square,brown,medium,5
833,a large purple sphere is to the right of a large green pentagon,sphere,purple,large,to the right of,pentagon,green,large,1
834,a medium red circle is positioned to the right of a medium pink sphere,circle,red,medium,to the right of,sphere,pink,medium,6
835,a small yellow circle is positioned to the right of a large red cube,circle,yellow,small,to the right of,cube,red,large,6
836,there is a medium purple cube above a large orange hexagon,cube,purple,medium,above,hexagon,orange,large,2
837,a medium sphere is below a large triangle,sphere,orange,medium,below,triangle,brown,large,5
838,there is a large orange sphere inside a medium blue pentagon,sphere,orange,large,inside,pentagon,blue,medium,2
839,a small pink triangle is to the left of a medium purple square,triangle,pink,small,to the left of,square,purple,medium,1
840,a pink sphere is below a yellow sphere,sphere,pink,small,below,sphere,yellow,large,4
841,a small yellow cylinder is positioned below a small blue oval,cylinder,yellow,small,below,oval,blue,small,6
842,a medium triangle is next to a small rectangle,triangle,green,medium,next to,rectangle,blue,small,5
843,a grey circle is to the left of a grey rectangle,circle,grey,large,to the left of,rectangle,grey,small,4
844,a yellow square is next to a red oval,square,yellow,large,next to,oval,red,medium,4
845,a medium yellow circle is above a large yellow square,circle,yellow,medium,above,square,yellow,large,1
846,a large purple triangle is positioned to the right of a small yellow sphere,triangle,purple,large,to the right of,sphere,yellow,small,6
847,a large sphere is inside a medium rectangle,sphere,orange,large,inside,rectangle,orange,medium,5
848,a large hexagon is above a small cube,hexagon,green,large,above,cube,yellow,small,5
849,a large green circle is below a small yellow rectangle,circle,green,large,below,rectangle,yellow,small,1
850,there is a large purple triangle above a small green circle,triangle,purple,large,above,circle,green,small,2
851,a large purple rectangle is to the left of a large blue oval,rectangle,purple,large,to the left of,oval,blue,large,1
852,there is a medium purple circle below a medium red pentagon,circle,purple,medium,below,pentagon,red,medium,2
853,one small orange cylinder is above one medium red oval,cylinder,orange,small,above,oval,red,medium,3
854,one medium grey sphere is next to one medium purple circle,sphere,grey,medium,next to,circle,purple,medium,3
855,a small pink pentagon is positioned above a large red cube,pentagon,pink,small,above,cube,red,large,6
856,a medium orange square is positioned next to a small purple sphere,square,orange,medium,next to,sphere,purple,small,6
857,there is a medium red triangle inside a medium grey square,triangle,red,medium,inside,square,grey,medium,2
858,a large grey square is positioned to the right of a small red square,square,grey,large,to the right of,square,red,small,6
859,one small orange triangle is next to one small grey cylinder,triangle,orange,small,next to,cylinder,grey,small,3
860,a green triangle is inside an orange rectangle,triangle,green,small,inside,rectangle,orange,large,4
861,a large brown oval is above a large green cube,oval,brown,large,above,cube,green,large,1
862,a red cylinder is inside a red cube,cylinder,red,large,inside,cube,red,medium,4
863,a medium grey cylinder is to the right of a small blue pentagon,cylinder,grey,medium,to the right of,pentagon,blue,small,1
864,there is a large orange pentagon below a small purple rectangle,pentagon,orange,large,below,rectangle,purple,small,2
865,a medium brown sphere is below a large brown sphere,sphere,brown,medium,below,sphere,brown,large,1
866,there is a small yellow oval below a large yellow rectangle,oval,yellow,small,below,rectangle,yellow,large,2
867,a grey pentagon is to the left of an orange oval,pentagon,grey,large,to the left of,oval,orange,large,4
868,one large blue hexagon is to the right of one large yellow cube,hexagon,blue,large,to the right of,cube,yellow,large,3
869,there is a large green rectangle inside a small yellow pentagon,rectangle,green,large,inside,pentagon,yellow,small,2
870,a large grey sphere is below a medium grey circle,sphere,grey,large,below,circle,grey,medium,1
871,there is a large brown cube next to a small pink rectangle,cube,brown,large,next to,rectangle,pink,small,2
872,a small grey hexagon is next to a medium purple cylinder,hexagon,grey,small,next to,cylinder,purple,medium,1
873,one large green sphere is below one small green sphere,sphere,green,large,below,sphere,green,small,3
874,a large brown oval is to the right of a medium yellow circle,oval,brown,large,to the right of,circle,yellow,medium,1
875,a small rectangle is next to a small sphere,rectangle,brown,small,next to,sphere,grey,small,5
876,a green rectangle is to the left of a yellow rectangle,rectangle,green,large,to the left of,rectangle,yellow,large,4
877,a large rectangle is inside a small oval,rectangle,blue,large,inside,oval,orange,small,5
878,a medium grey rectangle is positioned to the left of a large yellow oval,rectangle,grey,medium,to the left of,oval,yellow,large,6
879,a blue hexagon is below an orange hexagon,hexagon,blue,small,below,hexagon,orange,medium,4
880,one small green hexagon is above one small purple rectangle,hexagon,green,small,above,rectangle,purple,small,3
881,there is a large yellow rectangle below a small pink cube,rectangle,yellow,large,below,cube,pink,small,2
882,a small brown square is above a small purple oval,square,brown,small,above,oval,purple,small,1
883,a purple circle is above an orange rectangle,circle,purple,medium,above,rectangle,orange,medium,4
884,there is a small orange pentagon to the right of a large yellow sphere,pentagon,orange,small,to the right of,sphere,yellow,large,2
885,a large red rectangle is next to a small blue hexagon,rectangle,red,large,next to,hexagon,blue,small,1
886,a green square is to the right of an orange cube,square,green,small,to the right of,cube,orange,small,4
887,a small purple hexagon is above a small orange oval,hexagon,purple,small,above,oval,orange,small,1
888,a purple sphere is to the right of a brown oval,sphere,purple,large,to the right of,oval,brown,medium,4
889,a small circle is below a small oval,circle,yellow,small,below,oval,purple,small,5
890,a large pentagon is inside a small cube,pentagon,grey,large,inside,cube,blue,small,5
891,one small purple circle is below one small red rectangle,circle,purple,small,below,rectangle,red,small,3
892,a small triangle is below a medium cylinder,triangle,green,small,below,cylinder,green,medium,5
893,an orange pentagon is to the left of a brown square,pentagon,orange,large,to the left of,square,brown,large,4
894,a large pink hexagon is positioned to the right of a small blue hexagon,hexagon,pink,large,to the right of,hexagon,blue,small,6
895,there is a medium purple oval to the right of a medium pink rectangle,oval,purple,medium,to the right of,rectangle,pink,medium,2
896,there is a medium red circle inside a small grey pentagon,circle,red,medium,inside,pentagon,grey,small,2
897,a medium yellow oval is next to a small purple hexagon,oval,yellow,medium,next to,hexagon,purple,small,1
898,a large pink cube is above a large green pentagon,cube,pink,large,above,pentagon,green,large,1
899,a medium triangle is to the right of a large hexagon,triangle,brown,medium,to the right of,hexagon,pink,large,5
900,one large blue pentagon is to the right of one small blue square,pentagon,blue,large,to the right of,square,blue,small,3
901,there is a medium brown pentagon next to a small yellow sphere,pentagon,brown,medium,next to,sphere,yellow,small,2
902,a large yellow hexagon is positioned to the left of a small purple circle,hexagon,yellow,large,to the left of,circle,purple,small,6
903,a medium orange oval is inside a large orange triangle,oval,orange,medium,inside,triangle,orange,large,1
904,a medium hexagon is below a medium triangle,hexagon,grey,medium,below,triangle,green,medium,5
905,a large orange hexagon is positioned inside a large yellow circle,hexagon,orange,large,inside,circle,yellow,large,6
906,a large pink circle is next to a medium orange square,circle,pink,large,next to,square,orange,medium,1
907,a medium red circle is next to a large red rectangle,circle,red,medium,next to,rectangle,red,large,1
908,one small orange rectangle is above one large grey rectangle,rectangle,orange,small,above,rectangle,grey,large,3
909,a green pentagon is to the left of a pink triangle,pentagon,green,medium,to the left of,triangle,pink,small,4
910,a pink triangle is next to a brown oval,triangle,pink,small,next to,oval,brown,medium,4
911,one small brown circle is next to one small green pentagon,circle,brown,small,next to,pentagon,green,small,3
912,one small red sphere is to the right of one large blue hexagon,sphere,red,small,to the right of,hexagon,blue,large,3
913,one large green circle is below one large pink hexagon,circle,green,large,below,hexagon,pink,large,3
914,a large grey triangle is to the right of a medium blue triangle,triangle,grey,large,to the right of,triangle,blue,medium,1
915,one small grey pentagon is below one medium brown oval,pentagon,grey,small,below,oval,brown,medium,3
916,a large orange triangle is below a small red rectangle,triangle,orange,large,below,rectangle,red,small,1
917,one small purple pentagon is next to one medium green cube,pentagon,purple,small,next to,cube,green,medium,3
918,a medium cube is next to a small oval,cube,pink,medium,next to,oval,purple,small,5
919,a large triangle is next to a medium hexagon,triangle,grey,large,next to,hexagon,purple,medium,5
920,one small yellow square is next to one large red rectangle,square,yellow,small,next to,rectangle,red,large,3
921,a large pink pentagon is positioned above a medium blue square,pentagon,pink,large,above,square,blue,medium,6
922,an orange oval is to the left of an orange cylinder,oval,orange,small,to the left of,cylinder,orange,small,4
923,a small cylinder is below a small rectangle,cylinder,blue,small,below,rectangle,green,small,5
924,a small brown oval is positioned below a large orange cube,oval,brown,small,below,cube,orange,large,6
925,a small yellow pentagon is below a medium green rectangle,pentagon,yellow,small,below,rectangle,green,medium,1
926,a medium brown oval is to the left of a large pink hexagon,oval,brown,medium,to the left of,hexagon,pink,large,1
927,a large hexagon is inside a large rectangle,hexagon,yellow,large,inside,rectangle,red,large,5
928,a medium yellow oval is above a large grey sphere,oval,yellow,medium,above,sphere,grey,large,1
929,a yellow oval is to the left of a brown oval,oval,yellow,medium,to the left of,oval,brown,small,4
930,a small grey square is positioned above a medium yellow cylinder,square,grey,small,above,cylinder,yellow,medium,6
931,one medium yellow sphere is to the left of one medium orange circle,sphere,yellow,medium,to the left of,circle,orange,medium,3
932,a medium pink rectangle is positioned above a medium purple square,rectangle,pink,medium,above,square,purple,medium,6
933,a brown cube is to the right of a purple triangle,cube,brown,medium,to the right of,triangle,purple,medium,4
934,a red hexagon is below a blue sphere,hexagon,red,medium,below,sphere,blue,small,4
935,there is a medium purple circle below a small purple pentagon,circle,purple,medium,below,pentagon,purple,small,2
936,there is a small green circle to the right of a medium yellow oval,circle,green,small,to the right of,oval,yellow,medium,2
937,one large pink sphere is inside one large green triangle,sphere,pink,large,inside,triangle,green,large,3
938,a small rectangle is to the left of a medium cube,rectangle,green,small,to the left of,cube,purple,medium,5
939,a small cube is to the right of a small pentagon,cube,purple,small,to the right of,pentagon,green,small,5
940,a medium pentagon is inside a large rectangle,pentagon,green,medium,inside,rectangle,red,large,5
941,a small green oval is positioned to the left of a small yellow cylinder,oval,green,small,to the left of,cylinder,yellow,small,6
942,there is a small red rectangle inside a small green square,rectangle,red,small,inside,square,green,small,2
943,a small grey pentagon is positioned to the right of a medium yellow oval,pentagon,grey,small,to the right of,oval,yellow,medium,6
944,a small blue cylinder is positioned to the left of a large purple rectangle,cylinder,blue,small,to the left of,rectangle,purple,large,6
945,there is a small brown hexagon inside a small green circle,hexagon,brown,small,inside,circle,green,small,2
946,a large cylinder is below a large circle,cylinder,orange,large,below,circle,orange,large,5
947,a small pentagon is inside a large cube,pentagon,blue,small,inside,cube,yellow,large,5
948,a large purple pentagon is below a large orange pentagon,pentagon,purple,large,below,pentagon,orange,large,1
949,a brown triangle is inside a purple cube,triangle,brown,medium,inside,cube,purple,small,4
950,a medium circle is below a large rectangle,circle,blue,medium,below,rectangle,blue,large,5
951,a large purple cylinder is below a large orange sphere,cylinder,purple,large,below,sphere,orange,large,1
952,a medium orange rectangle is to the right of a medium green oval,rectangle,orange,medium,to the right of,oval,green,medium,1
953,there is a small purple cube inside a medium pink hexagon,cube,purple,small,inside,hexagon,pink,medium,2
954,one large orange circle is next to one large green cube,circle,orange,large,next to,cube,green,large,3
955,there is a large yellow rectangle above a small brown hexagon,rectangle,yellow,large,above,hexagon,brown,small,2
956,a medium green oval is positioned to the right of a small brown cube,oval,green,medium,to the right of,cube,brown,small,6
957,a red circle is next to a green oval,circle,red,large,next to,oval,green,small,4
958,a large blue oval is positioned below a large purple rectangle,oval,blue,large,below,rectangle,purple,large,6
959,a blue circle is below a yellow hexagon,circle,blue,large,below,hexagon,yellow,large,4
960,one medium yellow rectangle is to the right of one medium red triangle,rectangle,yellow,medium,to the right of,triangle,red,medium,3
961,a small purple rectangle is positioned to the left of a medium purple rectangle,rectangle,purple,small,to the left of,rectangle,purple,medium,6
962,there is a medium orange oval to the right of a medium red cylinder,oval,orange,medium,to the right of,cylinder,red,medium,2
963,a brown square is inside a yellow hexagon,square,brown,small,inside,hexagon,yellow,small,4
964,a large purple pentagon is positioned to the right of a large red rectangle,pentagon,purple,large,to the right of,rectangle,red,large,6
965,a large orange oval is positioned inside a large red cube,oval,orange,large,inside,cube,red,large,6
966,a large sphere is to the left of a large triangle,sphere,green,large,to the left of,triangle,green,large,5
967,a large brown pentagon is above a small red rectangle,pentagon,brown,large,above,rectangle,red,small,1
968,a large triangle is next to a large rectangle,triangle,green,large,next to,rectangle,green,large,5
969,one small grey hexagon is to the right of one small purple triangle,hexagon,grey,small,to the right of,triangle,purple,small,3
970,a yellow triangle is above a grey hexagon,triangle,yellow,large,above,hexagon,grey,medium,4
971,a large brown sphere is positioned next to a small pink circle,sphere,brown,large,next to,circle,pink,small,6
972,a brown cube is to the left of a red pentagon,cube,brown,medium,to the left of,pentagon,red,large,4
973,a small purple cylinder is positioned above a large grey triangle,cylinder,purple,small,above,triangle,grey,large,6
974,a grey pentagon is to the right of a grey sphere,pentagon,grey,small,to the right of,sphere,grey,medium,4
975,there is a large red cube to the left of a large red circle,cube,red,large,to the left of,circle,red,large,2
976,a small sphere is below a large oval,sphere,yellow,small,below,oval,red,large,5
977,there is a medium yellow cylinder next to a large blue cube,cylinder,yellow,medium,next to,cube,blue,large,2
978,a medium brown oval is below a large blue triangle,oval,brown,medium,below,triangle,blue,large,1
979,a blue square is to the left of a pink rectangle,square,blue,medium,to the left of,rectangle,pink,medium,4
980,one small yellow square is inside one medium yellow cube,square,yellow,small,inside,cube,yellow,medium,3
981,one medium pink triangle is to the right of one large green square,triangle,pink,medium,to the right of,square,green,large,3
982,a small green circle is to the left of a large blue hexagon,circle,green,small,to the left of,hexagon,blue,large,1
983,a small cylinder is to the right of a medium sphere,cylinder,orange,small,to the right of,sphere,purple,medium,5
984,a medium blue cube is positioned next to a small orange cylinder,cube,blue,medium,next to,cylinder,orange,small,6
985,a small cylinder is above a small triangle,cylinder,pink,small,above,triangle,grey,small,5
986,there is a large yellow hexagon next to a medium brown cube,hexagon,yellow,large,next to,cube,brown,medium,2
987,a large red circle is next to a medium orange square,circle,red,large,next to,square,orange,medium,1
988,there is a small red cube inside a small blue oval,cube,red,small,inside,oval,blue,small,2
989,there is a medium purple rectangle above a small yellow hexagon,rectangle,purple,medium,above,hexagon,yellow,small,2
990,there is a medium orange oval below a medium grey rectangle,oval,orange,medium,below,rectangle,grey,medium,2
991,a red cylinder is above a pink pentagon,cylinder,red,small,above,pentagon,pink,medium,4
992,a small yellow square is inside a medium yellow oval,square,yellow,small,inside,oval,yellow,medium,1
993,a medium purple triangle is positioned below a small yellow circle,triangle,purple,medium,below,circle,yellow,small,6
994,a medium hexagon is to the left of a medium sphere,hexagon,grey,medium,to the left of,sphere,green,medium,5
995,one large blue sphere is next to one large green circle,sphere,blue,large,next to,circle,green,large,3
996,one medium pink cylinder is to the right of one large pink triangle,cylinder,pink,medium,to the right of,triangle,pink,large,3
997,a medium green oval is positioned next to a medium grey pentagon,oval,green,medium,next to,pentagon,grey,medium,6
998,a large green sphere is positioned below a large red rectangle,sphere,green,large,below,rectangle,red,large,6
999,a small red square is positioned to the right of a small grey circle,square,red,small,to the right of,circle,grey,small,6
1000,a medium cylinder is to the left of a small hexagon,cylinder,blue,medium,to the left of,hexagon,green,small,5
1001,one medium orange triangle is inside one large yellow rectangle,triangle,orange,medium,inside,rectangle,yellow,large,3
1002,there is a large purple rectangle inside a small green rectangle,rectangle,purple,large,inside,rectangle,green,small,2
1003,a blue triangle is next to a green oval,triangle,blue,medium,next to,oval,green,small,4
1004,there is a small green circle next to a small green oval,circle,green,small,next to,oval,green,small,2
1005,a large green sphere is next to a large brown sphere,sphere,green,large,next to,sphere,brown,large,1
1006,a large purple cube is inside a large green rectangle,cube,purple,large,inside,rectangle,green,large,1
1007,there is a small pink pentagon to the left of a medium orange rectangle,pentagon,pink,small,to the left of,rectangle,orange,medium,2
1008,a red oval is to the left of a yellow rectangle,oval,red,small,to the left of,rectangle,yellow,medium,4
1009,a large rectangle is next to a small cylinder,rectangle,purple,large,next to,cylinder,orange,small,5
1010,there is a medium grey cube to the left of a large purple oval,cube,grey,medium,to the left of,oval,purple,large,2
1011,one large red sphere is next to one medium red hexagon,sphere,red,large,next to,hexagon,red,medium,3
1012,a medium rectangle is to the right of a medium cube,rectangle,blue,medium,to the right of,cube,blue,medium,5
1013,one small red oval is to the left of one large green cube,oval,red,small,to the left of,cube,green,large,3
1014,a small orange hexagon is below a medium yellow pentagon,hexagon,orange,small,below,pentagon,yellow,medium,1
1015,a large purple sphere is positioned next to a medium red oval,sphere,purple,large,next to,oval,red,medium,6
1016,one medium brown hexagon is to the right of one large purple square,hexagon,brown,medium,to the right of,square,purple,large,3
1017,a green rectangle is below an orange cylinder,rectangle,green,large,below,cylinder,orange,medium,4
1018,one medium grey pentagon is next to one small pink circle,pentagon,grey,medium,next to,circle,pink,small,3
1019,one small grey rectangle is next to one small red pentagon,rectangle,grey,small,next to,pentagon,red,small,3
1020,a large pink triangle is positioned below a medium pink triangle,triangle,pink,large,below,triangle,pink,medium,6
1021,a medium grey oval is positioned below a large pink sphere,oval,grey,medium,below,sphere,pink,large,6
1022,a small rectangle is inside a large pentagon,rectangle,brown,small,inside,pentagon,grey,large,5
1023,a pink triangle is below a pink cylinder,triangle,pink,large,below,cylinder,pink,medium,4
1024,a small sphere is to the right of a medium hexagon,sphere,red,small,to the right of,hexagon,purple,medium,5
1025,a medium hexagon is next to a medium pentagon,hexagon,blue,medium,next to,pentagon,grey,medium,5
1026,a purple sphere is above a brown triangle,sphere,purple,large,above,triangle,brown,medium,4
1027,a small square is to the left of a medium cube,square,brown,small,to the left of,cube,red,medium,5
1028,a large pentagon is below a medium square,pentagon,blue,large,below,square,red,medium,5
1029,a pink cylinder is inside a yellow circle,cylinder,pink,large,inside,circle,yellow,medium,4
1030,one medium purple hexagon is above one large purple cylinder,hexagon,purple,medium,above,cylinder,purple,large,3
1031,there is a large pink sphere below a small pink cube,sphere,pink,large,below,cube,pink,small,2
1032,a medium square is to the right of a small rectangle,square,red,medium,to the right of,rectangle,yellow,small,5
1033,one medium blue rectangle is below one large red hexagon,rectangle,blue,medium,below,hexagon,red,large,3
1034,a small grey rectangle is positioned next to a large blue circle,rectangle,grey,small,next to,circle,blue,large,6
1035,one small pink pentagon is to the right of one large purple circle,pentagon,pink,small,to the right of,circle,purple,large,3
1036,one medium brown pentagon is inside one large pink cube,pentagon,brown,medium,inside,cube,pink,large,3
1037,there is a small pink oval to the right of a small brown sphere,oval,pink,small,to the right of,sphere,brown,small,2
1038,one small brown cube is to the left of one large grey triangle,cube,brown,small,to the left of,triangle,grey,large,3
1039,a large green circle is positioned inside a medium grey hexagon,circle,green,large,inside,hexagon,grey,medium,6
1040,one small grey cylinder is below one medium green sphere,cylinder,grey,small,below,sphere,green,medium,3
1041,there is a medium yellow sphere to the right of a small purple pentagon,sphere,yellow,medium,to the right of,pentagon,purple,small,2
1042,a medium pentagon is next to a medium oval,pentagon,grey,medium,next to,oval,blue,medium,5
1043,a small red rectangle is next to a medium purple rectangle,rectangle,red,small,next to,rectangle,purple,medium,1
1044,a medium green cube is positioned to the left of a small orange oval,cube,green,medium,to the left of,oval,orange,small,6
1045,a large rectangle is below a large cube,rectangle,pink,large,below,cube,grey,large,5
1046,a red rectangle is to the right of a red pentagon,rectangle,red,large,to the right of,pentagon,red,small,4
1047,there is a small red circle below a small blue circle,circle,red,small,below,circle,blue,small,2
1048,there is a medium grey sphere below a large red sphere,sphere,grey,medium,below,sphere,red,large,2
1049,a medium pink sphere is above a small brown cylinder,sphere,pink,medium,above,cylinder,brown,small,1
1050,there is a large yellow rectangle to the left of a large grey cylinder,rectangle,yellow,large,to the left of,cylinder,grey,large,2
1051,a small rectangle is next to a small hexagon,rectangle,red,small,next to,hexagon,yellow,small,5
1052,a green square is to the left of a red circle,square,green,medium,to the left of,circle,red,large,4
1053,a small red hexagon is positioned next to a small brown cylinder,hexagon,red,small,next to,cylinder,brown,small,6
1054,there is a medium red triangle to the right of a small yellow oval,triangle,red,medium,to the right of,oval,yellow,small,2
1055,a large square is above a medium pentagon,square,pink,large,above,pentagon,brown,medium,5
1056,a large orange circle is next to a small grey rectangle,circle,orange,large,next to,rectangle,grey,small,1
1057,a large green pentagon is positioned inside a small grey hexagon,pentagon,green,large,inside,hexagon,grey,small,6
1058,a blue oval is below a green circle,oval,blue,large,below,circle,green,small,4
1059,an orange rectangle is to the left of a red pentagon,rectangle,orange,small,to the left of,pentagon,red,medium,4
1060,one medium blue cube is inside one large green triangle,cube,blue,medium,inside,triangle,green,large,3
1061,there is a large yellow circle below a small orange cube,circle,yellow,large,below,cube,orange,small,2
1062,a pink pentagon is above a blue oval,pentagon,pink,medium,above,oval,blue,small,4
1063,one large green circle is to the left of one small purple triangle,circle,green,large,to the left of,triangle,purple,small,3
1064,a large green hexagon is positioned below a large red triangle,hexagon,green,large,below,triangle,red,large,6
1065,one medium blue pentagon is to the left of one large pink hexagon,pentagon,blue,medium,to the left of,hexagon,pink,large,3
1066,a medium hexagon is to the left of a small pentagon,hexagon,purple,medium,to the left of,pentagon,yellow,small,5
1067,one large purple pentagon is inside one large blue rectangle,pentagon,purple,large,inside,rectangle,blue,large,3
1068,there is a large blue pentagon to the right of a small red rectangle,pentagon,blue,large,to the right of,rectangle,red,small,2
1069,one small brown oval is to the right of one large orange triangle,oval,brown,small,to the right of,triangle,orange,large,3
1070,a large blue triangle is next to a medium pink cube,triangle,blue,large,next to,cube,pink,medium,1
1071,one small red sphere is below one large grey circle,sphere,red,small,below,circle,grey,large,3
1072,one large orange square is above one large green sphere,square,orange,large,above,sphere,green,large,3
1073,a large pink cube is below a large yellow triangle,cube,pink,large,below,triangle,yellow,large,1
1074,a small rectangle is above a small sphere,rectangle,pink,small,above,sphere,red,small,5
1075,a small brown circle is positioned above a large red sphere,circle,brown,small,above,sphere,red,large,6
1076,a medium red pentagon is positioned above a large yellow cube,pentagon,red,medium,above,cube,yellow,large,6
1077,a blue cube is above a purple pentagon,cube,blue,medium,above,pentagon,purple,small,4
1078,a green hexagon is to the right of a grey circle,hexagon,green,large,to the right of,circle,grey,medium,4
1079,a small pink rectangle is above a large brown sphere,rectangle,pink,small,above,sphere,brown,large,1
1080,one large green oval is below one medium blue cube,oval,green,large,below,cube,blue,medium,3
1081,a green triangle is inside a yellow square,triangle,green,large,inside,square,yellow,large,4
1082,a medium yellow oval is above a large grey cube,oval,yellow,medium,above,cube,grey,large,1
1083,a medium cylinder is inside a small hexagon,cylinder,purple,medium,inside,hexagon,yellow,small,5
1084,there is a medium yellow cube inside a large grey circle,cube,yellow,medium,inside,circle,grey,large,2
1085,a large cylinder is below a medium circle,cylinder,pink,large,below,circle,brown,medium,5
1086,one small orange rectangle is to the left of one large grey square,rectangle,orange,small,to the left of,square,grey,large,3
1087,there is a small yellow oval below a small pink circle,oval,yellow,small,below,circle,pink,small,2
1088,a medium purple pentagon is positioned to the left of a large red sphere,pentagon,purple,medium,to the left of,sphere,red,large,6
1089,there is a large red cylinder inside a medium red hexagon,cylinder,red,large,inside,hexagon,red,medium,2
1090,a medium pink triangle is next to a small yellow cylinder,triangle,pink,medium,next to,cylinder,yellow,small,1
1091,one small red hexagon is to the left of one large grey sphere,hexagon,red,small,to the left of,sphere,grey,large,3
1092,a large purple cube is to the left of a medium purple sphere,cube,purple,large,to the left of,sphere,purple,medium,1
1093,one large brown oval is to the left of one small brown hexagon,oval,brown,large,to the left of,hexagon,brown,small,3
1094,a medium sphere is above a large triangle,sphere,brown,medium,above,triangle,grey,large,5
1095,a medium brown square is positioned to the left of a large red triangle,square,brown,medium,to the left of,triangle,red,large,6
1096,a medium oval is to the left of a small pentagon,oval,pink,medium,to the left of,pentagon,pink,small,5
1097,a large grey sphere is positioned to the left of a medium pink hexagon,sphere,grey,large,to the left of,hexagon,pink,medium,6
1098,a blue pentagon is inside a yellow oval,pentagon,blue,small,inside,oval,yellow,large,4
1099,one large brown circle is next to one medium grey hexagon,circle,brown,large,next to,hexagon,grey,medium,3
1100,a small green triangle is positioned to the left of a small orange pentagon,triangle,green,small,to the left of,pentagon,orange,small,6
1101,a small blue pentagon is to the right of a large grey hexagon,pentagon,blue,small,to the right of,hexagon,grey,large,1
1102,one medium red triangle is above one medium grey triangle,triangle,red,medium,above,triangle,grey,medium,3
1103,a yellow circle is below a brown triangle,circle,yellow,large,below,triangle,brown,large,4
1104,a small orange square is above a small red cube,square,orange,small,above,cube,red,small,1
1105,a medium oval is inside a large cube,oval,red,medium,inside,cube,grey,large,5
1106,a large red sphere is positioned inside a large brown pentagon,sphere,red,large,inside,pentagon,brown,large,6
1107,there is a small brown sphere inside a large blue rectangle,sphere,brown,small,inside,rectangle,blue,large,2
1108,a red square is next to a red hexagon,square,red,small,next to,hexagon,red,medium,4
1109,a large red sphere is positioned above a large green pentagon,sphere,red,large,above,pentagon,green,large,6
1110,a large blue cube is positioned to the left of a small red oval,cube,blue,large,to the left of,oval,red,small,6
1111,a large yellow oval is above a medium purple pentagon,oval,yellow,large,above,pentagon,purple,medium,1
1112,a grey sphere is to the right of a brown cylinder,sphere,grey,medium,to the right of,cylinder,brown,large,4
1113,one large yellow square is to the right of one large grey cylinder,square,yellow,large,to the right of,cylinder,grey,large,3
1114,a medium sphere is inside a medium hexagon,sphere,grey,medium,inside,hexagon,pink,medium,5
1115,a medium grey cube is positioned to the right of a medium yellow triangle,cube,grey,medium,to the right of,triangle,yellow,medium,6
1116,a small purple pentagon is inside a small green square,pentagon,purple,small,inside,square,green,small,1
1117,a small brown cube is positioned above a large purple pentagon,cube,brown,small,above,pentagon,purple,large,6
1118,a small circle is to the left of a large cylinder,circle,yellow,small,to the left of,cylinder,green,large,5
1119,a brown triangle is next to a red rectangle,triangle,brown,small,next to,rectangle,red,medium,4
1120,there is a small grey square next to a large brown circle,square,grey,small,next to,circle,brown,large,2
1121,a medium orange square is inside a large purple cylinder,square,orange,medium,inside,cylinder,purple,large,1
1122,a large circle is below a large oval,circle,grey,large,below,oval,red,large,5
1123,a medium grey pentagon is next to a medium yellow hexagon,pentagon,grey,medium,next to,hexagon,yellow,medium,1
1124,a small oval is to the left of a medium triangle,oval,yellow,small,to the left of,triangle,grey,medium,5
1125,a medium green square is inside a small grey cube,square,green,medium,inside,cube,grey,small,1
1126,a grey hexagon is to the right of a green hexagon,hexagon,grey,small,to the right of,hexagon,green,small,4
1127,there is a large orange rectangle above a large purple rectangle,rectangle,orange,large,above,rectangle,purple,large,2
1128,a medium blue pentagon is inside a medium orange square,pentagon,blue,medium,inside,square,orange,medium,1
1129,one small brown pentagon is to the right of one small orange cube,pentagon,brown,small,to the right of,cube,orange,small,3
1130,a small pink circle is inside a medium yellow oval,circle,pink,small,inside,oval,yellow,medium,1
1131,a small circle is inside a small sphere,circle,green,small,inside,sphere,green,small,5
1132,a small square is to the left of a small sphere,square,blue,small,to the left of,sphere,blue,small,5
1133,a small red sphere is to the right of a large grey oval,sphere,red,small,to the right of,oval,grey,large,1
1134,a large orange rectangle is positioned inside a small grey rectangle,rectangle,orange,large,inside,rectangle,grey,small,6
1135,a large yellow triangle is inside a small orange triangle,triangle,yellow,large,inside,triangle,orange,small,1
1136,a medium rectangle is to the left of a small cylinder,rectangle,brown,medium,to the left of,cylinder,orange,small,5
1137,a small pink circle is to the left of a large orange hexagon,circle,pink,small,to the left of,hexagon,orange,large,1
1138,a medium brown cylinder is positioned to the left of a large pink sphere,cylinder,brown,medium,to the left of,sphere,pink,large,6
1139,there is a small orange pentagon to the right of a small brown oval,pentagon,orange,small,to the right of,oval,brown,small,2
1140,there is a medium brown square to the left of a medium green triangle,square,brown,medium,to the left of,triangle,green,medium,2
1141,a medium pentagon is next to a large sphere,pentagon,blue,medium,next to,sphere,pink,large,5
1142,there is a large purple cube inside a large blue oval,cube,purple,large,inside,oval,blue,large,2
1143,a green hexagon is next to an orange cylinder,hexagon,green,large,next to,cylinder,orange,medium,4
1144,a yellow cylinder is above a grey hexagon,cylinder,yellow,small,above,hexagon,grey,small,4
1145,there is a large green rectangle to the right of a large blue square,rectangle,green,large,to the right of,square,blue,large,2
1146,a small cube is next to a small rectangle,cube,blue,small,next to,rectangle,blue,small,5
1147,a yellow cylinder is above a pink triangle,cylinder,yellow,small,above,triangle,pink,large,4
1148,a yellow cube is below a grey cube,cube,yellow,medium,below,cube,grey,large,4
1149,a medium sphere is inside a large hexagon,sphere,grey,medium,inside,hexagon,blue,large,5
1150,an orange triangle is above a brown square,triangle,orange,medium,above,square,brown,large,4
1151,one large orange cube is inside one medium brown pentagon,cube,orange,large,inside,pentagon,brown,medium,3
1152,a large red hexagon is inside a large blue pentagon,hexagon,red,large,inside,pentagon,blue,large,1
1153,a red sphere is to the left of a green oval,sphere,red,small,to the left of,oval,green,large,4
1154,a medium pentagon is below a large rectangle,pentagon,orange,medium,below,rectangle,purple,large,5
1155,one medium purple cylinder is inside one small brown triangle,cylinder,purple,medium,inside,triangle,brown,small,3
1156,a medium pentagon is next to a large hexagon,pentagon,brown,medium,next to,hexagon,red,large,5
1157,a small rectangle is below a large pentagon,rectangle,pink,small,below,pentagon,brown,large,5
1158,a large pink triangle is next to a large yellow square,triangle,pink,large,next to,square,yellow,large,1
1159,a large pink oval is positioned to the right of a small purple sphere,oval,pink,large,to the right of,sphere,purple,small,6
1160,one medium grey sphere is below one large orange cylinder,sphere,grey,medium,below,cylinder,orange,large,3
1161,a grey circle is next to a pink triangle,circle,grey,large,next to,triangle,pink,large,4
1162,a medium grey oval is positioned below a medium yellow pentagon,oval,grey,medium,below,pentagon,yellow,medium,6
1163,a small yellow circle is positioned to the left of a large red sphere,circle,yellow,small,to the left of,sphere,red,large,6
1164,a small red circle is above a small orange cube,circle,red,small,above,cube,orange,small,1
1165,a small cylinder is inside a small cube,cylinder,brown,small,inside,cube,red,small,5
1166,a green cylinder is inside a pink oval,cylinder,green,medium,inside,oval,pink,large,4
1167,one large purple pentagon is below one small yellow pentagon,pentagon,purple,large,below,pentagon,yellow,small,3
1168,a small pink pentagon is to the right of a large red circle,pentagon,pink,small,to the right of,circle,red,large,1
1169,a medium red square is positioned to the left of a medium orange triangle,square,red,medium,to the left of,triangle,orange,medium,6
1170,a large grey sphere is to the left of a small pink hexagon,sphere,grey,large,to the left of,hexagon,pink,small,1
1171,there is a medium green rectangle to the left of a small orange circle,rectangle,green,medium,to the left of,circle,orange,small,2
1172,there is a large yellow cube below a large blue cube,cube,yellow,large,below,cube,blue,large,2
1173,a purple oval is above a purple oval,oval,purple,small,above,oval,purple,medium,4
1174,a brown pentagon is to the left of a brown sphere,pentagon,brown,large,to the left of,sphere,brown,small,4
1175,a small purple triangle is next to a large green hexagon,triangle,purple,small,next to,hexagon,green,large,1
1176,there is a medium pink cylinder to the left of a medium pink rectangle,cylinder,pink,medium,to the left of,rectangle,pink,medium,2
1177,a medium yellow rectangle is positioned inside a large blue cylinder,rectangle,yellow,medium,inside,cylinder,blue,large,6
1178,a green circle is to the left of an orange cylinder,circle,green,small,to the left of,cylinder,orange,small,4
1179,a yellow sphere is next to a green oval,sphere,yellow,large,next to,oval,green,small,4
1180,a medium pink triangle is inside a small grey rectangle,triangle,pink,medium,inside,rectangle,grey,small,1
1181,a grey oval is below a grey cylinder,oval,grey,large,below,cylinder,grey,large,4
1182,a yellow rectangle is to the left of an orange cube,rectangle,yellow,small,to the left of,cube,orange,large,4
1183,one small orange square is below one small orange hexagon,square,orange,small,below,hexagon,orange,small,3
1184,a large blue square is next to a medium red oval,square,blue,large,next to,oval,red,medium,1
1185,a medium grey sphere is positioned above a small orange circle,sphere,grey,medium,above,circle,orange,small,6
1186,a blue cylinder is above a purple sphere,cylinder,blue,small,above,sphere,purple,large,4
1187,there is a large red circle next to a small blue rectangle,circle,red,large,next to,rectangle,blue,small,2
1188,a yellow square is inside a purple pentagon,square,yellow,medium,inside,pentagon,purple,small,4
1189,one large brown rectangle is to the left of one small purple rectangle,rectangle,brown,large,to the left of,rectangle,purple,small,3
1190,a large red triangle is positioned above a small grey circle,triangle,red,large,above,circle,grey,small,6
1191,a large cylinder is next to a small sphere,cylinder,red,large,next to,sphere,yellow,small,5
1192,there is a small yellow hexagon to the left of a large brown cube,hexagon,yellow,small,to the left of,cube,brown,large,2
1193,a medium rectangle is to the right of a large hexagon,rectangle,red,medium,to the right of,hexagon,brown,large,5
1194,a large grey hexagon is positioned next to a small red cube,hexagon,grey,large,next to,cube,red,small,6
1195,there is a medium blue pentagon to the right of a medium grey pentagon,pentagon,blue,medium,to the right of,pentagon,grey,medium,2
1196,one small red circle is below one large pink hexagon,circle,red,small,below,hexagon,pink,large,3
1197,there is a small purple pentagon above a medium yellow sphere,pentagon,purple,small,above,sphere,yellow,medium,2
1198,a medium hexagon is inside a small square,hexagon,blue,medium,inside,square,yellow,small,5
1199,there is a large purple cube to the left of a small yellow rectangle,cube,purple,large,to the left of,rectangle,yellow,small,2
1200,a pink cube is below a red cylinder,cube,pink,medium,below,cylinder,red,large,4
1201,a small brown pentagon is positioned next to a large green cube,pentagon,brown,small,next to,cube,green,large,6
1202,one medium red oval is above one medium purple triangle,oval,red,medium,above,triangle,purple,medium,3
1203,one large purple rectangle is below one medium purple pentagon,rectangle,purple,large,below,pentagon,purple,medium,3
1204,a large green cube is positioned to the right of a small brown square,cube,green,large,to the right of,square,brown,small,6
1205,a large orange triangle is positioned next to a large green square,triangle,orange,large,next to,square,green,large,6
1206,a brown triangle is to the right of a pink hexagon,triangle,brown,large,to the right of,hexagon,pink,large,4
1207,a medium red sphere is to the left of a medium yellow pentagon,sphere,red,medium,to the left of,pentagon,yellow,medium,1
1208,a green pentagon is above a grey cylinder,pentagon,green,large,above,cylinder,grey,medium,4
1209,a small red sphere is positioned to the right of a large green hexagon,sphere,red,small,to the right of,hexagon,green,large,6
1210,one small brown sphere is next to one medium brown square,sphere,brown,small,next to,square,brown,medium,3
1211,a red circle is inside an orange cylinder,circle,red,medium,inside,cylinder,orange,large,4
1212,an orange pentagon is below a red pentagon,pentagon,orange,large,below,pentagon,red,medium,4
1213,a purple circle is below a blue pentagon,circle,purple,large,below,pentagon,blue,medium,4
1214,there is a medium purple cylinder to the right of a large pink circle,cylinder,purple,medium,to the right of,circle,pink,large,2
1215,one large red circle is to the left of one small brown triangle,circle,red,large,to the left of,triangle,brown,small,3
1216,one large brown square is to the right of one small pink square,square,brown,large,to the right of,square,pink,small,3
1217,there is a small green square next to a small grey rectangle,square,green,small,next to,rectangle,grey,small,2
1218,one medium orange sphere is inside one medium grey circle,sphere,orange,medium,inside,circle,grey,medium,3
1219,a medium purple hexagon is next to a medium grey square,hexagon,purple,medium,next to,square,grey,medium,1
1220,there is a large yellow cube to the right of a small green square,cube,yellow,large,to the right of,square,green,small,2
1221,a medium yellow oval is above a medium brown oval,oval,yellow,medium,above,oval,brown,medium,1
1222,a medium green sphere is below a medium purple square,sphere,green,medium,below,square,purple,medium,1
1223,one medium red sphere is to the right of one large yellow pentagon,sphere,red,medium,to the right of,pentagon,yellow,large,3
1224,a small blue square is next to a large pink pentagon,square,blue,small,next to,pentagon,pink,large,1
1225,a medium pentagon is inside a medium square,pentagon,orange,medium,inside,square,blue,medium,5
1226,a large brown hexagon is to the left of a large green square,hexagon,brown,large,to the left of,square,green,large,1
1227,a yellow cylinder is to the right of a pink pentagon,cylinder,yellow,small,to the right of,pentagon,pink,large,4
1228,a small square is to the left of a large pentagon,square,grey,small,to the left of,pentagon,purple,large,5
1229,one medium blue square is next to one small red triangle,square,blue,medium,next to,triangle,red,small,3
1230,one medium red sphere is above one large green square,sphere,red,medium,above,square,green,large,3
1231,a medium red hexagon is inside a large brown triangle,hexagon,red,medium,inside,triangle,brown,large,1
1232,a large pentagon is next to a large pentagon,pentagon,pink,large,next to,pentagon,orange,large,5
1233,one medium brown square is below one small pink sphere,square,brown,medium,below,sphere,pink,small,3
1234,one small grey rectangle is below one small purple square,rectangle,grey,small,below,square,purple,small,3
1235,there is a small purple square above a small grey triangle,square,purple,small,above,triangle,grey,small,2
1236,a blue sphere is next to a brown cube,sphere,blue,medium,next to,cube,brown,small,4
1237,a medium square is next to a small square,square,purple,medium,next to,square,purple,small,5
1238,a small purple square is positioned above a small green square,square,purple,small,above,square,green,small,6
1239,a medium pentagon is inside a medium cube,pentagon,purple,medium,inside,cube,orange,medium,5
1240,one large red cylinder is to the left of one large brown hexagon,cylinder,red,large,to the left of,hexagon,brown,large,3
1241,a large cube is above a large circle,cube,blue,large,above,circle,brown,large,5
1242,a small brown square is positioned to the left of a small orange circle,square,brown,small,to the left of,circle,orange,small,6
1243,a large red hexagon is positioned to the right of a medium orange cube,hexagon,red,large,to the right of,cube,orange,medium,6
1244,a medium red cube is to the left of a medium purple pentagon,cube,red,medium,to the left of,pentagon,purple,medium,1
1245,one large orange circle is to the right of one small purple triangle,circle,orange,large,to the right of,triangle,purple,small,3
1246,a medium brown cube is positioned below a medium pink hexagon,cube,brown,medium,below,hexagon,pink,medium,6
1247,a medium pentagon is next to a small oval,pentagon,grey,medium,next to,oval,grey,small,5
1248,there is a large brown sphere below a medium grey sphere,sphere,brown,large,below,sphere,grey,medium,2
1249,there is a small yellow sphere to the right of a large orange sphere,sphere,yellow,small,to the right of,sphere,orange,large,2
1250,a pink hexagon is to the left of a purple hexagon,hexagon,pink,small,to the left of,hexagon,purple,large,4
1251,one small brown circle is to the right of one small pink pentagon,circle,brown,small,to the right of,pentagon,pink,small,3
1252,a small orange oval is positioned below a large pink rectangle,oval,orange,small,below,rectangle,pink,large,6
1253,a medium cube is inside a small hexagon,cube,yellow,medium,inside,hexagon,grey,small,5
1254,a brown cylinder is inside a red square,cylinder,brown,large,inside,square,red,small,4
1255,a large green rectangle is inside a medium green cylinder,rectangle,green,large,inside,cylinder,green,medium,1
1256,a large cube is to the left of a medium rectangle,cube,grey,large,to the left of,rectangle,purple,medium,5
1257,a medium cube is to the right of a medium hexagon,cube,pink,medium,to the right of,hexagon,grey,medium,5
1258,a small brown cube is positioned to the left of a small purple pentagon,cube,brown,small,to the left of,pentagon,purple,small,6
1259,a large hexagon is next to a medium oval,hexagon,blue,large,next to,oval,purple,medium,5
1260,there is a medium blue cube below a medium yellow sphere,cube,blue,medium,below,sphere,yellow,medium,2
1261,there is a large purple cube to the right of a large blue circle,cube,purple,large,to the right of,circle,blue,large,2
1262,a large pentagon is to the left of a large pentagon,pentagon,yellow,large,to the left of,pentagon,orange,large,5
1263,one small pink cylinder is to the left of one small brown sphere,cylinder,pink,small,to the left of,sphere,brown,small,3
1264,one medium blue rectangle is to the right of one large yellow sphere,rectangle,blue,medium,to the right of,sphere,yellow,large,3
1265,an orange cube is to the right of a yellow cube,cube,orange,small,to the right of,cube,yellow,large,4
1266,there is a medium grey pentagon next to a small green triangle,pentagon,grey,medium,next to,triangle,green,small,2
1267,a large cylinder is above a medium cylinder,cylinder,green,large,above,cylinder,yellow,medium,5
1268,a green oval is below a blue cube,oval,green,small,below,cube,blue,medium,4
1269,a small green sphere is inside a small red cylinder,sphere,green,small,inside,cylinder,red,small,1
1270,a large pink pentagon is inside a large orange rectangle,pentagon,pink,large,inside,rectangle,orange,large,1
1271,there is a medium yellow cylinder above a large red oval,cylinder,yellow,medium,above,oval,red,large,2
1272,there is a small red cube to the left of a small orange sphere,cube,red,small,to the left of,sphere,orange,small,2
1273,a large orange circle is positioned to the left of a large purple rectangle,circle,orange,large,to the left of,rectangle,purple,large,6
1274,a large grey sphere is positioned next to a small red sphere,sphere,grey,large,next to,sphere,red,small,6
1275,a medium purple pentagon is to the left of a medium blue circle,pentagon,purple,medium,to the left of,circle,blue,medium,1
1276,a green rectangle is next to a pink hexagon,rectangle,green,small,next to,hexagon,pink,large,4
1277,there is a small brown square inside a small brown triangle,square,brown,small,inside,triangle,brown,small,2
1278,a large blue triangle is next to a small pink oval,triangle,blue,large,next to,oval,pink,small,1
1279,a green cube is below a yellow cube,cube,green,small,below,cube,yellow,medium,4
1280,one small blue cube is inside one small red square,cube,blue,small,inside,square,red,small,3
1281,one large yellow hexagon is next to one small pink cylinder,hexagon,yellow,large,next to,cylinder,pink,small,3
1282,one medium purple hexagon is next to one small purple cylinder,hexagon,purple,medium,next to,cylinder,purple,small,3
1283,a small green hexagon is to the left of a small blue circle,hexagon,green,small,to the left of,circle,blue,small,1
1284,a large green pentagon is above a medium pink pentagon,pentagon,green,large,above,pentagon,pink,medium,1
1285,there is a large yellow triangle to the right of a medium brown sphere,triangle,yellow,large,to the right of,sphere,brown,medium,2
1286,a medium sphere is to the left of a small rectangle,sphere,orange,medium,to the left of,rectangle,grey,small,5
1287,one small pink hexagon is above one medium brown oval,hexagon,pink,small,above,oval,brown,medium,3
1288,a red pentagon is to the right of a brown cube,pentagon,red,large,to the right of,cube,brown,small,4
1289,a large pentagon is to the right of a large circle,pentagon,purple,large,to the right of,circle,orange,large,5
1290,a yellow oval is to the left of a yellow cylinder,oval,yellow,medium,to the left of,cylinder,yellow,small,4
1291,a medium oval is inside a small circle,oval,red,medium,inside,circle,orange,small,5
1292,there is a large grey cube above a large red cube,cube,grey,large,above,cube,red,large,2
1293,a large orange cylinder is positioned to the right of a medium red square,cylinder,orange,large,to the right of,square,red,medium,6
1294,a large grey oval is to the right of a small grey hexagon,oval,grey,large,to the right of,hexagon,grey,small,1
1295,a large brown sphere is below a small purple square,sphere,brown,large,below,square,purple,small,1
1296,one large pink cylinder is below one medium red oval,cylinder,pink,large,below,oval,red,medium,3
1297,there is a medium blue square below a small purple hexagon,square,blue,medium,below,hexagon,purple,small,2
1298,a medium green hexagon is next to a medium grey rectangle,hexagon,green,medium,next to,rectangle,grey,medium,1
1299,a medium hexagon is below a small hexagon,hexagon,brown,medium,below,hexagon,purple,small,5
1300,a small brown circle is to the right of a small red hexagon,circle,brown,small,to the right of,hexagon,red,small,1
1301,a medium pentagon is to the right of a small pentagon,pentagon,grey,medium,to the right of,pentagon,yellow,small,5
1302,a small grey cube is positioned inside a medium purple triangle,cube,grey,small,inside,triangle,purple,medium,6
1303,a medium orange circle is below a medium purple sphere,circle,orange,medium,below,sphere,purple,medium,1
1304,a large red circle is positioned above a medium orange triangle,circle,red,large,above,triangle,orange,medium,6
1305,one large purple cylinder is above one small orange cylinder,cylinder,purple,large,above,cylinder,orange,small,3
1306,a medium red pentagon is positioned to the left of a medium brown square,pentagon,red,medium,to the left of,square,brown,medium,6
1307,a blue triangle is to the left of a red square,triangle,blue,medium,to the left of,square,red,medium,4
1308,there is a small orange cube to the left of a small orange triangle,cube,orange,small,to the left of,triangle,orange,small,2
1309,a large cube is next to a small cylinder,cube,pink,large,next to,cylinder,orange,small,5
1310,a large triangle is to the left of a large cube,triangle,grey,large,to the left of,cube,brown,large,5
1311,a large blue sphere is positioned inside a large blue triangle,sphere,blue,large,inside,triangle,blue,large,6
1312,one large yellow triangle is below one medium blue cube,triangle,yellow,large,below,cube,blue,medium,3
1313,there is a medium red triangle above a small grey hexagon,triangle,red,medium,above,hexagon,grey,small,2
1314,a large brown oval is to the right of a large blue square,oval,brown,large,to the right of,square,blue,large,1
1315,a small square is below a medium hexagon,square,grey,small,below,hexagon,yellow,medium,5
1316,a large yellow pentagon is above a medium green rectangle,pentagon,yellow,large,above,rectangle,green,medium,1
1317,a medium oval is to the right of a large pentagon,oval,blue,medium,to the right of,pentagon,blue,large,5
1318,a medium pink oval is positioned below a small pink oval,oval,pink,medium,below,oval,pink,small,6
1319,there is a small purple hexagon inside a large red cube,hexagon,purple,small,inside,cube,red,large,2
1320,a blue cube is inside a brown rectangle,cube,blue,medium,inside,rectangle,brown,large,4
1321,a green hexagon is next to a blue circle,hexagon,green,medium,next to,circle,blue,large,4
1322,a yellow pentagon is below a yellow cylinder,pentagon,yellow,medium,below,cylinder,yellow,medium,4
1323,there is a medium red sphere inside a medium red pentagon,sphere,red,medium,inside,pentagon,red,medium,2
1324,a large orange cube is inside a medium red rectangle,cube,orange,large,inside,rectangle,red,medium,1
1325,there is a medium brown oval below a small yellow cylinder,oval,brown,medium,below,cylinder,yellow,small,2
1326,there is a small yellow sphere to the left of a medium pink circle,sphere,yellow,small,to the left of,circle,pink,medium,2
1327,a small brown circle is inside a small orange sphere,circle,brown,small,inside,sphere,orange,small,1
1328,a small cylinder is to the right of a large oval,cylinder,blue,small,to the right of,oval,blue,large,5
1329,one large purple hexagon is below one small purple circle,hexagon,purple,large,below,circle,purple,small,3
1330,one small pink oval is inside one small blue square,oval,pink,small,inside,square,blue,small,3
1331,a medium orange sphere is positioned next to a medium red hexagon,sphere,orange,medium,next to,hexagon,red,medium,6
1332,one large orange pentagon is next to one small purple oval,pentagon,orange,large,next to,oval,purple,small,3
1333,a large yellow rectangle is positioned next to a medium pink square,rectangle,yellow,large,next to,square,pink,medium,6
1334,a small cube is next to a large cylinder,cube,yellow,small,next to,cylinder,orange,large,5
1335,a large purple cylinder is positioned to the left of a large orange oval,cylinder,purple,large,to the left of,oval,orange,large,6
1336,there is a large brown circle to the right of a large pink oval,circle,brown,large,to the right of,oval,pink,large,2
1337,there is a large orange circle inside a medium yellow hexagon,circle,orange,large,inside,hexagon,yellow,medium,2
1338,a large pink triangle is above a small red circle,triangle,pink,large,above,circle,red,small,1
1339,there is a small orange cylinder to the right of a small purple oval,cylinder,orange,small,to the right of,oval,purple,small,2
1340,a yellow sphere is to the right of a yellow sphere,sphere,yellow,small,to the right of,sphere,yellow,medium,4
1341,a medium orange rectangle is below a small green square,rectangle,orange,medium,below,square,green,small,1
1342,a large red triangle is above a small purple square,triangle,red,large,above,square,purple,small,1
1343,there is a medium yellow pentagon to the left of a small grey hexagon,pentagon,yellow,medium,to the left of,hexagon,grey,small,2
1344,an orange hexagon is next to a grey pentagon,hexagon,orange,small,next to,pentagon,grey,medium,4
1345,one large yellow hexagon is to the left of one small grey square,hexagon,yellow,large,to the left of,square,grey,small,3
1346,there is a small brown circle inside a small green cylinder,circle,brown,small,inside,cylinder,green,small,2
1347,there is a medium green rectangle above a small green rectangle,rectangle,green,medium,above,rectangle,green,small,2
1348,a medium green sphere is positioned to the right of a medium grey square,sphere,green,medium,to the right of,square,grey,medium,6
1349,a medium purple oval is next to a small blue oval,oval,purple,medium,next to,oval,blue,small,1
1350,there is a medium brown square to the left of a large pink rectangle,square,brown,medium,to the left of,rectangle,pink,large,2
1351,a small grey pentagon is positioned to the right of a small pink oval,pentagon,grey,small,to the right of,oval,pink,small,6
1352,there is a large purple triangle to the left of a large red circle,triangle,purple,large,to the left of,circle,red,large,2
1353,one large brown circle is above one medium green square,circle,brown,large,above,square,green,medium,3
1354,a medium blue pentagon is positioned next to a medium yellow cube,pentagon,blue,medium,next to,cube,yellow,medium,6
1355,a small pentagon is to the left of a small sphere,pentagon,red,small,to the left of,sphere,green,small,5
1356,an orange hexagon is to the right of an orange cube,hexagon,orange,small,to the right of,cube,orange,large,4
1357,a small blue hexagon is to the right of a medium yellow rectangle,hexagon,blue,small,to the right of,rectangle,yellow,medium,1
1358,one large orange oval is inside one small purple oval,oval,orange,large,inside,oval,purple,small,3
1359,there is a medium orange circle inside a small blue pentagon,circle,orange,medium,inside,pentagon,blue,small,2
1360,a medium oval is to the left of a medium oval,oval,yellow,medium,to the left of,oval,pink,medium,5
1361,a small oval is inside a medium hexagon,oval,grey,small,inside,hexagon,red,medium,5
1362,a grey pentagon is next to a blue cube,pentagon,grey,small,next to,cube,blue,large,4
1363,a blue circle is inside an orange sphere,circle,blue,medium,inside,sphere,orange,small,4
1364,a medium yellow pentagon is inside a large red square,pentagon,yellow,medium,inside,square,red,large,1
1365,a small blue sphere is above a medium blue sphere,sphere,blue,small,above,sphere,blue,medium,1
1366,a medium brown cube is above a medium blue pentagon,cube,brown,medium,above,pentagon,blue,medium,1
1367,a medium purple triangle is above a medium orange oval,triangle,purple,medium,above,oval,orange,medium,1
1368,one medium orange hexagon is to the left of one medium purple pentagon,hexagon,orange,medium,to the left of,pentagon,purple,medium,3
1369,a small triangle is to the right of a medium cube,triangle,green,small,to the right of,cube,blue,medium,5
1370,a brown square is below a blue hexagon,square,brown,small,below,hexagon,blue,medium,4
1371,one large red oval is above one medium blue oval,oval,red,large,above,oval,blue,medium,3
1372,a small hexagon is to the right of a medium circle,hexagon,blue,small,to the right of,circle,pink,medium,5
1373,there is a small brown triangle above a large orange cube,triangle,brown,small,above,cube,orange,large,2
1374,a small oval is next to a small triangle,oval,blue,small,next to,triangle,green,small,5
1375,a small pentagon is above a large square,pentagon,purple,small,above,square,purple,large,5
1376,one large red oval is below one small blue cylinder,oval,red,large,below,cylinder,blue,small,3
1377,a medium rectangle is below a medium sphere,rectangle,purple,medium,below,sphere,red,medium,5
1378,a medium red hexagon is to the right of a medium red pentagon,hexagon,red,medium,to the right of,pentagon,red,medium,1
1379,there is a medium yellow cube next to a medium red circle,cube,yellow,medium,next to,circle,red,medium,2
1380,a purple sphere is above a brown hexagon,sphere,purple,small,above,hexagon,brown,large,4
1381,a medium blue cylinder is next to a large red rectangle,cylinder,blue,medium,next to,rectangle,red,large,1
1382,there is a small yellow hexagon to the left of a large purple rectangle,hexagon,yellow,small,to the left of,rectangle,purple,large,2
1383,a small blue hexagon is next to a large yellow circle,hexagon,blue,small,next to,circle,yellow,large,1
1384,a small cylinder is above a small cylinder,cylinder,yellow,small,above,cylinder,orange,small,5
1385,there is a medium blue oval to the right of a small yellow hexagon,oval,blue,medium,to the right of,hexagon,yellow,small,2
1386,a small circle is to the left of a large triangle,circle,green,small,to the left of,triangle,green,large,5
1387,a purple sphere is below a red pentagon,sphere,purple,small,below,pentagon,red,large,4
1388,there is a medium green triangle inside a medium yellow triangle,triangle,green,medium,inside,triangle,yellow,medium,2
1389,a brown cube is next to a yellow square,cube,brown,large,next to,square,yellow,small,4
1390,there is a medium red pentagon inside a large red sphere,pentagon,red,medium,inside,sphere,red,large,2
1391,a large brown oval is positioned next to a small green rectangle,oval,brown,large,next to,rectangle,green,small,6
1392,there is a medium red cylinder to the right of a small purple sphere,cylinder,red,medium,to the right of,sphere,purple,small,2
1393,a small square is inside a large cylinder,square,orange,small,inside,cylinder,blue,large,5
1394,a brown cube is next to a blue triangle,cube,brown,small,next to,triangle,blue,large,4
1395,there is a medium pink rectangle to the left of a small pink cube,rectangle,pink,medium,to the left of,cube,pink,small,2
1396,a large blue hexagon is positioned to the left of a large blue square,hexagon,blue,large,to the left of,square,blue,large,6
1397,one large orange hexagon is below one small purple rectangle,hexagon,orange,large,below,rectangle,purple,small,3
1398,there is a small orange pentagon to the left of a large orange cube,pentagon,orange,small,to the left of,cube,orange,large,2
1399,a medium red oval is positioned next to a small green cube,oval,red,medium,next to,cube,green,small,6
1400,a large sphere is inside a medium sphere,sphere,orange,large,inside,sphere,yellow,medium,5
1401,a blue triangle is to the left of a brown oval,triangle,blue,medium,to the left of,oval,brown,medium,4
1402,a medium purple hexagon is positioned below a medium pink oval,hexagon,purple,medium,below,oval,pink,medium,6
1403,a medium grey sphere is to the right of a large green circle,sphere,grey,medium,to the right of,circle,green,large,1
1404,one small yellow sphere is below one large green triangle,sphere,yellow,small,below,triangle,green,large,3
1405,a small yellow square is positioned above a small purple cube,square,yellow,small,above,cube,purple,small,6
1406,a medium hexagon is below a large pentagon,hexagon,orange,medium,below,pentagon,purple,large,5
1407,one large yellow oval is above one medium pink square,oval,yellow,large,above,square,pink,medium,3
1408,there is a small brown square to the left of a small grey cube,square,brown,small,to the left of,cube,grey,small,2
1409,there is a small orange oval above a medium purple hexagon,oval,orange,small,above,hexagon,purple,medium,2
1410,there is a large purple circle to the right of a medium grey cylinder,circle,purple,large,to the right of,cylinder,grey,medium,2
1411,a pink cylinder is next to a grey circle,cylinder,pink,medium,next to,circle,grey,small,4
1412,one large brown oval is to the right of one medium yellow sphere,oval,brown,large,to the right of,sphere,yellow,medium,3
1413,a medium oval is below a medium circle,oval,green,medium,below,circle,purple,medium,5
1414,there is a small pink triangle to the right of a large pink cube,triangle,pink,small,to the right of,cube,pink,large,2
1415,an orange circle is below a yellow pentagon,circle,orange,small,below,pentagon,yellow,small,4
1416,a pink sphere is to the left of a blue hexagon,sphere,pink,large,to the left of,hexagon,blue,small,4
1417,one small orange sphere is inside one small pink hexagon,sphere,orange,small,inside,hexagon,pink,small,3
1418,a small triangle is to the left of a small cube,triangle,pink,small,to the left of,cube,blue,small,5
1419,a large yellow cube is next to a small yellow oval,cube,yellow,large,next to,oval,yellow,small,1
1420,a medium oval is below a large cube,oval,brown,medium,below,cube,purple,large,5
1421,a small red cube is positioned to the right of a large purple cube,cube,red,small,to the right of,cube,purple,large,6
1422,a large orange oval is positioned below a large brown triangle,oval,orange,large,below,triangle,brown,large,6
1423,a large brown square is positioned inside a large red oval,square,brown,large,inside,oval,red,large,6
1424,an orange cylinder is to the right of a green pentagon,cylinder,orange,large,to the right of,pentagon,green,small,4
1425,a grey cylinder is to the left of a purple square,cylinder,grey,large,to the left of,square,purple,large,4
1426,a small orange pentagon is positioned next to a large pink rectangle,pentagon,orange,small,next to,rectangle,pink,large,6
1427,a red cylinder is below an orange square,cylinder,red,large,below,square,orange,medium,4
1428,one large yellow circle is to the right of one large purple cube,circle,yellow,large,to the right of,cube,purple,large,3
1429,a medium sphere is above a medium hexagon,sphere,green,medium,above,hexagon,purple,medium,5
1430,there is a medium pink triangle to the left of a medium blue square,triangle,pink,medium,to the left of,square,blue,medium,2
1431,a medium brown circle is positioned below a small blue oval,circle,brown,medium,below,oval,blue,small,6
1432,one large yellow circle is above one small red cylinder,circle,yellow,large,above,cylinder,red,small,3
1433,a small oval is to the left of a large oval,oval,orange,small,to the left of,oval,brown,large,5
1434,one small yellow circle is inside one medium green hexagon,circle,yellow,small,inside,hexagon,green,medium,3
1435,a small purple cylinder is positioned above a small yellow cylinder,cylinder,purple,small,above,cylinder,yellow,small,6
1436,one small red triangle is to the right of one large purple cylinder,triangle,red,small,to the right of,cylinder,purple,large,3
1437,a large orange rectangle is positioned below a small brown circle,rectangle,orange,large,below,circle,brown,small,6
1438,a small blue cylinder is next to a medium yellow cube,cylinder,blue,small,next to,cube,yellow,medium,1
1439,a small rectangle is above a medium rectangle,rectangle,grey,small,above,rectangle,orange,medium,5
1440,a green sphere is to the left of a red sphere,sphere,green,medium,to the left of,sphere,red,small,4
1441,a large circle is to the left of a small circle,circle,red,large,to the left of,circle,brown,small,5
1442,one large orange circle is below one medium blue square,circle,orange,large,below,square,blue,medium,3
1443,one large grey triangle is next to one large yellow cube,triangle,grey,large,next to,cube,yellow,large,3
1444,a green triangle is above a blue circle,triangle,green,medium,above,circle,blue,small,4
1445,there is a large yellow oval below a medium grey cube,oval,yellow,large,below,cube,grey,medium,2
1446,a large brown rectangle is to the left of a small green triangle,rectangle,brown,large,to the left of,triangle,green,small,1
1447,a small grey square is to the left of a large pink sphere,square,grey,small,to the left of,sphere,pink,large,1
1448,one large blue sphere is inside one large yellow hexagon,sphere,blue,large,inside,hexagon,yellow,large,3
1449,one large pink circle is next to one large blue sphere,circle,pink,large,next to,sphere,blue,large,3
1450,a medium brown hexagon is inside a medium purple circle,hexagon,brown,medium,inside,circle,purple,medium,1
1451,a large cylinder is inside a medium square,cylinder,purple,large,inside,square,yellow,medium,5
1452,a medium yellow sphere is positioned to the right of a large pink rectangle,sphere,yellow,medium,to the right of,rectangle,pink,large,6
1453,an orange triangle is to the right of a yellow circle,triangle,orange,small,to the right of,circle,yellow,medium,4
1454,a purple triangle is next to a yellow square,triangle,purple,large,next to,square,yellow,small,4
1455,a medium cylinder is to the right of a small cylinder,cylinder,yellow,medium,to the right of,cylinder,purple,small,5
1456,there is a small red pentagon to the left of a small purple square,pentagon,red,small,to the left of,square,purple,small,2
1457,one large yellow cylinder is below one medium orange square,cylinder,yellow,large,below,square,orange,medium,3
1458,there is a small pink square inside a large red triangle,square,pink,small,inside,triangle,red,large,2
1459,there is a medium brown sphere below a large purple triangle,sphere,brown,medium,below,triangle,purple,large,2
1460,there is a small blue pentagon inside a medium yellow hexagon,pentagon,blue,small,inside,hexagon,yellow,medium,2
1461,a small square is above a small circle,square,brown,small,above,circle,yellow,small,5
1462,a small purple pentagon is below a large blue square,pentagon,purple,small,below,square,blue,large,1
1463,a medium green sphere is positioned inside a medium green square,sphere,green,medium,inside,square,green,medium,6
1464,a medium brown circle is below a medium grey circle,circle,brown,medium,below,circle,grey,medium,1
1465,a small green hexagon is positioned to the left of a large brown cylinder,hexagon,green,small,to the left of,cylinder,brown,large,6
1466,a large green square is inside a large blue triangle,square,green,large,inside,triangle,blue,large,1
1467,a brown pentagon is to the right of a grey pentagon,pentagon,brown,medium,to the right of,pentagon,grey,medium,4
1468,there is a large pink circle next to a medium brown cylinder,circle,pink,large,next to,cylinder,brown,medium,2
1469,a medium purple triangle is inside a large grey oval,triangle,purple,medium,inside,oval,grey,large,1
1470,a large yellow square is to the right of a small red sphere,square,yellow,large,to the right of,sphere,red,small,1
1471,a large hexagon is below a large rectangle,hexagon,blue,large,below,rectangle,grey,large,5
1472,a green circle is above a blue rectangle,circle,green,small,above,rectangle,blue,small,4
1473,a green oval is inside a blue triangle,oval,green,small,inside,triangle,blue,medium,4
1474,there is a medium brown cylinder inside a medium blue square,cylinder,brown,medium,inside,square,blue,medium,2
1475,a purple hexagon is below a blue cylinder,hexagon,purple,large,below,cylinder,blue,small,4
1476,there is a medium yellow cube next to a medium green hexagon,cube,yellow,medium,next to,hexagon,green,medium,2
1477,a pink pentagon is to the right of a pink cube,pentagon,pink,large,to the right of,cube,pink,small,4
1478,a medium orange rectangle is next to a large red cube,rectangle,orange,medium,next to,cube,red,large,1
1479,there is a small pink pentagon to the left of a medium orange cube,pentagon,pink,small,to the left of,cube,orange,medium,2
1480,a brown rectangle is below a blue oval,rectangle,brown,small,below,oval,blue,large,4
1481,one medium red hexagon is below one small pink oval,hexagon,red,medium,below,oval,pink,small,3
1482,a large orange circle is positioned next to a small yellow hexagon,circle,orange,large,next to,hexagon,yellow,small,6
1483,there is a small blue cube next to a small green rectangle,cube,blue,small,next to,rectangle,green,small,2
1484,a green sphere is above a purple oval,sphere,green,large,above,oval,purple,medium,4
1485,a small purple pentagon is next to a large grey sphere,pentagon,purple,small,next to,sphere,grey,large,1
1486,a red square is to the left of a pink cube,square,red,small,to the left of,cube,pink,medium,4
1487,a small triangle is next to a large hexagon,triangle,red,small,next to,hexagon,green,large,5
1488,a small grey hexagon is next to a small red rectangle,hexagon,grey,small,next to,rectangle,red,small,1
1489,a large blue circle is to the left of a small brown rectangle,circle,blue,large,to the left of,rectangle,brown,small,1
1490,a small pentagon is to the left of a small square,pentagon,orange,small,to the left of,square,orange,small,5
1491,a large brown square is positioned next to a medium pink sphere,square,brown,large,next to,sphere,pink,medium,6
1492,one small red cylinder is above one large green hexagon,cylinder,red,small,above,hexagon,green,large,3
1493,one large green cube is to the left of one small red circle,cube,green,large,to the left of,circle,red,small,3
1494,a large hexagon is next to a small hexagon,hexagon,pink,large,next to,hexagon,green,small,5
1495,a medium blue cube is positioned next to a small grey rectangle,cube,blue,medium,next to,rectangle,grey,small,6
1496,a large rectangle is to the right of a small circle,rectangle,green,large,to the right of,circle,orange,small,5
1497,a grey pentagon is to the right of a blue oval,pentagon,grey,small,to the right of,oval,blue,small,4
1498,one small grey cube is to the right of one small red cube,cube,grey,small,to the right of,cube,red,small,3
1499,a grey circle is to the left of a purple circle,circle,grey,medium,to the left of,circle,purple,medium,4
1500,a medium orange sphere is above a medium blue cylinder,sphere,orange,medium,above,cylinder,blue,medium,1
1501,a large sphere is next to a medium triangle,sphere,pink,large,next to,triangle,yellow,medium,5
1502,one large grey rectangle is below one small green rectangle,rectangle,grey,large,below,rectangle,green,small,3
1503,there is a medium yellow triangle inside a large orange sphere,triangle,yellow,medium,inside,sphere,orange,large,2
1504,one small brown square is to the right of one large green pentagon,square,brown,small,to the right of,pentagon,green,large,3
1505,a small pink square is positioned to the left of a small red pentagon,square,pink,small,to the left of,pentagon,red,small,6
1506,a medium oval is above a large pentagon,oval,yellow,medium,above,pentagon,pink,large,5
1507,a medium cube is to the left of a medium triangle,cube,brown,medium,to the left of,triangle,red,medium,5
1508,one large red cube is to the left of one large pink hexagon,cube,red,large,to the left of,hexagon,pink,large,3
1509,a medium red sphere is positioned to the left of a large blue oval,sphere,red,medium,to the left of,oval,blue,large,6
1510,there is a small grey sphere to the right of a medium purple triangle,sphere,grey,small,to the right of,triangle,purple,medium,2
1511,a small pentagon is to the right of a medium cube,pentagon,red,small,to the right of,cube,yellow,medium,5
1512,a medium purple circle is inside a medium yellow square,circle,purple,medium,inside,square,yellow,medium,1
1513,there is a medium green oval next to a small red sphere,oval,green,medium,next to,sphere,red,small,2
1514,a large hexagon is above a large triangle,hexagon,brown,large,above,triangle,grey,large,5
1515,a small green sphere is inside a large blue sphere,sphere,green,small,inside,sphere,blue,large,1
1516,a small green sphere is positioned inside a large pink oval,sphere,green,small,inside,oval,pink,large,6
1517,a large pink pentagon is inside a medium yellow triangle,pentagon,pink,large,inside,triangle,yellow,medium,1
1518,one large blue square is inside one medium pink triangle,square,blue,large,inside,triangle,pink,medium,3
1519,a yellow triangle is below a brown square,triangle,yellow,medium,below,square,brown,small,4
1520,one small orange oval is above one large yellow sphere,oval,orange,small,above,sphere,yellow,large,3
1521,a medium red oval is positioned to the right of a medium brown cube,oval,red,medium,to the right of,cube,brown,medium,6
1522,a large pink cylinder is below a small orange square,cylinder,pink,large,below,square,orange,small,1
1523,one medium orange hexagon is next to one medium orange sphere,hexagon,orange,medium,next to,sphere,orange,medium,3
1524,one small purple square is above one medium purple triangle,square,purple,small,above,triangle,purple,medium,3
1525,one small grey circle is below one medium red sphere,circle,grey,small,below,sphere,red,medium,3
1526,a medium green triangle is positioned to the left of a small grey pentagon,triangle,green,medium,to the left of,pentagon,grey,small,6
1527,a medium blue hexagon is to the left of a small blue square,hexagon,blue,medium,to the left of,square,blue,small,1
1528,a large purple sphere is positioned next to a medium yellow rectangle,sphere,purple,large,next to,rectangle,yellow,medium,6
1529,one medium purple cylinder is to the right of one medium purple hexagon,cylinder,purple,medium,to the right of,hexagon,purple,medium,3
1530,an orange cube is above a pink pentagon,cube,orange,small,above,pentagon,pink,large,4
1531,a medium grey hexagon is to the left of a large brown square,hexagon,grey,medium,to the left of,square,brown,large,1
1532,a large yellow cube is to the right of a medium orange cube,cube,yellow,large,to the right of,cube,orange,medium,1
1533,a small pink cylinder is positioned above a small brown pentagon,cylinder,pink,small,above,pentagon,brown,small,6
1534,a blue pentagon is below a brown cylinder,pentagon,blue,small,below,cylinder,brown,small,4
1535,a medium pentagon is to the right of a small square,pentagon,pink,medium,to the right of,square,yellow,small,5
1536,a large pentagon is below a large rectangle,pentagon,yellow,large,below,rectangle,grey,large,5
1537,a large sphere is above a small cylinder,sphere,blue,large,above,cylinder,blue,small,5
1538,a medium grey hexagon is next to a large blue square,hexagon,grey,medium,next to,square,blue,large,1
1539,one small orange oval is to the right of one large grey cube,oval,orange,small,to the right of,cube,grey,large,3
1540,there is a large red cylinder to the right of a medium yellow square,cylinder,red,large,to the right of,square,yellow,medium,2
1541,a medium orange sphere is next to a large pink hexagon,sphere,orange,medium,next to,hexagon,pink,large,1
1542,a grey square is below a green circle,square,grey,medium,below,circle,green,medium,4
1543,a small blue oval is below a large purple rectangle,oval,blue,small,below,rectangle,purple,large,1
1544,a medium grey oval is to the right of a small green circle,oval,grey,medium,to the right of,circle,green,small,1
1545,there is a large brown cylinder to the right of a large orange triangle,cylinder,brown,large,to the right of,triangle,orange,large,2
1546,there is a medium blue square above a small pink cylinder,square,blue,medium,above,cylinder,pink,small,2
1547,one small brown cylinder is next to one small blue square,cylinder,brown,small,next to,square,blue,small,3
1548,a small brown circle is to the right of a medium red oval,circle,brown,small,to the right of,oval,red,medium,1
1549,a medium orange triangle is positioned to the left of a medium blue square,triangle,orange,medium,to the left of,square,blue,medium,6
1550,a large yellow cylinder is to the left of a medium blue triangle,cylinder,yellow,large,to the left of,triangle,blue,medium,1
1551,a large green square is positioned above a small red oval,square,green,large,above,oval,red,small,6
1552,a large grey triangle is positioned inside a medium brown cube,triangle,grey,large,inside,cube,brown,medium,6
1553,a medium hexagon is above a medium square,hexagon,orange,medium,above,square,blue,medium,5
1554,one large brown oval is inside one small pink square,oval,brown,large,inside,square,pink,small,3
1555,a small blue cylinder is positioned below a small red triangle,cylinder,blue,small,below,triangle,red,small,6
1556,a large pentagon is to the left of a small square,pentagon,yellow,large,to the left of,square,purple,small,5
1557,a medium brown pentagon is positioned below a large brown triangle,pentagon,brown,medium,below,triangle,brown,large,6
1558,there is a medium purple sphere inside a medium red circle,sphere,purple,medium,inside,circle,red,medium,2
1559,there is a medium green pentagon above a small purple square,pentagon,green,medium,above,square,purple,small,2
1560,a blue triangle is to the left of a red hexagon,triangle,blue,medium,to the left of,hexagon,red,large,4
1561,there is a medium purple cylinder to the right of a small brown rectangle,cylinder,purple,medium,to the right of,rectangle,brown,small,2
1562,a yellow oval is to the right of a yellow pentagon,oval,yellow,large,to the right of,pentagon,yellow,small,4
1563,a large pink cylinder is inside a medium pink sphere,cylinder,pink,large,inside,sphere,pink,medium,1
1564,a red circle is next to a green square,circle,red,large,next to,square,green,medium,4
1565,a small green sphere is inside a medium brown pentagon,sphere,green,small,inside,pentagon,brown,medium,1
1566,a small pink sphere is inside a medium grey square,sphere,pink,small,inside,square,grey,medium,1
1567,there is a large blue pentagon to the left of a large green rectangle,pentagon,blue,large,to the left of,rectangle,green,large,2
1568,a small brown square is next to a medium purple cylinder,square,brown,small,next to,cylinder,purple,medium,1
1569,there is a small grey circle above a small blue hexagon,circle,grey,small,above,hexagon,blue,small,2
1570,a large cube is next to a large triangle,cube,orange,large,next to,triangle,grey,large,5
1571,a large pink cube is inside a large red triangle,cube,pink,large,inside,triangle,red,large,1
1572,a small hexagon is next to a medium cylinder,hexagon,green,small,next to,cylinder,yellow,medium,5
1573,a medium cube is above a small pentagon,cube,grey,medium,above,pentagon,purple,small,5
1574,a large hexagon is next to a large square,hexagon,brown,large,next to,square,grey,large,5
1575,one large grey pentagon is to the left of one large orange oval,pentagon,grey,large,to the left of,oval,orange,large,3
1576,a large rectangle is above a large sphere,rectangle,orange,large,above,sphere,blue,large,5
1577,a brown pentagon is next to a green circle,pentagon,brown,small,next to,circle,green,small,4
1578,a large pink hexagon is positioned next to a small brown pentagon,hexagon,pink,large,next to,pentagon,brown,small,6
1579,a large green pentagon is inside a large grey hexagon,pentagon,green,large,inside,hexagon,grey,large,1
1580,a large yellow rectangle is next to a small red cube,rectangle,yellow,large,next to,cube,red,small,1
1581,one large orange square is next to one medium orange cylinder,square,orange,large,next to,cylinder,orange,medium,3
1582,a large triangle is above a large pentagon,triangle,yellow,large,above,pentagon,yellow,large,5
1583,a green pentagon is to the right of an orange hexagon,pentagon,green,small,to the right of,hexagon,orange,medium,4
1584,a small yellow sphere is next to a medium orange sphere,sphere,yellow,small,next to,sphere,orange,medium,1
1585,a blue oval is next to a blue cylinder,oval,blue,medium,next to,cylinder,blue,small,4
1586,one medium grey cube is above one large purple pentagon,cube,grey,medium,above,pentagon,purple,large,3
1587,a large brown pentagon is positioned to the right of a medium purple triangle,pentagon,brown,large,to the right of,triangle,purple,medium,6
1588,a green rectangle is to the right of a grey cylinder,rectangle,green,large,to the right of,cylinder,grey,medium,4
1589,a medium purple hexagon is next to a large purple circle,hexagon,purple,medium,next to,circle,purple,large,1
1590,there is a medium red circle inside a medium purple oval,circle,red,medium,inside,oval,purple,medium,2
1591,a large blue square is inside a small red oval,square,blue,large,inside,oval,red,small,1
1592,a brown rectangle is inside an orange cube,rectangle,brown,small,inside,cube,orange,medium,4
1593,a small sphere is above a large hexagon,sphere,orange,small,above,hexagon,grey,large,5
1594,a grey sphere is to the right of a pink cube,sphere,grey,small,to the right of,cube,pink,large,4
1595,a large cylinder is to the left of a small cube,cylinder,red,large,to the left of,cube,red,small,5
1596,one large yellow circle is next to one medium blue rectangle,circle,yellow,large,next to,rectangle,blue,medium,3
1597,one medium brown oval is above one small yellow cylinder,oval,brown,medium,above,cylinder,yellow,small,3
1598,one large yellow pentagon is inside one small brown sphere,pentagon,yellow,large,inside,sphere,brown,small,3
1599,a medium hexagon is inside a medium cylinder,hexagon,purple,medium,inside,cylinder,orange,medium,5
1600,a yellow rectangle is above an orange square,rectangle,yellow,medium,above,square,orange,medium,4
1601,a large circle is to the right of a medium cube,circle,purple,large,to the right of,cube,pink,medium,5
1602,there is a large blue cube inside a small brown circle,cube,blue,large,inside,circle,brown,small,2
1603,a large circle is to the left of a medium sphere,circle,purple,large,to the left of,sphere,orange,medium,5
1604,a purple triangle is above a purple sphere,triangle,purple,large,above,sphere,purple,medium,4
1605,a red sphere is to the right of a red sphere,sphere,red,large,to the right of,sphere,red,large,4
1606,a grey circle is to the left of a yellow rectangle,circle,grey,large,to the left of,rectangle,yellow,small,4
1607,there is a small red cylinder inside a large green square,cylinder,red,small,inside,square,green,large,2
1608,one small pink rectangle is inside one large red pentagon,rectangle,pink,small,inside,pentagon,red,large,3
1609,one large orange pentagon is inside one medium grey hexagon,pentagon,orange,large,inside,hexagon,grey,medium,3
1610,a small hexagon is inside a medium cube,hexagon,red,small,inside,cube,brown,medium,5
1611,one large pink circle is next to one medium blue square,circle,pink,large,next to,square,blue,medium,3
1612,a small grey oval is to the left of a medium pink triangle,oval,grey,small,to the left of,triangle,pink,medium,1
1613,a medium yellow square is below a medium pink oval,square,yellow,medium,below,oval,pink,medium,1
1614,a medium cylinder is inside a medium oval,cylinder,orange,medium,inside,oval,brown,medium,5
1615,a small orange square is below a small green sphere,square,orange,small,below,sphere,green,small,1
1616,a medium green cylinder is below a medium brown circle,cylinder,green,medium,below,circle,brown,medium,1
1617,one small pink square is to the right of one medium brown oval,square,pink,small,to the right of,oval,brown,medium,3
1618,one large red pentagon is next to one small red cylinder,pentagon,red,large,next to,cylinder,red,small,3
1619,there is a medium pink circle to the left of a small red triangle,circle,pink,medium,to the left of,triangle,red,small,2
1620,a medium purple square is to the right of a medium orange pentagon,square,purple,medium,to the right of,pentagon,orange,medium,1
1621,a brown cylinder is inside an orange cube,cylinder,brown,small,inside,cube,orange,large,4
1622,there is a medium yellow cylinder below a medium green sphere,cylinder,yellow,medium,below,sphere,green,medium,2
1623,a small pink cylinder is to the right of a large pink circle,cylinder,pink,small,to the right of,circle,pink,large,1
1624,a medium circle is next to a small triangle,circle,green,medium,next to,triangle,orange,small,5
1625,one medium brown oval is below one small blue square,oval,brown,medium,below,square,blue,small,3
1626,a large purple oval is inside a large green triangle,oval,purple,large,inside,triangle,green,large,1
1627,a large orange oval is next to a large orange cube,oval,orange,large,next to,cube,orange,large,1
1628,one large purple rectangle is to the left of one small orange oval,rectangle,purple,large,to the left of,oval,orange,small,3
1629,a yellow cylinder is to the right of a yellow hexagon,cylinder,yellow,medium,to the right of,hexagon,yellow,large,4
1630,a medium triangle is inside a small pentagon,triangle,brown,medium,inside,pentagon,orange,small,5
1631,a large cylinder is inside a small oval,cylinder,orange,large,inside,oval,purple,small,5
1632,a medium rectangle is inside a large cube,rectangle,yellow,medium,inside,cube,red,large,5
1633,a large circle is to the left of a large square,circle,grey,large,to the left of,square,green,large,5
1634,a pink oval is inside a green circle,oval,pink,medium,inside,circle,green,small,4
1635,a large red oval is below a large red oval,oval,red,large,below,oval,red,large,1
1636,a large brown hexagon is positioned below a small purple rectangle,hexagon,brown,large,below,rectangle,purple,small,6
1637,a medium cylinder is above a medium triangle,cylinder,grey,medium,above,triangle,green,medium,5
1638,a blue pentagon is next to an orange hexagon,pentagon,blue,small,next to,hexagon,orange,small,4
1639,there is a medium orange square to the left of a large green oval,square,orange,medium,to the left of,oval,green,large,2
1640,a large orange sphere is above a medium red oval,sphere,orange,large,above,oval,red,medium,1
1641,a large grey triangle is inside a large blue oval,triangle,grey,large,inside,oval,blue,large,1
1642,a green circle is next to a yellow sphere,circle,green,small,next to,sphere,yellow,medium,4
1643,there is a large yellow sphere above a medium pink sphere,sphere,yellow,large,above,sphere,pink,medium,2
1644,one medium grey rectangle is above one large red cube,rectangle,grey,medium,above,cube,red,large,3
1645,a medium grey cube is below a large red rectangle,cube,grey,medium,below,rectangle,red,large,1
1646,a small grey hexagon is above a small purple triangle,hexagon,grey,small,above,triangle,purple,small,1
1647,one medium purple pentagon is below one large grey hexagon,pentagon,purple,medium,below,hexagon,grey,large,3
1648,a red circle is to the left of a brown hexagon,circle,red,large,to the left of,hexagon,brown,small,4
1649,one small green pentagon is below one medium pink cube,pentagon,green,small,below,cube,pink,medium,3
1650,a large green sphere is to the left of a medium blue cube,sphere,green,large,to the left of,cube,blue,medium,1
1651,a medium brown cube is positioned to the right of a small grey rectangle,cube,brown,medium,to the right of,rectangle,grey,small,6
1652,a large pentagon is below a large cylinder,pentagon,brown,large,below,cylinder,purple,large,5
1653,a large pink pentagon is to the left of a medium grey oval,pentagon,pink,large,to the left of,oval,grey,medium,1
1654,a large orange sphere is to the right of a small brown square,sphere,orange,large,to the right of,square,brown,small,1
1655,a green square is inside a yellow rectangle,square,green,medium,inside,rectangle,yellow,large,4
1656,a large cube is to the left of a large triangle,cube,orange,large,to the left of,triangle,purple,large,5
1657,a green square is above a green circle,square,green,medium,above,circle,green,large,4
1658,a purple cube is below a pink circle,cube,purple,large,below,circle,pink,small,4
1659,one small brown cylinder is to the right of one large purple cube,cylinder,brown,small,to the right of,cube,purple,large,3
1660,a medium grey triangle is to the right of a small green oval,triangle,grey,medium,to the right of,oval,green,small,1
1661,a small red sphere is next to a large yellow cube,sphere,red,small,next to,cube,yellow,large,1
1662,a pink rectangle is above an orange hexagon,rectangle,pink,medium,above,hexagon,orange,large,4
1663,a small cube is next to a small pentagon,cube,pink,small,next to,pentagon,red,small,5
1664,a pink triangle is below an orange rectangle,triangle,pink,small,below,rectangle,orange,large,4
1665,a small green sphere is above a large grey hexagon,sphere,green,small,above,hexagon,grey,large,1
1666,there is a small pink oval to the right of a large yellow oval,oval,pink,small,to the right of,oval,yellow,large,2
1667,a blue cylinder is to the left of a purple rectangle,cylinder,blue,medium,to the left of,rectangle,purple,large,4
1668,a small green triangle is next to a large blue circle,triangle,green,small,next to,circle,blue,large,1
1669,a yellow circle is next to a blue sphere,circle,yellow,large,next to,sphere,blue,small,4
1670,there is a medium grey rectangle to the right of a small grey square,rectangle,grey,medium,to the right of,square,grey,small,2
1671,a brown rectangle is above a green circle,rectangle,brown,small,above,circle,green,large,4
1672,a large triangle is below a large pentagon,triangle,brown,large,below,pentagon,grey,large,5
1673,a small orange rectangle is below a large red cylinder,rectangle,orange,small,below,cylinder,red,large,1
1674,a red cylinder is above a brown cube,cylinder,red,small,above,cube,brown,small,4
1675,a medium pink cube is below a large purple cube,cube,pink,medium,below,cube,purple,large,1
1676,a medium red cylinder is positioned to the right of a large brown cube,cylinder,red,medium,to the right of,cube,brown,large,6
1677,a green rectangle is to the left of a grey cube,rectangle,green,medium,to the left of,cube,grey,medium,4
1678,a small red cylinder is positioned inside a large brown rectangle,cylinder,red,small,inside,rectangle,brown,large,6
1679,a purple triangle is to the left of an orange triangle,triangle,purple,small,to the left of,triangle,orange,medium,4
1680,a green oval is inside a green rectangle,oval,green,large,inside,rectangle,green,large,4
1681,one small orange square is to the right of one large pink triangle,square,orange,small,to the right of,triangle,pink,large,3
1682,there is a small pink sphere next to a medium brown hexagon,sphere,pink,small,next to,hexagon,brown,medium,2
1683,there is a large purple cube below a large green cylinder,cube,purple,large,below,cylinder,green,large,2
1684,a small grey square is below a medium brown circle,square,grey,small,below,circle,brown,medium,1
1685,one large purple cylinder is next to one large yellow oval,cylinder,purple,large,next to,oval,yellow,large,3
1686,a yellow hexagon is above a purple cube,hexagon,yellow,small,above,cube,purple,medium,4
1687,one medium red sphere is inside one medium green sphere,sphere,red,medium,inside,sphere,green,medium,3
1688,a large orange triangle is positioned inside a large pink square,triangle,orange,large,inside,square,pink,large,6
1689,a small brown sphere is to the right of a large green rectangle,sphere,brown,small,to the right of,rectangle,green,large,1
1690,a large red pentagon is next to a small orange sphere,pentagon,red,large,next to,sphere,orange,small,1
1691,a medium cube is to the left of a large cylinder,cube,red,medium,to the left of,cylinder,green,large,5
1692,a medium purple hexagon is to the right of a medium brown rectangle,hexagon,purple,medium,to the right of,rectangle,brown,medium,1
1693,a large square is inside a medium cylinder,square,brown,large,inside,cylinder,brown,medium,5
1694,one large blue sphere is next to one small grey pentagon,sphere,blue,large,next to,pentagon,grey,small,3
1695,one small purple square is below one medium blue sphere,square,purple,small,below,sphere,blue,medium,3
1696,an orange cube is to the right of a blue triangle,cube,orange,small,to the right of,triangle,blue,medium,4
1697,a large orange cube is positioned to the right of a small grey cube,cube,orange,large,to the right of,cube,grey,small,6
1698,a large orange rectangle is next to a small grey oval,rectangle,orange,large,next to,oval,grey,small,1
1699,there is a large purple triangle below a medium yellow circle,triangle,purple,large,below,circle,yellow,medium,2
1700,one medium pink oval is to the right of one medium brown cylinder,oval,pink,medium,to the right of,cylinder,brown,medium,3
1701,one large green sphere is above one small pink rectangle,sphere,green,large,above,rectangle,pink,small,3
1702,one large green cube is next to one large pink cube,cube,green,large,next to,cube,pink,large,3
1703,a small brown triangle is positioned below a medium grey cube,triangle,brown,small,below,cube,grey,medium,6
1704,one medium blue sphere is to the left of one small purple pentagon,sphere,blue,medium,to the left of,pentagon,purple,small,3
1705,a medium pink triangle is to the right of a medium grey square,triangle,pink,medium,to the right of,square,grey,medium,1
1706,a medium blue circle is positioned below a small green oval,circle,blue,medium,below,oval,green,small,6
1707,a pink pentagon is to the left of a grey triangle,pentagon,pink,large,to the left of,triangle,grey,large,4
1708,a large yellow oval is to the left of a medium blue hexagon,oval,yellow,large,to the left of,hexagon,blue,medium,1
1709,a small red cube is positioned above a small red cylinder,cube,red,small,above,cylinder,red,small,6
1710,a small hexagon is next to a medium cube,hexagon,green,small,next to,cube,brown,medium,5
1711,there is a large pink triangle to the right of a large grey square,triangle,pink,large,to the right of,square,grey,large,2
1712,a medium purple cylinder is below a small red rectangle,cylinder,purple,medium,below,rectangle,red,small,1
1713,a medium purple rectangle is to the left of a medium orange circle,rectangle,purple,medium,to the left of,circle,orange,medium,1
1714,there is a large purple sphere inside a small grey circle,sphere,purple,large,inside,circle,grey,small,2
1715,a small pentagon is to the right of a small triangle,pentagon,purple,small,to the right of,triangle,blue,small,5
1716,a small cylinder is to the left of a medium pentagon,cylinder,red,small,to the left of,pentagon,grey,medium,5
1717,a pink pentagon is to the left of a red cylinder,pentagon,pink,large,to the left of,cylinder,red,large,4
1718,there is a medium brown sphere above a small green circle,sphere,brown,medium,above,circle,green,small,2
1719,a medium green hexagon is positioned above a small yellow sphere,hexagon,green,medium,above,sphere,yellow,small,6
1720,a large red pentagon is positioned above a small pink cube,pentagon,red,large,above,cube,pink,small,6
1721,a large brown oval is inside a large blue cylinder,oval,brown,large,inside,cylinder,blue,large,1
1722,a small sphere is next to a large square,sphere,green,small,next to,square,orange,large,5
1723,one large grey circle is below one small blue sphere,circle,grey,large,below,sphere,blue,small,3
1724,a medium brown pentagon is above a small pink hexagon,pentagon,brown,medium,above,hexagon,pink,small,1
1725,a small cube is inside a small cylinder,cube,blue,small,inside,cylinder,green,small,5
1726,there is a small red circle to the right of a large red oval,circle,red,small,to the right of,oval,red,large,2
1727,a medium hexagon is to the left of a small rectangle,hexagon,grey,medium,to the left of,rectangle,grey,small,5
1728,there is a small grey rectangle inside a large brown pentagon,rectangle,grey,small,inside,pentagon,brown,large,2
1729,a large pink rectangle is below a large orange oval,rectangle,pink,large,below,oval,orange,large,1
1730,a yellow triangle is to the right of a blue square,triangle,yellow,large,to the right of,square,blue,large,4
1731,a medium yellow square is positioned to the right of a small blue hexagon,square,yellow,medium,to the right of,hexagon,blue,small,6
1732,one medium yellow cube is above one medium grey square,cube,yellow,medium,above,square,grey,medium,3
1733,one small red rectangle is next to one medium pink triangle,rectangle,red,small,next to,triangle,pink,medium,3
1734,a large square is to the left of a small oval,square,green,large,to the left of,oval,blue,small,5
1735,a brown pentagon is next to a purple cube,pentagon,brown,medium,next to,cube,purple,small,4
1736,a small yellow circle is to the right of a large purple square,circle,yellow,small,to the right of,square,purple,large,1
1737,a large rectangle is above a small cube,rectangle,green,large,above,cube,pink,small,5
1738,a large pink cylinder is to the right of a small red rectangle,cylinder,pink,large,to the right of,rectangle,red,small,1
1739,a large cylinder is to the right of a small square,cylinder,pink,large,to the right of,square,red,small,5
1740,a large rectangle is to the left of a small pentagon,rectangle,red,large,to the left of,pentagon,blue,small,5
1741,one medium green cylinder is next to one large blue oval,cylinder,green,medium,next to,oval,blue,large,3
1742,a medium pink sphere is positioned below a small red rectangle,sphere,pink,medium,below,rectangle,red,small,6
1743,a large green circle is below a large yellow cylinder,circle,green,large,below,cylinder,yellow,large,1
1744,a medium brown square is to the right of a large blue circle,square,brown,medium,to the right of,circle,blue,large,1
1745,a pink circle is inside a red cylinder,circle,pink,large,inside,cylinder,red,small,4
1746,an orange cube is below a purple pentagon,cube,orange,small,below,pentagon,purple,medium,4
1747,a small circle is inside a large rectangle,circle,red,small,inside,rectangle,grey,large,5
1748,a medium sphere is inside a large circle,sphere,blue,medium,inside,circle,blue,large,5
1749,a small sphere is to the left of a small hexagon,sphere,green,small,to the left of,hexagon,yellow,small,5
1750,a small green hexagon is above a medium grey rectangle,hexagon,green,small,above,rectangle,grey,medium,1
1751,there is a small orange pentagon inside a small brown sphere,pentagon,orange,small,inside,sphere,brown,small,2
1752,one medium yellow circle is next to one medium red cube,circle,yellow,medium,next to,cube,red,medium,3
1753,a medium circle is to the right of a large circle,circle,green,medium,to the right of,circle,grey,large,5
1754,a large rectangle is inside a medium triangle,rectangle,grey,large,inside,triangle,orange,medium,5
1755,a medium square is below a small square,square,purple,medium,below,square,orange,small,5
1756,a brown oval is below a purple rectangle,oval,brown,medium,below,rectangle,purple,medium,4
1757,a red rectangle is to the left of a red rectangle,rectangle,red,medium,to the left of,rectangle,red,small,4
1758,there is a small grey square above a small orange triangle,square,grey,small,above,triangle,orange,small,2
1759,there is a small blue rectangle next to a small brown circle,rectangle,blue,small,next to,circle,brown,small,2
1760,a medium brown square is below a large brown sphere,square,brown,medium,below,sphere,brown,large,1
1761,a red square is next to a purple oval,square,red,small,next to,oval,purple,small,4
1762,a medium pink cube is positioned inside a small red sphere,cube,pink,medium,inside,sphere,red,small,6
1763,a medium rectangle is below a small circle,rectangle,red,medium,below,circle,grey,small,5
1764,one large grey square is inside one large pink hexagon,square,grey,large,inside,hexagon,pink,large,3
1765,one small brown rectangle is next to one small grey sphere,rectangle,brown,small,next to,sphere,grey,small,3
1766,a medium purple square is inside a medium yellow cube,square,purple,medium,inside,cube,yellow,medium,1
1767,there is a medium grey pentagon below a small pink rectangle,pentagon,grey,medium,below,rectangle,pink,small,2
1768,a large cylinder is next to a large sphere,cylinder,green,large,next to,sphere,pink,large,5
1769,a medium hexagon is to the right of a medium rectangle,hexagon,yellow,medium,to the right of,rectangle,yellow,medium,5
1770,an orange cylinder is above a purple triangle,cylinder,orange,medium,above,triangle,purple,medium,4
1771,a large hexagon is to the right of a large circle,hexagon,green,large,to the right of,circle,brown,large,5
1772,a red triangle is above a green triangle,triangle,red,small,above,triangle,green,medium,4
1773,a medium pentagon is to the left of a medium square,pentagon,purple,medium,to the left of,square,blue,medium,5
1774,one small grey triangle is above one small orange oval,triangle,grey,small,above,oval,orange,small,3
1775,one small red triangle is next to one large orange hexagon,triangle,red,small,next to,hexagon,orange,large,3
1776,a grey square is below a brown oval,square,grey,small,below,oval,brown,large,4
1777,a small yellow cube is positioned next to a large yellow rectangle,cube,yellow,small,next to,rectangle,yellow,large,6
1778,there is a medium green rectangle above a small purple oval,rectangle,green,medium,above,oval,purple,small,2
1779,there is a large blue circle to the right of a medium grey cylinder,circle,blue,large,to the right of,cylinder,grey,medium,2
1780,one small orange cube is above one large pink triangle,cube,orange,small,above,triangle,pink,large,3
1781,a medium oval is inside a medium pentagon,oval,orange,medium,inside,pentagon,grey,medium,5
1782,there is a medium red pentagon above a small pink triangle,pentagon,red,medium,above,triangle,pink,small,2
1783,there is a large pink oval below a medium pink circle,oval,pink,large,below,circle,pink,medium,2
1784,one medium purple circle is to the left of one medium green triangle,circle,purple,medium,to the left of,triangle,green,medium,3
1785,one small brown rectangle is below one medium blue triangle,rectangle,brown,small,below,triangle,blue,medium,3
1786,there is a small blue cube below a large yellow sphere,cube,blue,small,below,sphere,yellow,large,2
1787,one medium yellow cylinder is below one small yellow square,cylinder,yellow,medium,below,square,yellow,small,3
1788,there is a small grey cube inside a large orange cube,cube,grey,small,inside,cube,orange,large,2
1789,a pink cube is to the left of a purple cube,cube,pink,small,to the left of,cube,purple,medium,4
1790,there is a large pink rectangle to the left of a large brown rectangle,rectangle,pink,large,to the left of,rectangle,brown,large,2
1791,a medium pink cylinder is to the left of a small brown cube,cylinder,pink,medium,to the left of,cube,brown,small,1
1792,a small purple oval is to the right of a large blue sphere,oval,purple,small,to the right of,sphere,blue,large,1
1793,a blue cube is above a red square,cube,blue,large,above,square,red,large,4
1794,there is a medium orange rectangle above a medium red rectangle,rectangle,orange,medium,above,rectangle,red,medium,2
1795,a red cube is inside a red cylinder,cube,red,medium,inside,cylinder,red,small,4
1796,a large brown cube is to the left of a medium pink sphere,cube,brown,large,to the left of,sphere,pink,medium,1
1797,there is a medium red hexagon next to a large orange cylinder,hexagon,red,medium,next to,cylinder,orange,large,2
1798,one medium purple square is above one medium yellow square,square,purple,medium,above,square,yellow,medium,3
1799,a small blue triangle is inside a small green cylinder,triangle,blue,small,inside,cylinder,green,small,1
1800,one small purple triangle is to the right of one large green cylinder,triangle,purple,small,to the right of,cylinder,green,large,3
1801,one small orange sphere is inside one medium brown cube,sphere,orange,small,inside,cube,brown,medium,3
1802,a green cylinder is to the left of a brown cube,cylinder,green,small,to the left of,cube,brown,large,4
1803,a small brown pentagon is positioned next to a large blue square,pentagon,brown,small,next to,square,blue,large,6
1804,a small brown rectangle is positioned to the left of a small brown hexagon,rectangle,brown,small,to the left of,hexagon,brown,small,6
1805,a large red rectangle is positioned to the right of a medium brown circle,rectangle,red,large,to the right of,circle,brown,medium,6
1806,a small orange pentagon is positioned inside a large orange rectangle,pentagon,orange,small,inside,rectangle,orange,large,6
1807,one small red pentagon is inside one large yellow circle,pentagon,red,small,inside,circle,yellow,large,3
1808,a medium blue cylinder is positioned to the left of a medium purple cylinder,cylinder,blue,medium,to the left of,cylinder,purple,medium,6
1809,one small grey pentagon is inside one small red pentagon,pentagon,grey,small,inside,pentagon,red,small,3
1810,a blue square is to the left of a pink triangle,square,blue,small,to the left of,triangle,pink,large,4
1811,a large orange circle is to the right of a medium grey cylinder,circle,orange,large,to the right of,cylinder,grey,medium,1
1812,a medium sphere is to the right of a large cube,sphere,orange,medium,to the right of,cube,purple,large,5
1813,a small pink hexagon is positioned above a large red circle,hexagon,pink,small,above,circle,red,large,6
1814,a medium green rectangle is positioned to the right of a small red rectangle,rectangle,green,medium,to the right of,rectangle,red,small,6
1815,a small pink hexagon is inside a small grey oval,hexagon,pink,small,inside,oval,grey,small,1
1816,one medium brown oval is inside one large purple hexagon,oval,brown,medium,inside,hexagon,purple,large,3
1817,a yellow sphere is to the left of a pink rectangle,sphere,yellow,small,to the left of,rectangle,pink,large,4
1818,a large red oval is to the left of a medium yellow cylinder,oval,red,large,to the left of,cylinder,yellow,medium,1
1819,a large red cube is next to a medium grey square,cube,red,large,next to,square,grey,medium,1
1820,a large circle is below a large square,circle,blue,large,below,square,red,large,5
1821,one medium grey cylinder is inside one large grey oval,cylinder,grey,medium,inside,oval,grey,large,3
1822,there is a medium purple cube next to a medium red hexagon,cube,purple,medium,next to,hexagon,red,medium,2
1823,a large pentagon is inside a medium cylinder,pentagon,purple,large,inside,cylinder,brown,medium,5
1824,a large orange triangle is positioned next to a medium green cylinder,triangle,orange,large,next to,cylinder,green,medium,6
1825,a medium triangle is to the right of a large sphere,triangle,yellow,medium,to the right of,sphere,orange,large,5
1826,a small green pentagon is above a medium orange oval,pentagon,green,small,above,oval,orange,medium,1
1827,a small green pentagon is to the right of a large orange hexagon,pentagon,green,small,to the right of,hexagon,orange,large,1
1828,there is a small grey circle below a medium grey rectangle,circle,grey,small,below,rectangle,grey,medium,2
1829,there is a large brown rectangle below a large pink pentagon,rectangle,brown,large,below,pentagon,pink,large,2
1830,a large square is above a small rectangle,square,brown,large,above,rectangle,yellow,small,5
1831,a medium blue cube is to the right of a small blue oval,cube,blue,medium,to the right of,oval,blue,small,1
1832,there is a small purple square below a large blue sphere,square,purple,small,below,sphere,blue,large,2
1833,a large blue circle is to the right of a medium purple circle,circle,blue,large,to the right of,circle,purple,medium,1
1834,a medium yellow sphere is inside a medium blue pentagon,sphere,yellow,medium,inside,pentagon,blue,medium,1
1835,a purple cylinder is above a pink sphere,cylinder,purple,medium,above,sphere,pink,large,4
1836,a large yellow pentagon is positioned to the left of a medium orange hexagon,pentagon,yellow,large,to the left of,hexagon,orange,medium,6
1837,there is a small grey rectangle to the right of a small green circle,rectangle,grey,small,to the right of,circle,green,small,2
1838,one medium brown square is to the left of one large pink square,square,brown,medium,to the left of,square,pink,large,3
1839,one large grey cube is above one large red cube,cube,grey,large,above,cube,red,large,3
1840,there is a large pink oval below a small purple circle,oval,pink,large,below,circle,purple,small,2
1841,a small triangle is to the left of a small hexagon,triangle,purple,small,to the left of,hexagon,red,small,5
1842,a yellow pentagon is below an orange rectangle,pentagon,yellow,small,below,rectangle,orange,medium,4
1843,a large brown oval is to the right of a small green cube,oval,brown,large,to the right of,cube,green,small,1
1844,there is a small brown circle to the left of a medium green rectangle,circle,brown,small,to the left of,rectangle,green,medium,2
1845,a small red circle is positioned below a medium grey cube,circle,red,small,below,cube,grey,medium,6
1846,one large blue cube is below one large purple circle,cube,blue,large,below,circle,purple,large,3
1847,a small yellow oval is to the right of a small orange cylinder,oval,yellow,small,to the right of,cylinder,orange,small,1
1848,a medium purple triangle is next to a medium green cylinder,triangle,purple,medium,next to,cylinder,green,medium,1
1849,there is a large pink oval below a small green rectangle,oval,pink,large,below,rectangle,green,small,2
1850,a small orange cube is above a medium yellow square,cube,orange,small,above,square,yellow,medium,1
1851,a small yellow triangle is positioned below a large purple rectangle,triangle,yellow,small,below,rectangle,purple,large,6
1852,a large yellow hexagon is inside a medium blue square,hexagon,yellow,large,inside,square,blue,medium,1
1853,a large hexagon is below a medium circle,hexagon,brown,large,below,circle,brown,medium,5
1854,a brown pentagon is inside a grey rectangle,pentagon,brown,medium,inside,rectangle,grey,small,4
1855,a pink hexagon is next to a grey hexagon,hexagon,pink,medium,next to,hexagon,grey,large,4
1856,there is a medium red rectangle to the right of a large orange triangle,rectangle,red,medium,to the right of,triangle,orange,large,2
1857,a small cube is to the left of a medium cube,cube,grey,small,to the left of,cube,orange,medium,5
1858,one small red hexagon is below one large yellow triangle,hexagon,red,small,below,triangle,yellow,large,3
1859,a large circle is to the left of a medium circle,circle,orange,large,to the left of,circle,blue,medium,5
1860,one small red pentagon is next to one small blue cube,pentagon,red,small,next to,cube,blue,small,3
1861,there is a medium brown cube above a large grey circle,cube,brown,medium,above,circle,grey,large,2
1862,there is a large purple oval to the left of a small purple circle,oval,purple,large,to the left of,circle,purple,small,2
1863,a medium orange circle is positioned to the right of a small brown circle,circle,orange,medium,to the right of,circle,brown,small,6
1864,a large brown circle is positioned above a small grey square,circle,brown,large,above,square,grey,small,6
1865,a large pink circle is positioned inside a large orange cube,circle,pink,large,inside,cube,orange,large,6
1866,a large red cube is positioned inside a small brown cylinder,cube,red,large,inside,cylinder,brown,small,6
1867,one medium blue pentagon is next to one large blue pentagon,pentagon,blue,medium,next to,pentagon,blue,large,3
1868,one medium brown pentagon is below one small yellow triangle,pentagon,brown,medium,below,triangle,yellow,small,3
1869,a grey pentagon is below a grey triangle,pentagon,grey,small,below,triangle,grey,large,4
1870,a medium sphere is to the left of a small triangle,sphere,green,medium,to the left of,triangle,yellow,small,5
1871,a small green oval is next to a large purple hexagon,oval,green,small,next to,hexagon,purple,large,1
1872,a green rectangle is to the left of a pink hexagon,rectangle,green,large,to the left of,hexagon,pink,small,4
1873,a small circle is inside a small hexagon,circle,yellow,small,inside,hexagon,pink,small,5
1874,one medium brown cylinder is to the left of one medium yellow cylinder,cylinder,brown,medium,to the left of,cylinder,yellow,medium,3
1875,there is a large red cylinder to the left of a large pink square,cylinder,red,large,to the left of,square,pink,large,2
1876,a medium hexagon is inside a large sphere,hexagon,orange,medium,inside,sphere,yellow,large,5
1877,an orange pentagon is to the left of a pink square,pentagon,orange,medium,to the left of,square,pink,large,4
1878,there is a large pink pentagon above a large pink oval,pentagon,pink,large,above,oval,pink,large,2
1879,one large orange cylinder is next to one small yellow oval,cylinder,orange,large,next to,oval,yellow,small,3
1880,a red cube is inside a red cube,cube,red,medium,inside,cube,red,small,4
1881,a medium red hexagon is to the right of a small red sphere,hexagon,red,medium,to the right of,sphere,red,small,1
1882,a large green oval is to the left of a large green square,oval,green,large,to the left of,square,green,large,1
1883,a pink hexagon is below a pink circle,hexagon,pink,medium,below,circle,pink,small,4
1884,an orange pentagon is inside a yellow triangle,pentagon,orange,small,inside,triangle,yellow,large,4
1885,a medium circle is above a medium circle,circle,grey,medium,above,circle,yellow,medium,5
1886,a medium yellow oval is positioned below a small green triangle,oval,yellow,medium,below,triangle,green,small,6
1887,a small rectangle is below a large oval,rectangle,green,small,below,oval,red,large,5
1888,a medium green pentagon is below a small brown triangle,pentagon,green,medium,below,triangle,brown,small,1
1889,a medium orange triangle is below a medium grey circle,triangle,orange,medium,below,circle,grey,medium,1
1890,a small brown cylinder is positioned above a large brown hexagon,cylinder,brown,small,above,hexagon,brown,large,6
1891,there is a medium orange oval below a small grey rectangle,oval,orange,medium,below,rectangle,grey,small,2
1892,there is a small grey hexagon above a large red rectangle,hexagon,grey,small,above,rectangle,red,large,2
1893,there is a medium pink sphere next to a medium purple oval,sphere,pink,medium,next to,oval,purple,medium,2
1894,a medium green square is positioned above a medium blue cube,square,green,medium,above,cube,blue,medium,6
1895,a pink triangle is to the left of a red cylinder,triangle,pink,large,to the left of,cylinder,red,medium,4
1896,one medium red triangle is next to one small grey cube,triangle,red,medium,next to,cube,grey,small,3
1897,there is a large blue hexagon to the right of a medium grey rectangle,hexagon,blue,large,to the right of,rectangle,grey,medium,2
1898,one medium purple cylinder is below one large pink square,cylinder,purple,medium,below,square,pink,large,3
1899,there is a large pink square to the right of a small blue circle,square,pink,large,to the right of,circle,blue,small,2
1900,a small grey hexagon is above a medium orange pentagon,hexagon,grey,small,above,pentagon,orange,medium,1
1901,a medium grey hexagon is positioned above a medium grey rectangle,hexagon,grey,medium,above,rectangle,grey,medium,6
1902,a small grey cylinder is inside a large orange sphere,cylinder,grey,small,inside,sphere,orange,large,1
1903,one large pink cylinder is inside one small brown square,cylinder,pink,large,inside,square,brown,small,3
1904,one small grey cylinder is to the right of one medium yellow hexagon,cylinder,grey,small,to the right of,hexagon,yellow,medium,3
1905,a medium cube is below a large circle,cube,red,medium,below,circle,grey,large,5
1906,there is a medium green cube to the left of a small purple triangle,cube,green,medium,to the left of,triangle,purple,small,2
1907,a small red sphere is positioned to the left of a small green sphere,sphere,red,small,to the left of,sphere,green,small,6
1908,a pink cube is to the right of a yellow square,cube,pink,large,to the right of,square,yellow,medium,4
1909,a small hexagon is to the right of a medium square,hexagon,purple,small,to the right of,square,purple,medium,5
1910,an orange cylinder is inside an orange pentagon,cylinder,orange,small,inside,pentagon,orange,large,4
1911,a small rectangle is inside a large cube,rectangle,brown,small,inside,cube,grey,large,5
1912,a medium yellow sphere is positioned to the left of a medium green circle,sphere,yellow,medium,to the left of,circle,green,medium,6
1913,a small purple hexagon is positioned to the right of a large brown cube,hexagon,purple,small,to the right of,cube,brown,large,6
1914,a green cube is inside a green rectangle,cube,green,medium,inside,rectangle,green,large,4
1915,a small yellow cube is positioned next to a small blue pentagon,cube,yellow,small,next to,pentagon,blue,small,6
1916,one small pink cylinder is to the right of one large green triangle,cylinder,pink,small,to the right of,triangle,green,large,3
1917,one small brown cube is next to one large yellow sphere,cube,brown,small,next to,sphere,yellow,large,3
1918,one large green rectangle is to the right of one medium red circle,rectangle,green,large,to the right of,circle,red,medium,3
1919,one small green pentagon is next to one medium yellow cylinder,pentagon,green,small,next to,cylinder,yellow,medium,3
1920,one medium orange sphere is below one small red hexagon,sphere,orange,medium,below,hexagon,red,small,3
1921,a medium oval is to the right of a large sphere,oval,red,medium,to the right of,sphere,orange,large,5
1922,there is a medium yellow cylinder next to a medium green cylinder,cylinder,yellow,medium,next to,cylinder,green,medium,2
1923,a large yellow circle is positioned to the left of a large pink hexagon,circle,yellow,large,to the left of,hexagon,pink,large,6
1924,a brown pentagon is above a yellow square,pentagon,brown,medium,above,square,yellow,large,4
1925,there is a small pink square next to a medium green cube,square,pink,small,next to,cube,green,medium,2
1926,there is a medium purple hexagon above a small orange circle,hexagon,purple,medium,above,circle,orange,small,2
1927,one small grey hexagon is to the left of one medium red cube,hexagon,grey,small,to the left of,cube,red,medium,3
1928,a blue sphere is above a grey cube,sphere,blue,medium,above,cube,grey,small,4
1929,a large grey cube is next to a medium red cylinder,cube,grey,large,next to,cylinder,red,medium,1
1930,a medium pink cube is next to a medium pink cube,cube,pink,medium,next to,cube,pink,medium,1
1931,a large rectangle is below a large sphere,rectangle,green,large,below,sphere,yellow,large,5
1932,one small red cylinder is to the left of one large green oval,cylinder,red,small,to the left of,oval,green,large,3
1933,one large orange circle is to the left of one large purple circle,circle,orange,large,to the left of,circle,purple,large,3
1934,a small purple circle is positioned inside a medium pink oval,circle,purple,small,inside,oval,pink,medium,6
1935,a large yellow cylinder is above a large blue hexagon,cylinder,yellow,large,above,hexagon,blue,large,1
1936,a small pink square is to the left of a small brown oval,square,pink,small,to the left of,oval,brown,small,1
1937,a large rectangle is below a large circle,rectangle,purple,large,below,circle,grey,large,5
1938,a small triangle is to the left of a medium hexagon,triangle,purple,small,to the left of,hexagon,grey,medium,5
1939,a large yellow hexagon is positioned below a large red cube,hexagon,yellow,large,below,cube,red,large,6
1940,one large grey circle is to the right of one small brown rectangle,circle,grey,large,to the right of,rectangle,brown,small,3
1941,a pink circle is next to a blue circle,circle,pink,medium,next to,circle,blue,medium,4
1942,a pink hexagon is to the right of a yellow circle,hexagon,pink,large,to the right of,circle,yellow,medium,4
1943,a blue cylinder is inside a purple cube,cylinder,blue,medium,inside,cube,purple,medium,4
1944,there is a medium brown cube inside a large green pentagon,cube,brown,medium,inside,pentagon,green,large,2
1945,one large grey square is next to one small grey cube,square,grey,large,next to,cube,grey,small,3
1946,a small red pentagon is positioned to the right of a small yellow circle,pentagon,red,small,to the right of,circle,yellow,small,6
1947,a blue rectangle is to the left of an orange triangle,rectangle,blue,medium,to the left of,triangle,orange,small,4
1948,a large yellow cube is positioned inside a medium purple square,cube,yellow,large,inside,square,purple,medium,6
1949,a medium blue cylinder is positioned below a small green cylinder,cylinder,blue,medium,below,cylinder,green,small,6
1950,a grey rectangle is below an orange oval,rectangle,grey,large,below,oval,orange,large,4
1951,one medium purple triangle is above one medium purple cube,triangle,purple,medium,above,cube,purple,medium,3
1952,a medium yellow triangle is positioned to the left of a medium yellow sphere,triangle,yellow,medium,to the left of,sphere,yellow,medium,6
1953,a yellow oval is above a purple rectangle,oval,yellow,large,above,rectangle,purple,large,4
1954,one small green triangle is above one medium green triangle,triangle,green,small,above,triangle,green,medium,3
1955,a yellow hexagon is next to a brown square,hexagon,yellow,medium,next to,square,brown,small,4
1956,a large red triangle is above a medium pink hexagon,triangle,red,large,above,hexagon,pink,medium,1
1957,a red square is next to a brown oval,square,red,medium,next to,oval,brown,small,4
1958,there is a medium blue rectangle next to a large grey triangle,rectangle,blue,medium,next to,triangle,grey,large,2
1959,one medium pink cube is next to one small grey sphere,cube,pink,medium,next to,sphere,grey,small,3
1960,one large blue circle is to the right of one large pink pentagon,circle,blue,large,to the right of,pentagon,pink,large,3
1961,there is a large red triangle to the right of a large red cylinder,triangle,red,large,to the right of,cylinder,red,large,2
1962,an orange triangle is below a purple hexagon,triangle,orange,small,below,hexagon,purple,large,4
1963,a large hexagon is above a medium hexagon,hexagon,yellow,large,above,hexagon,pink,medium,5
1964,a medium red hexagon is above a small purple cube,hexagon,red,medium,above,cube,purple,small,1
1965,an orange hexagon is next to a grey cylinder,hexagon,orange,large,next to,cylinder,grey,small,4
1966,a large yellow pentagon is positioned to the left of a medium brown hexagon,pentagon,yellow,large,to the left of,hexagon,brown,medium,6
1967,there is a small grey circle to the left of a small pink hexagon,circle,grey,small,to the left of,hexagon,pink,small,2
1968,one small blue square is below one medium red circle,square,blue,small,below,circle,red,medium,3
1969,a medium circle is to the right of a small cube,circle,purple,medium,to the right of,cube,orange,small,5
1970,a yellow square is to the right of a purple hexagon,square,yellow,large,to the right of,hexagon,purple,medium,4
1971,a purple triangle is next to a purple cylinder,triangle,purple,small,next to,cylinder,purple,small,4
1972,a large yellow circle is inside a medium red cube,circle,yellow,large,inside,cube,red,medium,1
1973,there is a small orange pentagon next to a small grey triangle,pentagon,orange,small,next to,triangle,grey,small,2
1974,a purple hexagon is above a green circle,hexagon,purple,small,above,circle,green,large,4
1975,one small grey hexagon is to the right of one large green square,hexagon,grey,small,to the right of,square,green,large,3
1976,a yellow triangle is to the right of a yellow sphere,triangle,yellow,small,to the right of,sphere,yellow,large,4
1977,a blue rectangle is next to a blue pentagon,rectangle,blue,small,next to,pentagon,blue,small,4
1978,a large pink cube is next to a large green pentagon,cube,pink,large,next to,pentagon,green,large,1
1979,a small circle is to the left of a large circle,circle,brown,small,to the left of,circle,yellow,large,5
1980,one large orange square is above one large grey circle,square,orange,large,above,circle,grey,large,3
1981,one large purple square is to the right of one large red cylinder,square,purple,large,to the right of,cylinder,red,large,3
1982,a purple triangle is to the right of a brown triangle,triangle,purple,small,to the right of,triangle,brown,medium,4
1983,a medium cylinder is below a small sphere,cylinder,red,medium,below,sphere,blue,small,5
1984,a large yellow sphere is next to a small purple cube,sphere,yellow,large,next to,cube,purple,small,1
1985,a small yellow hexagon is inside a small yellow circle,hexagon,yellow,small,inside,circle,yellow,small,1
1986,a small triangle is above a medium cube,triangle,yellow,small,above,cube,brown,medium,5
1987,there is a small grey square below a large brown hexagon,square,grey,small,below,hexagon,brown,large,2
1988,a pink triangle is inside a grey triangle,triangle,pink,medium,inside,triangle,grey,small,4
1989,there is a large brown cube to the right of a large green triangle,cube,brown,large,to the right of,triangle,green,large,2
1990,a pink square is next to a red rectangle,square,pink,medium,next to,rectangle,red,large,4
